player,nba_team,positions,games,minutes_pg,pts_pg,reb_pg,ast_pg,stl_pg,blk_pg,fg3m_pg,fgm_pg,fga_pg,ftm_pg,fta_pg
Aaron Gordon,DEN,PF,75,31.68,15.013333333333334,5.8533333333333335,2.506666666666667,0.5866666666666667,0.5866666666666667,1.16,5.786666666666667,11.12,2.28,3.066666666666667
Aaron Henry,PHI,SF,6,2.8333333333333335,0.3333333333333333,0.16666666666666666,0.0,0.0,0.3333333333333333,0.0,0.16666666666666666,0.8333333333333334,0.0,0.0
Aaron Holiday,2TM,PG,63,16.206349206349206,6.349206349206349,1.9365079365079365,2.4285714285714284,0.6666666666666666,0.14285714285714285,0.6190476190476191,2.3968253968253967,5.365079365079365,0.9365079365079365,1.0793650793650793
Aaron Nesmith,BOS,SF,52,11.038461538461538,3.769230769230769,1.7115384615384615,0.4230769230769231,0.38461538461538464,0.09615384615384616,0.5961538461538461,1.3846153846153846,3.5,0.40384615384615385,0.5
Aaron Wiggins,OKC,SG,50,24.18,8.32,3.56,1.36,0.6,0.2,0.84,3.12,6.74,1.24,1.7
Abdel Nader,PHO,SF,14,10.357142857142858,2.4285714285714284,1.9285714285714286,0.5,0.5714285714285714,0.2857142857142857,0.2857142857142857,0.8571428571428571,2.5,0.42857142857142855,0.7142857142857143
Ade Murkey,SAC,SG,1,1.0,0.0,0.0,0.0,0.0,0.0,0.0,0.0,0.0,0.0,0.0
Admiral Schofield,ORL,SF,38,12.342105263157896,3.8421052631578947,2.3421052631578947,0.6578947368421053,0.10526315789473684,0.13157894736842105,0.6842105263157895,1.4210526315789473,3.3947368421052633,0.3157894736842105,0.39473684210526316
Ahmad Caver,IND,SG,1,1.0,2.0,0.0,0.0,0.0,0.0,0.0,1.0,1.0,0.0,0.0
Al Horford,BOS,C,69,29.057971014492754,10.159420289855072,7.681159420289855,3.36231884057971,0.7101449275362319,1.3333333333333333,1.289855072463768,3.8550724637681157,8.246376811594203,1.1594202898550725,1.3768115942028984
Alec Burks,NYK,SG,81,28.617283950617285,11.654320987654321,4.901234567901234,2.950617283950617,1.0493827160493827,0.32098765432098764,1.9382716049382716,3.5185185185185186,8.987654320987655,2.6790123456790123,3.259259259259259
Aleem Ford,ORL,SF,5,14.8,2.8,3.0,0.4,0.2,0.0,0.4,1.2,4.0,0.0,0.0
Aleksej Pokusevski,OKC,PF,61,20.21311475409836,7.60655737704918,5.213114754098361,2.1475409836065573,0.639344262295082,0.6229508196721312,0.9344262295081968,3.0491803278688523,7.475409836065574,0.5737704918032787,0.819672131147541
Alex Caruso,CHI,SG,41,27.975609756097562,7.414634146341464,3.6097560975609757,4.024390243902439,1.7317073170731707,0.36585365853658536,1.024390243902439,2.4878048780487805,6.2439024390243905,1.4146341463414633,1.7804878048780488
Alex Len,SAC,C,39,15.897435897435898,6.0256410256410255,4.128205128205129,1.1538461538461537,0.3333333333333333,0.6410256410256411,0.15384615384615385,2.41025641025641,4.512820512820513,1.0512820512820513,1.6153846153846154
Alfonzo McKinnie,CHI,SF,17,12.117647058823529,3.4705882352941178,1.9411764705882353,0.29411764705882354,0.11764705882352941,0.17647058823529413,0.5294117647058824,1.411764705882353,3.588235294117647,0.11764705882352941,0.47058823529411764
Alize Johnson,3TM,PF,23,7.260869565217392,1.7826086956521738,2.652173913043478,0.391304347826087,0.21739130434782608,0.0,0.0,0.7391304347826086,1.6956521739130435,0.30434782608695654,0.5217391304347826
Alperen Şengün,HOU,C,72,20.680555555555557,9.61111111111111,5.458333333333333,2.5694444444444446,0.8194444444444444,0.9444444444444444,0.4027777777777778,3.4583333333333335,7.291666666666667,2.2916666666666665,3.2222222222222223
Amir Coffey,LAC,SG,69,22.71014492753623,8.971014492753623,2.8550724637681157,1.7971014492753623,0.5507246376811594,0.21739130434782608,1.391304347826087,3.0579710144927534,6.753623188405797,1.463768115942029,1.6956521739130435
Andre Drummond,2TM,C,73,19.684931506849313,7.945205479452055,9.315068493150685,1.7945205479452055,1.0684931506849316,0.9315068493150684,0.0,3.3835616438356166,5.931506849315069,1.178082191780822,2.2465753424657535
Andre Iguodala,GSW,SF,31,19.451612903225808,4.0,3.225806451612903,3.6774193548387095,0.8709677419354839,0.7096774193548387,0.5483870967741935,1.4838709677419355,3.903225806451613,0.4838709677419355,0.6451612903225806
Andrew Wiggins,GSW,SF,73,31.91780821917808,17.205479452054796,4.4520547945205475,2.2054794520547945,1.0410958904109588,0.6986301369863014,2.1506849315068495,6.506849315068493,13.95890410958904,2.041095890410959,3.219178082191781
Anfernee Simons,POR,SG,57,29.49122807017544,17.333333333333332,2.6491228070175437,3.8771929824561404,0.5263157894736842,0.10526315789473684,3.1403508771929824,6.192982456140351,13.982456140350877,1.8070175438596492,2.0350877192982457
Anthony Davis,LAL,C,40,35.1,23.175,9.85,3.05,1.225,2.25,0.325,9.25,17.375,4.35,6.1
Anthony Edwards,MIN,SG,72,34.25,21.291666666666668,4.763888888888889,3.8194444444444446,1.4583333333333333,0.6388888888888888,2.986111111111111,7.625,17.291666666666668,3.0555555555555554,3.888888888888889
Anthony Gill,WAS,PF,44,10.522727272727273,4.090909090909091,1.9318181818181819,0.6136363636363636,0.11363636363636363,0.25,0.3181818181818182,1.4090909090909092,2.477272727272727,0.9545454545454546,1.1818181818181819
Anthony Lamb,SAS,SF,2,4.0,0.0,0.5,1.0,0.0,0.0,0.0,0.0,1.0,0.0,0.0
Armoni Brooks,2TM,SG,54,15.62962962962963,5.333333333333333,1.9074074074074074,1.1481481481481481,0.5185185185185185,0.2037037037037037,1.3703703703703705,1.8148148148148149,5.351851851851852,0.3333333333333333,0.3888888888888889
Arnoldas Kulboka,CHO,SF,2,2.5,0.0,0.0,0.0,0.0,0.0,0.0,0.0,0.5,0.0,0.0
Austin Reaves,LAL,SG,61,23.24590163934426,7.278688524590164,3.1639344262295084,1.8032786885245902,0.47540983606557374,0.32786885245901637,0.8688524590163934,2.3934426229508197,5.213114754098361,1.6229508196721312,1.9344262295081966
Austin Rivers,DEN,SG,67,22.08955223880597,6.014925373134329,1.7014925373134329,1.3432835820895523,0.7611940298507462,0.08955223880597014,1.1791044776119404,2.1791044776119404,5.223880597014926,0.47761194029850745,0.6567164179104478
Avery Bradley,LAL,SG,62,22.677419354838708,6.354838709677419,2.193548387096774,0.7580645161290323,0.8548387096774194,0.14516129032258066,1.3225806451612903,2.3870967741935485,5.645161290322581,0.25806451612903225,0.2903225806451613
Ayo Dosunmu,CHI,SG,77,27.4025974025974,8.818181818181818,2.779220779220779,3.324675324675325,0.7792207792207793,0.37662337662337664,0.9090909090909091,3.6103896103896105,6.9480519480519485,0.6883116883116883,1.0129870129870129
B.J. Johnson,ORL,SF,4,16.25,6.5,3.75,0.0,0.0,0.25,1.0,2.75,6.25,0.0,0.0
Bam Adebayo,MIA,C,56,32.589285714285715,19.071428571428573,10.071428571428571,3.392857142857143,1.4285714285714286,0.7857142857142857,0.0,7.25,13.017857142857142,4.571428571428571,6.071428571428571
Ben McLemore,POR,SG,64,20.078125,10.234375,1.609375,0.921875,0.59375,0.15625,2.359375,3.375,8.421875,1.125,1.375
Bismack Biyombo,PHO,C,36,14.055555555555555,5.833333333333333,4.638888888888889,0.6388888888888888,0.3333333333333333,0.7222222222222222,0.0,2.388888888888889,4.027777777777778,1.0555555555555556,1.9722222222222223
Blake Griffin,BRK,C,56,17.107142857142858,6.410714285714286,4.071428571428571,1.875,0.48214285714285715,0.25,0.6785714285714286,2.375,5.589285714285714,0.9821428571428571,1.3571428571428572
Boban Marjanović,DAL,C,23,5.565217391304348,4.260869565217392,1.6956521739130435,0.13043478260869565,0.0,0.13043478260869565,0.043478260869565216,1.826086956521739,3.0434782608695654,0.5652173913043478,0.9565217391304348
Bobby Portis,MIL,C,72,28.166666666666668,14.61111111111111,9.125,1.1944444444444444,0.7361111111111112,0.7083333333333334,1.8472222222222223,5.791666666666667,12.097222222222221,1.1805555555555556,1.5694444444444444
Bogdan Bogdanović,ATL,SG,63,29.333333333333332,15.079365079365079,3.9682539682539684,3.0793650793650795,1.0793650793650793,0.2222222222222222,2.6825396825396823,5.428571428571429,12.603174603174603,1.5396825396825398,1.8253968253968254
Bojan Bogdanović,UTA,PF,69,30.884057971014492,18.08695652173913,4.2898550724637685,1.7391304347826086,0.4927536231884058,0.014492753623188406,2.6231884057971016,6.115942028985507,13.44927536231884,3.2318840579710146,3.7681159420289854
Bol Bol,DEN,PF,14,5.785714285714286,2.357142857142857,1.4285714285714286,0.35714285714285715,0.07142857142857142,0.14285714285714285,0.07142857142857142,1.0714285714285714,1.9285714285714286,0.14285714285714285,0.35714285714285715
Bones Hyland,DEN,SG,69,18.985507246376812,10.115942028985508,2.7246376811594204,2.7681159420289854,0.5942028985507246,0.2898550724637681,1.8985507246376812,3.3333333333333335,8.27536231884058,1.5507246376811594,1.8115942028985508
Brad Wanamaker,2TM,PG,23,13.91304347826087,3.608695652173913,1.6956521739130435,2.391304347826087,0.30434782608695654,0.2608695652173913,0.17391304347826086,1.2173913043478262,3.347826086956522,1.0,1.0869565217391304
Bradley Beal,WAS,SG,40,35.975,23.2,4.725,6.625,0.9,0.375,1.575,8.7,19.275,4.225,5.075
Brandon Boston Jr.,LAC,SG,51,14.901960784313726,6.7254901960784315,2.176470588235294,1.0,0.5098039215686274,0.2549019607843137,0.6666666666666666,2.450980392156863,6.372549019607843,1.1568627450980393,1.411764705882353
Brandon Clarke,MEM,PF,64,19.46875,10.40625,5.34375,1.34375,0.609375,1.0625,0.078125,4.5,6.984375,1.328125,2.03125
Brandon Goodwin,CLE,PG,36,13.944444444444445,4.75,1.8611111111111112,2.5277777777777777,0.6944444444444444,0.027777777777777776,0.5277777777777778,1.7777777777777777,4.277777777777778,0.6666666666666666,1.0555555555555556
Brandon Ingram,NOP,SF,55,33.981818181818184,22.654545454545456,5.818181818181818,5.581818181818182,0.6181818181818182,0.4727272727272727,1.3454545454545455,8.236363636363636,17.87272727272727,4.836363636363636,5.8545454545454545
Brandon Knight,DAL,PG,5,13.0,6.4,1.6,1.6,0.2,0.0,0.8,2.0,5.0,1.6,1.6
Brandon Williams,POR,PG,24,26.666666666666668,12.875,3.0833333333333335,3.9166666666666665,1.0,0.4166666666666667,1.2916666666666667,4.375,11.75,2.8333333333333335,4.041666666666667
Braxton Key,2TM,SF,11,17.90909090909091,7.181818181818182,4.545454545454546,1.0,0.9090909090909091,1.0,0.5454545454545454,3.0,6.545454545454546,0.6363636363636364,1.1818181818181819
Brodric Thomas,BOS,SG,12,5.0,1.75,0.8333333333333334,0.9166666666666666,0.08333333333333333,0.08333333333333333,0.16666666666666666,0.6666666666666666,1.5,0.25,0.4166666666666667
Brook Lopez,MIL,C,13,22.923076923076923,12.384615384615385,4.076923076923077,0.46153846153846156,0.6153846153846154,1.1538461538461537,1.4615384615384615,4.6923076923076925,10.076923076923077,1.5384615384615385,1.7692307692307692
Bruce Brown,BRK,SF,72,24.63888888888889,8.98611111111111,4.791666666666667,2.0555555555555554,1.0694444444444444,0.7222222222222222,0.5277777777777778,3.5555555555555554,7.027777777777778,1.3472222222222223,1.7777777777777777
Bruno Fernando,2TM,C,30,5.066666666666666,2.933333333333333,1.8333333333333333,0.23333333333333334,0.03333333333333333,0.36666666666666664,0.03333333333333333,1.2,1.8333333333333333,0.5,0.8
Bryn Forbes,2TM,SG,75,17.14666666666667,8.84,1.24,1.0,0.3333333333333333,0.06666666666666667,1.6266666666666667,3.08,7.1866666666666665,1.0533333333333332,1.16
Buddy Hield,2TM,SG,81,30.85185185185185,15.617283950617283,4.3580246913580245,2.8271604938271606,0.9012345679012346,0.30864197530864196,3.234567901234568,5.506172839506172,13.555555555555555,1.3703703703703705,1.5679012345679013
C.J. Miles,BOS,SG,1,2.0,0.0,0.0,0.0,0.0,0.0,0.0,0.0,0.0,0.0,0.0
CJ Elleby,POR,SF,58,20.24137931034483,5.844827586206897,3.913793103448276,1.5,0.603448275862069,0.3275862068965517,0.6379310344827587,2.086206896551724,5.310344827586207,1.0344827586206897,1.4482758620689655
CJ McCollum,2TM,PG,62,34.596774193548384,22.096774193548388,4.338709677419355,5.080645161290323,1.1290322580645162,0.3548387096774194,2.935483870967742,8.64516129032258,18.774193548387096,1.8709677419354838,2.7419354838709675
Cade Cunningham,DET,SG,64,32.625,17.40625,5.53125,5.5625,1.21875,0.671875,1.78125,6.703125,16.109375,2.21875,2.625
Caleb Martin,MIA,SF,60,22.866666666666667,9.183333333333334,3.8333333333333335,1.0666666666666667,0.9666666666666667,0.5,1.0666666666666667,3.466666666666667,6.833333333333333,1.1833333333333333,1.55
Cam Reddish,2TM,SF,49,20.653061224489797,10.142857142857142,2.142857142857143,0.9795918367346939,0.9591836734693877,0.30612244897959184,1.346938775510204,3.36734693877551,8.326530612244898,2.061224489795918,2.2857142857142856
Cam Thomas,BRK,SG,67,17.55223880597015,8.507462686567164,2.4029850746268657,1.164179104477612,0.4925373134328358,0.11940298507462686,0.7014925373134329,3.253731343283582,7.507462686567164,1.2985074626865671,1.5671641791044777
Cameron Johnson,PHO,PF,66,26.21212121212121,12.454545454545455,4.136363636363637,1.5,0.8636363636363636,0.24242424242424243,2.515151515151515,4.2272727272727275,9.196969696969697,1.4848484848484849,1.7272727272727273
Cameron McGriff,POR,SF,3,15.333333333333334,4.666666666666667,5.0,1.0,0.0,0.3333333333333333,0.6666666666666666,1.6666666666666667,4.666666666666667,0.6666666666666666,0.6666666666666666
Cameron Oliver,ATL,SF,2,21.5,11.5,3.0,1.5,0.5,0.5,0.5,5.0,7.5,1.0,1.5
Cameron Payne,PHO,PG,58,22.03448275862069,10.793103448275861,3.0172413793103448,4.862068965517241,0.6896551724137931,0.29310344827586204,1.2241379310344827,4.137931034482759,10.120689655172415,1.293103448275862,1.5344827586206897
Caris LeVert,2TM,SG,58,30.70689655172414,17.0,3.689655172413793,4.275862068965517,0.8793103448275862,0.39655172413793105,1.4137931034482758,6.5344827586206895,14.724137931034482,2.5172413793103448,3.3275862068965516
Carlik Jones,2TM,PG,5,4.6,0.8,0.6,1.0,0.2,0.0,0.0,0.2,1.8,0.4,0.4
Carmelo Anthony,LAL,PF,69,25.985507246376812,13.318840579710145,4.173913043478261,0.9855072463768116,0.6811594202898551,0.7536231884057971,2.1594202898550723,4.6231884057971016,10.478260869565217,1.9130434782608696,2.3043478260869565
Carsen Edwards,DET,SG,4,19.75,5.75,1.5,3.5,0.5,0.0,1.0,2.25,7.5,0.25,0.25
Cassius Stanley,DET,SG,9,17.22222222222222,5.777777777777778,2.111111111111111,0.4444444444444444,0.5555555555555556,0.2222222222222222,0.4444444444444444,2.111111111111111,5.111111111111111,1.1111111111111112,1.1111111111111112
Cassius Winston,WAS,PG,7,5.571428571428571,2.0,0.14285714285714285,1.0,0.0,0.0,0.2857142857142857,0.5714285714285714,1.5714285714285714,0.5714285714285714,0.5714285714285714
Cat Barber,ATL,PG,3,4.333333333333333,0.0,1.0,1.0,0.0,0.0,0.0,0.0,1.3333333333333333,0.0,1.3333333333333333
Cedi Osman,CLE,SF,66,22.151515151515152,10.742424242424242,2.212121212121212,2.0454545454545454,0.7878787878787878,0.15151515151515152,1.9393939393939394,3.742424242424242,8.666666666666666,1.3181818181818181,1.9848484848484849
Chandler Hutchison,PHO,SF,6,3.6666666666666665,0.6666666666666666,0.8333333333333334,0.3333333333333333,0.0,0.0,0.0,0.16666666666666666,0.3333333333333333,0.3333333333333333,0.3333333333333333
Charles Bassey,PHI,C,23,7.304347826086956,3.0,2.6956521739130435,0.30434782608695654,0.21739130434782608,0.7391304347826086,0.0,1.3043478260869565,2.0434782608695654,0.391304347826087,0.5217391304347826
Charlie Brown Jr.,2TM,SG,22,8.045454545454545,1.3636363636363635,1.4545454545454546,0.2727272727272727,0.45454545454545453,0.18181818181818182,0.045454545454545456,0.45454545454545453,1.7727272727272727,0.4090909090909091,0.45454545454545453
Chaundee Brown Jr.,2TM,SF,5,20.8,6.2,3.2,0.8,0.4,0.0,1.2,2.0,6.4,1.0,1.2
Cheick Diallo,DET,C,3,10.333333333333334,3.6666666666666665,4.0,0.0,0.3333333333333333,0.0,0.0,1.0,2.6666666666666665,1.6666666666666667,2.0
Chimezie Metu,SAC,C,60,21.316666666666666,8.9,5.583333333333333,1.0,0.85,0.5333333333333333,0.95,3.3833333333333333,7.483333333333333,1.1833333333333333,1.5166666666666666
Chris Boucher,TOR,SF,80,21.125,9.425,6.175,0.3125,0.6125,0.9375,0.85,3.35,7.2125,1.875,2.4125
Chris Chiozza,GSW,PG,34,10.941176470588236,1.9705882352941178,1.0588235294117647,1.911764705882353,0.38235294117647056,0.0,0.5,0.7058823529411765,2.3823529411764706,0.058823529411764705,0.08823529411764706
Chris Duarte,IND,SG,55,28.01818181818182,13.090909090909092,4.109090909090909,2.0727272727272728,1.018181818181818,0.18181818181818182,1.709090909090909,4.872727272727273,11.290909090909091,1.6363636363636365,2.036363636363636
Chris Paul,PHO,PG,65,32.90769230769231,14.738461538461538,4.3538461538461535,10.8,1.8615384615384616,0.3076923076923077,0.9692307692307692,5.584615384615384,11.323076923076924,2.6,3.1076923076923078
Chris Silva,2TM,PF,10,9.1,2.6,3.6,0.7,0.0,0.1,0.0,0.8,1.5,1.0,1.2
Christian Wood,HOU,C,68,30.794117647058822,17.91176470588235,10.088235294117647,2.2794117647058822,0.7941176470588235,0.9558823529411765,1.9264705882352942,6.470588235294118,12.911764705882353,3.0441176470588234,4.882352941176471
Chuma Okeke,ORL,PF,70,24.985714285714284,8.642857142857142,4.957142857142857,1.6857142857142857,1.3857142857142857,0.6,1.6857142857142857,3.085714285714286,8.214285714285714,0.7857142857142857,0.9285714285714286
Clint Capela,ATL,C,74,27.594594594594593,11.08108108108108,11.85135135135135,1.2432432432432432,0.7432432432432432,1.2567567567567568,0.0,5.0,8.162162162162161,1.0810810810810811,2.2837837837837838
Coby White,CHI,PG,61,27.459016393442624,12.655737704918034,2.9836065573770494,2.8852459016393444,0.47540983606557374,0.18032786885245902,2.2295081967213113,4.573770491803279,10.557377049180328,1.278688524590164,1.4918032786885247
Cody Martin,CHO,SF,71,26.281690140845072,7.661971830985915,4.014084507042254,2.5211267605633805,1.2394366197183098,0.4507042253521127,0.8591549295774648,2.8732394366197185,5.957746478873239,1.056338028169014,1.5070422535211268
Cody Zeller,POR,C,27,13.148148148148149,5.185185185185185,4.62962962962963,0.8148148148148148,0.2962962962962963,0.2222222222222222,0.0,1.8888888888888888,3.3333333333333335,1.4074074074074074,1.8148148148148149
Cole Anthony,ORL,PG,65,31.676923076923078,16.338461538461537,5.3538461538461535,5.676923076923077,0.7076923076923077,0.26153846153846155,2.0307692307692307,5.492307692307692,14.03076923076923,3.3230769230769233,3.8923076923076922
Collin Sexton,CLE,SG,11,28.727272727272727,16.0,3.272727272727273,2.090909090909091,0.9090909090909091,0.0,1.0,6.181818181818182,13.727272727272727,2.6363636363636362,3.5454545454545454
Corey Kispert,WAS,SF,77,23.38961038961039,8.233766233766234,2.7142857142857144,1.103896103896104,0.45454545454545453,0.2857142857142857,1.4545454545454546,3.038961038961039,6.675324675324675,0.7012987012987013,0.8051948051948052
Cory Joseph,DET,PG,65,24.615384615384617,8.015384615384615,2.6769230769230767,3.646153846153846,0.6461538461538462,0.26153846153846155,1.0,2.7384615384615385,6.153846153846154,1.5384615384615385,1.7384615384615385
Craig Sword,WAS,SG,3,6.333333333333333,2.0,0.0,0.3333333333333333,1.3333333333333333,0.0,0.0,1.0,1.3333333333333333,0.0,0.0
D'Angelo Russell,MIN,PG,65,31.953846153846154,18.092307692307692,3.3230769230769233,7.076923076923077,0.9538461538461539,0.3384615384615385,2.707692307692308,6.1692307692307695,15.0,3.046153846153846,3.6923076923076925
D.J. Augustin,2TM,PG,55,16.054545454545455,5.345454545454546,1.2363636363636363,1.9454545454545455,0.3090909090909091,0.01818181818181818,1.2363636363636363,1.709090909090909,4.036363636363636,0.6909090909090909,0.7818181818181819
D.J. Wilson,TOR,PF,4,13.5,7.5,4.0,1.25,1.25,0.25,0.0,2.75,3.75,2.0,2.5
DaQuan Jeffries,MEM,SG,3,3.0,0.6666666666666666,0.6666666666666666,0.3333333333333333,0.0,0.0,0.0,0.3333333333333333,0.6666666666666666,0.0,0.0
Daishen Nix,HOU,SG,24,10.875,3.2083333333333335,1.375,1.6666666666666667,0.625,0.0,0.2916666666666667,1.125,2.7916666666666665,0.6666666666666666,1.25
Dakota Mathias,MEM,SG,6,2.6666666666666665,1.0,0.3333333333333333,0.16666666666666666,0.16666666666666666,0.0,0.3333333333333333,0.3333333333333333,1.0,0.0,0.0
Dalano Banton,TOR,PG,64,10.875,3.203125,1.9375,1.546875,0.4375,0.15625,0.203125,1.296875,3.15625,0.40625,0.6875
Damian Jones,SAC,C,56,18.160714285714285,8.107142857142858,4.392857142857143,1.2321428571428572,0.4642857142857143,0.8392857142857143,0.17857142857142858,3.125,4.75,1.6785714285714286,2.3392857142857144
Damian Lillard,POR,PG,29,36.41379310344828,23.96551724137931,4.137931034482759,7.310344827586207,0.5862068965517241,0.3793103448275862,3.1724137931034484,7.655172413793103,19.03448275862069,5.482758620689655,6.241379310344827
Damion Lee,GSW,SG,63,19.936507936507937,7.412698412698413,3.2222222222222223,1.0,0.6190476190476191,0.09523809523809523,1.0,2.6825396825396823,6.079365079365079,1.0476190476190477,1.1904761904761905
Damyean Dotson,NYK,SG,2,10.5,2.0,1.0,0.5,0.0,0.0,0.0,1.0,2.0,0.0,0.0
Daniel Gafford,WAS,C,72,20.055555555555557,9.402777777777779,5.652777777777778,0.9444444444444444,0.4166666666666667,1.375,0.0,3.9583333333333335,5.708333333333333,1.4861111111111112,2.125
Daniel Oturu,TOR,C,3,9.0,3.0,1.6666666666666667,0.0,0.0,0.6666666666666666,0.0,1.0,2.0,1.0,1.6666666666666667
Daniel Theis,2TM,C,47,20.78723404255319,8.170212765957446,4.851063829787234,0.8723404255319149,0.425531914893617,0.6595744680851063,0.7021276595744681,3.2127659574468086,6.191489361702128,1.0425531914893618,1.5319148936170213
Danilo Gallinari,ATL,PF,66,25.333333333333332,11.681818181818182,4.666666666666667,1.5303030303030303,0.42424242424242425,0.18181818181818182,1.696969696969697,3.9242424242424243,9.045454545454545,2.1363636363636362,2.3636363636363638
Danny Green,PHI,SF,62,21.822580645161292,5.903225806451613,2.532258064516129,1.032258064516129,0.967741935483871,0.5967741935483871,1.6612903225806452,2.032258064516129,5.161290322580645,0.1774193548387097,0.22580645161290322
Danuel House Jr.,3TM,SF,42,17.30952380952381,5.904761904761905,2.642857142857143,1.0476190476190477,0.5,0.40476190476190477,1.0476190476190477,1.9047619047619047,4.714285714285714,1.0476190476190477,1.380952380952381
Darius Bazley,OKC,PF,69,27.884057971014492,10.797101449275363,6.318840579710145,1.4057971014492754,0.8405797101449275,1.0144927536231885,1.1594202898550725,3.971014492753623,9.405797101449275,1.6956521739130435,2.463768115942029
Darius Garland,CLE,PG,68,35.73529411764706,21.66176470588235,3.2941176470588234,8.573529411764707,1.3088235294117647,0.10294117647058823,2.5588235294117645,7.970588235294118,17.25,3.161764705882353,3.5441176470588234
Darren Collison,LAL,PG,3,12.333333333333334,1.3333333333333333,1.3333333333333333,0.6666666666666666,0.3333333333333333,0.0,0.0,0.6666666666666666,2.3333333333333335,0.0,0.0
David Duke Jr.,BRK,PG,22,15.5,4.7272727272727275,3.0454545454545454,0.7727272727272727,0.6363636363636364,0.3181818181818182,0.4090909090909091,1.7727272727272727,4.909090909090909,0.7727272727272727,0.9545454545454546
David Johnson,TOR,SG,2,1.0,0.0,0.0,0.0,0.0,0.0,0.0,0.0,0.5,0.0,0.0
David Nwaba,HOU,SF,46,13.23913043478261,5.065217391304348,3.282608695652174,0.7608695652173914,0.6086956521739131,0.43478260869565216,0.32608695652173914,1.8478260869565217,3.8260869565217392,1.0434782608695652,1.4565217391304348
Davion Mitchell,SAC,PG,75,27.68,11.48,2.2133333333333334,4.173333333333333,0.7333333333333333,0.32,1.3466666666666667,4.693333333333333,11.24,0.7466666666666667,1.1333333333333333
Davon Reed,DEN,SG,48,13.916666666666666,4.354166666666667,2.25,1.1041666666666667,0.5,0.1875,0.7708333333333334,1.6875,3.3541666666666665,0.20833333333333334,0.3125
Day'Ron Sharpe,BRK,PF,32,12.21875,6.1875,5.0,0.53125,0.3125,0.46875,0.0625,2.6875,4.65625,0.75,1.28125
De'Aaron Fox,SAC,PG,59,35.32203389830509,23.16949152542373,3.9152542372881354,5.593220338983051,1.152542372881356,0.423728813559322,1.2542372881355932,8.745762711864407,18.508474576271187,4.423728813559322,5.898305084745763
De'Andre Hunter,ATL,SF,53,29.754716981132077,13.377358490566039,3.3207547169811322,1.2830188679245282,0.6792452830188679,0.39622641509433965,1.3962264150943395,4.7924528301886795,10.849056603773585,2.3962264150943398,3.1320754716981134
De'Anthony Melton,MEM,SG,73,22.698630136986303,10.835616438356164,4.493150684931507,2.6575342465753424,1.4246575342465753,0.5342465753424658,1.904109589041096,3.8493150684931505,9.520547945205479,1.2328767123287672,1.643835616438356
DeAndre Jordan,2TM,C,48,12.958333333333334,4.291666666666667,5.5,0.4375,0.25,0.7291666666666666,0.0,1.9166666666666667,2.9791666666666665,0.4583333333333333,0.8333333333333334
DeAndre' Bembry,2TM,SF,56,18.321428571428573,5.071428571428571,2.9107142857142856,1.1785714285714286,0.875,0.44642857142857145,0.26785714285714285,2.2142857142857144,3.9464285714285716,0.375,0.625
DeJon Jarreau,IND,SG,1,1.0,0.0,0.0,0.0,0.0,0.0,0.0,0.0,0.0,0.0,0.0
DeMar DeRozan,CHI,PF,76,36.0921052631579,27.86842105263158,5.157894736842105,4.921052631578948,0.8947368421052632,0.3157894736842105,0.6578947368421053,10.18421052631579,20.19736842105263,6.842105263157895,7.802631578947368
DeMarcus Cousins,2TM,C,48,14.958333333333334,8.958333333333334,5.625,1.4791666666666667,0.7291666666666666,0.4375,0.7708333333333334,3.1041666666666665,6.75,1.9791666666666667,2.6041666666666665
Dean Wade,CLE,PF,51,19.215686274509803,5.2745098039215685,2.9411764705882355,1.0196078431372548,0.5686274509803921,0.13725490196078433,1.0,1.9411764705882353,4.254901960784314,0.39215686274509803,0.5882352941176471
Deandre Ayton,PHO,C,58,29.53448275862069,17.189655172413794,10.224137931034482,1.4482758620689655,0.6896551724137931,0.6896551724137931,0.1206896551724138,7.620689655172414,12.017241379310345,1.8275862068965518,2.4482758620689653
Deividas Sirvydis,DET,SG,3,9.0,1.0,2.0,0.3333333333333333,1.0,0.3333333333333333,0.3333333333333333,0.3333333333333333,3.3333333333333335,0.0,0.0
Dejounte Murray,SAS,PG,68,34.794117647058826,21.147058823529413,8.279411764705882,9.220588235294118,2.0294117647058822,0.3382352941176471,1.411764705882353,8.426470588235293,18.25,2.8823529411764706,3.6323529411764706
Delon Wright,ATL,SG,77,18.857142857142858,4.441558441558442,2.857142857142857,2.4415584415584415,1.2077922077922079,0.24675324675324675,0.5714285714285714,1.5844155844155845,3.4935064935064934,0.7012987012987013,0.8181818181818182
Deni Avdija,WAS,SF,82,24.195121951219512,8.353658536585366,5.182926829268292,2.0365853658536586,0.7195121951219512,0.5365853658536586,1.0,3.048780487804878,7.060975609756097,1.2560975609756098,1.6585365853658536
Dennis Schröder,2TM,PG,64,28.703125,13.546875,3.34375,4.625,0.828125,0.125,1.34375,4.875,11.3125,2.453125,2.875
Dennis Smith Jr.,POR,PG,37,17.243243243243242,5.5675675675675675,2.3783783783783785,3.5675675675675675,1.2162162162162162,0.32432432432432434,0.16216216216216217,2.135135135135135,5.108108108108108,1.135135135135135,1.7297297297297298
Denzel Valentine,2TM,SG,24,9.25,2.875,1.75,0.4583333333333333,0.3333333333333333,0.0,0.7916666666666666,1.0416666666666667,2.75,0.0,0.0
Derrick Favors,OKC,C,39,16.743589743589745,5.282051282051282,4.717948717948718,0.6410256410256411,0.4358974358974359,0.3076923076923077,0.05128205128205128,2.41025641025641,4.666666666666667,0.41025641025641024,0.6410256410256411
Derrick Jones Jr.,CHI,PF,51,17.627450980392158,5.607843137254902,3.3137254901960786,0.5882352941176471,0.49019607843137253,0.6470588235294118,0.39215686274509803,2.0588235294117645,3.823529411764706,1.0980392156862746,1.3725490196078431
Derrick Rose,NYK,PG,26,24.46153846153846,11.961538461538462,3.0,3.9615384615384617,0.8461538461538461,0.46153846153846156,1.4230769230769231,4.6923076923076925,10.538461538461538,1.1538461538461537,1.1923076923076923
Derrick Walton,DET,PG,3,36.0,6.333333333333333,3.3333333333333335,7.0,2.3333333333333335,1.3333333333333333,1.0,2.0,8.666666666666666,1.3333333333333333,1.3333333333333333
Derrick White,2TM,SG,75,29.32,13.226666666666667,3.48,4.88,0.8533333333333334,0.7733333333333333,1.5333333333333334,4.493333333333333,10.666666666666666,2.7066666666666666,3.1333333333333333
Desmond Bane,MEM,SG,76,29.81578947368421,18.210526315789473,4.394736842105263,2.736842105263158,1.2105263157894737,0.3815789473684211,3.0,6.684210526315789,14.486842105263158,1.8421052631578947,2.039473684210526
Devin Booker,PHO,SG,68,34.48529411764706,26.794117647058822,5.029411764705882,4.838235294117647,1.1323529411764706,0.38235294117647056,2.6911764705882355,9.735294117647058,20.897058823529413,4.632352941176471,5.338235294117647
Devin Cannady,ORL,PG,5,29.0,10.0,1.2,2.0,1.0,0.6,3.0,3.0,8.8,1.0,1.4
Devin Vassell,SAS,SF,71,27.281690140845072,12.28169014084507,4.309859154929577,1.9154929577464788,1.0704225352112675,0.5774647887323944,1.9295774647887325,4.591549295774648,10.76056338028169,1.1690140845070423,1.3943661971830985
Devon Dotson,CHI,PG,11,7.7272727272727275,2.6363636363636362,0.8181818181818182,1.3636363636363635,0.09090909090909091,0.0,0.18181818181818182,1.0,2.090909090909091,0.45454545454545453,0.8181818181818182
Devontae Cacok,SAS,PF,15,8.066666666666666,3.066666666666667,2.8,0.4,0.5333333333333333,0.4666666666666667,0.0,1.4,2.066666666666667,0.26666666666666666,0.4666666666666667
Devonte' Graham,NOP,PG,76,28.44736842105263,11.868421052631579,2.3289473684210527,4.157894736842105,0.9342105263157895,0.15789473684210525,2.526315789473684,3.8947368421052633,10.723684210526315,1.5526315789473684,1.8421052631578947
Dewayne Dedmon,MIA,C,67,15.895522388059701,6.298507462686567,5.7611940298507465,0.7014925373134329,0.3582089552238806,0.6268656716417911,0.2835820895522388,2.4477611940298507,4.3283582089552235,1.1194029850746268,1.492537313432836
Didi Louzada,2TM,SF,9,14.333333333333334,3.888888888888889,1.8888888888888888,0.5555555555555556,0.2222222222222222,0.2222222222222222,1.0,1.3333333333333333,3.6666666666666665,0.2222222222222222,0.2222222222222222
Dillon Brooks,MEM,SF,32,27.65625,18.4375,3.1875,2.75,1.125,0.25,1.4375,7.09375,16.4375,2.8125,3.3125
Domantas Sabonis,2TM,PF,62,34.45161290322581,18.887096774193548,12.129032258064516,5.209677419354839,0.9516129032258065,0.43548387096774194,0.6290322580645161,7.145161290322581,12.46774193548387,3.967741935483871,5.354838709677419
Donovan Mitchell,UTA,SG,67,33.82089552238806,25.865671641791046,4.208955223880597,5.343283582089552,1.4776119402985075,0.1791044776119403,3.462686567164179,9.208955223880597,20.53731343283582,3.985074626865672,4.6716417910447765
Donte DiVincenzo,2TM,SG,42,23.952380952380953,9.047619047619047,4.0476190476190474,2.8095238095238093,1.1428571428571428,0.19047619047619047,1.7619047619047619,2.8095238095238093,8.0,1.6666666666666667,1.9761904761904763
Dorian Finney-Smith,DAL,PF,80,33.05,11.0,4.6875,1.875,1.1,0.4875,2.15,4.075,8.65,0.7,1.0375
Doug McDermott,SAS,PF,51,23.980392156862745,11.333333333333334,2.2549019607843137,1.2549019607843137,0.2549019607843137,0.11764705882352941,2.1176470588235294,4.215686274509804,9.117647058823529,0.7843137254901961,1.0
Draymond Green,GSW,PF,46,28.891304347826086,7.521739130434782,7.304347826086956,6.956521739130435,1.326086956521739,1.0869565217391304,0.34782608695652173,2.9347826086956523,5.586956521739131,1.3043478260869565,1.9782608695652173
Drew Eubanks,2TM,C,71,17.535211267605632,7.690140845070423,5.380281690140845,1.1971830985915493,0.43661971830985913,0.5633802816901409,0.07042253521126761,3.112676056338028,5.225352112676056,1.3943661971830985,1.8309859154929577
Duane Washington Jr.,IND,PG,48,20.166666666666668,9.854166666666666,1.7291666666666667,1.7708333333333333,0.5416666666666666,0.0625,1.6875,3.6041666666666665,8.895833333333334,0.9583333333333334,1.2708333333333333
Duncan Robinson,MIA,SG,79,25.860759493670887,10.924050632911392,2.569620253164557,1.6329113924050633,0.5316455696202531,0.17721518987341772,2.9367088607594938,3.670886075949367,9.189873417721518,0.6455696202531646,0.7721518987341772
Dwight Howard,LAL,C,60,16.183333333333334,6.2,5.933333333333334,0.5833333333333334,0.5666666666666667,0.6,0.13333333333333333,2.2333333333333334,3.65,1.6,2.433333333333333
Dwight Powell,DAL,C,82,21.926829268292682,8.74390243902439,4.926829268292683,1.1829268292682926,0.45121951219512196,0.47560975609756095,0.15853658536585366,3.2804878048780486,4.890243902439025,2.024390243902439,2.5853658536585367
Dylan Windler,CLE,SF,50,9.18,2.2,1.78,0.68,0.28,0.06,0.42,0.74,1.96,0.3,0.36
Dāvis Bertāns,2TM,PF,56,14.410714285714286,5.553571428571429,2.0892857142857144,0.5535714285714286,0.30357142857142855,0.21428571428571427,1.375,1.7678571428571428,4.910714285714286,0.6428571428571429,0.7142857142857143
Ed Davis,CLE,C,31,6.483870967741935,0.9032258064516129,2.064516129032258,0.22580645161290322,0.0967741935483871,0.2903225806451613,0.0,0.3548387096774194,0.5161290322580645,0.1935483870967742,0.45161290322580644
Elfrid Payton,PHO,PG,50,10.98,3.0,1.76,1.98,0.5,0.12,0.08,1.34,3.5,0.24,0.64
Elijah Hughes,2TM,SG,36,12.055555555555555,3.5,1.6111111111111112,0.6111111111111112,0.3888888888888889,0.2222222222222222,0.6944444444444444,1.3055555555555556,4.0,0.19444444444444445,0.25
Emanuel Terry,PHO,PF,3,6.0,0.0,5.0,0.6666666666666666,0.3333333333333333,0.0,0.0,0.0,1.6666666666666667,0.0,0.0
Emmanuel Mudiay,SAC,PG,2,5.5,1.5,0.0,2.0,0.5,0.0,0.0,0.0,1.0,1.5,2.0
Enes Freedom,BOS,C,35,11.742857142857142,3.657142857142857,4.571428571428571,0.22857142857142856,0.14285714285714285,0.4,0.05714285714285714,1.457142857142857,2.7714285714285714,0.6857142857142857,0.8
Eric Bledsoe,LAC,PG,54,25.203703703703702,9.88888888888889,3.3703703703703702,4.166666666666667,1.2777777777777777,0.35185185185185186,0.9444444444444444,3.6481481481481484,8.666666666666666,1.6481481481481481,2.1666666666666665
Eric Gordon,HOU,SG,57,29.29824561403509,13.421052631578947,1.9824561403508771,2.7017543859649122,0.49122807017543857,0.3157894736842105,2.175438596491228,4.701754385964913,9.894736842105264,1.8421052631578947,2.3684210526315788
Eric Paschall,UTA,PF,58,12.706896551724139,5.758620689655173,1.8275862068965518,0.6206896551724138,0.15517241379310345,0.08620689655172414,0.6896551724137931,1.9655172413793103,4.051724137931035,1.1379310344827587,1.4827586206896552
Eugene Omoruyi,DAL,SF,4,4.5,1.75,1.75,0.5,0.0,0.0,0.25,0.5,1.25,0.5,1.0
Evan Fournier,NYK,SG,80,29.475,14.0625,2.625,2.1375,0.9875,0.25,3.0125,5.025,12.0625,1.0,1.4125
Evan Mobley,CLE,PF,69,33.78260869565217,14.985507246376812,8.26086956521739,2.5217391304347827,0.8115942028985508,1.6666666666666667,0.3333333333333333,6.115942028985507,12.028985507246377,2.420289855072464,3.652173913043478
Facundo Campazzo,DEN,PG,65,18.215384615384615,5.107692307692307,1.8,3.3846153846153846,0.9692307692307692,0.35384615384615387,0.8923076923076924,1.646153846153846,4.553846153846154,0.9230769230769231,1.2
Feron Hunt,NYK,SF,2,4.0,0.0,0.5,0.5,0.5,0.0,0.0,0.0,1.0,0.0,0.0
Frank Jackson,DET,PG,53,21.962264150943398,10.566037735849056,1.6415094339622642,1.0377358490566038,0.5094339622641509,0.16981132075471697,1.6226415094339623,3.660377358490566,9.11320754716981,1.6226415094339623,1.9622641509433962
Frank Kaminsky,PHO,C,9,20.11111111111111,10.555555555555555,4.555555555555555,1.4444444444444444,0.8888888888888888,0.7777777777777778,0.5555555555555556,4.0,7.333333333333333,2.0,2.2222222222222223
Frank Ntilikina,DAL,SG,58,11.810344827586206,4.137931034482759,1.3620689655172413,1.1896551724137931,0.46551724137931033,0.1206896551724138,0.6551724137931034,1.5344827586206897,3.8448275862068964,0.41379310344827586,0.43103448275862066
Franz Wagner,ORL,SF,79,30.746835443037973,15.151898734177216,4.506329113924051,2.9240506329113924,0.8607594936708861,0.43037974683544306,1.2151898734177216,5.772151898734177,12.341772151898734,2.392405063291139,2.7721518987341773
Fred VanVleet,TOR,PG,65,37.87692307692308,20.307692307692307,4.446153846153846,6.676923076923077,1.7076923076923076,0.5384615384615384,3.723076923076923,6.8,16.876923076923077,2.9846153846153847,3.4153846153846152
Freddie Gillespie,ORL,PF,9,13.222222222222221,2.3333333333333335,4.0,0.5555555555555556,0.3333333333333333,1.0,0.0,1.0,2.4444444444444446,0.3333333333333333,0.7777777777777778
Furkan Korkmaz,PHI,SG,67,21.104477611940297,7.597014925373134,2.611940298507463,1.8955223880597014,0.4925373134328358,0.13432835820895522,1.1492537313432836,2.716417910447761,7.014925373134329,1.0149253731343284,1.2537313432835822
Gabe Vincent,MIA,PG,68,23.36764705882353,8.691176470588236,1.8529411764705883,3.088235294117647,0.9117647058823529,0.17647058823529413,1.75,3.1470588235294117,7.544117647058823,0.6470588235294118,0.7941176470588235
Gabe York,IND,SG,2,10.5,4.0,1.0,2.0,1.0,0.5,0.5,1.0,3.5,1.5,2.5
Gabriel Deck,OKC,PF,7,8.0,2.5714285714285716,0.8571428571428571,0.7142857142857143,0.14285714285714285,0.0,0.2857142857142857,1.1428571428571428,2.0,0.0,0.0
Gabriel Lundberg,PHO,SG,4,11.0,3.25,1.75,2.75,0.75,0.0,0.75,1.25,4.75,0.0,0.0
Garrett Temple,NOP,SG,59,18.610169491525422,5.237288135593221,2.4237288135593222,1.2542372881355932,0.7288135593220338,0.3898305084745763,1.0,1.88135593220339,5.0,0.4745762711864407,0.6949152542372882
Garrison Mathews,HOU,SG,65,26.338461538461537,10.0,2.923076923076923,0.9846153846153847,0.8769230769230769,0.36923076923076925,2.1384615384615384,2.830769230769231,7.092307692307692,2.2,2.769230769230769
Gary Clark,NOP,PF,38,9.947368421052632,2.6578947368421053,2.3684210526315788,0.47368421052631576,0.34210526315789475,0.18421052631578946,0.7368421052631579,0.868421052631579,2.3157894736842106,0.18421052631578946,0.2631578947368421
Gary Harris,ORL,SG,61,28.360655737704917,11.131147540983607,2.0,1.7704918032786885,0.9672131147540983,0.14754098360655737,1.901639344262295,3.9344262295081966,9.065573770491802,1.360655737704918,1.5573770491803278
Gary Payton II,GSW,SG,71,17.577464788732396,7.070422535211268,3.4788732394366195,0.9014084507042254,1.352112676056338,0.30985915492957744,0.6056338028169014,2.9859154929577465,4.845070422535211,0.49295774647887325,0.8169014084507042
Gary Trent Jr.,TOR,SG,70,34.97142857142857,18.32857142857143,2.7285714285714286,2.0142857142857142,1.7428571428571429,0.2714285714285714,2.9857142857142858,6.428571428571429,15.514285714285714,2.4857142857142858,2.914285714285714
George Hill,MIL,PG,54,23.203703703703702,6.185185185185185,2.8703703703703702,2.2222222222222223,0.7777777777777778,0.1111111111111111,0.7592592592592593,2.185185185185185,5.092592592592593,1.0555555555555556,1.1481481481481481
George King,DAL,SF,4,4.75,0.25,1.25,0.0,0.0,0.0,0.0,0.0,1.25,0.25,0.5
Georges Niang,PHI,PF,76,22.842105263157894,9.210526315789474,2.6710526315789473,1.3421052631578947,0.39473684210526316,0.17105263157894737,2.0526315789473686,3.236842105263158,7.407894736842105,0.6842105263157895,0.7763157894736842
Georgios Kalaitzakis,2TM,SF,13,16.46153846153846,6.615384615384615,1.6153846153846154,0.9230769230769231,0.8461538461538461,0.15384615384615385,0.7692307692307693,2.3846153846153846,5.153846153846154,1.0769230769230769,2.3076923076923075
Giannis Antetokounmpo,MIL,PF,67,32.8955223880597,29.880597014925375,11.611940298507463,5.791044776119403,1.0746268656716418,1.3582089552238805,1.0597014925373134,10.283582089552239,18.582089552238806,8.253731343283581,11.432835820895523
Goga Bitadze,IND,C,50,14.58,6.98,3.54,1.1,0.42,0.84,0.46,2.62,5.04,1.28,1.88
Goran Dragić,2TM,PG,21,23.714285714285715,7.476190476190476,3.0952380952380953,4.095238095238095,0.9047619047619048,0.19047619047619047,0.7619047619047619,2.7142857142857144,7.190476190476191,1.2857142857142858,1.5714285714285714
Gordon Hayward,CHO,SF,49,31.918367346938776,15.877551020408163,4.571428571428571,3.6122448979591835,0.9591836734693877,0.4489795918367347,1.7551020408163265,5.775510204081633,12.591836734693878,2.5714285714285716,3.0408163265306123
Gorgui Dieng,ATL,C,44,8.431818181818182,3.5,2.75,0.7727272727272727,0.25,0.29545454545454547,0.6590909090909091,1.2045454545454546,2.5454545454545454,0.4318181818181818,0.5909090909090909
Grant Williams,BOS,PF,77,24.350649350649352,7.818181818181818,3.5584415584415585,1.0129870129870129,0.4935064935064935,0.7402597402597403,1.3766233766233766,2.6623376623376624,5.6103896103896105,1.1168831168831168,1.2337662337662338
Grayson Allen,MIL,SG,66,27.348484848484848,11.106060606060606,3.3636363636363638,1.5151515151515151,0.696969696969697,0.2727272727272727,2.409090909090909,3.8636363636363638,8.621212121212121,0.9696969696969697,1.121212121212121
Greg Brown III,POR,SF,48,13.333333333333334,4.6875,2.8125,0.7291666666666666,0.5416666666666666,0.5,0.3958333333333333,1.6875,3.9583333333333335,0.9166666666666666,1.3541666666666667
Greg Monroe,4TM,C,14,13.928571428571429,5.428571428571429,4.571428571428571,1.5714285714285714,0.5714285714285714,0.7142857142857143,0.0,2.2857142857142856,4.071428571428571,0.8571428571428571,1.6428571428571428
Hamidou Diallo,DET,SG,58,21.879310344827587,10.96551724137931,4.775862068965517,1.2586206896551724,1.2241379310344827,0.29310344827586204,0.39655172413793105,4.5,9.068965517241379,1.5689655172413792,2.413793103448276
Harrison Barnes,SAC,PF,77,33.506493506493506,16.428571428571427,5.6103896103896105,2.4155844155844157,0.6883116883116883,0.18181818181818182,1.844155844155844,5.077922077922078,10.831168831168831,4.428571428571429,5.363636363636363
Hassan Whiteside,UTA,C,65,17.876923076923077,8.215384615384615,7.6,0.4,0.3384615384615385,1.5846153846153845,0.0,3.3076923076923075,5.076923076923077,1.6,2.5692307692307694
Hassani Gravett,ORL,PG,8,21.375,6.25,2.625,2.5,0.625,0.125,1.375,2.25,4.75,0.375,0.5
Haywood Highsmith,MIA,SF,19,8.578947368421053,2.263157894736842,1.368421052631579,0.3157894736842105,0.10526315789473684,0.15789473684210525,0.47368421052631576,0.8421052631578947,2.4210526315789473,0.10526315789473684,0.2631578947368421
Herbert Jones,NOP,PF,78,29.935897435897434,9.512820512820513,3.7948717948717947,2.141025641025641,1.6666666666666667,0.7692307692307693,0.7307692307692307,3.5128205128205128,7.384615384615385,1.7564102564102564,2.08974358974359
Ignas Brazdeikis,ORL,SF,42,12.761904761904763,5.0,1.7142857142857142,0.8809523809523809,0.23809523809523808,0.07142857142857142,0.6428571428571429,1.9285714285714286,4.476190476190476,0.5,0.7619047619047619
Immanuel Quickley,NYK,PG,78,23.102564102564102,11.307692307692308,3.1666666666666665,3.5256410256410255,0.6923076923076923,0.038461538461538464,1.7564102564102564,3.641025641025641,9.282051282051283,2.269230769230769,2.576923076923077
Isaac Bonga,TOR,SF,15,4.6,0.8,0.4666666666666667,0.26666666666666666,0.5333333333333333,0.13333333333333333,0.06666666666666667,0.2,0.8666666666666667,0.3333333333333333,0.5333333333333333
Isaac Okoro,CLE,SF,67,29.567164179104477,8.776119402985074,3.0,1.8059701492537314,0.835820895522388,0.3283582089552239,0.8208955223880597,3.08955223880597,6.432835820895522,1.7761194029850746,2.3134328358208953
Isaiah Hartenstein,LAC,C,68,17.88235294117647,8.279411764705882,4.882352941176471,2.3529411764705883,0.7352941176470589,1.1323529411764706,0.20588235294117646,3.3676470588235294,5.382352941176471,1.338235294117647,1.9411764705882353
Isaiah Jackson,IND,C,36,15.027777777777779,8.25,4.138888888888889,0.2777777777777778,0.6944444444444444,1.4444444444444444,0.1388888888888889,3.2222222222222223,5.722222222222222,1.6666666666666667,2.4444444444444446
Isaiah Joe,PHI,SG,55,11.072727272727272,3.6,1.018181818181818,0.6363636363636364,0.2545454545454545,0.05454545454545454,0.8181818181818182,1.1272727272727272,3.2181818181818183,0.5272727272727272,0.5636363636363636
Isaiah Livers,DET,SF,19,20.157894736842106,6.368421052631579,3.0,1.105263157894737,0.6842105263157895,0.3684210526315789,1.4210526315789473,2.1578947368421053,4.7368421052631575,0.631578947368421,0.7368421052631579
Isaiah Roby,OKC,PF,45,21.066666666666666,10.088888888888889,4.822222222222222,1.5777777777777777,0.8,0.7555555555555555,0.9777777777777777,3.688888888888889,7.177777777777778,1.7333333333333334,2.577777777777778
Isaiah Stewart,DET,C,71,25.577464788732396,8.295774647887324,8.690140845070422,1.1549295774647887,0.30985915492957744,1.0985915492957747,0.2112676056338028,3.5211267605633805,6.901408450704225,1.0422535211267605,1.4507042253521127
Isaiah Thomas,3TM,PG,22,15.136363636363637,8.363636363636363,1.3181818181818181,1.5454545454545454,0.3181818181818182,0.22727272727272727,1.2727272727272727,3.0454545454545454,7.590909090909091,1.0,1.1818181818181819
Isaiah Todd,WAS,PF,12,6.166666666666667,1.6666666666666667,1.0,0.3333333333333333,0.3333333333333333,0.16666666666666666,0.3333333333333333,0.5833333333333334,2.1666666666666665,0.16666666666666666,0.5
Ish Smith,2TM,PG,65,17.323076923076922,6.3076923076923075,2.1538461538461537,3.753846153846154,0.7230769230769231,0.35384615384615387,0.38461538461538464,2.8461538461538463,6.615384615384615,0.23076923076923078,0.36923076923076925
Ish Wainright,PHO,PF,45,7.977777777777778,2.4,1.2,0.3333333333333333,0.4444444444444444,0.13333333333333333,0.4222222222222222,0.9111111111111111,2.311111111111111,0.15555555555555556,0.26666666666666666
Ivica Zubac,LAC,C,76,24.36842105263158,10.328947368421053,8.473684210526315,1.5789473684210527,0.47368421052631576,1.013157894736842,0.0,4.078947368421052,6.5131578947368425,2.1710526315789473,2.986842105263158
JT Thor,CHO,PF,33,7.9393939393939394,2.0303030303030303,1.303030303030303,0.5757575757575758,0.24242424242424243,0.3333333333333333,0.21212121212121213,0.7272727272727273,1.6666666666666667,0.36363636363636365,0.6060606060606061
Ja Morant,MEM,PG,57,33.14035087719298,27.43859649122807,5.701754385964913,6.7368421052631575,1.1578947368421053,0.38596491228070173,1.543859649122807,10.175438596491228,20.649122807017545,5.543859649122807,7.280701754385965
JaMychal Green,DEN,PF,67,16.19402985074627,6.447761194029851,4.1940298507462686,0.8805970149253731,0.6417910447761194,0.3880597014925373,0.4925373134328358,2.373134328358209,4.880597014925373,1.208955223880597,1.3880597014925373
JaQuori McLaughlin,DAL,PG,4,2.75,0.0,0.0,0.5,0.0,0.0,0.0,0.0,0.5,0.0,0.0
JaVale McGee,PHO,C,74,15.837837837837839,9.18918918918919,6.702702702702703,0.5675675675675675,0.2972972972972973,1.0945945945945945,0.02702702702702703,3.891891891891892,6.1891891891891895,1.3783783783783783,1.972972972972973
Jabari Parker,BOS,PF,12,9.333333333333334,4.416666666666667,2.3333333333333335,0.5,0.3333333333333333,0.08333333333333333,0.6666666666666666,1.5,3.1666666666666665,0.75,0.75
Jaden McDaniels,MIN,PF,70,25.757142857142856,9.242857142857142,4.185714285714286,1.1285714285714286,0.7428571428571429,0.7714285714285715,1.1428571428571428,3.642857142857143,7.914285714285715,0.8142857142857143,1.0142857142857142
Jaden Springer,PHI,SG,2,3.0,1.0,1.0,0.0,0.0,1.0,0.0,0.5,0.5,0.0,0.0
Jae Crowder,PHO,PF,67,28.149253731343283,9.432835820895523,5.2835820895522385,1.8507462686567164,1.4179104477611941,0.44776119402985076,1.8955223880597014,3.2388059701492535,8.119402985074627,1.0597014925373134,1.3432835820895523
Jae'Sean Tate,HOU,PF,78,26.358974358974358,11.782051282051283,5.384615384615385,2.8461538461538463,0.9230769230769231,0.5256410256410257,0.8076923076923077,4.653846153846154,9.346153846153847,1.6666666666666667,2.358974358974359
Jahmi'us Ramsey,SAC,SG,19,7.052631578947368,3.1578947368421053,0.6842105263157895,0.3684210526315789,0.05263157894736842,0.05263157894736842,0.2631578947368421,1.263157894736842,3.0526315789473686,0.3684210526315789,0.7368421052631579
Jaime Echenique,WAS,C,1,3.0,0.0,0.0,0.0,0.0,0.0,0.0,0.0,0.0,0.0,0.0
Jake Layman,MIN,SF,34,6.794117647058823,2.3823529411764706,1.0588235294117647,0.2647058823529412,0.20588235294117646,0.14705882352941177,0.23529411764705882,0.8823529411764706,2.1470588235294117,0.38235294117647056,0.5294117647058824
Jakob Poeltl,SAS,C,68,28.970588235294116,13.455882352941176,9.323529411764707,2.7794117647058822,0.6617647058823529,1.7352941176470589,0.014705882352941176,6.029411764705882,9.75,1.3823529411764706,2.7941176470588234
Jalen Brunson,DAL,SG,79,31.949367088607595,16.265822784810126,3.911392405063291,4.772151898734177,0.8354430379746836,0.0379746835443038,1.1898734177215189,6.405063291139241,12.759493670886076,2.2658227848101267,2.6962025316455698
Jalen Green,HOU,SG,67,31.91044776119403,17.26865671641791,3.373134328358209,2.626865671641791,0.6567164179104478,0.26865671641791045,2.343283582089552,6.059701492537314,14.238805970149254,2.8059701492537314,3.5223880597014925
Jalen Johnson,ATL,PF,22,5.454545454545454,2.3636363636363638,1.1818181818181819,0.13636363636363635,0.13636363636363635,0.09090909090909091,0.13636363636363635,1.0,1.8636363636363635,0.22727272727272727,0.3181818181818182
Jalen McDaniels,CHO,SF,55,16.272727272727273,6.181818181818182,3.090909090909091,1.0545454545454545,0.4727272727272727,0.4,0.7454545454545455,2.2363636363636363,4.618181818181818,0.9636363636363636,1.309090909090909
Jalen Smith,2TM,PF,51,18.137254901960784,9.215686274509803,6.019607843137255,0.47058823529411764,0.29411764705882354,0.803921568627451,0.7843137254901961,3.450980392156863,6.862745098039215,1.5294117647058822,2.0
Jalen Suggs,ORL,PG,48,27.229166666666668,11.75,3.5625,4.354166666666667,1.2291666666666667,0.3958333333333333,0.875,4.125,11.416666666666666,2.625,3.3958333333333335
James Bouknight,CHO,SG,31,9.806451612903226,4.580645161290323,1.6774193548387097,0.8387096774193549,0.22580645161290322,0.03225806451612903,0.5483870967741935,1.5806451612903225,4.548387096774194,0.8709677419354839,1.0
James Ennis III,3TM,SF,7,8.0,4.142857142857143,1.7142857142857142,0.42857142857142855,0.2857142857142857,0.2857142857142857,0.42857142857142855,1.5714285714285714,3.4285714285714284,0.5714285714285714,0.7142857142857143
James Harden,2TM,PG,65,37.215384615384615,22.03076923076923,7.6923076923076925,10.261538461538462,1.2615384615384615,0.5538461538461539,2.276923076923077,6.2615384615384615,15.261538461538462,7.230769230769231,8.246153846153845
James Johnson,BRK,PF,62,19.20967741935484,5.483870967741935,3.467741935483871,2.096774193548387,0.4838709677419355,0.5483870967741935,0.3709677419354839,2.3225806451612905,4.951612903225806,0.46774193548387094,0.8870967741935484
Jamorko Pickett,DET,PF,13,13.538461538461538,3.8461538461538463,2.4615384615384617,0.5384615384615384,0.0,0.5384615384615384,1.0,1.3846153846153846,3.8461538461538463,0.07692307692307693,0.15384615384615385
Jared Butler,UTA,SG,42,8.571428571428571,3.8333333333333335,1.0714285714285714,1.5,0.40476190476190477,0.19047619047619047,0.6666666666666666,1.4523809523809523,3.5952380952380953,0.2619047619047619,0.38095238095238093
Jared Harper,NOP,PG,5,8.6,7.4,0.4,2.8,0.8,0.2,1.0,2.8,5.2,0.8,0.8
Jaren Jackson Jr.,MEM,PF,78,27.256410256410255,16.307692307692307,5.82051282051282,1.1025641025641026,0.9358974358974359,2.269230769230769,1.641025641025641,5.512820512820513,13.282051282051283,3.641025641025641,4.423076923076923
Jarred Vanderbilt,MIN,PF,74,25.405405405405407,6.918918918918919,8.432432432432432,1.2702702702702702,1.337837837837838,0.6216216216216216,0.02702702702702703,2.864864864864865,4.878378378378378,1.162162162162162,1.7702702702702702
Jarrett Allen,CLE,C,56,32.32142857142857,16.142857142857142,10.75,1.6428571428571428,0.7857142857142857,1.3392857142857142,0.017857142857142856,6.589285714285714,9.732142857142858,2.9464285714285716,4.160714285714286
Jarrett Culver,MEM,SG,37,9.135135135135135,3.5135135135135136,1.2972972972972974,0.8918918918918919,0.5405405405405406,0.13513513513513514,0.32432432432432434,1.3783783783783783,3.6486486486486487,0.43243243243243246,0.918918918918919
Jarron Cumberland,POR,SG,3,4.0,0.6666666666666666,1.0,0.3333333333333333,0.0,0.0,0.0,0.3333333333333333,0.6666666666666666,0.0,0.0
Javin DeLaurier,MIL,C,1,3.0,0.0,1.0,0.0,1.0,0.0,0.0,0.0,0.0,0.0,0.0
Javonte Green,CHI,SF,65,23.369230769230768,7.2,4.246153846153846,0.9230769230769231,1.0307692307692307,0.49230769230769234,0.5538461538461539,2.707692307692308,5.0,1.2307692307692308,1.476923076923077
Javonte Smart,2TM,PG,17,11.764705882352942,3.0,1.411764705882353,0.9411764705882353,0.35294117647058826,0.17647058823529413,0.47058823529411764,1.1176470588235294,3.5294117647058822,0.29411764705882354,0.35294117647058826
Jaxson Hayes,NOP,C,70,19.97142857142857,9.342857142857143,4.5,0.6142857142857143,0.4714285714285714,0.7857142857142857,0.2857142857142857,3.5,5.685714285714286,2.057142857142857,2.6857142857142855
Jay Huff,LAL,C,4,5.0,0.0,1.0,0.25,0.25,0.25,0.0,0.0,0.75,0.0,0.0
Jay Scrubb,LAC,SG,18,6.722222222222222,2.7222222222222223,0.8888888888888888,0.4444444444444444,0.2222222222222222,0.16666666666666666,0.3333333333333333,1.0,2.5555555555555554,0.3888888888888889,0.5555555555555556
Jaylen Brown,BOS,SF,66,33.63636363636363,23.62121212121212,6.121212121212121,3.5,1.0606060606060606,0.2727272727272727,2.515151515151515,8.727272727272727,18.439393939393938,3.6515151515151514,4.818181818181818
Jaylen Hoard,OKC,SF,7,34.285714285714285,14.714285714285714,12.0,2.4285714285714284,0.8571428571428571,0.7142857142857143,1.2857142857142858,6.285714285714286,12.857142857142858,0.8571428571428571,2.0
Jaylen Morris,SAS,SG,3,5.333333333333333,0.6666666666666666,0.6666666666666666,0.6666666666666666,0.0,0.0,0.0,0.0,2.0,0.6666666666666666,1.3333333333333333
Jaylen Nowell,MIN,SG,62,15.725806451612904,8.5,1.9838709677419355,2.096774193548387,0.43548387096774194,0.16129032258064516,1.0161290322580645,3.161290322580645,6.661290322580645,1.1612903225806452,1.4838709677419355
Jaysean Paige,DET,PG,1,7.0,0.0,1.0,1.0,0.0,0.0,0.0,0.0,3.0,0.0,0.0
Jayson Tatum,BOS,SF,76,35.93421052631579,26.92105263157895,8.013157894736842,4.394736842105263,0.9868421052631579,0.6447368421052632,3.026315789473684,9.31578947368421,20.57894736842105,5.2631578947368425,6.171052631578948
Jeff Dowtin Jr.,3TM,PG,9,12.0,2.111111111111111,2.0,1.1111111111111112,0.5555555555555556,0.1111111111111111,0.1111111111111111,0.8888888888888888,2.888888888888889,0.2222222222222222,0.2222222222222222
Jeff Green,DEN,PF,75,24.653333333333332,10.293333333333333,3.08,1.28,0.37333333333333335,0.36,0.7066666666666667,3.6933333333333334,7.053333333333334,2.2,2.64
Jemerrio Jones,LAL,SF,2,7.5,2.0,1.5,0.0,0.5,0.0,0.0,1.0,1.5,0.0,0.0
Jerami Grant,DET,PF,47,31.914893617021278,19.23404255319149,4.0638297872340425,2.3617021276595747,0.9361702127659575,1.0425531914893618,1.9361702127659575,6.340425531914893,14.872340425531915,4.617021276595745,5.51063829787234
Jeremiah Robinson-Earl,OKC,C,49,22.183673469387756,7.469387755102041,5.591836734693878,1.0,0.5918367346938775,0.30612244897959184,1.183673469387755,2.7346938775510203,6.612244897959184,0.8163265306122449,1.1020408163265305
Jeremy Lamb,2TM,SF,56,16.696428571428573,7.321428571428571,2.75,1.4464285714285714,0.5535714285714286,0.39285714285714285,0.9821428571428571,2.375,6.196428571428571,1.5892857142857142,1.8928571428571428
Jericho Sims,NYK,PF,41,13.536585365853659,2.1951219512195124,4.121951219512195,0.5121951219512195,0.2682926829268293,0.5365853658536586,0.0,0.9512195121951219,1.3170731707317074,0.2926829268292683,0.7073170731707317
Jevon Carter,2TM,PG,66,13.712121212121213,4.196969696969697,1.6666666666666667,1.4545454545454546,0.36363636363636365,0.21212121212121213,1.0,1.4848484848484849,3.8333333333333335,0.22727272727272727,0.2727272727272727
Jimmy Butler,MIA,SF,57,33.87719298245614,21.385964912280702,5.894736842105263,5.473684210526316,1.6491228070175439,0.47368421052631576,0.47368421052631576,6.982456140350878,14.543859649122806,6.947368421052632,7.982456140350878
Jock Landale,SAS,C,54,10.907407407407407,4.907407407407407,2.5555555555555554,0.8333333333333334,0.18518518518518517,0.25925925925925924,0.5370370370370371,1.8703703703703705,3.7777777777777777,0.6296296296296297,0.7592592592592593
Joe Harris,BRK,SF,14,30.214285714285715,11.285714285714286,4.0,1.0,0.5,0.14285714285714285,2.9285714285714284,4.0,8.857142857142858,0.35714285714285715,0.42857142857142855
Joe Ingles,UTA,SF,45,24.933333333333334,7.222222222222222,2.911111111111111,3.511111111111111,0.5111111111111111,0.1111111111111111,1.7333333333333334,2.5555555555555554,6.333333333333333,0.37777777777777777,0.4888888888888889
Joe Johnson,BOS,SG,1,2.0,2.0,0.0,0.0,0.0,0.0,0.0,1.0,1.0,0.0,0.0
Joe Wieskamp,SAS,SG,29,7.068965517241379,2.103448275862069,0.4827586206896552,0.3103448275862069,0.13793103448275862,0.10344827586206896,0.4827586206896552,0.6896551724137931,1.9310344827586208,0.2413793103448276,0.4482758620689655
Joel Ayayi,WAS,SG,7,2.857142857142857,0.2857142857142857,0.42857142857142855,0.5714285714285714,0.0,0.0,0.0,0.14285714285714285,0.8571428571428571,0.0,0.0
Joel Embiid,PHI,C,68,33.779411764705884,30.573529411764707,11.705882352941176,4.176470588235294,1.1323529411764706,1.4558823529411764,1.3676470588235294,9.794117647058824,19.61764705882353,9.617647058823529,11.808823529411764
John Collins,ATL,PF,54,30.796296296296298,16.22222222222222,7.814814814814815,1.8148148148148149,0.6111111111111112,1.037037037037037,1.1851851851851851,6.277777777777778,11.925925925925926,2.4814814814814814,3.1296296296296298
John Konchar,MEM,SG,72,17.944444444444443,4.847222222222222,4.569444444444445,1.5138888888888888,0.625,0.3055555555555556,0.7222222222222222,1.875,3.638888888888889,0.375,0.6805555555555556
Jon Teske,MEM,C,3,2.6666666666666665,0.0,0.6666666666666666,0.3333333333333333,0.3333333333333333,0.0,0.0,0.0,0.3333333333333333,0.0,0.6666666666666666
Jonas Valančiūnas,NOP,C,74,30.27027027027027,17.756756756756758,11.391891891891891,2.5675675675675675,0.5540540540540541,0.8108108108108109,0.7702702702702703,6.891891891891892,12.675675675675675,3.2027027027027026,3.9054054054054053
Jonathan Kuminga,GSW,SF,70,16.928571428571427,9.314285714285715,3.342857142857143,0.9142857142857143,0.44285714285714284,0.3142857142857143,0.7142857142857143,3.3714285714285714,6.571428571428571,1.8571428571428572,2.7142857142857144
Jordan Bell,CHI,C,1,2.0,0.0,1.0,0.0,1.0,0.0,0.0,0.0,0.0,0.0,0.0
Jordan Clarkson,UTA,SG,79,27.10126582278481,16.025316455696203,3.4556962025316458,2.4556962025316458,0.8354430379746836,0.20253164556962025,2.4050632911392404,5.89873417721519,14.08860759493671,1.8227848101265822,2.2025316455696204
Jordan Goodwin,WAS,SG,2,3.0,0.0,0.5,0.0,0.0,0.0,0.0,0.0,1.5,0.0,0.0
Jordan McLaughlin,MIN,PG,62,14.548387096774194,3.7580645161290325,1.5161290322580645,2.903225806451613,0.9193548387096774,0.16129032258064516,0.43548387096774194,1.4193548387096775,3.225806451612903,0.4838709677419355,0.6451612903225806
Jordan Nwora,MIL,SF,62,19.112903225806452,7.854838709677419,3.564516129032258,0.9516129032258065,0.4032258064516129,0.27419354838709675,1.2741935483870968,3.0,7.451612903225806,0.5806451612903226,0.6935483870967742
Jordan Poole,GSW,SG,76,30.039473684210527,18.486842105263158,3.4210526315789473,4.0,0.7894736842105263,0.3026315789473684,2.776315789473684,6.2368421052631575,13.921052631578947,3.236842105263158,3.5
Jordan Schakel,WAS,SG,4,7.5,1.25,2.0,0.0,0.25,0.0,0.25,0.25,2.75,0.5,0.5
Jose Alvarado,NOP,PG,54,15.444444444444445,6.111111111111111,1.8518518518518519,2.814814814814815,1.3148148148148149,0.12962962962962962,0.5925925925925926,2.425925925925926,5.444444444444445,0.6666666666666666,0.9814814814814815
Josh Christopher,HOU,SG,74,18.027027027027028,7.9324324324324325,2.5135135135135136,2.027027027027027,0.8783783783783784,0.17567567567567569,0.7567567567567568,3.027027027027027,6.756756756756757,1.1216216216216217,1.527027027027027
Josh Giddey,OKC,SF,54,31.48148148148148,12.481481481481481,7.796296296296297,6.388888888888889,0.9444444444444444,0.37037037037037035,1.037037037037037,5.203703703703703,12.407407407407407,1.037037037037037,1.462962962962963
Josh Green,DAL,SG,67,15.507462686567164,4.7611940298507465,2.4029850746268657,1.1791044776119404,0.6716417910447762,0.208955223880597,0.417910447761194,1.9402985074626866,3.8208955223880596,0.4626865671641791,0.6716417910447762
Josh Hart,2TM,SG,54,33.166666666666664,14.944444444444445,7.185185185185185,4.148148148148148,1.1296296296296295,0.24074074074074073,1.3518518518518519,5.314814814814815,10.537037037037036,2.962962962962963,3.9074074074074074
Josh Jackson,2TM,SF,51,16.274509803921568,6.431372549019608,2.764705882352941,1.0588235294117647,0.5098039215686274,0.43137254901960786,0.6470588235294118,2.3529411764705883,5.882352941176471,1.0784313725490196,1.5098039215686274
Josh Okogie,MIN,SG,49,10.53061224489796,2.7142857142857144,1.4285714285714286,0.5102040816326531,0.5306122448979592,0.24489795918367346,0.2857142857142857,0.8571428571428571,2.122448979591837,0.7142857142857143,1.0408163265306123
Josh Richardson,2TM,SG,65,24.615384615384617,10.246153846153845,2.8461538461538463,1.7692307692307692,0.8615384615384616,0.4461538461538462,1.5692307692307692,3.6,8.215384615384615,1.476923076923077,1.6615384615384616
Joshua Primo,SAS,SF,50,19.3,5.76,2.26,1.62,0.4,0.46,0.84,2.02,5.4,0.88,1.18
Jrue Holiday,MIL,PG,67,32.95522388059702,18.28358208955224,4.492537313432836,6.82089552238806,1.6119402985074627,0.43283582089552236,1.9701492537313432,7.134328358208955,14.238805970149254,2.044776119402985,2.6865671641791047
Juan Toscano-Anderson,GSW,SF,73,13.616438356164384,4.082191780821918,2.410958904109589,1.7397260273972603,0.6575342465753424,0.2328767123287671,0.3835616438356164,1.5753424657534247,3.219178082191781,0.547945205479452,0.958904109589041
Juancho Hernangómez,3TM,PF,40,11.125,3.275,2.5,0.5,0.35,0.25,0.6,1.1,2.65,0.475,0.85
Julius Randle,NYK,PF,72,35.333333333333336,20.09722222222222,9.944444444444445,5.138888888888889,0.7361111111111112,0.5416666666666666,1.6666666666666667,7.111111111111111,17.305555555555557,4.208333333333333,5.569444444444445
Justin Anderson,2TM,SF,16,19.75,6.375,2.875,2.0625,0.5,0.375,0.9375,2.25,5.9375,0.9375,1.1875
Justin Champagnie,TOR,SF,36,7.805555555555555,2.25,2.0,0.3055555555555556,0.2222222222222222,0.1111111111111111,0.2777777777777778,0.8611111111111112,1.8611111111111112,0.25,0.25
Justin Holiday,2TM,SF,74,27.7972972972973,10.121621621621621,2.5675675675675675,1.7297297297297298,0.7702702702702703,0.44594594594594594,2.391891891891892,3.527027027027027,8.945945945945946,0.6756756756756757,0.8378378378378378
Justin Jackson,2TM,SF,7,5.285714285714286,2.142857142857143,1.0,0.2857142857142857,0.0,0.0,0.42857142857142855,0.7142857142857143,2.142857142857143,0.2857142857142857,0.2857142857142857
Justin Robinson,3TM,PG,25,12.16,3.12,0.84,1.28,0.36,0.04,0.72,1.12,3.72,0.16,0.32
Justise Winslow,2TM,PF,48,16.145833333333332,5.708333333333333,4.208333333333333,1.75,0.7291666666666666,0.5208333333333334,0.3125,2.2916666666666665,5.354166666666667,0.8125,1.375
Jusuf Nurkić,POR,C,56,28.196428571428573,15.035714285714286,11.053571428571429,2.8035714285714284,1.1071428571428572,0.6071428571428571,0.26785714285714285,5.732142857142857,10.714285714285714,3.3035714285714284,4.785714285714286
Juwan Morgan,2TM,PF,2,15.5,2.5,2.0,0.5,0.0,0.0,0.5,1.0,1.5,0.0,0.0
KJ Martin,HOU,SF,79,20.962025316455698,8.810126582278482,3.759493670886076,1.2784810126582278,0.43037974683544306,0.5063291139240507,0.759493670886076,3.5316455696202533,6.620253164556962,0.9873417721518988,1.5569620253164558
KZ Okpala,MIA,PF,21,11.619047619047619,3.6666666666666665,1.9523809523809523,0.6666666666666666,0.19047619047619047,0.3333333333333333,0.42857142857142855,1.4285714285714286,3.2857142857142856,0.38095238095238093,0.5238095238095238
Kai Jones,CHO,C,21,3.0,1.0476190476190477,0.5238095238095238,0.19047619047619047,0.047619047619047616,0.09523809523809523,0.047619047619047616,0.42857142857142855,0.6666666666666666,0.14285714285714285,0.38095238095238093
Karl-Anthony Towns,MIN,C,74,33.45945945945946,24.56756756756757,9.824324324324325,3.635135135135135,0.972972972972973,1.1216216216216217,2.027027027027027,8.675675675675675,16.405405405405407,5.1891891891891895,6.3108108108108105
Keifer Sykes,IND,PG,32,17.6875,5.625,1.40625,1.9375,0.375,0.125,0.84375,2.15625,5.9375,0.46875,0.53125
Keita Bates-Diop,SAS,SF,59,16.220338983050848,5.677966101694915,3.9152542372881354,0.6949152542372882,0.4576271186440678,0.23728813559322035,0.288135593220339,2.305084745762712,4.4576271186440675,0.7796610169491526,1.0338983050847457
Kelan Martin,2TM,SF,30,15.0,5.7,1.8333333333333333,0.7,0.43333333333333335,0.3,0.7333333333333333,2.3333333333333335,5.7,0.3,0.43333333333333335
Keldon Johnson,SAS,SF,75,31.893333333333334,17.04,6.093333333333334,2.1066666666666665,0.7733333333333333,0.18666666666666668,2.12,6.28,13.48,2.36,3.12
Keljin Blevins,POR,SF,31,11.258064516129032,3.064516129032258,1.4516129032258065,0.6129032258064516,0.41935483870967744,0.03225806451612903,0.6774193548387096,1.096774193548387,3.5806451612903225,0.1935483870967742,0.3548387096774194
Kelly Olynyk,DET,C,40,19.1,9.125,4.425,2.775,0.775,0.475,1.0,3.2,7.15,1.725,2.225
Kelly Oubre Jr.,CHO,SF,76,26.30263157894737,14.960526315789474,3.973684210526316,1.105263157894737,1.013157894736842,0.40789473684210525,2.513157894736842,5.394736842105263,12.263157894736842,1.6578947368421053,2.486842105263158
Kemba Walker,NYK,PG,37,25.62162162162162,11.64864864864865,3.0,3.5405405405405403,0.7027027027027027,0.1891891891891892,1.972972972972973,4.027027027027027,10.0,1.6216216216216217,1.9189189189189189
Kenrich Williams,OKC,SF,49,21.877551020408163,7.408163265306122,4.489795918367347,2.204081632653061,0.8979591836734694,0.20408163265306123,0.8367346938775511,2.979591836734694,6.469387755102041,0.6122448979591837,1.1224489795918366
Kent Bazemore,LAL,SF,39,13.974358974358974,3.3846153846153846,1.7692307692307692,0.8717948717948718,0.6410256410256411,0.23076923076923078,0.7435897435897436,1.1538461538461537,3.5641025641025643,0.3333333333333333,0.4358974358974359
Kentavious Caldwell-Pope,WAS,SG,77,30.246753246753247,13.220779220779221,3.3896103896103895,1.8831168831168832,1.077922077922078,0.33766233766233766,2.064935064935065,4.688311688311688,10.766233766233766,1.7792207792207793,2.0
Keon Johnson,2TM,SG,37,18.83783783783784,7.216216216216216,2.189189189189189,2.054054054054054,0.7567567567567568,0.32432432432432434,0.918918918918919,2.5945945945945947,7.351351351351352,1.1081081081081081,1.3783783783783783
Kessler Edwards,BRK,SF,48,20.5625,5.916666666666667,3.5833333333333335,0.6458333333333334,0.6041666666666666,0.5,1.0,2.2916666666666665,5.5625,0.3333333333333333,0.3958333333333333
Kevin Durant,BRK,PF,55,37.21818181818182,29.87272727272727,7.4,6.381818181818182,0.8727272727272727,0.9454545454545454,2.090909090909091,10.50909090909091,20.272727272727273,6.763636363636364,7.4363636363636365
Kevin Huerter,ATL,SF,74,29.56756756756757,12.054054054054054,3.4324324324324325,2.7432432432432434,0.7432432432432432,0.35135135135135137,2.1621621621621623,4.662162162162162,10.27027027027027,0.5675675675675675,0.7027027027027027
Kevin Knox,2TM,SF,30,7.4,3.1,1.4666666666666666,0.3333333333333333,0.13333333333333333,0.06666666666666667,0.5,1.0333333333333334,2.8333333333333335,0.5333333333333333,0.7333333333333333
Kevin Love,CLE,C,74,22.5,13.608108108108109,7.243243243243243,2.1621621621621623,0.35135135135135137,0.24324324324324326,2.527027027027027,4.418918918918919,10.283783783783784,2.2432432432432434,2.675675675675676
Kevin Pangos,CLE,PG,24,6.916666666666667,1.625,0.4583333333333333,1.25,0.125,0.0,0.25,0.625,1.9166666666666667,0.125,0.16666666666666666
Kevin Porter Jr.,HOU,PG,61,31.262295081967213,15.557377049180328,4.377049180327869,6.163934426229508,1.1311475409836065,0.36065573770491804,2.540983606557377,5.491803278688525,13.245901639344263,2.0327868852459017,3.1639344262295084
Kevon Looney,GSW,C,82,21.121951219512194,5.987804878048781,7.2682926829268295,2.0121951219512195,0.6097560975609756,0.6341463414634146,0.0,2.5365853658536586,4.439024390243903,0.9146341463414634,1.524390243902439
Khem Birch,TOR,C,55,18.01818181818182,4.490909090909091,4.345454545454546,1.018181818181818,0.5454545454545454,0.4727272727272727,0.0,1.7636363636363637,3.6363636363636362,0.9636363636363636,1.290909090909091
Khris Middleton,MIL,SF,66,32.43939393939394,20.075757575757574,5.393939393939394,5.424242424242424,1.1515151515151516,0.2727272727272727,2.4545454545454546,6.848484848484849,15.469696969696969,3.9242424242424243,4.409090909090909
Killian Hayes,DET,PG,66,24.954545454545453,6.863636363636363,3.1818181818181817,4.196969696969697,1.1818181818181819,0.5303030303030303,0.6666666666666666,2.6666666666666665,6.954545454545454,0.8636363636363636,1.121212121212121
Killian Tillie,MEM,C,36,12.805555555555555,3.2777777777777777,1.6666666666666667,0.6111111111111112,0.6388888888888888,0.4166666666666667,0.75,1.1944444444444444,3.5277777777777777,0.1388888888888889,0.2222222222222222
Kira Lewis Jr.,NOP,PG,24,14.208333333333334,5.875,1.625,2.0416666666666665,0.4583333333333333,0.041666666666666664,0.5416666666666666,2.4583333333333335,6.083333333333333,0.4166666666666667,0.5
Klay Thompson,GSW,SG,32,29.40625,20.375,3.90625,2.75,0.5,0.53125,3.5625,7.6875,17.90625,1.4375,1.59375
Kris Dunn,POR,PG,14,24.0,7.571428571428571,3.5,5.642857142857143,1.6428571428571428,0.21428571428571427,0.07142857142857142,3.142857142857143,7.285714285714286,1.2142857142857142,1.2857142857142858
Kristaps Porziņģis,2TM,PF,51,29.03921568627451,20.19607843137255,8.058823529411764,2.3333333333333335,0.7254901960784313,1.6470588235294117,1.5294117647058822,6.901960784313726,15.03921568627451,4.862745098039215,5.607843137254902
Kyle Anderson,MEM,PF,69,21.507246376811594,7.550724637681159,5.333333333333333,2.652173913043478,1.1159420289855073,0.6521739130434783,0.5217391304347826,3.028985507246377,6.797101449275362,0.9710144927536232,1.5217391304347827
Kyle Guy,MIA,SG,19,9.789473684210526,3.8947368421052633,0.8947368421052632,0.8947368421052632,0.3684210526315789,0.05263157894736842,0.7368421052631579,1.368421052631579,3.4210526315789473,0.42105263157894735,0.631578947368421
Kyle Kuzma,WAS,PF,66,33.39393939393939,17.12121212121212,8.5,3.5303030303030303,0.6363636363636364,0.8636363636363636,1.9393939393939394,6.409090909090909,14.181818181818182,2.3636363636363638,3.3181818181818183
Kyle Lowry,MIA,PG,63,33.857142857142854,13.396825396825397,4.476190476190476,7.523809523809524,1.0634920634920635,0.2698412698412698,2.2857142857142856,4.380952380952381,9.952380952380953,2.3492063492063493,2.761904761904762
Kyrie Irving,BRK,PG,29,37.62068965517241,27.448275862068964,4.379310344827586,5.758620689655173,1.4137931034482758,0.5862068965517241,3.4482758620689653,9.96551724137931,21.24137931034483,4.068965517241379,4.448275862068965
LaMarcus Aldridge,BRK,C,47,22.340425531914892,12.914893617021276,5.48936170212766,0.8936170212765957,0.2978723404255319,1.0,0.2978723404255319,5.361702127659575,9.74468085106383,1.8936170212765957,2.1702127659574466
LaMelo Ball,CHO,PG,75,32.29333333333334,20.106666666666666,6.68,7.613333333333333,1.5866666666666667,0.4,2.933333333333333,7.173333333333333,16.72,2.8266666666666667,3.24
Lamar Stevens,CLE,PF,63,16.11111111111111,6.079365079365079,2.6031746031746033,0.6984126984126984,0.49206349206349204,0.2857142857142857,0.2857142857142857,2.4761904761904763,5.063492063492063,0.8412698412698413,1.1904761904761905
Lance Stephenson,2TM,SG,46,17.695652173913043,8.347826086956522,2.760869565217391,3.5869565217391304,0.5217391304347826,0.08695652173913043,0.5869565217391305,3.1956521739130435,7.021739130434782,1.3695652173913044,1.7391304347826086
Landry Shamet,PHO,SG,69,20.82608695652174,8.304347826086957,1.826086956521739,1.565217391304348,0.4057971014492754,0.13043478260869565,1.7826086956521738,2.7681159420289854,7.028985507246377,0.9855072463768116,1.173913043478261
Langston Galloway,2TM,SG,7,15.285714285714286,2.0,2.5714285714285716,1.7142857142857142,0.14285714285714285,0.0,0.2857142857142857,0.8571428571428571,3.7142857142857144,0.0,0.0
Larry Nance Jr.,2TM,PF,46,22.608695652173914,6.978260869565218,5.391304347826087,1.7608695652173914,0.9347826086956522,0.43478260869565216,0.5,2.8043478260869565,5.369565217391305,0.8695652173913043,1.2391304347826086
Lauri Markkanen,CLE,SF,61,30.78688524590164,14.754098360655737,5.655737704918033,1.3278688524590163,0.7377049180327869,0.4918032786885246,2.2295081967213113,5.131147540983607,11.524590163934427,2.262295081967213,2.6065573770491803
LeBron James,LAL,C,56,37.214285714285715,30.267857142857142,8.196428571428571,6.232142857142857,1.3035714285714286,1.0535714285714286,2.875,11.428571428571429,21.803571428571427,4.535714285714286,6.0
Leandro Bolmaro,MIN,SF,35,6.885714285714286,1.4285714285714286,1.2285714285714286,0.6,0.17142857142857143,0.0,0.14285714285714285,0.4857142857142857,1.542857142857143,0.3142857142857143,0.37142857142857144
Lindell Wigginton,MIL,PG,19,10.473684210526315,4.2105263157894735,1.3157894736842106,1.2105263157894737,0.2631578947368421,0.05263157894736842,0.47368421052631576,1.368421052631579,3.210526315789474,1.0,1.8421052631578947
Lindy Waters III,OKC,SG,25,18.6,7.96,2.92,0.96,0.76,0.32,2.12,2.84,7.0,0.16,0.2
Lonnie Walker IV,SAS,SG,70,23.02857142857143,12.128571428571428,2.585714285714286,2.1714285714285713,0.6285714285714286,0.2714285714285714,1.5857142857142856,4.442857142857143,10.914285714285715,1.6571428571428573,2.1142857142857143
Lonzo Ball,CHI,PG,35,34.628571428571426,13.0,5.428571428571429,5.085714285714285,1.8285714285714285,0.8857142857142857,3.142857142857143,4.628571428571429,10.942857142857143,0.6,0.8
Lou Williams,ATL,PG,56,14.267857142857142,6.321428571428571,1.5535714285714286,1.875,0.5,0.05357142857142857,0.6607142857142857,2.232142857142857,5.714285714285714,1.1964285714285714,1.3928571428571428
Louis King,SAC,SF,10,10.4,4.5,1.2,0.9,0.2,0.1,0.8,1.5,4.7,0.7,1.0
Luguentz Dort,OKC,SG,51,32.64705882352941,17.19607843137255,4.1568627450980395,1.7254901960784315,0.9019607843137255,0.35294117647058826,2.549019607843137,5.745098039215686,14.235294117647058,3.156862745098039,3.7450980392156863
Luka Dončić,DAL,PG,65,35.4,28.415384615384614,9.123076923076923,8.738461538461538,1.1538461538461537,0.5538461538461539,3.0923076923076924,9.861538461538462,21.584615384615386,5.6,7.523076923076923
Luka Garza,DET,C,32,12.15625,5.8125,3.125,0.625,0.28125,0.1875,0.5,2.0625,4.59375,1.1875,1.90625
Luke Kennard,LAC,SG,70,27.414285714285715,11.9,3.2714285714285714,2.085714285714286,0.6,0.08571428571428572,2.7142857142857144,4.1,9.128571428571428,0.9857142857142858,1.1
Luke Kornet,3TM,C,15,6.866666666666666,2.0,1.9333333333333333,0.6,0.2,0.2,0.0,0.8666666666666667,1.8,0.26666666666666666,0.4
M.J. Walker,PHO,SG,2,4.0,0.0,0.5,0.5,1.0,0.0,0.0,0.0,2.0,0.0,0.0
Mac McClung,2TM,SG,2,12.5,4.0,1.5,0.5,0.5,0.5,0.5,1.5,3.0,0.5,0.5
Malachi Flynn,TOR,PG,44,12.204545454545455,4.295454545454546,1.4318181818181819,1.5909090909090908,0.45454545454545453,0.09090909090909091,0.6818181818181818,1.6363636363636365,4.159090909090909,0.3409090909090909,0.5454545454545454
Malcolm Brogdon,IND,PG,36,33.5,19.083333333333332,5.138888888888889,5.888888888888889,0.8333333333333334,0.3888888888888889,1.6111111111111112,6.75,15.083333333333334,3.9722222222222223,4.638888888888889
Malcolm Hill,2TM,SG,19,11.157894736842104,3.789473684210526,1.8421052631578947,0.42105263157894735,0.3684210526315789,0.15789473684210525,0.6842105263157895,1.263157894736842,2.736842105263158,0.5789473684210527,0.7368421052631579
Malik Beasley,MIN,SG,79,25.0126582278481,12.063291139240507,2.8734177215189876,1.4683544303797469,0.5443037974683544,0.1518987341772152,3.037974683544304,4.2025316455696204,10.759493670886076,0.620253164556962,0.759493670886076
Malik Fitts,2TM,PF,15,4.2,1.4,1.1333333333333333,0.3333333333333333,0.0,0.0,0.3333333333333333,0.5333333333333333,1.2666666666666666,0.0,0.0
Malik Monk,LAL,SG,76,28.144736842105264,13.789473684210526,3.3684210526315788,2.8684210526315788,0.8026315789473685,0.3815789473684211,2.276315789473684,5.144736842105263,10.868421052631579,1.2236842105263157,1.5394736842105263
Malik Newman,CLE,PG,1,8.0,8.0,1.0,1.0,0.0,0.0,0.0,3.0,5.0,2.0,2.0
Mamadi Diakite,OKC,PF,13,14.461538461538462,4.3076923076923075,4.538461538461538,0.15384615384615385,0.38461538461538464,0.6923076923076923,0.0,1.9230769230769231,3.6153846153846154,0.46153846153846156,0.8461538461538461
Marcus Garrett,MIA,SG,12,10.666666666666666,1.0833333333333333,1.9166666666666667,0.5833333333333334,0.4166666666666667,0.25,0.08333333333333333,0.4166666666666667,1.75,0.16666666666666666,0.4166666666666667
Marcus Morris,LAC,PF,54,28.962962962962962,15.37037037037037,4.425925925925926,2.0925925925925926,0.5185185185185185,0.3333333333333333,1.8703703703703705,5.555555555555555,12.796296296296296,2.388888888888889,2.740740740740741
Marcus Smart,BOS,PG,71,32.33802816901409,12.126760563380282,3.8028169014084505,5.873239436619718,1.676056338028169,0.2535211267605634,1.676056338028169,4.225352112676056,10.112676056338028,2.0,2.5211267605633805
Markelle Fultz,ORL,PG,18,20.0,10.833333333333334,2.7222222222222223,5.5,1.1111111111111112,0.2777777777777778,0.2222222222222222,4.611111111111111,9.722222222222221,1.3888888888888888,1.7222222222222223
Markieff Morris,MIA,PF,17,17.529411764705884,7.588235294117647,2.6470588235294117,1.3529411764705883,0.35294117647058826,0.058823529411764705,0.7647058823529411,3.176470588235294,6.705882352941177,0.47058823529411764,0.5294117647058824
Marko Simonovic,CHI,C,9,3.888888888888889,1.8888888888888888,1.1111111111111112,0.0,0.1111111111111111,0.1111111111111111,0.1111111111111111,0.4444444444444444,1.6666666666666667,0.8888888888888888,1.2222222222222223
Markus Howard,DEN,SG,31,5.67741935483871,4.064516129032258,0.3870967741935484,0.22580645161290322,0.2903225806451613,0.0,0.9032258064516129,1.2580645161290323,3.2580645161290325,0.6451612903225806,0.7419354838709677
Marquese Chriss,DAL,PF,34,10.176470588235293,4.529411764705882,3.0294117647058822,0.5,0.38235294117647056,0.35294117647058826,0.23529411764705882,1.8235294117647058,3.9411764705882355,0.6470588235294118,0.9705882352941176
Marvin Bagley III,2TM,PF,48,24.020833333333332,11.25,7.041666666666667,0.75,0.4583333333333333,0.375,0.4791666666666667,4.6875,9.291666666666666,1.3958333333333333,2.1041666666666665
Mason Jones,LAL,SG,4,12.75,6.75,2.5,1.0,0.5,0.0,0.25,1.75,3.75,3.0,3.75
Mason Plumlee,CHO,C,73,24.561643835616437,6.534246575342466,7.739726027397261,3.095890410958904,0.8356164383561644,0.7123287671232876,0.0,2.808219178082192,4.383561643835616,0.9178082191780822,2.3424657534246576
Matisse Thybulle,PHI,SG,66,25.53030303030303,5.742424242424242,2.287878787878788,1.1363636363636365,1.7424242424242424,1.0757575757575757,0.6818181818181818,2.272727272727273,4.545454545454546,0.5151515151515151,0.6515151515151515
Matt Mooney,NYK,SG,1,2.0,0.0,0.0,0.0,1.0,0.0,0.0,0.0,1.0,0.0,0.0
Matt Ryan,BOS,SF,1,5.0,3.0,0.0,0.0,1.0,0.0,1.0,1.0,5.0,0.0,0.0
Matt Thomas,CHI,SG,40,11.475,4.025,1.25,0.5,0.2,0.075,0.875,1.375,3.35,0.4,0.5
Maurice Harkless,SAC,SF,47,18.361702127659573,4.617021276595745,2.382978723404255,0.48936170212765956,0.6170212765957447,0.5106382978723404,0.6595744680851063,1.7659574468085106,3.851063829787234,0.425531914893617,0.5957446808510638
Max Strus,MIA,SF,68,23.33823529411765,10.602941176470589,2.9705882352941178,1.3529411764705883,0.4117647058823529,0.23529411764705882,2.661764705882353,3.661764705882353,8.294117647058824,0.6176470588235294,0.7794117647058824
Maxi Kleber,DAL,PF,59,24.576271186440678,6.966101694915254,5.932203389830509,1.152542372881356,0.5084745762711864,0.9830508474576272,1.4067796610169492,2.389830508474576,6.0,0.7796610169491526,1.1016949152542372
McKinley Wright IV,MIN,PG,5,3.8,1.0,0.0,0.6,0.0,0.0,0.2,0.4,0.6,0.0,0.0
Melvin Frazier,OKC,SG,3,40.0,10.666666666666666,4.333333333333333,0.3333333333333333,0.3333333333333333,0.0,0.3333333333333333,4.333333333333333,16.0,1.6666666666666667,2.3333333333333335
Micah Potter,DET,C,3,10.333333333333334,4.0,3.0,0.0,0.3333333333333333,0.3333333333333333,0.0,1.6666666666666667,3.6666666666666665,0.6666666666666666,0.6666666666666666
Michael Porter Jr.,DEN,SF,9,29.444444444444443,9.88888888888889,6.555555555555555,1.8888888888888888,1.1111111111111112,0.2222222222222222,1.1111111111111112,4.111111111111111,11.444444444444445,0.5555555555555556,1.0
Mikal Bridges,PHO,SF,82,34.80487804878049,14.170731707317072,4.2317073170731705,2.2560975609756095,1.170731707317073,0.43902439024390244,1.4024390243902438,5.585365853658536,10.463414634146341,1.5975609756097562,1.9146341463414633
Mike Conley,UTA,PG,72,28.583333333333332,13.694444444444445,3.013888888888889,5.347222222222222,1.3333333333333333,0.2916666666666667,2.3472222222222223,4.777777777777778,10.98611111111111,1.7916666666666667,2.25
Mike Muscala,OKC,C,43,13.767441860465116,8.0,3.0,0.5116279069767442,0.4186046511627907,0.6046511627906976,1.627906976744186,2.627906976744186,5.767441860465116,1.1162790697674418,1.3255813953488371
Miles Bridges,CHO,PF,80,35.4625,20.1625,6.9875,3.75,0.925,0.8375,1.925,7.45,15.175,3.3375,4.1625
Miles McBride,NYK,PG,40,9.3,2.225,1.05,1.025,0.35,0.025,0.425,0.8,2.7,0.2,0.3
Mitchell Robinson,NYK,C,72,25.666666666666668,8.472222222222221,8.569444444444445,0.5277777777777778,0.8055555555555556,1.8472222222222223,0.0,3.625,4.763888888888889,1.2222222222222223,2.513888888888889
Miye Oni,UTA,SG,16,2.75,0.3125,0.4375,0.3125,0.0,0.0,0.0625,0.125,0.5625,0.0,0.0625
Mo Bamba,ORL,C,71,25.690140845070424,10.647887323943662,8.056338028169014,1.1971830985915493,0.5352112676056338,1.6619718309859155,1.5070422535211268,4.169014084507042,8.690140845070422,0.8028169014084507,1.028169014084507
Monte Morris,DEN,PG,75,29.85333333333333,12.6,3.013333333333333,4.44,0.7466666666666667,0.18666666666666668,1.6533333333333333,4.986666666666666,10.306666666666667,0.9733333333333334,1.12
Montrezl Harrell,2TM,C,71,23.112676056338028,13.126760563380282,6.070422535211268,2.0422535211267605,0.4084507042253521,0.6056338028169014,0.056338028169014086,5.042253521126761,7.816901408450704,2.9859154929577465,4.169014084507042
Moritz Wagner,ORL,C,63,15.238095238095237,8.952380952380953,3.6825396825396823,1.380952380952381,0.31746031746031744,0.20634920634920634,1.0476190476190477,3.126984126984127,6.285714285714286,1.6507936507936507,2.0476190476190474
Moses Brown,2TM,C,40,8.625,4.275,3.375,0.025,0.175,0.4,0.0,1.6,2.7,1.075,1.8
Moses Moody,GSW,SG,52,11.673076923076923,4.384615384615385,1.5384615384615385,0.4423076923076923,0.1346153846153846,0.19230769230769232,0.7692307692307693,1.5384615384615385,3.519230769230769,0.5384615384615384,0.6923076923076923
Moses Wright,2TM,PF,4,3.5,1.25,0.75,0.5,0.0,0.25,0.0,0.25,1.0,0.75,0.75
Mychal Mulder,2TM,PG,17,14.058823529411764,4.0588235294117645,1.411764705882353,0.29411764705882354,0.23529411764705882,0.11764705882352941,1.0,1.411764705882353,4.529411764705882,0.23529411764705882,0.23529411764705882
Myles Powell,PHI,PG,11,4.7272727272727275,1.1818181818181819,0.5454545454545454,0.2727272727272727,0.09090909090909091,0.0,0.09090909090909091,0.45454545454545453,1.5454545454545454,0.18181818181818182,0.18181818181818182
Myles Turner,IND,C,42,29.404761904761905,12.857142857142858,7.071428571428571,1.0476190476190477,0.6666666666666666,2.8095238095238093,1.4523809523809523,4.761904761904762,9.357142857142858,1.880952380952381,2.5
Naji Marshall,NOP,SF,55,13.363636363636363,5.6909090909090905,2.581818181818182,1.1272727272727272,0.6,0.14545454545454545,0.38181818181818183,1.981818181818182,4.890909090909091,1.3454545454545455,1.690909090909091
Nassir Little,POR,SF,42,25.904761904761905,9.761904761904763,5.619047619047619,1.2857142857142858,0.5952380952380952,0.8571428571428571,1.2142857142857142,3.4523809523809526,7.5,1.6428571428571428,2.238095238095238
Nate Hinton,IND,SG,2,1.0,0.0,0.0,0.0,0.0,0.0,0.0,0.0,0.5,0.0,0.0
Nathan Knight,MIN,PF,37,7.216216216216216,3.72972972972973,2.2972972972972974,0.5945945945945946,0.1891891891891892,0.21621621621621623,0.10810810810810811,1.2162162162162162,2.3783783783783785,1.1891891891891893,1.6216216216216217
Naz Reid,MIN,C,77,15.779220779220779,8.272727272727273,3.909090909090909,0.922077922077922,0.5194805194805194,0.922077922077922,0.7402597402597403,3.0259740259740258,6.181818181818182,1.4805194805194806,1.9350649350649352
Neemias Queta,SAC,C,15,8.0,3.0,2.066666666666667,0.4,0.06666666666666667,0.5333333333333333,0.0,1.1333333333333333,2.533333333333333,0.7333333333333333,1.1333333333333333
Nemanja Bjelica,GSW,C,71,16.098591549295776,6.098591549295775,4.140845070422535,2.23943661971831,0.5774647887323944,0.36619718309859156,0.7605633802816901,2.2535211267605635,4.816901408450704,0.8309859154929577,1.1408450704225352
Nerlens Noel,NYK,C,25,22.48,3.4,5.64,0.92,1.2,1.24,0.0,1.28,2.4,0.84,1.2
Nic Claxton,BRK,C,47,20.72340425531915,8.72340425531915,5.617021276595745,0.9148936170212766,0.5106382978723404,1.0851063829787233,0.0,3.7872340425531914,5.617021276595745,1.148936170212766,1.9787234042553192
Nick Richards,CHO,C,50,7.34,3.0,1.72,0.26,0.18,0.42,0.0,1.2,1.8,0.6,0.86
Nickeil Alexander-Walker,2TM,SG,65,22.553846153846155,10.646153846153846,2.876923076923077,2.4,0.7076923076923077,0.35384615384615387,1.6153846153846154,3.8923076923076922,10.461538461538462,1.2461538461538462,1.676923076923077
Nicolas Batum,LAC,PF,59,24.796610169491526,8.322033898305085,4.305084745762712,1.694915254237288,0.9830508474576272,0.711864406779661,1.8305084745762712,3.0338983050847457,6.559322033898305,0.423728813559322,0.6440677966101694
Nik Stauskas,2TM,SG,8,4.875,2.25,0.375,0.25,0.0,0.0,0.5,0.625,1.75,0.5,0.75
Nikola Jokić,DEN,C,74,33.45945945945946,27.08108108108108,13.77027027027027,7.891891891891892,1.472972972972973,0.8513513513513513,1.3108108108108107,10.324324324324325,17.716216216216218,5.121621621621622,6.324324324324325
Nikola Vučević,CHI,C,73,33.12328767123287,17.643835616438356,11.013698630136986,3.232876712328767,0.958904109589041,0.9726027397260274,1.4246575342465753,7.47945205479452,15.808219178082192,1.2602739726027397,1.6575342465753424
Norman Powell,2TM,SF,45,32.4,18.955555555555556,3.2222222222222223,2.1333333333333333,0.9333333333333333,0.4666666666666667,2.3555555555555556,6.2,13.444444444444445,4.2,5.177777777777778
Norvel Pelle,UTA,C,3,6.333333333333333,2.0,2.0,0.0,0.0,0.3333333333333333,0.0,1.0,1.6666666666666667,0.0,0.0
OG Anunoby,TOR,SF,48,36.0,17.125,5.5,2.6041666666666665,1.4791666666666667,0.5208333333333334,2.3958333333333335,6.4375,14.520833333333334,1.8541666666666667,2.4583333333333335
Obi Toppin,NYK,PF,72,17.083333333333332,9.0,3.7222222222222223,1.0694444444444444,0.3472222222222222,0.4583333333333333,0.7222222222222222,3.486111111111111,6.569444444444445,1.3055555555555556,1.7222222222222223
Olivier Sarr,OKC,C,22,19.136363636363637,6.954545454545454,4.2272727272727275,0.8636363636363636,0.2727272727272727,0.6818181818181818,0.5909090909090909,2.6363636363636362,4.590909090909091,1.0909090909090908,1.3181818181818181
Omer Yurtseven,MIA,C,56,12.607142857142858,5.339285714285714,5.25,0.875,0.30357142857142855,0.35714285714285715,0.017857142857142856,2.3214285714285716,4.410714285714286,0.6785714285714286,1.0892857142857142
Onyeka Okongwu,ATL,C,48,20.666666666666668,8.166666666666666,5.895833333333333,1.1041666666666667,0.6458333333333334,1.25,0.0,3.25,4.708333333333333,1.6666666666666667,2.2916666666666665
Oshae Brissett,IND,SF,67,23.34328358208955,9.149253731343284,5.343283582089552,1.0746268656716418,0.6567164179104478,0.43283582089552236,1.2388059701492538,3.1044776119402986,7.552238805970149,1.7014925373134329,2.4477611940298507
Otto Porter Jr.,GSW,PF,63,22.158730158730158,8.174603174603174,5.746031746031746,1.492063492063492,1.0793650793650793,0.4603174603174603,1.2698412698412698,3.0634920634920637,6.603174603174603,0.7777777777777778,0.9682539682539683
P.J. Tucker,MIA,PF,71,27.901408450704224,7.591549295774648,5.450704225352113,2.0985915492957745,0.8169014084507042,0.2112676056338028,1.1267605633802817,2.915492957746479,6.028169014084507,0.6338028169014085,0.8591549295774648
P.J. Washington,CHO,C,65,27.2,10.276923076923078,5.184615384615385,2.2615384615384615,0.8769230769230769,0.9384615384615385,1.6923076923076923,3.8461538461538463,8.184615384615384,0.8923076923076924,1.2461538461538462
PJ Dozier,DEN,SG,18,18.88888888888889,5.388888888888889,3.5,1.6111111111111112,0.6111111111111112,0.3333333333333333,0.8333333333333334,2.0,5.5,0.5555555555555556,0.7222222222222222
Paris Bass,PHO,SF,2,3.5,3.0,2.0,0.0,0.5,0.0,0.0,1.0,3.0,1.0,1.0
Pascal Siakam,TOR,PF,68,37.911764705882355,22.808823529411764,8.529411764705882,5.294117647058823,1.25,0.6176470588235294,1.1029411764705883,8.764705882352942,17.75,4.176470588235294,5.573529411764706
Pat Connaughton,MIL,SF,65,26.015384615384615,9.923076923076923,4.2,1.2615384615384615,0.9076923076923077,0.23076923076923078,2.246153846153846,3.4923076923076923,7.630769230769231,0.6923076923076923,0.8307692307692308
Patrick Beverley,MIN,PG,58,25.448275862068964,9.189655172413794,4.137931034482759,4.620689655172414,1.1551724137931034,0.896551724137931,1.4310344827586208,3.0517241379310347,7.517241379310345,1.6551724137931034,2.293103448275862
Patrick Williams,CHI,PF,17,24.823529411764707,9.0,4.0588235294117645,0.8823529411764706,0.5294117647058824,0.5294117647058824,0.8823529411764706,3.176470588235294,6.0,1.7647058823529411,2.411764705882353
Patty Mills,BRK,SG,81,28.962962962962962,11.395061728395062,1.9259259259259258,2.259259259259259,0.6296296296296297,0.20987654320987653,2.802469135802469,4.0,9.802469135802468,0.5925925925925926,0.7283950617283951
Paul George,LAC,PF,31,34.74193548387097,24.322580645161292,6.870967741935484,5.67741935483871,2.161290322580645,0.41935483870967744,2.935483870967742,8.64516129032258,20.516129032258064,4.096774193548387,4.774193548387097
Paul Millsap,2TM,C,33,11.393939393939394,3.484848484848485,3.4545454545454546,0.8787878787878788,0.30303030303030304,0.3939393939393939,0.24242424242424243,1.3636363636363635,3.484848484848485,0.5151515151515151,0.7272727272727273
Paul Reed,PHI,C,38,7.947368421052632,3.0526315789473686,2.4210526315789473,0.42105263157894735,0.868421052631579,0.3684210526315789,0.05263157894736842,1.4210526315789473,2.526315789473684,0.15789473684210525,0.3684210526315789
Paul Watson,OKC,SF,9,17.333333333333332,3.4444444444444446,3.0,0.8888888888888888,0.3333333333333333,0.3333333333333333,0.6666666666666666,1.3333333333333333,3.888888888888889,0.1111111111111111,0.2222222222222222
Payton Pritchard,BOS,PG,71,14.098591549295774,6.225352112676056,1.8873239436619718,1.9577464788732395,0.352112676056338,0.08450704225352113,1.4225352112676057,2.2535211267605635,5.253521126760563,0.29577464788732394,0.29577464788732394
Petr Cornelie,DEN,PF,13,2.923076923076923,1.0769230769230769,1.0769230769230769,0.23076923076923078,0.07692307692307693,0.07692307692307693,0.07692307692307693,0.38461538461538464,1.1538461538461537,0.23076923076923078,0.3076923076923077
Precious Achiuwa,TOR,C,73,23.63013698630137,9.095890410958905,6.47945205479452,1.1232876712328768,0.5068493150684932,0.5616438356164384,0.7671232876712328,3.6301369863013697,8.26027397260274,1.0684931506849316,1.7945205479452055
Quentin Grimes,NYK,SG,46,17.08695652173913,5.978260869565218,2.0434782608695654,0.9565217391304348,0.6739130434782609,0.2391304347826087,1.565217391304348,2.0652173913043477,5.108695652173913,0.2826086956521739,0.41304347826086957
Quinndary Weatherspoon,GSW,SG,11,6.636363636363637,2.727272727272727,1.2727272727272727,0.45454545454545453,0.09090909090909091,0.09090909090909091,0.09090909090909091,1.0909090909090908,1.9090909090909092,0.45454545454545453,0.45454545454545453
R.J. Hampton,ORL,SG,64,21.90625,7.640625,3.03125,2.46875,0.65625,0.203125,1.0,2.734375,7.140625,1.171875,1.828125
RJ Barrett,NYK,SF,70,34.52857142857143,20.02857142857143,5.828571428571428,2.9714285714285715,0.6142857142857143,0.22857142857142856,1.9714285714285715,6.957142857142857,17.057142857142857,4.142857142857143,5.8
RJ Nembhard Jr.,CLE,SG,14,4.5,1.0714285714285714,0.5,0.8571428571428571,0.07142857142857142,0.0,0.0,0.42857142857142855,1.2857142857142858,0.21428571428571427,0.2857142857142857
Rajon Rondo,2TM,PG,39,17.897435897435898,4.769230769230769,2.769230769230769,4.358974358974359,0.7692307692307693,0.15384615384615385,0.7948717948717948,1.7435897435897436,4.512820512820513,0.48717948717948717,0.6666666666666666
Raul Neto,WAS,PG,70,19.6,7.514285714285714,1.9142857142857144,3.1,0.7857142857142857,0.04285714285714286,0.5,2.914285714285714,6.3,1.1857142857142857,1.542857142857143
Rayjon Tucker,2TM,SG,5,14.2,4.2,1.6,2.0,0.8,0.0,0.8,1.2,1.8,1.0,1.4
Reggie Bullock,DAL,SF,68,27.970588235294116,8.573529411764707,3.5441176470588234,1.2205882352941178,0.6029411764705882,0.20588235294117646,2.073529411764706,2.9558823529411766,7.367647058823529,0.5882352941176471,0.7058823529411765
Reggie Jackson,LAC,SG,75,31.16,16.84,3.6133333333333333,4.786666666666667,0.7333333333333333,0.2,2.2266666666666666,6.386666666666667,16.293333333333333,1.84,2.1733333333333333
Reggie Perry,2TM,PF,10,18.7,9.2,4.7,1.2,0.9,0.6,0.3,4.0,7.9,0.9,1.5
Richaun Holmes,SAC,C,45,23.866666666666667,10.4,7.044444444444444,1.0666666666666667,0.37777777777777777,0.9111111111111111,0.044444444444444446,4.4,6.666666666666667,1.5555555555555556,2.0
Ricky Rubio,CLE,PG,34,28.529411764705884,13.088235294117647,4.147058823529412,6.617647058823529,1.4411764705882353,0.20588235294117646,1.7352941176470589,4.382352941176471,12.088235294117647,2.588235294117647,3.0294117647058822
Rob Edwards,OKC,SG,2,5.5,1.5,1.5,0.0,0.0,0.0,0.5,0.5,2.0,0.0,0.0
Robert Covington,2TM,PF,71,27.323943661971832,8.507042253521126,5.507042253521127,1.295774647887324,1.4507042253521127,1.2816901408450705,1.8028169014084507,2.943661971830986,7.014084507042254,0.8169014084507042,0.971830985915493
Robert Williams,BOS,C,61,29.57377049180328,9.950819672131148,9.639344262295081,1.9836065573770492,0.9180327868852459,2.19672131147541,0.0,4.442622950819672,6.032786885245901,1.0655737704918034,1.4754098360655739
Robert Woodard II,SAC,SF,12,3.5,0.5833333333333334,0.9166666666666666,0.25,0.08333333333333333,0.08333333333333333,0.08333333333333333,0.16666666666666666,1.3333333333333333,0.16666666666666666,0.16666666666666666
Robin Lopez,ORL,C,36,17.0,7.055555555555555,3.5,1.5,0.05555555555555555,0.5,0.05555555555555555,3.0555555555555554,5.527777777777778,0.8888888888888888,1.5
Rodney Hood,2TM,SF,52,13.634615384615385,3.1346153846153846,1.4807692307692308,0.7307692307692307,0.28846153846153844,0.11538461538461539,0.5769230769230769,1.1153846153846154,3.019230769230769,0.3269230769230769,0.36538461538461536
Rodney McGruder,DET,SG,51,14.784313725490197,5.352941176470588,2.176470588235294,0.9411764705882353,0.4117647058823529,0.13725490196078433,1.1372549019607843,1.9215686274509804,4.411764705882353,0.37254901960784315,0.5098039215686274
Romeo Langford,2TM,SG,48,16.0625,4.541666666666667,2.25,0.4375,0.4583333333333333,0.3333333333333333,0.6041666666666666,1.7291666666666667,3.9791666666666665,0.4791666666666667,0.875
Royce O'Neale,UTA,SF,77,31.246753246753247,7.402597402597403,4.779220779220779,2.4805194805194803,1.1168831168831168,0.4155844155844156,1.5454545454545454,2.6363636363636362,5.766233766233766,0.5844155844155844,0.7272727272727273
Rudy Gay,UTA,PF,55,18.87272727272727,8.10909090909091,4.4,1.018181818181818,0.45454545454545453,0.34545454545454546,1.2727272727272727,2.8545454545454545,6.890909090909091,1.1272727272727272,1.4363636363636363
Rudy Gobert,UTA,C,66,32.121212121212125,15.56060606060606,14.666666666666666,1.0909090909090908,0.6818181818181818,2.0757575757575757,0.0,5.484848484848484,7.696969696969697,4.590909090909091,6.651515151515151
Rui Hachimura,WAS,PF,42,22.452380952380953,11.30952380952381,3.8095238095238093,1.1428571428571428,0.5476190476190477,0.21428571428571427,1.3095238095238095,4.4523809523809526,9.071428571428571,1.0952380952380953,1.5714285714285714
Russell Westbrook,LAL,PG,78,34.333333333333336,18.474358974358974,7.435897435897436,7.051282051282051,0.9615384615384616,0.2564102564102564,1.0128205128205128,7.0256410256410255,15.807692307692308,3.41025641025641,5.115384615384615
Ryan Arcidiacono,NYK,PG,10,7.6,1.6,0.8,0.4,0.1,0.0,0.4,0.6,1.2,0.0,0.0
Saben Lee,DET,PG,37,16.324324324324323,5.621621621621622,2.3513513513513513,2.891891891891892,0.972972972972973,0.32432432432432434,0.3783783783783784,1.864864864864865,4.783783783783784,1.5135135135135136,1.9189189189189189
Saddiq Bey,DET,SF,82,32.97560975609756,16.109756097560975,5.378048780487805,2.841463414634146,0.8902439024390244,0.1951219512195122,2.573170731707317,5.487804878048781,13.853658536585366,2.5609756097560976,3.097560975609756
Sam Dekker,TOR,PF,1,1.0,0.0,0.0,0.0,0.0,0.0,0.0,0.0,0.0,0.0,0.0
Sam Hauser,BOS,SF,26,6.076923076923077,2.5,1.1153846153846154,0.38461538461538464,0.038461538461538464,0.07692307692307693,0.7307692307692307,0.8846153846153846,1.9230769230769231,0.0,0.0
Sam Merrill,MEM,SG,6,9.666666666666666,4.166666666666667,1.1666666666666667,0.6666666666666666,0.0,0.0,1.1666666666666667,1.3333333333333333,4.0,0.3333333333333333,0.6666666666666666
Sandro Mamukelashvili,MIL,PF,41,9.926829268292684,3.7560975609756095,2.0,0.5365853658536586,0.21951219512195122,0.21951219512195122,0.5365853658536586,1.3902439024390243,2.8048780487804876,0.43902439024390244,0.5365853658536586
Santi Aldama,MEM,PF,32,11.25,4.125,2.71875,0.65625,0.1875,0.3125,0.1875,1.65625,4.125,0.625,1.0
Scottie Barnes,TOR,PF,74,35.36486486486486,15.324324324324325,7.527027027027027,3.4594594594594597,1.0810810810810811,0.7432432432432432,0.7837837837837838,6.202702702702703,12.594594594594595,2.135135135135135,2.9054054054054053
Scottie Lewis,CHO,SG,2,3.5,0.5,0.0,0.5,0.5,0.0,0.0,0.0,0.0,0.5,1.0
Scotty Hopson,OKC,SG,1,18.0,4.0,1.0,1.0,0.0,0.0,0.0,2.0,4.0,0.0,0.0
Sekou Doumbouya,LAL,PF,2,8.0,7.0,3.0,0.0,1.5,1.0,0.5,2.5,4.0,1.5,2.0
Semi Ojeleye,2TM,PF,30,13.533333333333333,3.2666666666666666,2.466666666666667,0.3,0.23333333333333334,0.2,0.5,1.0,3.3,0.7666666666666667,0.9666666666666667
Serge Ibaka,2TM,C,54,16.24074074074074,6.7592592592592595,4.62962962962963,0.9074074074074074,0.2037037037037037,0.6111111111111112,0.6851851851851852,2.740740740740741,5.481481481481482,0.5925925925925926,0.8148148148148148
Seth Curry,2TM,SG,64,33.359375,15.0,3.125,3.59375,0.828125,0.21875,2.46875,5.625,11.546875,1.28125,1.46875
Shai Gilgeous-Alexander,OKC,PG,56,34.67857142857143,24.482142857142858,4.964285714285714,5.910714285714286,1.2678571428571428,0.8214285714285714,1.5892857142857142,8.517857142857142,18.785714285714285,5.857142857142857,7.232142857142857
Shake Milton,PHI,SG,55,21.436363636363637,8.181818181818182,2.581818181818182,2.5272727272727273,0.509090909090909,0.3090909090909091,0.7818181818181819,3.1454545454545455,7.327272727272727,1.1090909090909091,1.3272727272727274
Shaq Buchanan,MEM,SG,2,5.0,1.0,1.0,1.0,0.5,0.0,0.0,0.5,2.0,0.0,0.0
Shaquille Harrison,BRK,SG,2,11.5,2.0,2.0,1.5,0.5,0.5,0.0,1.0,3.0,0.0,0.0
Sharife Cooper,ATL,PG,13,3.0,0.5384615384615384,0.38461538461538464,0.38461538461538464,0.0,0.0,0.07692307692307693,0.23076923076923078,1.0769230769230769,0.0,0.0
Skylar Mays,ATL,SG,28,7.857142857142857,2.857142857142857,0.8928571428571429,0.6071428571428571,0.25,0.0,0.2857142857142857,1.1428571428571428,2.2857142857142856,0.2857142857142857,0.32142857142857145
Solomon Hill,ATL,SF,13,10.692307692307692,0.6153846153846154,1.7692307692307692,0.9230769230769231,0.3076923076923077,0.15384615384615385,0.15384615384615385,0.23076923076923078,1.5384615384615385,0.0,0.0
Spencer Dinwiddie,2TM,PG,67,29.55223880597015,13.716417910447761,4.164179104477612,5.164179104477612,0.6567164179104478,0.19402985074626866,1.671641791044776,4.567164179104478,10.970149253731343,2.91044776119403,3.7611940298507465
Stanley Johnson,LAL,PF,48,22.791666666666668,6.666666666666667,3.2291666666666665,1.6666666666666667,0.8958333333333334,0.2916666666666667,0.6875,2.4375,5.229166666666667,1.1041666666666667,1.5416666666666667
Stephen Curry,GSW,PG,64,34.546875,25.46875,5.234375,6.3125,1.328125,0.359375,4.453125,8.359375,19.125,4.296875,4.65625
Sterling Brown,DAL,SG,49,12.816326530612244,3.2653061224489797,3.0408163265306123,0.6938775510204082,0.2857142857142857,0.14285714285714285,0.5714285714285714,1.2040816326530612,3.163265306122449,0.2857142857142857,0.30612244897959184
Steven Adams,MEM,C,76,26.30263157894737,6.947368421052632,10.0,3.3684210526315788,0.8552631578947368,0.7894736842105263,0.0,2.763157894736842,5.052631578947368,1.4210526315789473,2.6184210526315788
Svi Mykhailiuk,TOR,SF,56,12.785714285714286,4.553571428571429,1.6428571428571428,0.8035714285714286,0.4642857142857143,0.07142857142857142,0.7321428571428571,1.625,4.178571428571429,0.5714285714285714,0.6607142857142857
T.J. McConnell,IND,PG,27,24.14814814814815,8.481481481481481,3.3333333333333335,4.851851851851852,1.0740740740740742,0.37037037037037035,0.37037037037037035,3.7037037037037037,7.703703703703703,0.7037037037037037,0.8518518518518519
Tacko Fall,CLE,C,11,5.363636363636363,1.0909090909090908,2.090909090909091,0.18181818181818182,0.0,0.5454545454545454,0.0,0.45454545454545453,1.0909090909090908,0.18181818181818182,0.6363636363636364
Taj Gibson,NYK,C,52,18.192307692307693,4.403846153846154,4.403846153846154,0.6153846153846154,0.4230769230769231,0.7692307692307693,0.28846153846153844,1.6538461538461537,3.1923076923076925,0.8076923076923077,1.0
Talen Horton-Tucker,LAL,SG,60,25.183333333333334,9.95,3.216666666666667,2.65,0.9833333333333333,0.48333333333333334,0.8166666666666667,3.7333333333333334,8.966666666666667,1.6666666666666667,2.0833333333333335
Taurean Prince,MIN,PF,69,17.057971014492754,7.27536231884058,2.5217391304347827,0.9855072463768116,0.6811594202898551,0.3333333333333333,1.2463768115942029,2.5652173913043477,5.6521739130434785,0.8985507246376812,1.1884057971014492
Terance Mann,LAC,SF,81,28.604938271604937,10.765432098765432,5.246913580246914,2.580246913580247,0.6790123456790124,0.25925925925925924,0.9382716049382716,4.1234567901234565,8.518518518518519,1.5802469135802468,2.0246913580246915
Terence Davis,SAC,SG,30,17.866666666666667,10.366666666666667,3.1333333333333333,1.3333333333333333,0.8333333333333334,0.36666666666666664,1.6333333333333333,3.7666666666666666,8.9,1.2,1.4666666666666666
Terrence Ross,ORL,SG,63,22.984126984126984,9.984126984126984,2.5555555555555554,1.8412698412698412,0.4444444444444444,0.19047619047619047,1.2222222222222223,3.492063492063492,8.793650793650794,1.7777777777777777,2.0634920634920637
Terry Rozier,CHO,SG,73,33.67123287671233,19.28767123287671,4.315068493150685,4.465753424657534,1.273972602739726,0.3424657534246575,3.041095890410959,7.095890410958904,15.986301369863014,2.0547945205479454,2.410958904109589
Terry Taylor,IND,PF,33,21.636363636363637,9.636363636363637,5.212121212121212,1.2424242424242424,0.42424242424242425,0.24242424242424243,0.36363636363636365,4.090909090909091,6.666666666666667,1.0909090909090908,1.5454545454545454
Thaddeus Young,2TM,PF,52,16.25,6.1923076923076925,4.0,2.0,1.0384615384615385,0.34615384615384615,0.3269230769230769,2.7115384615384617,5.230769230769231,0.4423076923076923,0.9423076923076923
Thanasis Antetokounmpo,MIL,SF,48,9.854166666666666,3.5625,2.1041666666666665,0.4583333333333333,0.3333333333333333,0.25,0.041666666666666664,1.4583333333333333,2.6666666666666665,0.6041666666666666,0.9583333333333334
Theo Pinson,DAL,SF,19,7.7894736842105265,2.526315789473684,1.105263157894737,0.8947368421052632,0.2631578947368421,0.10526315789473684,0.5263157894736842,0.7368421052631579,2.0526315789473686,0.5263157894736842,0.5263157894736842
Thomas Bryant,WAS,C,27,16.25925925925926,7.444444444444445,4.0,0.8518518518518519,0.2222222222222222,0.7777777777777778,0.4444444444444444,2.8518518518518516,5.481481481481482,1.2962962962962963,1.4814814814814814
Théo Maledon,OKC,PG,51,17.80392156862745,7.078431372549019,2.5686274509803924,2.176470588235294,0.6078431372549019,0.21568627450980393,0.8627450980392157,2.3333333333333335,6.215686274509804,1.5490196078431373,1.9607843137254901
Tim Frazier,2TM,PG,12,17.333333333333332,3.25,1.5833333333333333,2.8333333333333335,0.25,0.08333333333333333,0.5,1.1666666666666667,3.75,0.4166666666666667,0.75
Tim Hardaway Jr.,DAL,SG,42,29.642857142857142,14.238095238095237,3.7142857142857144,2.1904761904761907,0.9047619047619048,0.14285714285714285,2.4285714285714284,4.976190476190476,12.619047619047619,1.8571428571428572,2.4523809523809526
Timothé Luwawu-Cabarrot,ATL,SF,52,13.173076923076923,4.365384615384615,1.5769230769230769,0.7692307692307693,0.34615384615384615,0.11538461538461539,0.8461538461538461,1.4230769230769231,3.576923076923077,0.6730769230769231,0.7884615384615384
Tobias Harris,PHI,PF,73,34.83561643835616,17.21917808219178,6.794520547945205,3.452054794520548,0.6438356164383562,0.589041095890411,1.3835616438356164,6.7534246575342465,14.0,2.328767123287671,2.767123287671233
Tomáš Satoranský,3TM,SG,55,16.472727272727273,3.6,2.290909090909091,3.3454545454545452,0.5272727272727272,0.09090909090909091,0.2,1.309090909090909,3.4727272727272727,0.7818181818181819,0.9818181818181818
Tony Bradley,CHI,C,55,9.981818181818182,2.963636363636364,3.381818181818182,0.4909090909090909,0.18181818181818182,0.6,0.0,1.309090909090909,2.2363636363636363,0.34545454545454546,0.5272727272727272
Tony Snell,2TM,SG,53,15.528301886792454,3.5283018867924527,1.9433962264150944,0.5283018867924528,0.3018867924528302,0.16981132075471697,0.8490566037735849,1.3018867924528301,3.2264150943396226,0.07547169811320754,0.07547169811320754
Torrey Craig,2TM,SF,78,20.46153846153846,6.615384615384615,3.9743589743589745,1.1666666666666667,0.5897435897435898,0.46153846153846156,0.9871794871794872,2.5641025641025643,5.653846153846154,0.5,0.6666666666666666
Trae Young,ATL,PG,76,34.89473684210526,28.355263157894736,3.736842105263158,9.697368421052632,0.9473684210526315,0.09210526315789473,3.0657894736842106,9.355263157894736,20.31578947368421,6.578947368421052,7.276315789473684
Trayvon Palmer,DET,SG,1,17.0,0.0,2.0,0.0,0.0,0.0,0.0,0.0,1.0,0.0,0.0
Tre Jones,SAS,PG,69,16.63768115942029,5.9855072463768115,2.246376811594203,3.3768115942028984,0.6086956521739131,0.10144927536231885,0.14492753623188406,2.4057971014492754,4.913043478260869,1.0289855072463767,1.318840579710145
Tre Mann,OKC,PG,60,22.783333333333335,10.416666666666666,2.85,1.5166666666666666,0.7833333333333333,0.2,1.6333333333333333,3.85,9.8,1.0833333333333333,1.3666666666666667
Tre Scott,CLE,SF,2,5.5,3.0,1.0,0.0,0.5,0.5,0.0,1.5,3.0,0.0,0.0
Tremont Waters,2TM,PG,3,16.666666666666668,3.3333333333333335,1.3333333333333333,2.3333333333333335,1.6666666666666667,0.0,0.6666666666666666,1.3333333333333333,4.666666666666667,0.0,0.0
Trendon Watford,POR,SF,48,18.104166666666668,7.583333333333333,4.145833333333333,1.6875,0.5208333333333334,0.5833333333333334,0.1875,2.9583333333333335,5.5625,1.4791666666666667,1.9583333333333333
Trent Forrest,UTA,PG,60,12.75,3.25,1.65,1.7666666666666666,0.5,0.1,0.08333333333333333,1.2666666666666666,2.5833333333333335,0.6333333333333333,0.8
Trevelin Queen,HOU,SG,10,7.4,4.3,1.6,0.4,0.5,0.1,0.9,1.5,3.3,0.4,0.4
Trevor Ariza,LAL,SF,24,19.25,4.0,3.4166666666666665,1.125,0.5416666666666666,0.25,0.8333333333333334,1.375,4.125,0.4166666666666667,0.75
Trey Burke,DAL,PG,42,10.5,5.095238095238095,0.7857142857142857,1.3571428571428572,0.2857142857142857,0.0,0.6190476190476191,2.0,5.119047619047619,0.47619047619047616,0.5476190476190477
Trey Lyles,2TM,PF,75,20.493333333333332,10.48,5.053333333333334,1.1733333333333333,0.38666666666666666,0.4266666666666667,0.8933333333333333,3.493333333333333,7.493333333333333,2.6,3.24
Trey Murphy III,NOP,SF,62,13.935483870967742,5.387096774193548,2.370967741935484,0.6129032258064516,0.3709677419354839,0.11290322580645161,1.1451612903225807,1.7580645161290323,4.467741935483871,0.7258064516129032,0.8225806451612904
Tristan Thompson,3TM,C,57,15.736842105263158,6.035087719298246,5.052631578947368,0.5964912280701754,0.40350877192982454,0.3684210526315789,0.017543859649122806,2.473684210526316,4.684210526315789,1.0701754385964912,2.0350877192982457
Troy Brown Jr.,CHI,SF,66,15.984848484848484,4.287878787878788,3.0757575757575757,1.0,0.5454545454545454,0.07575757575757576,0.7121212121212122,1.6363636363636365,3.909090909090909,0.30303030303030304,0.3939393939393939
Ty Jerome,OKC,SG,48,16.6875,7.083333333333333,1.625,2.2708333333333335,0.625,0.10416666666666667,1.125,2.5833333333333335,6.833333333333333,0.7916666666666666,0.9791666666666666
Tyler Cook,CHI,PF,20,10.0,3.35,2.65,0.15,0.2,0.2,0.0,1.15,1.9,1.05,1.6
Tyler Hall,NYK,SG,1,2.0,0.0,0.0,0.0,0.0,0.0,0.0,0.0,0.0,0.0,0.0
Tyler Herro,MIA,SG,66,32.59090909090909,20.71212121212121,4.984848484848484,3.984848484848485,0.6666666666666666,0.12121212121212122,2.6515151515151514,7.590909090909091,17.0,2.878787878787879,3.3181818181818183
Tyler Johnson,2TM,PG,6,15.166666666666666,2.8333333333333335,2.0,1.1666666666666667,0.5,0.5,0.8333333333333334,1.0,3.3333333333333335,0.0,0.0
Tyrell Terry,MEM,PG,2,1.5,1.0,0.0,0.0,0.0,0.0,0.0,0.5,0.5,0.0,0.0
Tyrese Haliburton,2TM,PG,77,35.0,15.337662337662337,4.038961038961039,8.155844155844155,1.7402597402597402,0.6363636363636364,2.090909090909091,5.584415584415584,11.805194805194805,2.0779220779220777,2.4675324675324677
Tyrese Maxey,PHI,PG,75,35.333333333333336,17.48,3.2,4.28,0.7333333333333333,0.4266666666666667,1.76,6.44,13.266666666666667,2.84,3.28
Tyrone Wallace,NOP,SG,6,12.5,2.8333333333333335,1.3333333333333333,0.16666666666666666,0.5,0.16666666666666666,0.3333333333333333,1.1666666666666667,3.3333333333333335,0.16666666666666666,0.8333333333333334
Tyus Jones,MEM,PG,73,21.21917808219178,8.657534246575343,2.410958904109589,4.438356164383562,0.9041095890410958,0.0273972602739726,1.095890410958904,3.410958904109589,7.561643835616438,0.7397260273972602,0.9041095890410958
Udoka Azubuike,UTA,C,17,11.470588235294118,4.705882352941177,4.176470588235294,0.0,0.058823529411764705,0.6470588235294118,0.0,2.176470588235294,2.8823529411764706,0.35294117647058826,0.6470588235294118
Udonis Haslem,MIA,C,13,6.384615384615385,2.4615384615384617,1.9230769230769231,0.3076923076923077,0.07692307692307693,0.07692307692307693,0.07692307692307693,1.0769230769230769,2.3846153846153846,0.23076923076923078,0.23076923076923078
Usman Garuba,HOU,PF,24,10.0,2.0,3.4583333333333335,0.7083333333333334,0.4166666666666667,0.4583333333333333,0.20833333333333334,0.7916666666666666,1.8333333333333333,0.20833333333333334,0.2916666666666667
Vernon Carey Jr.,2TM,C,7,6.285714285714286,2.857142857142857,1.7142857142857142,0.0,0.2857142857142857,0.14285714285714285,0.0,1.0,1.8571428571428572,0.8571428571428571,1.8571428571428572
Victor Oladipo,MIA,SG,8,21.625,12.375,2.875,3.5,0.625,0.125,1.875,4.375,9.125,1.75,2.375
Vlatko Čančar,DEN,PF,15,11.733333333333333,4.133333333333334,2.066666666666667,1.1333333333333333,0.13333333333333333,0.2,0.4666666666666667,1.5333333333333334,2.7333333333333334,0.6,0.9333333333333333
Vít Krejčí,OKC,SG,30,23.0,6.233333333333333,3.3666666666666667,1.9,0.6333333333333333,0.26666666666666666,1.0666666666666667,2.2666666666666666,5.566666666666666,0.6333333333333333,0.7333333333333333
Wayne Ellington,LAL,SG,43,18.837209302325583,6.674418604651163,1.7906976744186047,0.6976744186046512,0.5348837209302325,0.11627906976744186,1.9069767441860466,2.2790697674418605,5.511627906976744,0.20930232558139536,0.2558139534883721
Wayne Selden,NYK,SG,3,6.333333333333333,1.6666666666666667,0.3333333333333333,0.3333333333333333,0.0,0.0,0.3333333333333333,0.3333333333333333,1.3333333333333333,0.6666666666666666,1.3333333333333333
Wendell Carter Jr.,ORL,PF,62,29.870967741935484,15.016129032258064,10.451612903225806,2.7580645161290325,0.5806451612903226,0.6935483870967742,1.1290322580645162,5.790322580645161,11.03225806451613,2.306451612903226,3.338709677419355
Wenyen Gabriel,3TM,PF,26,13.76923076923077,5.423076923076923,3.730769230769231,0.5384615384615384,0.19230769230769232,0.4230769230769231,0.3076923076923077,2.076923076923077,4.230769230769231,0.9615384615384616,1.6153846153846154
Wes Iwundu,ATL,SF,3,27.333333333333332,7.333333333333333,4.333333333333333,0.0,0.3333333333333333,0.0,1.0,2.6666666666666665,6.0,1.0,1.3333333333333333
Wesley Matthews,MIL,SG,49,20.448979591836736,5.081632653061225,1.8775510204081634,0.7346938775510204,0.46938775510204084,0.16326530612244897,1.0816326530612246,1.7755102040816326,4.489795918367347,0.4489795918367347,0.5714285714285714
Will Barton,DEN,SG,71,32.070422535211264,14.690140845070422,4.788732394366197,3.887323943661972,0.7746478873239436,0.43661971830985913,2.211267605633803,5.52112676056338,12.619718309859154,1.4366197183098592,1.7887323943661972
Willie Cauley-Stein,2TM,C,20,9.15,1.7,2.0,0.5,0.3,0.15,0.05,0.8,1.75,0.05,0.1
Willy Hernangómez,NOP,C,50,16.78,9.06,6.76,1.26,0.42,0.38,0.08,3.4,6.54,2.18,2.82
Xavier Moon,LAC,SG,10,13.7,5.8,1.4,2.4,0.7,0.3,0.5,2.5,5.1,0.3,0.5
Xavier Sneed,2TM,SF,9,4.333333333333333,0.5555555555555556,0.6666666666666666,0.1111111111111111,0.0,0.0,0.1111111111111111,0.2222222222222222,1.1111111111111112,0.0,0.0
Xavier Tillman Sr.,MEM,PF,53,13.226415094339623,4.754716981132075,3.0377358490566038,1.169811320754717,0.9245283018867925,0.2830188679245283,0.18867924528301888,1.849056603773585,4.0754716981132075,0.8679245283018868,1.3396226415094339
Yuta Watanabe,TOR,SF,38,11.710526315789474,4.2894736842105265,2.4210526315789473,0.5526315789473685,0.2894736842105263,0.42105263157894735,0.7105263157894737,1.4736842105263157,3.6315789473684212,0.631578947368421,1.0526315789473684
Yves Pons,MEM,SF,12,5.916666666666667,1.0833333333333333,1.0,0.08333333333333333,0.08333333333333333,0.3333333333333333,0.25,0.4166666666666667,1.3333333333333333,0.0,0.16666666666666666
Zach Collins,SAS,C,28,17.928571428571427,7.785714285714286,5.464285714285714,2.1785714285714284,0.4642857142857143,0.8214285714285714,0.5,2.7142857142857144,5.535714285714286,1.8571428571428572,2.3214285714285716
Zach LaVine,CHI,SG,67,34.74626865671642,24.402985074626866,4.597014925373134,4.522388059701493,0.6119402985074627,0.34328358208955223,2.7611940298507465,8.432835820895523,17.70149253731343,4.776119402985074,5.597014925373134
Zavier Simpson,OKC,PG,4,43.5,11.0,5.25,7.5,1.25,1.0,0.25,4.75,13.0,1.25,1.25
Zeke Nnaji,DEN,PF,41,17.024390243902438,6.585365853658536,3.5853658536585367,0.4146341463414634,0.3902439024390244,0.3170731707317073,0.9024390243902439,2.341463414634146,4.536585365853658,1.0,1.5853658536585367
Ziaire Williams,MEM,SF,62,21.70967741935484,8.080645161290322,2.0806451612903225,1.0483870967741935,0.5645161290322581,0.1935483870967742,1.2258064516129032,3.0806451612903225,6.838709677419355,0.6935483870967742,0.8870967741935484
Zylan Cheatham,UTA,SF,1,5.0,0.0,0.0,0.0,0.0,0.0,0.0,0.0,3.0,0.0,0.0
