player,nba_team,positions,games,minutes_pg,pts_pg,reb_pg,ast_pg,stl_pg,blk_pg,fg3m_pg,fgm_pg,fga_pg,ftm_pg,fta_pg
A.J. Green,MIL,SG,78,29.102564102564102,10.371794871794872,2.730769230769231,1.9487179487179487,0.5,0.10256410256410256,2.9743589743589745,3.358974358974359,7.923076923076923,0.6794871794871795,0.7948717948717948
A.J. Lawson,TOR,SG,24,9.416666666666666,4.208333333333333,1.7916666666666667,0.2916666666666667,0.5,0.16666666666666666,0.7916666666666666,1.4166666666666667,3.25,0.5833333333333334,0.75
AJ Johnson,2TM,SG,48,9.458333333333334,3.3333333333333335,1.1458333333333333,0.9791666666666666,0.22916666666666666,0.0625,0.25,1.1875,3.6666666666666665,0.7083333333333334,0.8333333333333334
Aaron Gordon,DEN,PF,36,27.916666666666668,16.166666666666668,5.805555555555555,2.6666666666666665,0.5833333333333334,0.2777777777777778,1.6944444444444444,5.5,11.055555555555555,3.4722222222222223,4.527777777777778
Aaron Holiday,HOU,PG,57,13.701754385964913,5.473684210526316,1.0175438596491229,1.0526315789473684,0.47368421052631576,0.08771929824561403,1.1754385964912282,1.8421052631578947,4.421052631578948,0.6140350877192983,0.7192982456140351
Aaron Nesmith,IND,SF,45,29.666666666666668,13.8,4.155555555555556,1.9111111111111112,0.5777777777777777,0.5111111111111111,2.3333333333333335,4.711111111111111,11.377777777777778,2.0444444444444443,2.466666666666667
Aaron Wiggins,OKC,SG,65,21.753846153846155,9.4,3.0615384615384613,1.676923076923077,0.9230769230769231,0.4307692307692308,1.476923076923077,3.5538461538461537,8.246153846153845,0.8153846153846154,1.1076923076923078
Ace Bailey,UTA,SF,72,27.61111111111111,13.791666666666666,4.194444444444445,1.8194444444444444,0.8333333333333334,0.6805555555555556,1.9027777777777777,5.486111111111111,12.38888888888889,0.9166666666666666,1.2222222222222223
Adama-Alpha Bal,MEM,SG,8,30.125,10.375,3.125,2.375,1.125,0.125,2.25,3.5,8.5,1.125,1.25
Adem Bona,PHI,C,71,17.380281690140844,4.845070422535211,4.323943661971831,0.4507042253521127,0.4225352112676056,1.1549295774647887,0.028169014084507043,1.8450704225352113,3.0985915492957745,1.1267605633802817,1.591549295774648
Adou Thiero,LAL,SF,25,5.96,1.88,1.12,0.4,0.28,0.08,0.04,0.64,1.24,0.56,0.88
Ajay Mitchell,OKC,SG,57,25.842105263157894,13.578947368421053,3.3333333333333335,3.6140350877192984,1.2456140350877194,0.3157894736842105,1.0701754385964912,5.017543859649122,10.350877192982455,2.473684210526316,2.8421052631578947
Al Horford,GSW,C,45,21.533333333333335,8.266666666666667,4.866666666666666,2.577777777777778,0.6666666666666666,1.1333333333333333,1.6444444444444444,3.066666666666667,7.2,0.4888888888888889,0.5777777777777777
Alex Antetokounmpo,MIL,SF,6,3.5,3.1666666666666665,1.0,0.16666666666666666,0.0,0.16666666666666666,0.3333333333333333,0.5,1.3333333333333333,1.8333333333333333,2.5
Alex Caruso,OKC,SG,56,18.214285714285715,6.214285714285714,2.767857142857143,1.9642857142857142,1.2857142857142858,0.30357142857142855,0.9464285714285714,2.267857142857143,5.357142857142857,0.7321428571428571,0.9107142857142857
Alex Morales,ORL,PG,4,6.0,2.0,0.75,1.0,0.0,0.0,0.0,0.75,1.75,0.5,0.5
Alex Sarr,WAS,C,48,27.1875,16.3125,7.395833333333333,2.7083333333333335,0.8125,1.9791666666666667,1.0416666666666667,6.583333333333333,13.666666666666666,2.1041666666666665,3.0416666666666665
Alijah Martin,TOR,SG,23,6.3478260869565215,2.217391304347826,0.9130434782608695,0.5217391304347826,0.34782608695652173,0.17391304347826086,0.17391304347826086,0.6956521739130435,2.1739130434782608,0.6521739130434783,0.8260869565217391
Alondes Williams,WAS,SG,4,25.25,11.0,6.25,3.0,0.75,0.75,1.25,4.0,6.5,1.75,2.0
Alperen Şengün,HOU,C,72,33.30555555555556,20.36111111111111,8.88888888888889,6.180555555555555,1.1805555555555556,1.0694444444444444,0.5555555555555556,8.097222222222221,15.597222222222221,3.611111111111111,5.222222222222222
Amari Williams,BOS,PF,22,6.636363636363637,1.3636363636363635,1.8181818181818181,0.45454545454545453,0.13636363636363635,0.45454545454545453,0.0,0.45454545454545453,0.9090909090909091,0.45454545454545453,0.6363636363636364
Amen Thompson,HOU,PG,79,37.379746835443036,18.265822784810126,7.772151898734177,5.3164556962025316,1.5063291139240507,0.6075949367088608,0.31645569620253167,7.050632911392405,13.215189873417721,3.848101265822785,4.936708860759493
Amir Coffey,2TM,SG,46,10.652173913043478,3.239130434782609,1.2391304347826086,0.5869565217391305,0.1956521739130435,0.10869565217391304,0.3695652173913043,1.1956521739130435,2.4565217391304346,0.4782608695652174,0.6086956521739131
Andersson Garcia,UTA,SF,5,33.8,5.2,8.4,2.8,1.6,0.8,0.2,1.8,5.8,1.4,1.8
Andre Drummond,PHI,C,63,19.53968253968254,6.396825396825397,8.444444444444445,1.2698412698412698,0.6031746031746031,0.7777777777777778,0.5079365079365079,2.5238095238095237,5.349206349206349,0.8412698412698413,1.3333333333333333
Andre Jackson Jr.,MIL,SG,48,8.5,2.3541666666666665,1.5,0.8958333333333334,0.3958333333333333,0.08333333333333333,0.3125,0.8125,2.4791666666666665,0.4166666666666667,0.6666666666666666
Andrew Nembhard,IND,PG,57,31.333333333333332,16.94736842105263,2.807017543859649,7.666666666666667,0.8947368421052632,0.14035087719298245,1.8771929824561404,5.842105263157895,13.210526315789474,3.3859649122807016,4.105263157894737
Andrew Wiggins,MIA,SF,68,30.33823529411765,15.367647058823529,4.838235294117647,2.676470588235294,1.1176470588235294,1.0147058823529411,2.0294117647058822,5.735294117647059,12.073529411764707,1.8676470588235294,2.3823529411764706
Anfernee Simons,2TM,SG,55,24.945454545454545,14.272727272727273,2.4545454545454546,2.4363636363636365,0.4909090909090909,0.14545454545454545,2.6545454545454548,5.181818181818182,11.781818181818181,1.2545454545454546,1.4
Anthony Black,ORL,PG,64,29.84375,14.984375,3.8125,3.6875,1.421875,0.703125,1.5625,5.390625,12.0625,2.640625,3.609375
Anthony Davis,DAL,PF,20,31.3,20.35,11.05,2.8,1.1,1.65,0.5,8.45,16.7,2.95,4.05
Anthony Edwards,MIN,SG,61,35.032786885245905,28.80327868852459,4.950819672131147,3.7049180327868854,1.360655737704918,0.8032786885245902,3.360655737704918,9.868852459016393,20.18032786885246,5.704918032786885,7.163934426229508
Anthony Gill,WAS,PF,55,17.29090909090909,5.836363636363636,2.8727272727272726,1.2545454545454546,0.5636363636363636,0.38181818181818183,0.3090909090909091,2.4545454545454546,3.909090909090909,0.6181818181818182,0.8363636363636363
Antonio Reeves,CHO,SG,10,6.8,2.7,0.8,0.3,0.1,0.0,0.7,1.0,2.0,0.0,0.0
Ariel Hukporti,NYK,C,54,9.222222222222221,2.1666666666666665,2.9444444444444446,0.5370370370370371,0.16666666666666666,0.48148148148148145,0.018518518518518517,0.8333333333333334,1.4814814814814814,0.48148148148148145,0.6111111111111112
Asa Newell,ATL,PF,44,11.363636363636363,5.159090909090909,2.1818181818181817,0.5909090909090909,0.36363636363636365,0.3409090909090909,0.6590909090909091,2.0681818181818183,3.840909090909091,0.36363636363636365,0.6590909090909091
Ausar Thompson,DET,SF,73,25.972602739726028,9.876712328767123,5.726027397260274,3.1232876712328768,2.0,0.9452054794520548,0.0821917808219178,4.1506849315068495,7.904109589041096,1.4931506849315068,2.6164383561643834
Austin Reaves,LAL,SG,51,34.549019607843135,23.274509803921568,4.705882352941177,5.490196078431373,1.0980392156862746,0.39215686274509803,2.3137254901960786,7.313725490196078,14.941176470588236,6.333333333333333,7.2745098039215685
Ayo Dosunmu,2TM,SG,69,27.26086956521739,14.81159420289855,3.4347826086956523,3.608695652173913,0.8405797101449275,0.2608695652173913,1.7826086956521738,5.594202898550725,10.826086956521738,1.8405797101449275,2.101449275362319
Bam Adebayo,MIA,C,73,32.397260273972606,20.10958904109589,10.027397260273972,3.1780821917808217,1.178082191780822,0.6712328767123288,1.7397260273972603,6.931506849315069,15.684931506849315,4.506849315068493,5.794520547945205
Baylor Scheierman,BOS,SG,77,18.558441558441558,5.545454545454546,3.4935064935064934,1.5064935064935066,0.5454545454545454,0.07792207792207792,1.2597402597402598,1.9610389610389611,4.324675324675325,0.36363636363636365,0.4025974025974026
Ben Saraf,BRK,SG,44,20.818181818181817,7.545454545454546,2.090909090909091,3.2954545454545454,0.8636363636363636,0.18181818181818182,0.4318181818181818,2.727272727272727,6.886363636363637,1.6590909090909092,2.0
Ben Sheppard,IND,SG,65,21.384615384615383,7.061538461538461,3.0,1.7538461538461538,0.6,0.09230769230769231,1.2923076923076924,2.5846153846153848,5.953846153846154,0.6,0.7846153846153846
Bennedict Mathurin,2TM,SF,54,30.0,17.574074074074073,5.425925925925926,2.388888888888889,0.7962962962962963,0.24074074074074073,1.3888888888888888,5.388888888888889,12.537037037037036,5.407407407407407,6.222222222222222
Bez Mbeng,UTA,SG,15,32.8,8.133333333333333,3.8,4.133333333333334,2.2666666666666666,0.3333333333333333,0.4,3.3333333333333335,6.666666666666667,1.0666666666666667,1.6666666666666667
Bilal Coulibaly,WAS,SG,56,26.214285714285715,11.732142857142858,4.339285714285714,2.5892857142857144,1.3392857142857142,0.9642857142857143,1.1607142857142858,4.107142857142857,9.660714285714286,2.357142857142857,3.1607142857142856
Bismack Biyombo,SAS,C,25,5.64,0.92,1.04,0.2,0.16,0.08,0.0,0.36,0.6,0.2,0.28
Blake Hinson,UTA,SF,14,20.357142857142858,11.928571428571429,2.357142857142857,1.1428571428571428,0.35714285714285715,0.14285714285714285,2.642857142857143,4.214285714285714,8.214285714285714,0.8571428571428571,1.1428571428571428
Blake Wesley,POR,SG,31,11.64516129032258,4.774193548387097,1.2580645161290323,2.0,0.5161290322580645,0.16129032258064516,0.3225806451612903,1.8064516129032258,4.0,0.8387096774193549,1.5161290322580645
Bobby Portis,MIL,PF,67,24.16417910447761,13.656716417910447,6.388059701492537,1.5671641791044777,0.6119402985074627,0.1791044776119403,2.014925373134328,5.462686567164179,11.194029850746269,0.7164179104477612,1.0149253731343284
Bobi Klintman,DET,SF,12,5.916666666666667,1.8333333333333333,1.5833333333333333,0.5,0.25,0.0,0.3333333333333333,0.75,2.25,0.0,0.25
Bogdan Bogdanović,LAC,SG,23,19.652173913043477,7.434782608695652,2.5652173913043477,2.217391304347826,0.43478260869565216,0.13043478260869565,1.434782608695652,2.5652173913043477,6.608695652173913,0.8695652173913043,1.0869565217391304
Bones Hyland,MIN,PG,71,16.577464788732396,8.507042253521126,1.7887323943661972,2.647887323943662,0.6197183098591549,0.23943661971830985,1.6338028169014085,2.9859154929577465,6.591549295774648,0.9014084507042254,1.1549295774647887
Bradley Beal,LAC,SG,6,20.166666666666668,8.166666666666666,0.8333333333333334,1.6666666666666667,0.5,0.0,1.1666666666666667,3.0,8.0,1.0,1.3333333333333333
Branden Carlson,OKC,C,42,11.619047619047619,5.761904761904762,2.9523809523809526,0.6904761904761905,0.19047619047619047,0.6428571428571429,0.7380952380952381,2.3333333333333335,4.428571428571429,0.35714285714285715,0.6190476190476191
Brandin Podziemski,GSW,SG,82,28.451219512195124,13.817073170731707,5.109756097560975,3.707317073170732,1.0731707317073171,0.18292682926829268,1.8658536585365855,4.804878048780488,10.560975609756097,2.341463414634146,2.9390243902439024
Brandon Clarke,MEM,PF,2,10.0,4.0,3.0,0.5,1.0,0.0,0.0,1.5,4.5,1.0,2.0
Brandon Ingram,TOR,SF,77,33.81818181818182,21.493506493506494,5.584415584415584,3.688311688311688,0.7532467532467533,0.7142857142857143,1.7532467532467533,7.974025974025974,16.727272727272727,3.792207792207792,4.623376623376624
Brandon Miller,CHO,SF,65,30.276923076923076,20.16923076923077,4.907692307692308,3.3384615384615386,1.0153846153846153,0.676923076923077,3.1384615384615384,6.984615384615385,16.06153846153846,3.0615384615384613,3.4307692307692306
Brandon Williams,DAL,PG,66,22.166666666666668,13.015151515151516,2.893939393939394,3.878787878787879,0.9393939393939394,0.30303030303030304,0.5454545454545454,4.409090909090909,9.348484848484848,3.6515151515151514,4.606060606060606
Brice Sensabaugh,UTA,SF,75,23.493333333333332,14.88,3.08,1.9066666666666667,0.72,0.16,2.16,5.253333333333333,11.426666666666666,2.2133333333333334,2.68
Bronny James,LAL,SG,42,8.928571428571429,2.9047619047619047,0.5476190476190477,1.2142857142857142,0.4523809523809524,0.09523809523809523,0.5238095238095238,1.119047619047619,2.738095238095238,0.14285714285714285,0.16666666666666666
Brook Lopez,LAC,C,75,21.8,8.453333333333333,3.64,1.2933333333333332,0.6,1.16,1.52,3.0933333333333333,7.226666666666667,0.7466666666666667,0.9866666666666667
Brooks Barnhizer,OKC,SG,40,8.7,1.7,1.95,0.55,0.275,0.125,0.175,0.675,1.775,0.175,0.25
Bruce Brown,DEN,SG,82,24.365853658536587,7.914634146341464,3.8780487804878048,2.1219512195121952,1.0365853658536586,0.24390243902439024,0.6951219512195121,3.024390243902439,6.365853658536586,1.170731707317073,1.5365853658536586
Bryce McGowens,NOP,SG,42,20.952380952380953,8.095238095238095,2.0952380952380953,1.4761904761904763,0.6428571428571429,0.19047619047619047,0.9047619047619048,2.7142857142857144,5.642857142857143,1.7619047619047619,2.261904761904762
Bub Carrington,WAS,PG,82,27.695121951219512,10.707317073170731,3.3658536585365852,4.646341463414634,0.6341463414634146,0.2073170731707317,2.0609756097560976,3.8292682926829267,9.036585365853659,0.9878048780487805,1.353658536585366
Buddy Boeheim,OKC,SF,4,3.75,1.5,0.0,0.0,0.0,0.0,0.5,0.5,1.5,0.0,0.0
Buddy Hield,2TM,SG,51,16.058823529411764,7.647058823529412,2.2745098039215685,1.392156862745098,0.7647058823529411,0.17647058823529413,1.4509803921568627,2.803921568627451,6.411764705882353,0.5882352941176471,0.7254901960784313
CJ Huntley,PHO,SF,4,10.0,3.0,1.25,0.5,0.25,0.0,0.0,1.5,2.75,0.0,0.0
CJ McCollum,2TM,PG,76,29.789473684210527,18.736842105263158,3.3157894736842106,3.8552631578947367,0.8421052631578947,0.4605263157894737,2.513157894736842,6.907894736842105,15.18421052631579,2.4078947368421053,3.1184210526315788
Cade Cunningham,DET,PG,64,33.9375,23.921875,5.546875,9.90625,1.4375,0.84375,1.953125,8.5625,18.578125,4.84375,5.96875
Caleb Houstan,ATL,SF,18,4.166666666666667,2.3333333333333335,0.6111111111111112,0.2222222222222222,0.1111111111111111,0.05555555555555555,0.6111111111111112,0.7777777777777778,1.4444444444444444,0.16666666666666666,0.16666666666666666
Caleb Love,POR,SG,49,20.6734693877551,10.387755102040817,2.326530612244898,2.510204081632653,0.5510204081632653,0.08163265306122448,1.8979591836734695,3.877551020408163,10.0,0.7346938775510204,1.0
Caleb Martin,DAL,SF,58,14.758620689655173,3.913793103448276,2.4655172413793105,1.396551724137931,0.6896551724137931,0.25862068965517243,0.3448275862068966,1.4655172413793103,3.2586206896551726,0.6379310344827587,1.0517241379310345
Cam Christie,LAC,SG,55,8.727272727272727,2.8363636363636364,1.4181818181818182,0.5636363636363636,0.2909090909090909,0.05454545454545454,0.21818181818181817,0.9636363636363636,2.5272727272727273,0.6909090909090909,0.9090909090909091
Cam Spencer,MEM,SG,72,23.805555555555557,11.083333333333334,2.5416666666666665,5.555555555555555,0.7222222222222222,0.1527777777777778,2.0277777777777777,3.6527777777777777,7.722222222222222,1.75,1.8611111111111112
Cam Thomas,2TM,SG,42,20.976190476190474,13.5,1.6904761904761905,2.5714285714285716,0.21428571428571427,0.09523809523809523,1.2380952380952381,4.5,10.976190476190476,3.261904761904762,4.023809523809524
Cam Whitmore,WAS,SF,21,16.857142857142858,9.19047619047619,2.761904761904762,0.7142857142857143,0.7142857142857143,0.38095238095238093,0.7619047619047619,3.6666666666666665,8.047619047619047,1.0952380952380953,1.4761904761904763
Cameron Johnson,DEN,SF,54,30.5,12.222222222222221,3.814814814814815,2.4444444444444446,0.7407407407407407,0.3888888888888889,2.037037037037037,4.222222222222222,8.796296296296296,1.7407407407407407,2.074074074074074
Cameron Payne,PHI,PG,22,17.0,7.409090909090909,2.0,2.6363636363636362,1.0909090909090908,0.3181818181818182,1.4545454545454546,2.5454545454545454,6.7727272727272725,0.8636363636363636,1.0
Caris LeVert,DET,SG,60,19.233333333333334,7.383333333333334,1.95,2.65,0.85,0.6833333333333333,1.0,2.716666666666667,6.516666666666667,0.95,1.4
Carter Bryant,SAS,PF,71,11.52112676056338,4.197183098591549,2.507042253521127,0.6619718309859155,0.22535211267605634,0.323943661971831,0.7323943661971831,1.5211267605633803,3.732394366197183,0.4225352112676056,0.5915492957746479
Cason Wallace,OKC,SG,77,26.571428571428573,8.571428571428571,3.090909090909091,2.5974025974025974,1.948051948051948,0.36363636363636365,1.3116883116883118,3.272727272727273,7.584415584415584,0.7142857142857143,0.8831168831168831
Cedric Coward,MEM,SG,62,25.774193548387096,13.596774193548388,5.870967741935484,2.7580645161290325,0.6451612903225806,0.43548387096774194,1.5,4.919354838709677,10.451612903225806,2.2580645161290325,2.6774193548387095
Chaney Johnson,BRK,SF,17,20.470588235294116,8.176470588235293,4.647058823529412,2.1176470588235294,0.8823529411764706,0.5294117647058824,0.5294117647058824,3.0,5.529411764705882,1.6470588235294117,2.0588235294117645
Charles Bassey,4TM,C,13,11.76923076923077,5.846153846153846,4.384615384615385,0.5384615384615384,0.3076923076923077,0.8461538461538461,0.0,2.3846153846153846,3.6153846153846154,1.0769230769230769,1.5384615384615385
Chaz Lanier,DET,SG,34,7.705882352941177,2.3529411764705883,0.6764705882352942,0.5,0.20588235294117646,0.0,0.5588235294117647,0.8235294117647058,2.6176470588235294,0.14705882352941177,0.17647058823529413
Chet Holmgren,OKC,PF,69,28.942028985507246,17.115942028985508,8.91304347826087,1.6666666666666667,0.6231884057971014,1.8985507246376812,1.2753623188405796,6.2898550724637685,11.289855072463768,3.260869565217391,4.115942028985507
Chris Boucher,BOS,PF,9,10.444444444444445,2.3333333333333335,2.0,0.3333333333333333,0.5555555555555556,0.7777777777777778,0.2222222222222222,0.8888888888888888,2.7777777777777777,0.3333333333333333,0.4444444444444444
Chris Livingston,CLE,SF,3,5.666666666666667,3.0,1.0,0.3333333333333333,0.3333333333333333,0.0,0.0,1.3333333333333333,2.3333333333333335,0.3333333333333333,0.3333333333333333
Chris Mañon,LAL,SG,9,5.111111111111111,0.7777777777777778,1.1111111111111112,0.3333333333333333,0.5555555555555556,0.2222222222222222,0.0,0.2222222222222222,0.6666666666666666,0.3333333333333333,0.4444444444444444
Chris Paul,LAC,PG,16,14.25,2.9375,1.75,3.3125,0.6875,0.0,0.625,1.125,3.5,0.0625,0.125
Chris Youngblood,2TM,SG,34,5.4411764705882355,2.088235294117647,0.8235294117647058,0.35294117647058826,0.11764705882352941,0.08823529411764706,0.5294117647058824,0.6470588235294118,1.8529411764705883,0.2647058823529412,0.29411764705882354
Christian Braun,DEN,SG,44,31.795454545454547,11.954545454545455,4.795454545454546,2.727272727272727,0.6818181818181818,0.2727272727272727,0.9772727272727273,4.590909090909091,8.840909090909092,1.7954545454545454,2.2954545454545454
Christian Koloko,3TM,C,27,13.222222222222221,2.7037037037037037,3.0,0.6666666666666666,0.5185185185185185,0.8518518518518519,0.037037037037037035,1.1481481481481481,2.740740740740741,0.37037037037037035,0.5555555555555556
Chucky Hepburn,TOR,PG,2,6.5,0.0,0.5,1.0,0.5,0.0,0.0,0.0,3.0,0.0,0.0
Clint Capela,HOU,C,75,12.346666666666666,3.76,4.6,0.6666666666666666,0.48,0.84,0.013333333333333334,1.5733333333333333,3.026666666666667,0.6,1.04
Coby White,2TM,SG,50,24.98,17.36,3.4,4.0,0.5,0.1,2.3,5.56,12.46,3.94,4.82
Cody Martin,IND,SF,4,13.75,1.75,3.5,0.5,1.0,0.5,0.0,0.5,2.5,0.75,1.5
Cody Williams,UTA,SG,67,24.34328358208955,8.776119402985074,2.955223880597015,2.044776119402985,0.7611940298507462,0.3880597014925373,0.417910447761194,3.5522388059701493,7.597014925373134,1.2537313432835822,1.7761194029850746
Colby Jones,DET,SG,1,7.0,2.0,4.0,2.0,0.0,0.0,0.0,1.0,3.0,0.0,0.0
Cole Anthony,MIL,PG,35,15.057142857142857,6.685714285714286,2.4857142857142858,3.4571428571428573,0.5714285714285714,0.3142857142857143,0.6285714285714286,2.8,6.6,0.45714285714285713,0.7428571428571429
Colin Castleton,ORL,C,4,5.25,1.25,2.0,0.25,0.25,0.0,0.0,0.5,1.25,0.25,0.25
Collin Gillespie,PHO,PG,80,28.525,12.65,4.0875,4.6375,1.2375,0.2,2.9,4.4,10.525,0.95,1.0875
Collin Murray-Boyles,TOR,PF,57,21.859649122807017,8.491228070175438,5.0,1.8596491228070176,0.9122807017543859,0.9298245614035088,0.2982456140350877,3.473684210526316,6.0,1.2456140350877194,1.894736842105263
Collin Sexton,2TM,SG,68,23.735294117647058,15.441176470588236,2.2794117647058822,3.2794117647058822,1.1176470588235294,0.14705882352941177,1.6470588235294117,5.294117647058823,10.911764705882353,3.2058823529411766,3.75
Cooper Flagg,DAL,SF,70,33.48571428571429,21.042857142857144,6.6571428571428575,4.514285714285714,1.2,0.9142857142857143,1.0285714285714285,7.985714285714286,17.057142857142857,4.042857142857143,4.885714285714286
Corey Kispert,2TM,SF,58,18.620689655172413,9.172413793103448,2.2758620689655173,1.5862068965517242,0.27586206896551724,0.15517241379310345,1.5,3.1724137931034484,6.793103448275862,1.3275862068965518,1.6724137931034482
Cormac Ryan,MIL,SG,11,24.636363636363637,14.272727272727273,2.5454545454545454,1.7272727272727273,1.0,0.2727272727272727,2.4545454545454546,4.818181818181818,9.272727272727273,2.1818181818181817,2.3636363636363638
Craig Porter Jr.,CLE,PG,64,17.9375,4.515625,3.4375,3.203125,0.890625,0.59375,0.515625,1.8125,4.03125,0.375,0.625
Curtis Jones,DEN,SG,10,8.8,2.9,1.1,1.0,0.4,0.0,0.6,1.1,2.7,0.1,0.2
D'Angelo Russell,DAL,PG,26,19.03846153846154,10.153846153846153,2.3461538461538463,4.0,0.46153846153846156,0.07692307692307693,1.2692307692307692,3.6153846153846154,8.923076923076923,1.6538461538461537,2.3076923076923075
DaQuan Jeffries,SAC,SG,3,20.0,10.333333333333334,1.6666666666666667,0.3333333333333333,0.6666666666666666,0.0,1.3333333333333333,3.6666666666666665,6.333333333333333,1.6666666666666667,1.6666666666666667
DaRon Holmes,DEN,PF,25,8.4,3.72,1.4,0.64,0.04,0.24,0.8,1.24,2.44,0.44,0.56
Daeqwon Plowden,SAC,SG,32,26.375,10.75,3.03125,1.28125,0.71875,0.21875,1.9375,3.75,8.71875,1.3125,1.53125
Dalano Banton,2TM,PG,6,10.333333333333334,2.0,0.8333333333333334,1.8333333333333333,0.3333333333333333,0.8333333333333334,0.0,0.6666666666666666,2.0,0.6666666666666666,0.6666666666666666
Dalen Terry,2TM,SG,48,11.479166666666666,3.6666666666666665,1.7916666666666667,1.375,0.6041666666666666,0.3125,0.5,1.4166666666666667,3.2291666666666665,0.3333333333333333,0.625
Dalton Knecht,LAL,SF,54,10.24074074074074,4.222222222222222,1.3888888888888888,0.3888888888888889,0.2037037037037037,0.2037037037037037,0.7037037037037037,1.6111111111111112,3.537037037037037,0.2962962962962963,0.4074074074074074
Daniel Gafford,DAL,C,55,21.727272727272727,9.527272727272727,6.872727272727273,1.0545454545454545,0.7636363636363637,1.2545454545454546,0.0,3.7636363636363637,5.745454545454545,2.0,2.9272727272727272
Daniss Jenkins,DET,PG,72,20.208333333333332,9.319444444444445,2.3055555555555554,3.861111111111111,0.8888888888888888,0.20833333333333334,1.0138888888888888,3.2222222222222223,7.888888888888889,1.8611111111111112,2.236111111111111
Danny Wolf,BRK,PF,57,20.82456140350877,8.912280701754385,4.9298245614035086,2.2280701754385963,0.5263157894736842,0.5614035087719298,1.1929824561403508,3.1228070175438596,7.719298245614035,1.4736842105263157,1.912280701754386
Dario Šarić,SAC,C,5,8.2,1.0,1.2,0.4,0.0,0.0,0.2,0.2,1.2,0.4,0.4
Dariq Whitehead,MEM,SF,6,30.5,16.333333333333332,4.0,1.5,0.6666666666666666,0.0,3.1666666666666665,6.166666666666667,15.5,0.8333333333333334,1.1666666666666667
Darius Brown II,CLE,SG,1,3.0,0.0,1.0,0.0,0.0,0.0,0.0,0.0,1.0,0.0,0.0
Darius Garland,2TM,PG,45,29.866666666666667,18.77777777777778,2.3777777777777778,6.688888888888889,0.9555555555555556,0.17777777777777778,2.7111111111111112,6.866666666666666,14.933333333333334,2.3333333333333335,2.7111111111111112
David Jones García,SAS,SF,11,6.181818181818182,2.909090909090909,1.1818181818181819,1.6363636363636365,0.5454545454545454,0.09090909090909091,0.2727272727272727,1.1818181818181819,2.272727272727273,0.2727272727272727,0.5454545454545454
David Roddy,DEN,PF,5,14.6,8.0,4.0,0.8,0.8,0.2,0.6,3.0,6.0,1.4,1.4
Davion Mitchell,MIA,PG,70,28.571428571428573,9.342857142857143,2.657142857142857,6.4714285714285715,0.9714285714285714,0.15714285714285714,1.2857142857142858,3.7285714285714286,7.614285714285714,0.6,0.9285714285714286
Day'Ron Sharpe,BRK,C,62,18.70967741935484,8.709677419354838,6.661290322580645,2.338709677419355,1.0806451612903225,0.41935483870967744,0.14516129032258066,3.4516129032258065,5.741935483870968,1.6612903225806452,2.4516129032258065
De'Aaron Fox,SAS,PG,72,30.98611111111111,18.555555555555557,3.75,6.180555555555555,1.2361111111111112,0.2638888888888889,1.8194444444444444,7.069444444444445,14.541666666666666,2.5972222222222223,3.4166666666666665
De'Andre Hunter,2TM,SF,45,26.133333333333333,13.666666666666666,4.111111111111111,2.0,0.6666666666666666,0.13333333333333333,1.6666666666666667,4.622222222222222,11.133333333333333,2.7555555555555555,3.1777777777777776
De'Anthony Melton,GSW,PG,49,22.959183673469386,12.285714285714286,3.2244897959183674,2.5510204081632653,1.5714285714285714,0.40816326530612246,1.469387755102041,4.387755102040816,10.775510204081632,2.0408163265306123,2.4693877551020407
DeAndre Jordan,NOP,C,12,16.583333333333332,4.416666666666667,6.333333333333333,0.9166666666666666,0.3333333333333333,0.8333333333333334,0.0,1.75,2.6666666666666665,0.9166666666666666,1.4166666666666667
DeJon Jarreau,MEM,SG,11,21.0,8.0,4.636363636363637,3.272727272727273,0.9090909090909091,0.7272727272727273,0.36363636363636365,3.0,7.545454545454546,1.6363636363636365,2.090909090909091
DeMar DeRozan,SAC,PF,77,31.246753246753247,18.428571428571427,2.935064935064935,4.103896103896104,1.0389610389610389,0.2987012987012987,0.6103896103896104,6.48051948051948,13.051948051948052,4.857142857142857,5.597402597402597
Dean Wade,CLE,PF,59,22.338983050847457,5.796610169491525,4.186440677966102,1.4915254237288136,0.7457627118644068,0.3898305084745763,1.2033898305084745,2.0677966101694913,4.711864406779661,0.4576271186440678,0.6440677966101694
Deandre Ayton,LAL,C,72,27.194444444444443,12.458333333333334,7.986111111111111,0.8194444444444444,0.5694444444444444,0.9722222222222222,0.0,5.597222222222222,8.347222222222221,1.2638888888888888,1.9583333333333333
Dejounte Murray,NOP,PG,14,27.785714285714285,16.714285714285715,5.357142857142857,6.357142857142857,1.6428571428571428,0.21428571428571427,1.3571428571428572,6.285714285714286,13.0,2.7857142857142856,3.2142857142857144
Deni Avdija,POR,SF,66,33.31818181818182,24.21212121212121,6.878787878787879,6.696969696969697,0.7727272727272727,0.6212121212121212,1.893939393939394,7.454545454545454,16.12121212121212,7.409090909090909,9.242424242424242
Dennis Schröder,2TM,PG,70,24.242857142857144,10.8,2.7142857142857144,4.871428571428571,0.7857142857142857,0.15714285714285714,1.0714285714285714,3.642857142857143,8.985714285714286,2.442857142857143,2.9285714285714284
Dereck Lively II,DAL,C,7,16.428571428571427,4.285714285714286,5.285714285714286,1.8571428571428572,0.5714285714285714,1.5714285714285714,0.0,1.5714285714285714,2.5714285714285716,1.1428571428571428,1.4285714285714286
Derik Queen,NOP,C,81,24.97530864197531,11.703703703703704,7.061728395061729,3.6790123456790123,1.037037037037037,0.9135802469135802,0.2839506172839506,4.37037037037037,9.234567901234568,2.6790123456790123,3.3703703703703702
Derrick Jones Jr.,LAC,SF,50,27.0,10.08,3.46,1.38,0.9,1.0,1.1,3.78,7.58,1.42,1.86
Derrick White,BOS,SG,77,34.09090909090909,16.454545454545453,4.402597402597403,5.376623376623376,1.1428571428571428,1.2727272727272727,2.7142857142857144,5.675324675324675,14.38961038961039,2.3896103896103895,2.6493506493506493
Desmond Bane,ORL,SG,82,33.609756097560975,20.085365853658537,4.121951219512195,4.121951219512195,1.048780487804878,0.45121951219512196,2.0365853658536586,7.109756097560975,14.695121951219512,3.8292682926829267,4.219512195121951
Devin Booker,PHO,SG,64,33.53125,26.0625,3.875,6.03125,0.796875,0.28125,1.90625,8.53125,18.71875,7.09375,8.125
Devin Carter,SAC,PG,38,18.42105263157895,8.921052631578947,3.289473684210526,2.6578947368421053,0.8947368421052632,0.23684210526315788,0.7894736842105263,3.1842105263157894,7.684210526315789,1.763157894736842,2.473684210526316
Devin Vassell,SAS,SG,67,30.507462686567163,13.91044776119403,4.014925373134329,2.4925373134328357,0.8507462686567164,0.373134328358209,2.4776119402985075,4.925373134328358,11.26865671641791,1.5820895522388059,1.9402985074626866
Dillon Brooks,PHO,SF,56,30.392857142857142,20.196428571428573,3.625,1.7678571428571428,1.0178571428571428,0.16071428571428573,2.267857142857143,7.446428571428571,17.125,3.0357142857142856,3.607142857142857
Dillon Jones,NYK,SF,7,5.571428571428571,1.2857142857142858,1.0,0.5714285714285714,0.42857142857142855,0.0,0.14285714285714285,0.2857142857142857,1.2857142857142858,0.5714285714285714,0.5714285714285714
Domantas Sabonis,SAC,C,19,29.68421052631579,15.842105263157896,11.368421052631579,4.105263157894737,0.9473684210526315,0.21052631578947367,0.2631578947368421,6.315789473684211,11.631578947368421,2.9473684210526314,4.052631578947368
Dominick Barlow,PHI,PF,71,23.788732394366196,7.676056338028169,4.788732394366197,1.2253521126760563,0.8873239436619719,0.7464788732394366,0.29577464788732394,3.028169014084507,5.619718309859155,1.323943661971831,1.8450704225352113
Donovan Clingan,POR,C,77,27.194805194805195,12.12987012987013,11.584415584415584,2.103896103896104,0.5714285714285714,1.6883116883116882,1.0909090909090908,4.623376623376624,8.883116883116884,1.7922077922077921,2.6363636363636362
Donovan Mitchell,CLE,SG,70,33.457142857142856,27.885714285714286,4.514285714285714,5.685714285714286,1.4857142857142858,0.2857142857142857,3.2,9.685714285714285,20.042857142857144,5.314285714285714,6.142857142857143
Donte DiVincenzo,MIN,SG,82,30.414634146341463,12.195121951219512,4.097560975609756,3.817073170731707,1.2682926829268293,0.4146341463414634,2.975609756097561,4.134146341463414,10.182926829268293,0.9512195121951219,1.2804878048780488
Dorian Finney-Smith,HOU,PF,37,16.756756756756758,3.324324324324324,2.5135135135135136,0.972972972972973,0.43243243243243246,0.16216216216216217,0.7297297297297297,1.1891891891891893,3.5675675675675675,0.21621621621621623,0.24324324324324326
Doug McDermott,SAC,SF,29,15.137931034482758,5.655172413793103,1.2758620689655173,0.7586206896551724,0.20689655172413793,0.13793103448275862,1.6551724137931034,1.8620689655172413,4.793103448275862,0.27586206896551724,0.3103448275862069
Drake Powell,BRK,SG,63,20.952380952380953,6.476190476190476,1.7619047619047619,1.4444444444444444,0.5714285714285714,0.2222222222222222,0.8095238095238095,2.2857142857142856,5.682539682539683,1.0952380952380953,1.2222222222222223
Draymond Green,GSW,PF,68,27.485294117647058,8.382352941176471,5.514705882352941,5.529411764705882,0.8970588235294118,0.6176470588235294,1.4852941176470589,3.014705882352941,7.220588235294118,0.8676470588235294,1.2352941176470589
Drew Eubanks,SAC,C,42,13.142857142857142,5.214285714285714,3.0238095238095237,0.4523809523809524,0.35714285714285715,0.6190476190476191,0.023809523809523808,2.2142857142857144,3.7142857142857144,0.7619047619047619,1.3571428571428572
Drew Peterson,CHO,PF,6,10.666666666666666,0.8333333333333334,1.5,0.3333333333333333,0.5,0.16666666666666666,0.0,0.3333333333333333,2.6666666666666665,0.16666666666666666,0.3333333333333333
Drew Timme,LAL,PF,27,8.703703703703704,3.4074074074074074,1.2222222222222223,0.8518518518518519,0.2222222222222222,0.0,0.4074074074074074,1.4074074074074074,2.4444444444444446,0.18518518518518517,0.3333333333333333
Dru Smith,MIA,SG,70,16.3,5.642857142857143,2.4714285714285715,2.5714285714285716,1.4285714285714286,0.3,0.5428571428571428,1.9285714285714286,4.642857142857143,1.2428571428571429,1.5
Duncan Robinson,DET,SG,77,27.441558441558442,12.194805194805195,2.6623376623376624,2.064935064935065,0.5714285714285714,0.2857142857142857,2.857142857142857,4.12987012987013,9.064935064935066,1.077922077922078,1.4285714285714286
Duop Reath,POR,C,32,8.0625,2.9375,1.1875,0.3125,0.15625,0.25,0.71875,1.03125,2.3125,0.15625,0.1875
Dwight Powell,DAL,C,63,14.34920634920635,3.3333333333333335,4.079365079365079,1.0793650793650793,0.5396825396825397,0.3333333333333333,0.031746031746031744,1.0317460317460319,1.6031746031746033,1.2380952380952381,1.7777777777777777
Dylan Cardwell,SAC,C,44,20.613636363636363,5.409090909090909,7.545454545454546,1.4090909090909092,0.6818181818181818,1.5227272727272727,0.045454545454545456,2.3863636363636362,4.068181818181818,0.5909090909090909,1.1590909090909092
Dylan Harper,SAS,SG,69,22.579710144927535,11.782608695652174,3.391304347826087,3.8550724637681157,0.782608695652174,0.34782608695652173,0.8840579710144928,4.797101449275362,9.507246376811594,1.3043478260869565,1.7246376811594204
Dyson Daniels,ATL,SG,76,33.1578947368421,11.855263157894736,6.842105263157895,5.907894736842105,1.9605263157894737,0.40789473684210525,0.2894736842105263,5.2894736842105265,10.223684210526315,0.9868421052631579,1.605263157894737
E.J. Liddell,BRK,PF,26,13.423076923076923,5.653846153846154,2.6538461538461537,0.9230769230769231,0.23076923076923078,0.38461538461538464,0.6923076923076923,2.076923076923077,4.269230769230769,0.8076923076923077,1.0
Egor Dëmin,BRK,PG,52,25.153846153846153,10.307692307692308,3.173076923076923,3.326923076923077,0.8076923076923077,0.3269230769230769,2.3846153846153846,3.4423076923076925,8.634615384615385,1.0384615384615385,1.25
Elijah Harkless,UTA,SG,26,20.96153846153846,6.846153846153846,2.0384615384615383,2.8846153846153846,1.1923076923076923,0.23076923076923078,0.8076923076923077,2.076923076923077,6.1923076923076925,1.8846153846153846,2.4615384615384617
Emanuel Miller,CHI,PF,5,6.6,3.0,0.6,0.8,0.4,0.0,0.4,1.2,2.6,0.2,0.4
Enrique Freeman,MIN,PF,4,9.25,3.25,2.5,0.5,0.5,0.75,0.5,1.0,2.0,0.75,1.0
Eric Gordon,PHI,SG,6,12.333333333333334,5.5,0.3333333333333333,0.5,0.6666666666666666,0.16666666666666666,1.3333333333333333,2.0,3.5,0.16666666666666666,0.3333333333333333
Ethan Thompson,IND,SG,32,20.40625,6.96875,2.15625,1.78125,0.625,0.28125,1.1875,2.3125,6.125,1.15625,1.46875
Evan Mobley,CLE,PF,65,31.907692307692308,18.153846153846153,9.015384615384615,3.6,0.7384615384615385,1.7384615384615385,0.9538461538461539,7.2153846153846155,13.215384615384615,2.769230769230769,4.569230769230769
Franz Wagner,ORL,SF,34,29.970588235294116,20.558823529411764,5.205882352941177,3.323529411764706,0.9411764705882353,0.3235294117647059,1.411764705882353,7.176470588235294,14.911764705882353,4.794117647058823,5.823529411764706
GG Jackson II,MEM,PF,55,21.418181818181818,12.472727272727273,4.2727272727272725,1.4727272727272727,0.5636363636363636,0.8,1.1636363636363636,4.636363636363637,9.345454545454546,2.036363636363636,2.7454545454545456
Gabe Vincent,2TM,PG,53,16.58490566037736,4.3584905660377355,1.0188679245283019,1.4339622641509433,0.5094339622641509,0.05660377358490566,1.1132075471698113,1.4339622641509433,4.0754716981132075,0.37735849056603776,0.4339622641509434
Garrett Temple,TOR,SG,22,3.3181818181818183,0.7727272727272727,0.4090909090909091,0.4090909090909091,0.18181818181818182,0.09090909090909091,0.13636363636363635,0.18181818181818182,0.6818181818181818,0.2727272727272727,0.4090909090909091
Garrison Mathews,IND,SG,15,13.066666666666666,5.2,1.1333333333333333,0.6666666666666666,0.4,0.2,1.1333333333333333,1.4,3.466666666666667,1.2666666666666666,1.5333333333333334
Gary Harris,MIL,SG,48,13.770833333333334,2.6666666666666665,1.2708333333333333,1.0625,0.5625,0.1875,0.5833333333333334,0.9583333333333334,2.1666666666666665,0.16666666666666666,0.1875
Gary Payton II,GSW,SG,73,15.643835616438356,7.493150684931507,3.6301369863013697,1.6849315068493151,0.9178082191780822,0.2876712328767123,0.5068493150684932,3.315068493150685,5.684931506849315,0.3561643835616438,0.547945205479452
Gary Trent Jr.,MIL,SG,65,21.184615384615384,8.138461538461538,1.0307692307692307,1.2153846153846153,0.5230769230769231,0.046153846153846156,1.8923076923076922,2.8153846153846156,7.276923076923077,0.6153846153846154,0.8
Giannis Antetokounmpo,MIL,PF,36,28.86111111111111,27.583333333333332,9.777777777777779,5.444444444444445,0.9444444444444444,0.6666666666666666,0.4166666666666667,10.36111111111111,16.61111111111111,6.444444444444445,9.916666666666666
Goga Bitadze,ORL,C,64,15.1875,5.859375,5.0,1.3125,0.578125,0.953125,0.03125,2.375,3.515625,1.078125,1.515625
Gradey Dick,TOR,SG,76,14.039473684210526,5.9868421052631575,1.9342105263157894,0.6710526315789473,0.5921052631578947,0.09210526315789473,0.7368421052631579,2.1184210526315788,5.052631578947368,1.013157894736842,1.1578947368421053
Grant Nelson,BRK,PF,4,8.75,4.25,1.5,1.25,0.25,1.25,0.0,1.25,2.25,1.75,2.5
Grant Williams,CHO,PF,36,19.75,7.0,3.9444444444444446,1.5555555555555556,0.4722222222222222,0.5,1.4444444444444444,2.1666666666666665,5.083333333333333,1.2222222222222223,1.5
Grayson Allen,PHO,SG,51,28.764705882352942,16.49019607843137,3.0392156862745097,3.823529411764706,1.3529411764705883,0.2549019607843137,3.1176470588235294,5.2745098039215685,13.07843137254902,2.823529411764706,3.2941176470588234
Guerschon Yabusele,2TM,C,67,15.029850746268657,5.567164179104478,3.4925373134328357,0.9402985074626866,0.3880597014925373,0.23880597014925373,1.0298507462686568,1.8656716417910448,4.656716417910448,0.8059701492537313,1.0746268656716418
Gui Santos,GSW,PF,68,20.514705882352942,9.191176470588236,3.911764705882353,2.338235294117647,0.8970588235294118,0.3235294117647059,1.1470588235294117,3.3823529411764706,6.764705882352941,1.2794117647058822,1.7647058823529411
Harrison Barnes,SAS,PF,77,25.792207792207794,9.935064935064934,2.7662337662337664,1.922077922077922,0.6493506493506493,0.15584415584415584,1.8051948051948052,3.4025974025974026,7.467532467532467,1.3246753246753247,1.5974025974025974
Harrison Ingram,SAS,SF,7,3.7142857142857144,1.5714285714285714,0.42857142857142855,0.14285714285714285,0.0,0.0,0.14285714285714285,0.7142857142857143,0.8571428571428571,0.0,0.0
Hayden Gray,UTA,SG,1,25.0,6.0,0.0,1.0,1.0,1.0,0.0,2.0,3.0,2.0,2.0
Haywood Highsmith,PHO,SF,7,13.0,5.428571428571429,1.8571428571428572,1.0,0.5714285714285714,0.0,1.1428571428571428,1.7142857142857142,3.2857142857142856,0.8571428571428571,1.0
Herbert Jones,NOP,SF,56,28.357142857142858,8.857142857142858,3.392857142857143,2.767857142857143,1.5714285714285714,0.48214285714285715,1.4285714285714286,3.267857142857143,8.535714285714286,0.8928571428571429,1.1071428571428572
Hugo González,BOS,SF,74,14.64864864864865,3.9054054054054053,3.324324324324324,0.5405405405405406,0.5675675675675675,0.28378378378378377,0.5675675675675675,1.5810810810810811,3.324324324324324,0.17567567567567569,0.35135135135135137
Hunter Dickinson,NOP,C,5,8.4,2.4,1.0,0.4,0.2,0.4,0.0,1.0,2.8,0.4,0.4
Hunter Sallis,PHI,SG,7,3.7142857142857144,1.0,0.14285714285714285,0.5714285714285714,0.0,0.14285714285714285,0.0,0.42857142857142855,0.7142857142857143,0.14285714285714285,0.2857142857142857
Hunter Tyson,DEN,PF,21,7.714285714285714,2.1904761904761907,1.7142857142857142,0.8095238095238095,0.09523809523809523,0.047619047619047616,0.3333333333333333,0.6666666666666666,2.4761904761904763,0.5238095238095238,0.6190476190476191
Immanuel Quickley,TOR,PG,70,31.87142857142857,16.428571428571427,4.0285714285714285,5.928571428571429,1.3142857142857143,0.07142857142857142,2.5428571428571427,5.728571428571429,12.928571428571429,2.4285714285714284,2.9571428571428573
Isaac Jones,2TM,PF,7,5.142857142857143,1.2857142857142858,0.7142857142857143,0.14285714285714285,0.0,0.14285714285714285,0.0,0.42857142857142855,1.0,0.42857142857142855,0.5714285714285714
Isaac Okoro,CHI,SG,63,26.904761904761905,9.26984126984127,2.746031746031746,1.5873015873015872,0.7301587301587301,0.4603174603174603,1.1587301587301588,3.3492063492063493,7.285714285714286,1.4126984126984128,1.7777777777777777
Isaiah Collier,UTA,PG,59,25.71186440677966,11.661016949152541,2.542372881355932,7.169491525423729,1.11864406779661,0.3389830508474576,0.4576271186440678,4.322033898305085,8.728813559322035,2.559322033898305,3.542372881355932
Isaiah Crawford,HOU,SF,14,6.571428571428571,2.0,1.1428571428571428,0.35714285714285715,0.14285714285714285,0.21428571428571427,0.21428571428571427,0.7142857142857143,1.7142857142857142,0.35714285714285715,0.42857142857142855
Isaiah Hartenstein,OKC,C,47,24.19148936170213,9.191489361702128,9.425531914893616,3.5319148936170213,1.0212765957446808,0.7659574468085106,0.0,3.9148936170212765,6.297872340425532,1.3617021276595744,2.234042553191489
Isaiah Jackson,2TM,C,55,16.509090909090908,6.7272727272727275,5.2727272727272725,0.9454545454545454,0.6545454545454545,0.8909090909090909,0.0,2.7454545454545456,4.3090909090909095,1.2363636363636363,1.9090909090909092
Isaiah Joe,OKC,SG,71,21.225352112676056,11.056338028169014,2.5492957746478875,1.323943661971831,0.704225352112676,0.15492957746478872,2.5492957746478875,3.4788732394366195,7.647887323943662,1.5492957746478873,1.732394366197183
Isaiah Livers,PHO,PF,36,9.63888888888889,1.8055555555555556,1.6944444444444444,0.5833333333333334,0.3611111111111111,0.2222222222222222,0.3333333333333333,0.6111111111111112,1.7777777777777777,0.25,0.3333333333333333
Isaiah Stevens,SAC,PG,3,14.333333333333334,3.3333333333333335,1.0,3.3333333333333335,1.6666666666666667,0.0,0.0,1.0,2.3333333333333335,1.3333333333333333,1.3333333333333333
Isaiah Stewart,DET,C,58,22.70689655172414,10.017241379310345,5.0,1.1379310344827587,0.27586206896551724,1.603448275862069,0.6896551724137931,3.810344827586207,6.931034482758621,1.706896551724138,2.2586206896551726
Ivica Zubac,2TM,C,48,30.125,14.104166666666666,10.604166666666666,2.1875,0.375,0.8333333333333334,0.0,6.0,10.041666666666666,2.1041666666666665,2.9583333333333335
JD Davison,HOU,PG,28,7.785714285714286,2.4642857142857144,1.2142857142857142,1.25,0.21428571428571427,0.21428571428571427,0.2857142857142857,0.8571428571428571,2.2857142857142856,0.4642857142857143,0.6785714285714286
Ja Morant,MEM,PG,20,28.45,19.45,3.25,8.05,1.0,0.3,1.0,6.6,16.1,5.25,5.85
Ja'Kobe Walter,TOR,SG,72,20.47222222222222,7.513888888888889,2.5694444444444446,1.1944444444444444,1.0138888888888888,0.19444444444444445,1.5277777777777777,2.5,5.611111111111111,0.9861111111111112,1.25
Jabari Smith Jr.,HOU,PF,77,35.12987012987013,15.779220779220779,6.87012987012987,1.8571428571428572,0.7272727272727273,0.922077922077922,2.2987012987012987,5.688311688311688,12.64935064935065,2.103896103896104,2.7142857142857144
Jabari Walker,PHI,PF,64,11.90625,4.3125,3.0,0.53125,0.359375,0.203125,0.5,1.515625,3.328125,0.78125,1.0625
Jacob Toppin,ATL,SF,5,3.4,1.6,0.2,0.2,0.0,0.2,0.0,0.8,1.2,0.0,0.0
Jaden Hardy,2TM,SG,57,15.75438596491228,9.175438596491228,1.5087719298245614,1.0175438596491229,0.2807017543859649,0.10526315789473684,1.8245614035087718,3.192982456140351,7.526315789473684,0.9649122807017544,1.3157894736842106
Jaden Ivey,2TM,SG,37,18.10810810810811,8.54054054054054,2.4594594594594597,1.837837837837838,0.6216216216216216,0.3783783783783784,1.3513513513513513,3.081081081081081,6.918918918918919,1.027027027027027,1.2702702702702702
Jaden McDaniels,MIN,PF,73,31.726027397260275,14.849315068493151,4.2465753424657535,2.7260273972602738,1.1095890410958904,1.0,1.4109589041095891,5.712328767123288,11.082191780821917,2.0136986301369864,2.410958904109589
Jae'Sean Tate,HOU,SF,46,8.804347826086957,2.8043478260869565,1.5869565217391304,0.5434782608695652,0.21739130434782608,0.06521739130434782,0.21739130434782608,1.2173913043478262,2.369565217391304,0.15217391304347827,0.2391304347826087
Jahmai Mashack,MEM,SG,31,21.70967741935484,6.193548387096774,2.6129032258064515,2.225806451612903,1.1935483870967742,0.45161290322580644,0.6129032258064516,2.4838709677419355,6.290322580645161,0.6129032258064516,1.1290322580645162
Jahmir Young,MIA,PG,14,4.142857142857143,1.7857142857142858,0.2857142857142857,0.6428571428571429,0.07142857142857142,0.0,0.21428571428571427,0.7142857142857143,1.7857142857142858,0.14285714285714285,0.14285714285714285
Jahmyl Telfort,LAC,PF,8,4.0,0.125,0.375,0.125,0.125,0.0,0.0,0.0,0.5,0.125,0.5
Jaime Jaquez Jr.,MIA,SF,75,28.28,15.36,5.0,4.693333333333333,0.68,0.28,0.7733333333333333,6.1866666666666665,12.2,2.2133333333333334,2.88
Jake LaRavia,LAL,PF,82,25.134146341463413,8.21951219512195,3.975609756097561,1.7682926829268293,1.2682926829268293,0.4634146341463415,0.9512195121951219,2.926829268292683,6.378048780487805,1.4146341463414633,1.853658536585366
Jakob Poeltl,TOR,C,46,24.97826086956522,10.717391304347826,7.021739130434782,2.0217391304347827,0.8695652173913043,0.6956521739130435,0.0,4.717391304347826,6.739130434782608,1.2826086956521738,2.130434782608696
Jalen Brunson,NYK,PG,74,35.0,26.04054054054054,3.3378378378378377,6.797297297297297,0.7702702702702703,0.10810810810810811,2.635135135135135,9.31081081081081,19.93243243243243,4.783783783783784,5.6891891891891895
Jalen Duren,DET,C,70,28.228571428571428,19.5,10.528571428571428,1.9714285714285715,0.8142857142857143,0.8428571428571429,0.0,7.457142857142857,11.471428571428572,4.585714285714285,6.142857142857143
Jalen Green,PHO,SG,32,25.875,17.75,3.625,2.84375,1.0625,0.25,2.21875,6.75,16.0,2.03125,2.71875
Jalen Johnson,ATL,SF,72,35.166666666666664,22.51388888888889,10.277777777777779,7.861111111111111,1.2361111111111112,0.4305555555555556,1.6666666666666667,8.333333333333334,17.055555555555557,4.180555555555555,5.305555555555555
Jalen Pickett,DEN,SG,50,16.14,5.2,2.28,2.3,0.26,0.1,0.98,1.96,4.64,0.3,0.38
Jalen Slawson,IND,SF,13,23.923076923076923,7.3076923076923075,4.384615384615385,2.769230769230769,1.5384615384615385,1.0769230769230769,1.1538461538461537,2.6153846153846154,5.923076923076923,0.9230769230769231,1.3076923076923077
Jalen Smith,CHI,C,53,20.660377358490567,10.20754716981132,6.69811320754717,1.2264150943396226,0.4528301886792453,0.7924528301886793,1.5471698113207548,3.6792452830188678,7.622641509433962,1.3018867924528301,1.7547169811320755
Jalen Suggs,ORL,PG,57,27.614035087719298,13.789473684210526,3.8596491228070176,5.473684210526316,1.8421052631578947,0.7017543859649122,2.1403508771929824,4.947368421052632,11.385964912280702,1.7543859649122806,2.0526315789473686
Jalen Williams,OKC,SG,33,28.363636363636363,17.060606060606062,4.606060606060606,5.484848484848484,1.1818181818181819,0.2727272727272727,0.696969696969697,6.545454545454546,13.515151515151516,3.272727272727273,3.909090909090909
Jalen Wilson,BRK,PF,54,15.907407407407407,6.351851851851852,2.111111111111111,0.9259259259259259,0.4074074074074074,0.037037037037037035,1.0,2.037037037037037,5.148148148148148,1.2777777777777777,1.7777777777777777
Jamal Cain,ORL,SF,40,12.15,5.375,1.95,0.725,0.275,0.1,0.7,1.85,3.8,0.975,1.15
Jamal Murray,DEN,PG,75,35.36,25.4,4.4,7.133333333333334,0.88,0.38666666666666666,3.2666666666666666,8.76,18.133333333333333,4.613333333333333,5.2
Jamal Shead,TOR,PG,82,22.585365853658537,6.646341463414634,1.7439024390243902,5.414634146341464,0.926829268292683,0.18292682926829268,1.024390243902439,2.2560975609756095,6.146341463414634,1.1097560975609757,1.4146341463414633
Jamaree Bouyea,PHO,PG,46,14.0,5.717391304347826,1.7826086956521738,1.7826086956521738,0.6304347826086957,0.34782608695652173,0.5,2.347826086956522,5.130434782608695,0.5217391304347826,0.7608695652173914
James Harden,2TM,PG,70,34.82857142857143,23.6,4.8,7.957142857142857,1.1285714285714286,0.4,3.0714285714285716,6.957142857142857,16.042857142857144,6.614285714285714,7.485714285714286
James Wiseman,IND,C,4,14.5,3.25,2.0,0.75,0.0,0.25,0.0,1.5,2.5,0.25,0.5
Jamir Watkins,WAS,SG,50,20.64,7.36,3.88,1.34,1.08,0.5,0.94,2.64,5.92,1.14,1.64
Jamison Battle,TOR,SF,61,8.475409836065573,3.1475409836065573,1.459016393442623,0.39344262295081966,0.11475409836065574,0.04918032786885246,0.5737704918032787,1.2131147540983607,2.377049180327869,0.14754098360655737,0.22950819672131148
Jarace Walker,IND,PF,76,25.69736842105263,11.631578947368421,5.144736842105263,2.526315789473684,0.8289473684210527,0.34210526315789475,1.75,4.0394736842105265,9.644736842105264,1.8026315789473684,2.4078947368421053
Jared McCain,2TM,SG,67,17.313432835820894,8.328358208955224,2.044776119402985,1.3432835820895523,0.5223880597014925,0.07462686567164178,1.4776119402985075,3.044776119402985,7.164179104477612,0.7611940298507462,0.8805970149253731
Jaren Jackson Jr.,2TM,C,48,30.291666666666668,19.395833333333332,5.666666666666667,1.9583333333333333,1.1041666666666667,1.4375,1.75,7.125,14.979166666666666,3.3958333333333335,4.229166666666667
Jarred Vanderbilt,LAL,PF,65,17.353846153846153,4.430769230769231,4.492307692307692,1.2923076923076924,0.8461538461538461,0.2923076923076923,0.4461538461538462,1.7384615384615385,3.6923076923076925,0.5076923076923077,0.8615384615384616
Jarrett Allen,CLE,C,56,27.125,15.357142857142858,8.5,1.7857142857142858,0.9821428571428571,0.8392857142857143,0.017857142857142856,6.017857142857143,9.428571428571429,3.3035714285714284,4.660714285714286
Jase Richardson,ORL,SG,54,10.87037037037037,4.425925925925926,1.1666666666666667,1.0740740740740742,0.35185185185185186,0.037037037037037035,0.5185185185185185,1.6481481481481481,3.4814814814814814,0.6111111111111112,0.8518518518518519
Javon Small,MEM,PG,41,20.24390243902439,9.658536585365853,3.1219512195121952,3.682926829268293,0.8292682926829268,0.21951219512195122,1.4634146341463414,3.268292682926829,7.024390243902439,1.6585365853658536,2.0
Javonte Cooke,POR,SG,19,4.947368421052632,1.2105263157894737,1.0,0.3684210526315789,0.3157894736842105,0.0,0.15789473684210525,0.47368421052631576,2.1578947368421053,0.10526315789473684,0.10526315789473684
Javonte Green,DET,SG,82,17.634146341463413,6.939024390243903,2.8048780487804876,0.6829268292682927,1.2439024390243902,0.3048780487804878,1.146341463414634,2.2560975609756095,5.048780487804878,1.2804878048780488,1.524390243902439
Jaxson Hayes,LAL,C,66,18.28787878787879,7.53030303030303,4.106060606060606,0.8939393939393939,0.4393939393939394,0.7878787878787878,0.045454545454545456,3.0,3.9696969696969697,1.4848484848484849,2.272727272727273
Jay Huff,IND,C,82,20.963414634146343,9.548780487804878,3.951219512195122,1.475609756097561,0.5,1.8658536585365855,1.451219512195122,3.548780487804878,7.451219512195122,1.0,1.2073170731707317
Jaylen Brown,BOS,SF,71,34.40845070422535,28.704225352112676,6.929577464788732,5.126760563380282,1.0140845070422535,0.38028169014084506,1.971830985915493,10.366197183098592,21.732394366197184,6.0,7.549295774647887
Jaylen Clark,MIN,SG,68,13.058823529411764,4.044117647058823,1.7647058823529411,0.6323529411764706,0.6911764705882353,0.1323529411764706,0.4852941176470588,1.4558823529411764,3.3529411764705883,0.6470588235294118,0.9852941176470589
Jaylen Wells,MEM,SG,69,26.391304347826086,12.53623188405797,3.1884057971014492,1.608695652173913,0.8840579710144928,0.13043478260869565,1.8695652173913044,4.36231884057971,10.115942028985508,1.9420289855072463,2.4782608695652173
Jaylin Williams,OKC,PF,65,19.646153846153847,7.2153846153846155,5.507692307692308,2.4307692307692306,0.47692307692307695,0.6461538461538462,1.5076923076923077,2.292307692307692,5.415384615384616,1.123076923076923,1.4153846153846155
Jaylon Tyson,CLE,SG,66,26.924242424242426,13.212121212121213,5.121212121212121,2.227272727272727,0.8181818181818182,0.42424242424242425,2.015151515151515,5.0,10.151515151515152,1.196969696969697,1.621212121212121
Jayson Kent,POR,SF,5,4.4,2.0,1.0,0.0,0.2,0.2,0.2,0.8,1.4,0.2,0.2
Jayson Tatum,BOS,PF,16,32.625,21.75,10.0,5.3125,1.375,0.1875,2.9375,7.375,17.9375,4.0625,4.9375
Jeff Green,HOU,PF,30,5.833333333333333,2.2333333333333334,0.8333333333333334,0.26666666666666666,0.06666666666666667,0.06666666666666667,0.4,0.8333333333333334,2.2666666666666666,0.16666666666666666,0.16666666666666666
Jerami Grant,POR,PF,57,29.736842105263158,18.596491228070175,3.473684210526316,2.1403508771929824,0.7368421052631579,0.631578947368421,2.3859649122807016,5.807017543859649,12.807017543859649,4.5964912280701755,5.649122807017544
Jeremiah Fears,NOP,PG,82,25.75609756097561,14.25609756097561,3.658536585365854,3.402439024390244,1.1829268292682926,0.36585365853658536,1.2317073170731707,5.329268292682927,12.268292682926829,2.3658536585365852,3.0
Jeremiah Robinson-Earl,2TM,PF,22,16.40909090909091,4.590909090909091,4.681818181818182,0.6818181818181818,0.4090909090909091,0.045454545454545456,0.45454545454545453,1.6818181818181819,4.545454545454546,0.7727272727272727,0.8181818181818182
Jeremy Sochan,2TM,PF,44,10.659090909090908,3.590909090909091,2.4318181818181817,0.9090909090909091,0.38636363636363635,0.1590909090909091,0.25,1.4545454545454546,2.9318181818181817,0.4318181818181818,0.5909090909090909
Jericho Sims,MIL,C,67,19.671641791044777,4.985074626865671,5.522388059701493,1.5522388059701493,0.2835820895522388,0.2537313432835821,0.0,2.1641791044776117,2.7611940298507465,0.6567164179104478,1.0597014925373134
Jett Howard,ORL,SF,55,12.636363636363637,5.472727272727273,1.5818181818181818,0.8181818181818182,0.18181818181818182,0.2,0.9818181818181818,1.9090909090909092,4.5636363636363635,0.6727272727272727,0.7090909090909091
Jevon Carter,2TM,PG,53,16.358490566037737,6.39622641509434,1.679245283018868,1.6415094339622642,0.7547169811320755,0.18867924528301888,1.471698113207547,2.3207547169811322,5.7924528301886795,0.2830188679245283,0.3584905660377358
Jimmy Butler,GSW,SF,38,31.105263157894736,20.0,5.552631578947368,4.868421052631579,1.4473684210526316,0.21052631578947367,0.8421052631578947,6.315789473684211,12.157894736842104,6.526315789473684,7.552631578947368
Joan Beringer,MIN,PF,40,7.85,3.9,2.3,0.3,0.175,0.65,0.0,1.625,2.45,0.65,0.925
Jock Landale,2TM,C,68,22.147058823529413,10.558823529411764,5.6911764705882355,1.6911764705882353,0.5147058823529411,0.5294117647058824,1.088235294117647,4.147058823529412,8.058823529411764,1.1764705882352942,1.8529411764705883
Joe Ingles,MIN,SF,27,5.666666666666667,1.5185185185185186,0.7037037037037037,1.2592592592592593,0.3333333333333333,0.07407407407407407,0.25925925925925924,0.5925925925925926,1.0,0.07407407407407407,0.07407407407407407
Joel Embiid,PHI,C,38,31.605263157894736,26.86842105263158,7.7105263157894735,3.9473684210526314,0.5526315789473685,1.2105263157894737,1.394736842105263,8.973684210526315,18.342105263157894,7.526315789473684,8.81578947368421
John Collins,LAC,PF,69,27.130434782608695,13.55072463768116,5.318840579710145,1.0144927536231885,0.8695652173913043,0.7391304347826086,1.289855072463768,5.27536231884058,9.55072463768116,1.710144927536232,2.2318840579710146
John Konchar,2TM,SG,56,19.910714285714285,4.428571428571429,4.285714285714286,2.107142857142857,1.4821428571428572,0.6785714285714286,0.5,1.6785714285714286,3.5535714285714284,0.5714285714285714,0.7857142857142857
John Poulakidas,DAL,SG,13,19.46153846153846,8.846153846153847,2.3076923076923075,0.8461538461538461,0.5384615384615384,0.3076923076923077,2.3846153846153846,3.0,7.0,0.46153846153846156,0.5384615384615384
John Tonje,BOS,SG,6,7.0,2.5,1.0,0.3333333333333333,0.3333333333333333,0.0,0.5,0.6666666666666666,2.3333333333333335,0.6666666666666666,0.6666666666666666
Johni Broome,PHI,C,11,5.0,0.9090909090909091,1.4545454545454546,0.36363636363636365,0.2727272727272727,0.18181818181818182,0.0,0.36363636363636365,2.1818181818181817,0.18181818181818182,0.5454545454545454
Johnny Furphy,IND,SG,35,18.37142857142857,5.142857142857143,4.371428571428571,1.1714285714285715,0.5714285714285714,0.2,0.6571428571428571,2.0,4.257142857142857,0.4857142857142857,1.0
Johnny Juzang,MIN,SG,21,4.190476190476191,2.0476190476190474,0.8095238095238095,0.2857142857142857,0.09523809523809523,0.047619047619047616,0.2857142857142857,0.7619047619047619,1.8095238095238095,0.23809523809523808,0.38095238095238093
Jonas Valančiūnas,DEN,C,65,13.4,8.723076923076922,5.061538461538461,1.2,0.2153846153846154,0.5692307692307692,0.12307692307692308,3.4923076923076923,6.0,1.6153846153846154,2.0923076923076924
Jonathan Isaac,ORL,PF,52,10.01923076923077,2.576923076923077,2.5384615384615383,0.4230769230769231,0.38461538461538464,0.5961538461538461,0.1346153846153846,0.8846153846153846,2.0961538461538463,0.6730769230769231,1.1153846153846154
Jonathan Kuminga,2TM,PF,36,23.055555555555557,12.166666666666666,5.611111111111111,2.3055555555555554,0.6111111111111112,0.3055555555555556,0.9722222222222222,4.361111111111111,9.416666666666666,2.4722222222222223,3.4166666666666665
Jonathan Mogbo,TOR,PF,40,6.225,1.525,1.7,0.625,0.275,0.2,0.0,0.65,1.1,0.225,0.35
Jordan Clarkson,NYK,SG,72,17.76388888888889,8.63888888888889,1.7638888888888888,1.3333333333333333,0.4166666666666667,0.125,0.9722222222222222,3.2916666666666665,7.305555555555555,1.0833333333333333,1.3055555555555556
Jordan Goodwin,PHO,PG,70,22.457142857142856,8.7,4.871428571428571,2.157142857142857,1.5142857142857142,0.2,1.6,3.2714285714285714,7.928571428571429,0.5571428571428572,0.8
Jordan Hawkins,NOP,SG,51,13.568627450980392,5.0588235294117645,1.7254901960784315,0.8235294117647058,0.2549019607843137,0.19607843137254902,0.9215686274509803,1.8431372549019607,5.03921568627451,0.45098039215686275,0.5294117647058824
Jordan McLaughlin,SAS,PG,44,6.409090909090909,2.022727272727273,0.7272727272727273,0.8636363636363636,0.45454545454545453,0.045454545454545456,0.38636363636363635,0.75,1.7954545454545454,0.13636363636363635,0.1590909090909091
Jordan Miller,LAC,SF,60,22.083333333333332,9.966666666666667,3.033333333333333,2.2666666666666666,0.75,0.18333333333333332,0.6333333333333333,3.533333333333333,6.65,2.2666666666666666,2.9166666666666665
Jordan Poole,NOP,PG,39,23.923076923076923,13.435897435897436,1.9743589743589745,3.051282051282051,0.5641025641025641,0.38461538461538464,2.4615384615384617,4.230769230769231,11.384615384615385,2.5128205128205128,2.923076923076923
Jordan Walsh,BOS,PF,68,17.823529411764707,5.352941176470588,4.0,0.7941176470588235,0.7205882352941176,0.45588235294117646,0.7058823529411765,2.0,3.926470588235294,0.6470588235294118,0.8382352941176471
Jose Alvarado,2TM,PG,69,19.855072463768117,7.391304347826087,2.4782608695652173,3.391304347826087,0.9565217391304348,0.11594202898550725,1.463768115942029,2.710144927536232,6.507246376811594,0.5072463768115942,0.6666666666666666
Josh Giddey,CHI,PG,54,32.05555555555556,17.01851851851852,8.296296296296296,9.148148148148149,1.0185185185185186,0.5,1.9074074074074074,5.944444444444445,13.277777777777779,3.2222222222222223,4.222222222222222
Josh Green,CHO,SG,58,15.655172413793103,4.293103448275862,1.7586206896551724,0.8103448275862069,0.603448275862069,0.10344827586206896,1.0,1.4310344827586208,3.1206896551724137,0.43103448275862066,0.4827586206896552
Josh Hart,NYK,SF,66,30.21212121212121,12.0,7.363636363636363,4.803030303030303,1.1363636363636365,0.25757575757575757,1.5151515151515151,4.5606060606060606,8.969696969696969,1.3636363636363635,1.893939393939394
Josh Minott,2TM,PF,49,17.020408163265305,7.428571428571429,3.2244897959183674,0.9387755102040817,0.8979591836734694,0.4897959183673469,1.3061224489795917,2.5714285714285716,5.142857142857143,0.9795918367346939,1.2448979591836735
Josh Oduro,NOP,PF,3,27.333333333333332,8.333333333333334,7.666666666666667,1.3333333333333333,0.0,0.0,0.0,3.6666666666666665,5.666666666666667,1.0,2.0
Josh Okogie,HOU,SG,78,17.358974358974358,4.5256410256410255,2.5641025641025643,0.8846153846153846,0.8076923076923077,0.20512820512820512,0.7948717948717948,1.6025641025641026,3.769230769230769,0.5256410256410257,0.8846153846153846
Jrue Holiday,POR,PG,53,29.433962264150942,16.32075471698113,4.622641509433962,6.0754716981132075,1.0188679245283019,0.11320754716981132,2.5849056603773586,6.037735849056604,13.377358490566039,1.6603773584905661,1.9811320754716981
Julian Champagnie,SAS,SF,82,27.634146341463413,11.109756097560975,5.7682926829268295,1.548780487804878,0.7560975609756098,0.4634146341463415,2.3780487804878048,3.6707317073170733,8.402439024390244,1.3902439024390243,1.646341463414634
Julian Phillips,2TM,SF,48,8.916666666666666,2.9166666666666665,1.0208333333333333,0.20833333333333334,0.4583333333333333,0.14583333333333334,0.4166666666666667,1.0625,2.5208333333333335,0.375,0.4791666666666667
Julian Reese,WAS,PF,13,30.923076923076923,11.846153846153847,10.538461538461538,1.8461538461538463,1.3846153846153846,0.6153846153846154,0.0,4.846153846153846,9.153846153846153,2.1538461538461537,3.3846153846153846
Julian Strawther,DEN,SG,57,15.105263157894736,7.245614035087719,2.0,1.0701754385964912,0.43859649122807015,0.10526315789473684,1.0175438596491229,2.6140350877192984,5.5964912280701755,1.0,1.2280701754385965
Julius Randle,MIN,PF,79,33.037974683544306,21.10126582278481,6.734177215189874,5.037974683544304,1.0886075949367089,0.22784810126582278,1.379746835443038,7.341772151898734,15.278481012658228,5.037974683544304,6.2784810126582276
Justin Champagnie,WAS,SF,69,19.956521739130434,8.652173913043478,5.565217391304348,1.2173913043478262,0.855072463768116,0.6231884057971014,0.7681159420289855,3.36231884057971,6.695652173913044,1.1594202898550725,1.4782608695652173
Justin Edwards,PHI,SF,64,15.265625,6.03125,1.46875,1.25,0.84375,0.171875,1.046875,2.234375,5.0,0.515625,0.609375
Jusuf Nurkić,UTA,C,41,26.414634146341463,10.902439024390244,10.365853658536585,4.780487804878049,1.2682926829268293,0.5365853658536586,0.6097560975609756,4.390243902439025,8.731707317073171,1.5121951219512195,2.7560975609756095
KJ Simpson,2TM,PG,20,12.85,4.55,1.85,2.15,0.8,0.0,0.6,1.7,4.95,0.55,0.9
Kadary Richmond,WAS,SG,3,22.333333333333332,8.333333333333334,3.3333333333333335,2.6666666666666665,2.6666666666666665,0.3333333333333333,0.6666666666666666,3.3333333333333335,5.333333333333333,1.0,1.0
Kam Jones,IND,SG,37,16.64864864864865,4.378378378378378,1.6216216216216217,3.2162162162162162,0.4864864864864865,0.0,0.5945945945945946,1.837837837837838,4.5675675675675675,0.10810810810810811,0.21621621621621623
Karl-Anthony Towns,NYK,C,75,30.96,20.053333333333335,11.853333333333333,3.013333333333333,0.8666666666666667,0.5333333333333333,1.5066666666666666,6.8933333333333335,13.76,4.76,5.546666666666667
Karlo Matković,NOP,PF,62,14.709677419354838,5.67741935483871,3.693548387096774,0.8064516129032258,0.4032258064516129,0.8709677419354839,0.6129032258064516,2.2903225806451615,3.7903225806451615,0.4838709677419355,0.6612903225806451
Kasparas Jakučionis,MIA,PG,53,17.830188679245282,6.188679245283019,2.6037735849056602,2.5849056603773586,0.6226415094339622,0.1320754716981132,1.2452830188679245,1.9245283018867925,4.490566037735849,1.0943396226415094,1.2452830188679245
Kawhi Leonard,LAC,SF,65,32.07692307692308,27.892307692307693,6.3538461538461535,3.6,1.876923076923077,0.4153846153846154,2.646153846153846,9.76923076923077,19.353846153846153,5.707692307692308,6.4
Keaton Wallace,ATL,PG,53,10.11320754716981,3.509433962264151,1.0566037735849056,1.7735849056603774,0.4528301886792453,0.09433962264150944,0.7169811320754716,1.2830188679245282,3.2264150943396226,0.22641509433962265,0.33962264150943394
Keegan Murray,SAC,PF,23,34.47826086956522,13.956521739130435,5.739130434782608,1.6521739130434783,1.0434782608695652,1.565217391304348,1.3478260869565217,5.478260869565218,13.043478260869565,1.6521739130434783,2.130434782608696
Kel'el Ware,MIA,C,77,22.12987012987013,11.051948051948052,9.012987012987013,0.7272727272727273,0.7662337662337663,1.0909090909090908,1.1948051948051948,4.467532467532467,8.428571428571429,0.922077922077922,1.2467532467532467
Keldon Johnson,SAS,SF,82,23.304878048780488,13.182926829268293,5.365853658536586,1.353658536585366,0.5609756097560976,0.13414634146341464,1.2073170731707317,5.048780487804878,9.71951219512195,1.8780487804878048,2.3658536585365852
Kelly Olynyk,SAS,C,42,8.571428571428571,3.1666666666666665,1.8095238095238095,1.1666666666666667,0.35714285714285715,0.07142857142857142,0.2857142857142857,1.119047619047619,2.2857142857142856,0.6428571428571429,0.9047619047619048
Kelly Oubre Jr.,PHI,SF,50,31.48,14.1,5.04,1.6,1.36,0.48,1.72,5.08,10.88,2.22,2.9
Kennedy Chandler,UTA,PG,11,32.27272727272727,15.0,3.3636363636363638,6.7272727272727275,1.0,0.18181818181818182,1.3636363636363635,5.545454545454546,12.454545454545455,2.5454545454545454,3.909090909090909
Kenrich Williams,OKC,PF,56,15.267857142857142,6.482142857142857,3.3392857142857144,1.4107142857142858,0.5535714285714286,0.08928571428571429,0.8928571428571429,2.5,5.285714285714286,0.5892857142857143,0.9285714285714286
Kentavious Caldwell-Pope,MEM,SG,51,21.333333333333332,8.392156862745098,2.450980392156863,2.7254901960784315,0.8431372549019608,0.1568627450980392,1.0784313725490196,2.9411764705882355,7.176470588235294,1.4313725490196079,1.5686274509803921
Keon Ellis,2TM,SG,72,20.52777777777778,6.666666666666667,1.875,1.0,1.1527777777777777,0.6388888888888888,1.2638888888888888,2.3472222222222223,5.333333333333333,0.7083333333333334,0.9722222222222222
Keshad Johnson,MIA,SF,32,8.75,4.25,1.9375,0.25,0.46875,0.25,0.40625,1.59375,3.25,0.65625,0.90625
Keshon Gilbert,2TM,SG,4,18.5,4.25,1.25,3.0,0.75,1.0,0.0,1.25,3.0,1.75,1.75
Kevin Durant,HOU,SF,78,36.41025641025641,25.974358974358974,5.461538461538462,4.769230769230769,0.7948717948717948,0.9102564102564102,2.3846153846153846,9.179487179487179,17.641025641025642,5.230769230769231,5.987179487179487
Kevin Huerter,2TM,SF,69,22.44927536231884,10.043478260869565,3.4782608695652173,2.579710144927536,0.9130434782608695,0.4782608695652174,1.4492753623188406,3.898550724637681,8.63768115942029,0.7971014492753623,1.0289855072463767
Kevin Love,UTA,PF,37,16.56756756756757,6.702702702702703,5.8108108108108105,1.8108108108108107,0.3783783783783784,0.24324324324324326,1.4324324324324325,2.135135135135135,5.378378378378378,1.0,1.1891891891891893
Kevin McCullar Jr.,NYK,SF,21,7.380952380952381,2.380952380952381,1.3333333333333333,0.9523809523809523,0.42857142857142855,0.0,0.38095238095238093,0.9523809523809523,2.238095238095238,0.09523809523809523,0.23809523809523808
Kevin Porter Jr.,MIL,PG,38,33.18421052631579,17.394736842105264,5.2105263157894735,7.368421052631579,2.1842105263157894,0.5,1.2105263157894737,6.2894736842105265,13.526315789473685,3.6052631578947367,4.105263157894737
Kevon Looney,NOP,C,21,14.666666666666666,2.8095238095238093,5.619047619047619,1.619047619047619,0.42857142857142855,0.47619047619047616,0.09523809523809523,1.1904761904761905,2.857142857142857,0.3333333333333333,0.47619047619047616
Keyonte George,UTA,PG,54,33.074074074074076,23.61111111111111,3.685185185185185,6.148148148148148,1.0740740740740742,0.25925925925925924,2.4814814814814814,7.444444444444445,16.314814814814813,6.2407407407407405,7.0
Khaman Maluach,PHO,C,46,8.934782608695652,3.0217391304347827,2.891304347826087,0.13043478260869565,0.10869565217391304,0.717391304347826,0.10869565217391304,1.2173913043478262,2.282608695652174,0.4782608695652174,0.6739130434782609
Khris Middleton,2TM,SF,63,22.841269841269842,10.158730158730158,3.6666666666666665,2.7936507936507935,0.6507936507936508,0.14285714285714285,1.0634920634920635,3.6031746031746033,8.571428571428571,1.8888888888888888,2.1587301587301586
Killian Hayes,SAC,PG,23,17.652173913043477,5.521739130434782,2.347826086956522,3.5217391304347827,0.9130434782608695,0.17391304347826086,0.7391304347826086,1.826086956521739,6.0,1.1304347826086956,1.2173913043478262
Klay Thompson,DAL,SF,69,21.695652173913043,11.73913043478261,2.072463768115942,1.391304347826087,0.4782608695652174,0.3188405797101449,2.927536231884058,4.144927536231884,10.55072463768116,0.5217391304347826,0.6811594202898551
Kobe Brown,2TM,PF,61,15.78688524590164,5.786885245901639,3.0327868852459017,1.3114754098360655,0.3770491803278688,0.19672131147540983,0.8524590163934426,2.081967213114754,4.442622950819672,0.7704918032786885,0.9672131147540983
Kobe Bufkin,LAL,SG,16,7.4375,2.875,0.8125,0.625,0.125,0.1875,0.3125,0.9375,3.125,0.6875,0.75
Kobe Sanders,LAC,SG,68,19.86764705882353,7.279411764705882,2.25,1.6029411764705883,0.7205882352941176,0.14705882352941177,1.1764705882352942,2.6323529411764706,5.647058823529412,0.8382352941176471,1.0147058823529411
Koby Brea,PHO,SG,12,7.0,3.75,0.6666666666666666,0.8333333333333334,0.08333333333333333,0.0,1.0833333333333333,1.25,3.0,0.16666666666666666,0.16666666666666666
Kon Knueppel,CHO,SF,81,31.493827160493826,18.493827160493826,5.333333333333333,3.382716049382716,0.7037037037037037,0.2345679012345679,3.3703703703703702,6.3580246913580245,13.382716049382717,2.4074074074074074,2.7901234567901234
Kris Dunn,LAC,PG,82,27.195121951219512,7.2682926829268295,3.3048780487804876,3.597560975609756,1.5975609756097562,0.17073170731707318,0.975609756097561,2.768292682926829,5.817073170731708,0.7560975609756098,0.9878048780487805
Kris Murray,POR,SF,57,23.385964912280702,5.807017543859649,3.6140350877192984,1.4210526315789473,0.8947368421052632,0.38596491228070173,0.5964912280701754,2.263157894736842,4.842105263157895,0.6842105263157895,1.0
Kristaps Porziņģis,2TM,C,32,24.03125,16.65625,5.21875,2.53125,0.5625,1.1875,1.6875,5.40625,12.125,4.15625,4.9375
Kyle Anderson,3TM,SF,43,19.837209302325583,6.186046511627907,3.488372093023256,2.9302325581395348,1.0465116279069768,0.6046511627906976,0.09302325581395349,2.488372093023256,4.6976744186046515,1.1162790697674418,1.5813953488372092
Kyle Filipowski,UTA,C,77,23.38961038961039,11.415584415584416,7.1688311688311686,2.5714285714285716,0.948051948051948,0.5064935064935064,0.961038961038961,4.194805194805195,8.532467532467532,2.064935064935065,2.7532467532467533
Kyle Kuzma,MIL,PF,69,26.17391304347826,12.985507246376812,4.536231884057971,2.6666666666666665,0.6666666666666666,0.4057971014492754,1.2028985507246377,4.913043478260869,9.985507246376812,1.9565217391304348,2.6956521739130435
Kyle Lowry,PHI,PG,14,8.428571428571429,1.2142857142857142,0.6428571428571429,0.7857142857142857,0.14285714285714285,0.14285714285714285,0.2857142857142857,0.2857142857142857,1.7857142857142858,0.35714285714285715,0.42857142857142855
Kyshawn George,WAS,SF,48,28.979166666666668,14.791666666666666,5.104166666666667,4.458333333333333,1.0,0.8958333333333334,2.0625,5.270833333333333,12.020833333333334,2.1875,2.7291666666666665
LJ Cryer,GSW,PG,18,16.22222222222222,8.222222222222221,1.5555555555555556,1.0,0.16666666666666666,0.0,2.0555555555555554,2.611111111111111,6.5,0.9444444444444444,1.0555555555555556
LaMelo Ball,CHO,PG,72,28.01388888888889,20.069444444444443,4.819444444444445,7.138888888888889,1.2083333333333333,0.2361111111111111,3.7777777777777777,7.027777777777778,17.27777777777778,2.236111111111111,2.486111111111111
Lachlan Olbrich,CHI,C,37,9.297297297297296,2.4054054054054053,3.027027027027027,1.135135135135135,0.32432432432432434,0.21621621621621623,0.05405405405405406,0.972972972972973,2.081081081081081,0.40540540540540543,1.0810810810810811
Landry Shamet,NYK,SG,51,22.96078431372549,9.313725490196079,1.803921568627451,1.411764705882353,0.6078431372549019,0.17647058823529413,2.019607843137255,3.1176470588235294,7.137254901960785,1.0588235294117647,1.4901960784313726
Larry Nance Jr.,CLE,PF,35,12.82857142857143,3.742857142857143,2.657142857142857,0.9714285714285714,0.6,0.17142857142857143,0.6,1.4857142857142858,3.5428571428571427,0.17142857142857143,0.37142857142857144
Lauri Markkanen,UTA,PF,42,34.357142857142854,26.738095238095237,6.880952380952381,2.119047619047619,1.0,0.5,2.738095238095238,9.142857142857142,19.166666666666668,5.714285714285714,6.380952380952381
Lawson Lovering,MEM,C,2,24.5,7.0,7.5,1.5,1.5,0.5,0.0,3.0,5.0,1.0,2.5
LeBron James,LAL,SF,60,33.15,20.933333333333334,6.066666666666666,7.2,1.2,0.5833333333333334,1.2833333333333334,7.883333333333334,15.316666666666666,3.8833333333333333,5.266666666666667
Leaky Black,WAS,SF,15,28.866666666666667,7.066666666666666,5.0,1.4666666666666666,1.2,0.5333333333333333,1.2666666666666666,2.6666666666666665,6.866666666666666,0.4666666666666667,0.5333333333333333
Leonard Miller,2TM,SF,46,15.630434782608695,7.8478260869565215,3.9347826086956523,0.8695652173913043,0.3695652173913043,0.32608695652173914,0.6956521739130435,3.152173913043478,5.695652173913044,0.8478260869565217,1.1521739130434783
Liam McNeeley,CHO,SF,31,11.870967741935484,4.258064516129032,2.3548387096774195,0.7741935483870968,0.16129032258064516,0.0967741935483871,0.7741935483870968,1.2258064516129032,3.064516129032258,1.032258064516129,1.2580645161290323
Lindy Waters III,SAS,SG,40,7.125,2.375,0.725,0.475,0.15,0.025,0.675,0.825,2.2,0.05,0.075
Lonzo Ball,CLE,PG,35,20.8,4.571428571428571,4.0,3.8857142857142857,1.2857142857142858,0.2571428571428571,1.1428571428571428,1.5142857142857142,5.0285714285714285,0.4,0.6
Lucas Williamson,MEM,SG,7,32.0,10.428571428571429,5.428571428571429,2.5714285714285716,1.5714285714285714,0.14285714285714285,2.142857142857143,3.5714285714285716,10.714285714285714,1.1428571428571428,1.1428571428571428
Luguentz Dort,OKC,SF,69,26.797101449275363,8.347826086956522,3.550724637681159,1.2318840579710144,0.8985507246376812,0.391304347826087,1.855072463768116,2.927536231884058,7.594202898550725,0.6376811594202898,0.8405797101449275
Luka Dončić,LAL,PG,64,35.765625,33.484375,7.734375,8.28125,1.640625,0.53125,3.96875,10.828125,22.765625,7.859375,10.078125
Luka Garza,BOS,C,69,16.202898550724637,8.072463768115941,4.072463768115942,0.9565217391304348,0.391304347826087,0.4057971014492754,0.7971014492753623,2.9855072463768115,5.173913043478261,1.3043478260869565,1.6956521739130435
Luke Kennard,2TM,SG,78,21.55128205128205,8.35897435897436,2.3333333333333335,2.230769230769231,0.7051282051282052,0.10256410256410256,1.5,3.0256410256410255,5.67948717948718,0.8076923076923077,0.8846153846153846
Luke Kornet,SAS,C,68,21.029411764705884,6.529411764705882,6.088235294117647,1.8529411764705883,0.47058823529411764,0.9558823529411765,0.0,2.573529411764706,4.0,1.3823529411764706,1.6764705882352942
Luke Travers,CLE,SG,12,8.583333333333334,2.3333333333333335,2.0,0.75,0.5833333333333334,0.3333333333333333,0.08333333333333333,0.75,3.0,0.75,0.75
Mac McClung,2TM,SG,11,12.272727272727273,6.090909090909091,0.9090909090909091,0.9090909090909091,1.0,0.2727272727272727,0.6363636363636364,2.090909090909091,5.363636363636363,1.2727272727272727,1.6363636363636365
Malachi Smith,BRK,SG,15,23.933333333333334,8.266666666666667,3.4,3.2666666666666666,0.8,0.26666666666666666,1.3333333333333333,3.2,6.6,0.5333333333333333,0.5333333333333333
Malaki Branham,WAS,SG,28,9.821428571428571,4.571428571428571,1.5714285714285714,0.8214285714285714,0.35714285714285715,0.10714285714285714,0.5,1.5357142857142858,3.25,1.0,1.2142857142857142
Malevy Leons,GSW,SF,25,11.04,3.32,2.12,0.92,0.56,0.36,0.16,1.28,2.88,0.6,0.76
Malik Monk,SAC,SG,62,22.0,12.451612903225806,1.8870967741935485,2.9838709677419355,0.5967741935483871,0.3870967741935484,2.0,4.467741935483871,10.193548387096774,1.5161290322580645,1.7258064516129032
MarJon Beauchamp,PHI,SF,14,14.0,6.785714285714286,2.2857142857142856,1.0714285714285714,0.6428571428571429,0.2857142857142857,1.1428571428571428,2.357142857142857,5.428571428571429,0.9285714285714286,1.3571428571428572
Marcus Sasser,DET,PG,38,12.026315789473685,5.184210526315789,1.0263157894736843,1.9736842105263157,0.5263157894736842,0.10526315789473684,1.1578947368421053,1.8157894736842106,4.657894736842105,0.39473684210526316,0.47368421052631576
Marcus Smart,LAL,SG,62,28.532258064516128,9.338709677419354,2.774193548387097,2.9838709677419355,1.403225806451613,0.3709677419354839,1.564516129032258,3.032258064516129,7.67741935483871,1.7096774193548387,2.0806451612903225
Mark Sears,MIL,PG,7,3.7142857142857144,3.142857142857143,0.2857142857142857,0.2857142857142857,0.0,0.0,0.5714285714285714,0.8571428571428571,1.8571428571428572,0.8571428571428571,1.1428571428571428
Mark Williams,PHO,C,60,23.6,11.666666666666666,7.95,0.9666666666666667,0.9166666666666666,0.9166666666666666,0.016666666666666666,4.7,7.3,2.25,2.9166666666666665
Markelle Fultz,TOR,PG,5,7.2,0.8,0.2,1.6,0.4,0.0,0.0,0.4,2.2,0.0,0.0
Marvin Bagley III,2TM,PF,60,20.016666666666666,10.45,6.1,1.4166666666666667,0.4666666666666667,0.7166666666666667,0.4,4.233333333333333,6.85,1.5833333333333333,2.4
Mason Plumlee,2TM,C,20,8.6,1.55,2.65,1.0,0.5,0.0,0.0,0.55,0.7,0.45,0.7
Matas Buzelis,CHI,PF,77,29.194805194805195,16.25974025974026,5.818181818181818,2.051948051948052,0.7142857142857143,1.5064935064935066,2.2467532467532467,5.792207792207792,12.506493506493506,2.4285714285714284,3.090909090909091
Matisse Thybulle,POR,SG,30,16.0,5.8,1.9666666666666666,0.9,2.0,0.5333333333333333,1.2333333333333334,1.9333333333333333,4.466666666666667,0.7,0.8333333333333334
Max Christie,DAL,SG,77,29.142857142857142,12.272727272727273,3.2337662337662336,1.9610389610389611,0.6103896103896104,0.35064935064935066,2.3376623376623376,4.1558441558441555,9.415584415584416,1.6233766233766234,1.8051948051948052
Max Shulga,BOS,SG,11,3.272727272727273,0.6363636363636364,0.5454545454545454,0.18181818181818182,0.09090909090909091,0.0,0.09090909090909091,0.18181818181818182,0.7272727272727273,0.18181818181818182,0.18181818181818182
Max Strus,CLE,SF,12,24.0,11.166666666666666,5.416666666666667,2.0,0.25,0.0,2.75,3.9166666666666665,8.833333333333334,0.5833333333333334,0.75
Maxi Kleber,LAL,PF,43,10.720930232558139,2.0,1.9534883720930232,0.627906976744186,0.4186046511627907,0.2558139534883721,0.13953488372093023,0.7674418604651163,1.697674418604651,0.32558139534883723,0.6046511627906976
Maxime Raynaud,SAC,C,74,26.54054054054054,12.45945945945946,7.513513513513513,1.3513513513513513,0.5135135135135135,0.527027027027027,0.32432432432432434,5.175675675675675,9.067567567567568,1.7837837837837838,2.27027027027027
Micah Peavy,NOP,SG,61,14.967213114754099,4.295081967213115,1.9180327868852458,1.0,0.7049180327868853,0.14754098360655737,0.45901639344262296,1.7377049180327868,4.508196721311475,0.36065573770491804,0.47540983606557374
Micah Potter,IND,C,47,19.319148936170212,9.74468085106383,4.957446808510638,1.4680851063829787,0.46808510638297873,0.3191489361702128,1.5106382978723405,3.2127659574468086,6.23404255319149,1.8085106382978724,2.148936170212766
Michael Porter Jr.,BRK,SF,52,32.48076923076923,24.21153846153846,7.0576923076923075,3.0384615384615383,1.0576923076923077,0.25,3.3846153846153846,8.538461538461538,18.423076923076923,3.75,4.365384615384615
Mikal Bridges,NYK,SF,82,32.829268292682926,14.402439024390244,3.8048780487804876,3.707317073170732,1.3048780487804879,0.7560975609756098,1.9024390243902438,5.7560975609756095,11.74390243902439,0.9878048780487805,1.1951219512195121
Mike Conley,MIN,PG,54,18.35185185185185,4.537037037037037,1.7222222222222223,2.9074074074074074,0.6481481481481481,0.25925925925925924,1.037037037037037,1.3333333333333333,3.9814814814814814,0.8333333333333334,0.9259259259259259
Miles Bridges,CHO,PF,77,31.0,17.064935064935064,5.8441558441558445,3.1948051948051948,0.5974025974025974,0.44155844155844154,1.922077922077922,6.220779220779221,13.532467532467532,2.7012987012987013,3.2857142857142856
Miles Kelly,DAL,PG,14,9.571428571428571,3.0714285714285716,1.7142857142857142,0.8571428571428571,0.2857142857142857,0.07142857142857142,0.7142857142857143,1.1428571428571428,3.142857142857143,0.07142857142857142,0.07142857142857142
Miles McBride,NYK,SG,41,26.341463414634145,11.975609756097562,2.4390243902439024,2.5853658536585367,0.8536585365853658,0.21951219512195122,2.731707317073171,4.170731707317073,9.853658536585366,0.9024390243902439,1.146341463414634
Mitchell Robinson,NYK,C,60,19.583333333333332,5.666666666666667,8.75,0.8666666666666667,0.9333333333333333,1.1666666666666667,0.0,2.4833333333333334,3.433333333333333,0.7,1.7166666666666666
Mo Bamba,2TM,C,4,11.0,2.5,5.5,0.25,0.0,0.75,0.0,1.25,2.75,0.0,0.0
Mohamed Diawara,NYK,SF,69,9.18840579710145,3.5652173913043477,1.3623188405797102,0.7681159420289855,0.2463768115942029,0.08695652173913043,0.6956521739130435,1.3043478260869565,3.0869565217391304,0.2608695652173913,0.34782608695652173
Monte Morris,IND,PG,6,10.833333333333334,3.0,1.1666666666666667,1.5,0.16666666666666666,0.16666666666666666,0.3333333333333333,1.1666666666666667,3.3333333333333335,0.3333333333333333,0.6666666666666666
Moritz Wagner,ORL,C,36,11.86111111111111,6.861111111111111,3.1944444444444446,0.75,0.4166666666666667,0.05555555555555555,0.6111111111111112,2.3055555555555554,5.416666666666667,1.6388888888888888,2.0
Moses Moody,GSW,SG,60,25.666666666666668,12.133333333333333,3.3333333333333335,1.6333333333333333,0.9666666666666667,0.5666666666666667,2.5166666666666666,4.083333333333333,9.283333333333333,1.45,1.8833333333333333
Mouhamadou Gueye,CHI,PF,2,22.5,8.0,3.0,3.0,1.0,0.5,0.5,3.0,5.5,1.5,2.0
Mouhamed Gueye,ATL,PF,77,15.311688311688311,4.441558441558442,3.5714285714285716,0.8961038961038961,0.7922077922077922,0.5064935064935064,0.5194805194805194,1.7012987012987013,3.7662337662337664,0.5194805194805194,0.8051948051948052
Moussa Cisse,DAL,C,38,13.947368421052632,4.473684210526316,5.684210526315789,0.23684210526315788,0.5,1.1842105263157894,0.0,1.736842105263158,3.026315789473684,1.0,2.1315789473684212
Moussa Diabaté,CHO,C,73,26.013698630136986,7.876712328767123,8.698630136986301,1.9315068493150684,0.7671232876712328,0.9863013698630136,0.0136986301369863,3.136986301369863,4.972602739726027,1.5890410958904109,2.410958904109589
Myles Turner,MIL,C,71,26.929577464788732,11.915492957746478,5.323943661971831,1.4507042253521127,0.704225352112676,1.619718309859155,2.0704225352112675,4.0,9.098591549295774,1.8450704225352113,2.492957746478873
Myron Gardner,MIA,SF,45,9.133333333333333,3.6222222222222222,2.7111111111111112,0.9777777777777777,0.4444444444444444,0.17777777777777778,0.5777777777777777,1.3111111111111111,2.7333333333333334,0.4222222222222222,0.5777777777777777
N'Faly Dante,ATL,C,4,3.75,0.75,1.75,0.0,0.5,0.0,0.0,0.25,1.0,0.25,0.25
Nae'Qwan Tomlin,CLE,PF,64,15.6875,5.84375,2.90625,0.828125,0.640625,0.53125,0.421875,2.34375,4.90625,0.734375,0.953125
Naji Marshall,DAL,SF,74,29.513513513513512,15.243243243243244,4.702702702702703,3.2567567567567566,1.1081081081081081,0.08108108108108109,0.8378378378378378,5.662162162162162,11.094594594594595,3.081081081081081,4.054054054054054
Nate Williams,GSW,SG,14,17.071428571428573,8.0,2.142857142857143,1.0,0.35714285714285715,0.0,0.9285714285714286,3.0714285714285716,6.285714285714286,0.9285714285714286,1.0714285714285714
Naz Reid,MIN,C,77,26.064935064935064,13.584415584415584,6.194805194805195,2.207792207792208,0.987012987012987,1.0129870129870129,2.103896103896104,5.1558441558441555,11.311688311688311,1.1688311688311688,1.5974025974025974
Neemias Queta,BOS,C,76,25.342105263157894,10.210526315789474,8.368421052631579,1.6578947368421053,0.7894736842105263,1.3157894736842106,0.013157894736842105,4.2894736842105265,6.565789473684211,1.618421052631579,2.3026315789473686
Nic Claxton,BRK,C,69,27.82608695652174,11.73913043478261,6.927536231884058,3.6666666666666665,0.6521739130434783,1.1159420289855073,0.043478260869565216,4.826086956521739,8.44927536231884,2.0434782608695654,3.318840579710145
Nick Richards,2TM,C,48,14.604166666666666,5.75,5.0625,0.3333333333333333,0.20833333333333334,0.6666666666666666,0.10416666666666667,2.1458333333333335,4.1875,1.3541666666666667,2.1041666666666665
Nick Smith Jr.,LAL,SG,30,12.5,6.166666666666667,0.7666666666666667,1.0333333333333334,0.3,0.06666666666666667,1.1333333333333333,2.3333333333333335,5.366666666666666,0.36666666666666664,0.5
Nickeil Alexander-Walker,ATL,SG,78,33.37179487179487,20.82051282051282,3.4358974358974357,3.6666666666666665,1.3076923076923077,0.5384615384615384,3.217948717948718,7.0256410256410255,15.320512820512821,3.551282051282051,3.9358974358974357
Nicolas Batum,LAC,PF,74,17.5,3.9594594594594597,2.4864864864864864,0.8648648648648649,0.6351351351351351,0.3108108108108108,1.2432432432432432,1.2972972972972974,3.2162162162162162,0.12162162162162163,0.14864864864864866
Nigel Hayes-Davis,PHO,SF,27,7.222222222222222,1.2592592592592593,1.2222222222222223,0.25925925925925924,0.2962962962962963,0.07407407407407407,0.07407407407407407,0.5555555555555556,1.7037037037037037,0.07407407407407407,0.14814814814814814
Nikola Jokić,DEN,C,65,34.84615384615385,27.676923076923078,12.861538461538462,10.723076923076922,1.4153846153846155,0.8153846153846154,1.7230769230769232,9.907692307692308,17.415384615384614,6.138461538461539,7.384615384615385
Nikola Jović,MIA,PF,47,17.19148936170213,7.319148936170213,3.25531914893617,2.1702127659574466,0.5531914893617021,0.3617021276595745,0.9574468085106383,2.4468085106382977,6.680851063829787,1.4680851063829787,2.148936170212766
Nikola Topić,OKC,PG,10,16.0,5.2,1.9,4.4,0.5,0.0,0.6,2.2,5.1,0.2,0.5
Nikola Vučević,2TM,C,64,28.40625,15.078125,8.390625,3.328125,0.609375,0.640625,1.5625,6.15625,12.484375,1.203125,1.453125
Nique Clifford,SAC,SG,75,25.093333333333334,8.6,3.76,2.3866666666666667,0.9066666666666666,0.32,1.0266666666666666,3.32,7.946666666666666,0.9333333333333333,1.2933333333333332
Noa Essengue,CHI,PF,2,3.0,0.0,0.0,0.0,0.5,0.0,0.0,0.0,1.5,0.0,0.0
Noah Clowney,BRK,PF,66,26.96969696969697,12.257575757575758,4.136363636363637,1.6363636363636365,0.7575757575757576,0.6818181818181818,1.9545454545454546,3.787878787878788,9.56060606060606,2.727272727272727,3.393939393939394
Noah Penda,ORL,SF,59,12.830508474576272,3.847457627118644,3.169491525423729,1.1864406779661016,0.5084745762711864,0.3050847457627119,0.5084745762711864,1.3898305084745763,3.440677966101695,0.559322033898305,0.8135593220338984
Nolan Traoré,BRK,PG,56,22.196428571428573,8.910714285714286,1.7678571428571428,3.8035714285714284,0.8035714285714286,0.4107142857142857,1.0892857142857142,3.25,8.553571428571429,1.3214285714285714,1.6785714285714286
Norchad Omier,LAC,PF,6,4.0,2.8333333333333335,1.1666666666666667,0.3333333333333333,0.16666666666666666,0.0,0.0,1.1666666666666667,1.6666666666666667,0.5,0.5
Norman Powell,MIA,SG,58,29.603448275862068,21.74137931034483,3.5,2.4655172413793105,1.103448275862069,0.2413793103448276,2.689655172413793,7.258620689655173,15.431034482758621,4.5344827586206895,5.482758620689655
OG Anunoby,NYK,PF,67,33.19402985074627,16.686567164179106,5.2388059701492535,2.1641791044776117,1.5522388059701493,0.7164179104477612,2.343283582089552,5.8059701492537314,12.0,2.7313432835820897,3.298507462686567
Obi Toppin,IND,PF,24,17.666666666666668,11.625,4.416666666666667,2.2916666666666665,0.5,0.041666666666666664,1.5416666666666667,4.166666666666667,8.291666666666666,1.75,1.9166666666666667
Ochai Agbaji,2TM,SG,62,15.693548387096774,5.064516129032258,2.274193548387097,0.7580645161290323,0.3870967741935484,0.27419354838709675,0.5483870967741935,1.967741935483871,4.516129032258065,0.5806451612903226,0.6935483870967742
Olivier Sarr,CLE,C,4,9.75,3.5,2.75,1.25,0.5,0.75,0.5,1.25,1.75,0.5,1.25
Olivier-Maxence Prosper,MEM,PF,53,18.566037735849058,10.0,3.5283018867924527,0.9622641509433962,0.7547169811320755,0.24528301886792453,1.1320754716981132,3.6226415094339623,6.60377358490566,1.6226415094339623,2.150943396226415
Omer Yurtseven,GSW,C,9,11.555555555555555,3.7777777777777777,3.3333333333333335,0.8888888888888888,0.2222222222222222,0.1111111111111111,0.0,1.2222222222222223,2.888888888888889,1.3333333333333333,2.0
Onyeka Okongwu,ATL,C,74,31.04054054054054,15.175675675675675,7.594594594594595,3.1216216216216215,1.1081081081081081,1.0675675675675675,1.945945945945946,5.581081081081081,11.621621621621621,2.0675675675675675,2.72972972972973
Orlando Robinson,ORL,C,4,6.25,1.75,1.0,0.75,0.25,0.0,0.25,0.75,1.25,0.0,0.0
Oscar Tshiebwe,UTA,C,27,16.59259259259259,7.814814814814815,6.62962962962963,1.1851851851851851,0.5925925925925926,0.18518518518518517,0.0,3.4074074074074074,5.37037037037037,1.0,1.8148148148148149
Oso Ighodaro,PHO,PF,82,22.048780487804876,6.475609756097561,5.097560975609756,2.2560975609756095,0.8902439024390244,0.6951219512195121,0.0,2.9146341463414633,4.463414634146342,0.6463414634146342,1.4268292682926829
Ousmane Dieng,2TM,C,57,19.280701754385966,7.56140350877193,3.1578947368421053,2.3859649122807016,0.43859649122807015,0.2982456140350877,1.105263157894737,2.9473684210526314,6.982456140350878,0.5614035087719298,0.7894736842105263
P.J. Washington,DAL,PF,56,31.0,14.160714285714286,7.035714285714286,1.75,0.9821428571428571,1.0714285714285714,1.3571428571428572,5.285714285714286,11.75,2.232142857142857,3.25
PJ Hall,2TM,C,19,11.263157894736842,4.526315789473684,3.9473684210526314,0.5263157894736842,0.15789473684210525,0.5263157894736842,0.15789473684210525,1.5789473684210527,3.1052631578947367,1.2105263157894737,1.5263157894736843
Pacôme Dadiet,NYK,SG,29,4.689655172413793,1.6551724137931034,0.9310344827586207,0.41379310344827586,0.10344827586206896,0.034482758620689655,0.2413793103448276,0.5517241379310345,1.6551724137931034,0.3103448275862069,0.3793103448275862
Paolo Banchero,ORL,PF,72,34.75,22.208333333333332,8.38888888888889,5.180555555555555,0.7083333333333334,0.5555555555555556,1.1666666666666667,7.347222222222222,16.0,6.347222222222222,8.194444444444445
Pascal Siakam,IND,PF,62,33.17741935483871,23.951612903225808,6.629032258064516,3.806451612903226,1.1129032258064515,0.4032258064516129,1.6935483870967742,9.016129032258064,18.629032258064516,4.225806451612903,6.096774193548387
Pat Connaughton,CHO,SG,42,7.071428571428571,2.619047619047619,1.4523809523809523,0.42857142857142855,0.2619047619047619,0.023809523809523808,0.5,0.9047619047619048,2.0238095238095237,0.30952380952380953,0.47619047619047616
Pat Spencer,GSW,PG,66,18.62121212121212,7.212121212121212,2.393939393939394,3.515151515151515,0.7272727272727273,0.07575757575757576,0.9090909090909091,2.8181818181818183,6.606060606060606,0.6666666666666666,0.8636363636363636
Patrick Baldwin Jr.,3TM,SF,9,11.333333333333334,3.6666666666666665,2.5555555555555554,0.5555555555555556,0.3333333333333333,0.5555555555555556,0.6666666666666666,1.2222222222222223,3.0,0.5555555555555556,0.7777777777777778
Patrick Williams,CHI,PF,72,20.47222222222222,7.013888888888889,2.986111111111111,1.4583333333333333,0.6805555555555556,0.3611111111111111,1.3194444444444444,2.4722222222222223,6.638888888888889,0.75,1.0416666666666667
Paul George,PHI,PF,37,30.675675675675677,17.324324324324323,5.297297297297297,3.5945945945945947,1.6756756756756757,0.43243243243243246,2.7027027027027026,6.081081081081081,13.864864864864865,2.4594594594594597,3.0
Paul Reed,DET,C,65,13.861538461538462,7.753846153846154,4.523076923076923,1.2307692307692308,0.8769230769230769,0.9230769230769231,0.2,3.2153846153846155,5.2153846153846155,1.123076923076923,1.6923076923076923
Payton Pritchard,BOS,PG,79,32.35443037974684,17.025316455696203,3.949367088607595,5.1645569620253164,0.7341772151898734,0.12658227848101267,2.6835443037974684,6.405063291139241,13.810126582278482,1.5316455696202531,1.7215189873417722
Payton Sandfort,OKC,SF,4,15.75,8.75,2.5,0.0,0.25,0.0,1.75,3.25,6.5,0.5,1.0
Pelle Larsson,MIA,SG,70,26.414285714285715,11.428571428571429,3.4857142857142858,3.3714285714285714,0.7,0.22857142857142856,0.8857142857142857,3.9571428571428573,7.985714285714286,2.6285714285714286,3.3
Pete Nance,MIL,PF,47,15.680851063829786,5.404255319148936,2.6595744680851063,1.0212765957446808,0.2978723404255319,0.2978723404255319,1.0638297872340425,2.127659574468085,4.127659574468085,0.0851063829787234,0.23404255319148937
Peyton Watson,DEN,SF,54,29.59259259259259,14.61111111111111,4.888888888888889,2.0555555555555554,0.9259259259259259,1.1296296296296295,1.5,5.277777777777778,10.75925925925926,2.5555555555555554,3.5
Precious Achiuwa,SAC,C,73,23.904109589041095,10.082191780821917,6.739726027397261,1.3835616438356164,0.8904109589041096,0.684931506849315,0.3698630136986301,4.328767123287672,8.191780821917808,1.0547945205479452,1.904109589041096
Quentin Grimes,PHI,SG,75,29.413333333333334,13.413333333333334,3.64,3.2533333333333334,0.8533333333333334,0.37333333333333335,1.6933333333333334,4.533333333333333,10.066666666666666,2.6533333333333333,3.16
Quenton Jackson,IND,PG,49,18.306122448979593,9.142857142857142,2.326530612244898,2.857142857142857,0.6326530612244898,0.12244897959183673,0.8571428571428571,3.142857142857143,6.6938775510204085,2.0,2.4285714285714284
Quinten Post,GSW,PF,67,17.29850746268657,7.656716417910448,4.014925373134329,1.4029850746268657,0.3880597014925373,0.5223880597014925,1.3880597014925373,2.8805970149253732,6.552238805970149,0.5074626865671642,0.6417910447761194
RJ Barrett,TOR,SF,57,30.280701754385966,19.263157894736842,5.2631578947368425,3.3157894736842106,0.7368421052631579,0.3333333333333333,1.6842105263157894,7.035087719298246,14.31578947368421,3.508771929824561,4.894736842105263
Rasheer Fleming,PHO,PF,55,12.236363636363636,4.327272727272727,2.2545454545454544,0.2909090909090909,0.4,0.38181818181818183,0.8181818181818182,1.5818181818181818,3.909090909090909,0.34545454545454546,0.6181818181818182
RayJ Dennis,3TM,PG,17,12.117647058823529,4.352941176470588,1.5294117647058822,1.9411764705882353,0.23529411764705882,0.23529411764705882,0.8235294117647058,1.5294117647058822,4.882352941176471,0.47058823529411764,0.5294117647058824
Rayan Rupert,2TM,SG,64,16.75,5.1875,2.9375,1.0625,0.859375,0.140625,0.6875,1.921875,4.890625,0.65625,0.84375
Reed Sheppard,HOU,SG,82,26.182926829268293,13.536585365853659,2.902439024390244,3.3780487804878048,1.4878048780487805,0.6585365853658537,2.768292682926829,4.963414634146342,11.536585365853659,0.8414634146341463,1.048780487804878
Riley Minix,2TM,SF,9,6.444444444444445,3.888888888888889,0.6666666666666666,0.5555555555555556,0.2222222222222222,0.1111111111111111,0.4444444444444444,1.5555555555555556,2.5555555555555554,0.3333333333333333,0.3333333333333333
Rob Dillingham,2TM,PG,65,14.923076923076923,6.292307692307692,2.0153846153846153,2.2,0.7230769230769231,0.09230769230769231,0.6461538461538462,2.5076923076923077,6.338461538461538,0.6307692307692307,0.8461538461538461
Robert Williams,POR,C,59,17.084745762711865,6.728813559322034,7.033898305084746,1.0169491525423728,0.5932203389830508,1.4745762711864407,0.15254237288135594,3.0,4.237288135593221,0.576271186440678,0.9661016949152542
Rocco Zikarsky,MIN,C,5,7.2,2.8,2.8,0.4,0.0,1.0,0.0,1.0,1.6,0.8,0.8
Ron Harper Jr.,BOS,SF,29,10.96551724137931,4.241379310344827,1.6551724137931034,0.7586206896551724,0.3448275862068966,0.3103448275862069,0.9655172413793104,1.5862068965517242,3.793103448275862,0.10344827586206896,0.13793103448275862
Ron Holland,DET,SF,78,19.884615384615383,8.205128205128204,4.038461538461538,1.2179487179487178,1.1794871794871795,0.34615384615384615,0.6410256410256411,3.0128205128205128,6.9743589743589745,1.5384615384615385,1.9102564102564104
Royce O'Neale,PHO,SF,78,28.371794871794872,9.807692307692308,4.769230769230769,2.6666666666666665,1.0769230769230769,0.41025641025641024,2.717948717948718,3.371794871794872,8.012820512820513,0.34615384615384615,0.48717948717948717
Rudy Gobert,MIN,C,76,31.31578947368421,10.907894736842104,11.473684210526315,1.6842105263157894,0.7631578947368421,1.631578947368421,0.0,4.407894736842105,6.4605263157894735,2.0921052631578947,3.973684210526316
Rui Hachimura,LAL,PF,68,28.33823529411765,11.470588235294118,3.323529411764706,0.8382352941176471,0.5735294117647058,0.3088235294117647,1.7058823529411764,4.514705882352941,8.779411764705882,0.7352941176470589,1.0588235294117647
Russell Westbrook,SAC,SF,64,28.953125,15.171875,5.4375,6.65625,1.296875,0.1875,2.0,5.59375,13.109375,1.984375,2.859375
Ryan Dunn,PHO,SF,70,19.357142857142858,5.814285714285714,4.242857142857143,1.457142857142857,0.8571428571428571,0.4142857142857143,0.8,2.342857142857143,5.171428571428572,0.32857142857142857,0.6714285714285714
Ryan Kalkbrenner,CHO,C,69,21.434782608695652,7.550724637681159,5.463768115942029,0.782608695652174,0.463768115942029,1.463768115942029,0.0,3.1739130434782608,4.217391304347826,1.2028985507246377,1.681159420289855
Ryan Nembhard,DAL,PG,60,19.516666666666666,6.616666666666666,2.216666666666667,5.266666666666667,0.4166666666666667,0.03333333333333333,0.8,2.7,6.5,0.4166666666666667,0.5166666666666667
Ryan Rollins,MIL,PG,74,32.108108108108105,17.31081081081081,4.5675675675675675,5.594594594594595,1.4864864864864864,0.4189189189189189,2.4864864864864864,6.5675675675675675,13.91891891891892,1.6891891891891893,2.1216216216216215
Saddiq Bey,NOP,SF,72,31.194444444444443,17.65277777777778,5.555555555555555,2.5277777777777777,0.9444444444444444,0.09722222222222222,2.0972222222222223,6.055555555555555,13.430555555555555,3.4444444444444446,4.097222222222222
Sam Hauser,BOS,PF,78,24.794871794871796,9.217948717948717,3.8461538461538463,1.4615384615384615,0.48717948717948717,0.2948717948717949,2.5384615384615383,3.230769230769231,7.705128205128205,0.21794871794871795,0.2564102564102564
Sam Merrill,CLE,SG,52,26.48076923076923,12.75,2.5576923076923075,2.4038461538461537,0.6346153846153846,0.1346153846153846,3.0384615384615383,4.288461538461538,9.307692307692308,1.1346153846153846,1.3269230769230769
Sandro Mamukelashvili,TOR,C,80,21.8875,11.1625,4.9375,1.8875,0.8,0.5125,1.4375,4.125,7.8875,1.475,1.975
Santi Aldama,MEM,PF,43,27.86046511627907,14.0,6.674418604651163,2.9302325581395348,0.8604651162790697,0.7209302325581395,1.627906976744186,5.3023255813953485,11.069767441860465,1.7674418604651163,2.6511627906976742
Scoot Henderson,POR,PG,30,24.933333333333334,14.233333333333333,2.6666666666666665,3.7333333333333334,0.9,0.3,1.9,4.766666666666667,11.4,2.8,3.3333333333333335
Scottie Barnes,TOR,PF,80,33.5125,18.1,7.5,5.925,1.425,1.45,0.85,7.1125,14.0375,3.025,3.7125
Scotty Pippen Jr.,MEM,PG,10,21.2,11.4,2.2,4.7,1.9,0.4,1.0,4.3,9.6,1.8,2.3
Sean Pedulla,LAC,PG,7,4.428571428571429,1.8571428571428572,0.42857142857142855,0.7142857142857143,0.0,0.0,0.42857142857142855,0.7142857142857143,2.142857142857143,0.0,0.0
Seth Curry,GSW,SG,10,13.3,7.1,1.2,1.0,0.3,0.0,1.2,2.4,4.9,1.1,1.2
Shaedon Sharpe,POR,SG,50,29.42,20.84,4.34,2.64,1.4,0.12,2.06,7.84,17.36,3.1,3.94
Shai Gilgeous-Alexander,OKC,PG,68,33.220588235294116,31.13235294117647,4.294117647058823,6.588235294117647,1.3970588235294117,0.7647058823529411,1.6911764705882353,10.75,19.426470588235293,7.9411764705882355,9.029411764705882
Sharife Cooper,WAS,PG,41,17.073170731707318,8.121951219512194,2.097560975609756,3.024390243902439,0.3902439024390244,0.12195121951219512,0.7073170731707317,3.097560975609756,6.024390243902439,1.2195121951219512,1.4634146341463414
Sidy Cissoko,POR,SF,75,19.133333333333333,5.1066666666666665,2.2133333333333334,1.4666666666666666,0.6933333333333334,0.3333333333333333,0.7866666666666666,1.7733333333333334,4.453333333333333,0.7733333333333333,1.1733333333333333
Simone Fontecchio,MIA,SF,70,16.757142857142856,8.528571428571428,3.0142857142857142,1.4428571428571428,0.5285714285714286,0.12857142857142856,1.7571428571428571,2.7714285714285714,6.728571428571429,1.2285714285714286,1.457142857142857
Sion James,CHO,SG,82,22.475609756097562,5.378048780487805,3.5,1.9878048780487805,0.6341463414634146,0.24390243902439024,1.0121951219512195,1.6829268292682926,4.536585365853658,1.0,1.1951219512195121
Skal Labissière,WAS,PF,3,12.666666666666666,4.333333333333333,3.0,1.0,0.6666666666666666,0.3333333333333333,0.3333333333333333,2.0,3.3333333333333335,0.0,0.0
Spencer Jones,DEN,SF,64,22.140625,5.5,3.265625,0.796875,0.8125,0.453125,0.890625,2.0625,4.09375,0.484375,0.796875
Stanley Umude,SAS,SG,2,3.5,1.0,0.0,0.5,0.5,0.0,0.0,0.5,1.0,0.0,0.0
Stephen Curry,GSW,PG,43,30.906976744186046,26.558139534883722,3.5813953488372094,4.72093023255814,1.1395348837209303,0.3953488372093023,4.4186046511627906,8.69767441860465,18.58139534883721,4.744186046511628,5.1395348837209305
Stephon Castle,SAS,PG,68,29.970588235294116,16.66176470588235,5.323529411764706,7.382352941176471,1.1470588235294117,0.27941176470588236,1.1911764705882353,5.661764705882353,12.014705882352942,4.147058823529412,5.647058823529412
Steven Adams,HOU,C,32,22.8125,5.84375,8.625,1.5,0.6875,0.625,0.0,2.1875,4.34375,1.46875,2.53125
Svi Mykhailiuk,UTA,SF,50,23.12,9.38,2.48,1.86,0.52,0.06,1.96,3.46,7.24,0.5,0.56
T.J. McConnell,IND,PG,56,17.196428571428573,9.375,2.2142857142857144,5.125,1.0,0.17857142857142858,0.2857142857142857,4.321428571428571,8.035714285714286,0.44642857142857145,0.5178571428571429
Taelon Peter,IND,SG,38,12.947368421052632,4.5,1.5526315789473684,1.0526315789473684,0.6842105263157895,0.10526315789473684,1.0789473684210527,1.5789473684210527,4.157894736842105,0.2631578947368421,0.42105263157894735
Taj Gibson,MEM,C,10,9.7,3.4,2.7,0.6,0.2,0.1,0.3,1.2,2.6,0.7,0.8
Tari Eason,HOU,PF,60,25.816666666666666,10.45,6.266666666666667,1.5,1.2,0.4666666666666667,1.55,4.016666666666667,9.666666666666666,0.8666666666666667,1.1166666666666667
Taurean Prince,MIL,SF,26,23.5,9.192307692307692,3.1153846153846154,1.7692307692307692,0.6153846153846154,0.23076923076923078,2.3461538461538463,3.3076923076923075,7.346153846153846,0.23076923076923078,0.23076923076923078
Taylor Hendricks,2TM,PF,59,18.949152542372882,7.423728813559322,3.7457627118644066,0.9322033898305084,0.847457627118644,0.5084745762711864,1.0677966101694916,2.76271186440678,6.016949152542373,0.8305084745762712,1.2203389830508475
Terance Mann,BRK,SG,63,24.26984126984127,7.222222222222222,3.1746031746031744,3.015873015873016,0.6507936507936508,0.23809523809523808,0.8888888888888888,2.6666666666666665,5.841269841269841,1.0,1.2698412698412698
Terrence Shannon Jr.,MIN,SG,43,12.511627906976743,5.604651162790698,1.1395348837209303,0.8837209302325582,0.32558139534883723,0.023255813953488372,0.7209302325581395,1.7906976744186047,3.9767441860465116,1.302325581395349,1.627906976744186
Thanasis Antetokounmpo,MIL,SF,34,4.352941176470588,1.3823529411764706,0.8823529411764706,0.4411764705882353,0.38235294117647056,0.17647058823529413,0.0,0.4411764705882353,0.9411764705882353,0.5,0.8823529411764706
Thomas Bryant,CLE,C,60,12.2,6.166666666666667,3.4166666666666665,0.55,0.3,0.43333333333333335,0.7833333333333333,2.25,4.45,0.8833333333333333,1.1
Tidjane Salaün,CHO,PF,37,15.54054054054054,6.0,4.027027027027027,0.7297297297297297,0.43243243243243246,0.1891891891891892,0.972972972972973,2.1621621621621623,4.297297297297297,0.7027027027027027,1.0810810810810811
Tim Hardaway Jr.,DEN,SG,80,26.5875,13.4875,2.575,1.35,0.525,0.125,2.8,4.35,9.7375,1.9875,2.45
Tobias Harris,DET,PF,63,27.714285714285715,13.26984126984127,5.126984126984127,2.492063492063492,0.9206349206349206,0.4126984126984127,1.3015873015873016,4.904761904761905,10.46031746031746,2.1587301587301586,2.492063492063492
Toby Okani,MEM,SG,6,36.166666666666664,10.0,3.5,1.0,0.6666666666666666,0.5,1.5,4.166666666666667,11.666666666666666,0.16666666666666666,1.3333333333333333
Tolu Smith,DET,PF,15,9.133333333333333,3.7333333333333334,3.2666666666666666,0.8666666666666667,0.13333333333333333,0.4,0.0,1.2,2.4,1.3333333333333333,2.0
Tony Bradley,2TM,C,41,10.975609756097562,3.951219512195122,2.8292682926829267,0.5365853658536586,0.14634146341463414,0.17073170731707318,0.04878048780487805,1.5609756097560976,2.8536585365853657,0.7804878048780488,1.048780487804878
Tosan Evbuomwan,NYK,SF,5,1.6,0.0,0.4,0.0,0.0,0.0,0.0,0.0,0.2,0.0,0.0
Toumani Camara,POR,PF,82,33.30487804878049,13.414634146341463,5.134146341463414,2.451219512195122,1.146341463414634,0.4268292682926829,2.6707317073170733,4.780487804878049,10.865853658536585,1.1829268292682926,1.670731707317073
Trae Young,2TM,PG,15,25.6,17.933333333333334,2.0,8.0,0.8666666666666667,0.13333333333333333,1.8,5.4,11.8,5.333333333333333,6.466666666666667
Trayce Jackson-Davis,2TM,C,53,9.358490566037736,3.4150943396226414,2.7358490566037736,0.7358490566037735,0.32075471698113206,0.4528301886792453,0.018867924528301886,1.3396226415094339,2.339622641509434,0.7169811320754716,1.3962264150943395
Tre Johnson,WAS,SG,60,24.05,12.216666666666667,2.8333333333333335,2.033333333333333,0.55,0.3,1.9166666666666667,4.516666666666667,10.783333333333333,1.2666666666666666,1.45
Tre Jones,CHI,PG,65,26.953846153846154,14.061538461538461,3.1384615384615384,5.384615384615385,1.1692307692307693,0.16923076923076924,0.6307692307692307,5.246153846153846,9.492307692307692,2.9384615384615387,3.4923076923076923
Tre Mann,CHO,PG,53,12.622641509433961,5.490566037735849,1.7358490566037736,1.6226415094339623,0.4716981132075472,0.09433962264150944,0.9433962264150944,2.056603773584906,5.716981132075472,0.4339622641509434,0.5094339622641509
Tre Scott,BRK,PF,6,30.333333333333332,8.0,5.166666666666667,1.6666666666666667,1.3333333333333333,0.8333333333333334,1.0,3.1666666666666665,8.333333333333334,0.6666666666666666,1.0
Trendon Watford,PHI,PF,53,16.30188679245283,6.528301886792453,3.30188679245283,2.490566037735849,0.3018867924528302,0.41509433962264153,0.18867924528301888,2.6037735849056602,5.056603773584905,1.1320754716981132,1.4528301886792452
Trentyn Flowers,CHI,SF,2,3.0,2.0,0.5,0.5,0.0,0.0,0.0,1.0,1.5,0.0,0.0
Trevor Keels,MIA,SG,8,1.875,1.0,0.25,0.0,0.125,0.0,0.25,0.375,1.5,0.0,0.0
Trey Alexander,NOP,SG,9,12.333333333333334,5.222222222222222,1.2222222222222223,1.0,0.6666666666666666,0.2222222222222222,0.6666666666666666,2.111111111111111,4.111111111111111,0.3333333333333333,0.5555555555555556
Trey Jemison,NYK,C,13,6.3076923076923075,1.0,1.3846153846153846,0.38461538461538464,0.07692307692307693,0.15384615384615385,0.0,0.46153846153846156,0.7692307692307693,0.07692307692307693,0.07692307692307693
Trey Murphy III,NOP,SF,66,35.46969696969697,21.515151515151516,5.712121212121212,3.787878787878788,1.5,0.36363636363636365,3.242424242424242,7.484848484848484,15.909090909090908,3.303030303030303,3.727272727272727
Tristan Da Silva,ORL,SF,77,24.662337662337663,9.896103896103897,3.688311688311688,1.6103896103896105,0.8831168831168831,0.3246753246753247,1.5584415584415585,3.6233766233766236,8.051948051948052,1.0909090909090908,1.2337662337662338
Tristan Enaruna,CLE,SF,9,9.444444444444445,4.111111111111111,1.5555555555555556,0.7777777777777778,0.5555555555555556,0.0,0.3333333333333333,1.5555555555555556,3.111111111111111,0.6666666666666666,0.8888888888888888
Tristan Vukcevic,WAS,C,49,13.693877551020408,9.0,3.0,1.1224489795918366,0.46938775510204084,0.673469387755102,1.0204081632653061,3.1020408163265305,6.469387755102041,1.7755102040816326,2.2653061224489797
Tristen Newton,HOU,SG,1,12.0,12.0,3.0,0.0,1.0,0.0,2.0,4.0,9.0,2.0,3.0
Ty Jerome,MEM,SG,15,22.6,19.666666666666668,2.8,5.666666666666667,1.0666666666666667,0.26666666666666666,2.8,6.8,14.333333333333334,3.2666666666666666,3.7333333333333334
TyTy Washington Jr.,LAC,PG,16,5.5,1.3125,0.375,1.0625,0.375,0.1875,0.1875,0.5625,1.1875,0.0,0.0
Tyler Burton,MEM,SF,12,25.583333333333332,10.75,4.166666666666667,1.0,0.9166666666666666,0.3333333333333333,1.8333333333333333,3.5,9.333333333333334,1.9166666666666667,2.25
Tyler Herro,MIA,SG,33,31.303030303030305,20.515151515151516,4.787878787878788,4.121212121212121,0.696969696969697,0.36363636363636365,2.5454545454545454,7.484848484848484,15.606060606060606,3.0,3.272727272727273
Tyler Kolek,NYK,PG,62,11.725806451612904,4.419354838709677,1.5806451612903225,2.7419354838709675,0.3548387096774194,0.06451612903225806,0.7096774193548387,1.7419354838709677,4.0,0.22580645161290322,0.3225806451612903
Tyler Smith,DAL,PF,12,13.833333333333334,4.666666666666667,2.75,0.4166666666666667,0.5,0.0,0.8333333333333334,1.75,4.166666666666667,0.3333333333333333,0.5
Tyrese Martin,2TM,SG,46,16.891304347826086,6.304347826086956,2.5217391304347827,1.6956521739130435,0.5434782608695652,0.13043478260869565,1.1521739130434783,2.369565217391304,6.021739130434782,0.41304347826086957,0.6086956521739131
Tyrese Maxey,PHI,PG,70,38.01428571428571,28.285714285714285,4.142857142857143,6.585714285714285,1.8571428571428572,0.7857142857142857,3.142857142857143,9.914285714285715,21.442857142857143,5.314285714285714,5.957142857142857
Tyrese Proctor,CLE,PG,50,10.9,5.44,1.28,1.48,0.5,0.0,0.92,1.86,4.5,0.8,0.9
Tyson Etienne,BRK,PG,24,15.833333333333334,7.875,1.125,1.6666666666666667,0.4583333333333333,0.0,1.7916666666666667,2.4166666666666665,6.041666666666667,1.25,1.5
Tyus Jones,3TM,PG,67,14.611940298507463,2.970149253731343,1.1343283582089552,2.373134328358209,0.5522388059701493,0.04477611940298507,0.5970149253731343,1.1343283582089552,3.253731343283582,0.1044776119402985,0.13432835820895522
VJ Edgecombe,PHI,SG,75,34.973333333333336,15.986666666666666,5.64,4.2,1.4266666666666667,0.52,1.9866666666666666,6.013333333333334,13.733333333333333,1.9733333333333334,2.4133333333333336
Victor Wembanyama,SAS,C,64,29.15625,25.0,11.5,3.109375,1.03125,3.078125,1.90625,8.640625,16.875,5.8125,7.03125
Vince Williams Jr.,2TM,SG,40,20.5,7.5,3.875,4.15,0.725,0.4,1.375,2.575,7.3,0.975,1.25
Vladislav Goldin,MIA,C,9,2.6666666666666665,0.7777777777777778,1.0,0.3333333333333333,0.0,0.3333333333333333,0.0,0.3333333333333333,0.4444444444444444,0.1111111111111111,0.1111111111111111
Vít Krejčí,2TM,PG,65,21.415384615384614,8.461538461538462,2.276923076923077,1.5384615384615385,0.7230769230769231,0.27692307692307694,1.9692307692307693,2.953846153846154,6.6,0.5846153846153846,0.7846153846153846
Walker Kessler,UTA,C,5,30.8,14.4,10.8,3.0,1.4,1.8,1.2,5.2,7.4,2.8,4.0
Walter Clayton,2TM,PG,69,20.434782608695652,7.797101449275362,2.0144927536231885,4.043478260869565,0.6376811594202898,0.2753623188405797,1.0869565217391304,2.5652173913043477,6.681159420289855,1.5797101449275361,1.7536231884057971
Wendell Carter Jr.,ORL,C,78,29.333333333333332,11.820512820512821,7.397435897435898,1.9743589743589745,0.7692307692307693,0.6282051282051282,0.9230769230769231,4.17948717948718,8.166666666666666,2.5384615384615383,3.2051282051282053
Wendell Moore Jr.,DET,SG,6,10.0,1.6666666666666667,1.0,0.6666666666666666,0.3333333333333333,0.3333333333333333,0.0,0.6666666666666666,1.1666666666666667,0.3333333333333333,0.3333333333333333
Will Richard,GSW,SG,69,19.956521739130434,6.391304347826087,2.4927536231884058,1.3478260869565217,1.1594202898550725,0.13043478260869565,1.0289855072463767,2.347826086956522,5.0144927536231885,0.6666666666666666,0.782608695652174
Will Riley,WAS,SF,74,22.06756756756757,10.324324324324325,2.864864864864865,1.972972972972973,0.7297297297297297,0.12162162162162163,1.054054054054054,3.6621621621621623,8.35135135135135,1.945945945945946,2.4324324324324325
Xavier Tillman Sr.,2TM,C,30,6.1,1.4666666666666666,1.4333333333333333,0.43333333333333335,0.3,0.16666666666666666,0.1,0.6666666666666666,1.5333333333333334,0.03333333333333333,0.13333333333333333
Yang Hansen,POR,C,43,6.976744186046512,2.2093023255813953,1.5348837209302326,0.5116279069767442,0.06976744186046512,0.23255813953488372,0.11627906976744186,0.7209302325581395,2.3255813953488373,0.6511627906976745,0.7906976744186046
Yanic Konan Niederhäuser,LAC,C,41,10.341463414634147,4.2926829268292686,2.8536585365853657,0.2926829268292683,0.12195121951219512,0.7317073170731707,0.024390243902439025,1.5609756097560976,2.4390243902439024,1.146341463414634,1.5121951219512195
Yuki Kawamura,CHI,PG,18,11.61111111111111,3.4444444444444446,1.8333333333333333,2.611111111111111,0.5,0.0,0.6111111111111112,0.9444444444444444,2.888888888888889,0.9444444444444444,1.0555555555555556
Yves Missi,NOP,C,66,19.651515151515152,5.712121212121212,5.833333333333333,1.2727272727272727,0.30303030303030304,1.5303030303030303,0.0,2.4242424242424243,4.454545454545454,0.8636363636363636,1.5454545454545454
Zaccharie Risacher,ATL,SF,67,22.432835820895523,9.567164179104477,3.8358208955223883,1.1343283582089552,0.8805970149253731,0.5373134328358209,1.4179104477611941,3.6417910447761193,8.0,0.8656716417910447,1.3432835820895523
Zach Collins,CHI,C,10,18.4,9.7,5.6,1.5,0.2,0.4,0.9,3.7,6.4,1.4,2.0
Zach Edey,MEM,C,11,25.818181818181817,13.636363636363637,11.090909090909092,1.0909090909090908,0.6363636363636364,1.9090909090909092,0.09090909090909091,5.636363636363637,8.909090909090908,2.272727272727273,2.909090909090909
Zach LaVine,SAC,SG,39,31.384615384615383,19.17948717948718,2.769230769230769,2.282051282051282,0.717948717948718,0.2564102564102564,2.5384615384615383,6.717948717948718,14.025641025641026,3.2051282051282053,3.641025641025641
Zeke Nnaji,DEN,PF,52,12.038461538461538,3.6538461538461537,2.6153846153846154,0.5576923076923077,0.3269230769230769,0.46153846153846156,0.2692307692307692,1.3653846153846154,2.9038461538461537,0.6538461538461539,0.8461538461538461
Ziaire Williams,BRK,SF,56,22.875,10.232142857142858,2.392857142857143,1.0714285714285714,1.3571428571428572,0.375,1.5357142857142858,3.2857142857142856,7.732142857142857,2.125,2.5
Zion Williamson,NOP,PF,62,29.693548387096776,21.0,5.693548387096774,3.2096774193548385,0.967741935483871,0.5483870967741935,0.016129032258064516,7.806451612903226,13.016129032258064,5.370967741935484,7.5
Zyon Pullin,MIN,SG,5,8.6,4.6,0.6,1.8,0.2,0.0,0.2,1.8,2.6,0.8,0.8
