player,nba_team,positions,games,minutes_pg,pts_pg,reb_pg,ast_pg,stl_pg,blk_pg,fg3m_pg,fgm_pg,fga_pg,ftm_pg,fta_pg
A.J. Green,MIL,SG,73,22.726027397260275,7.410958904109589,2.3835616438356166,1.4794520547945205,0.5068493150684932,0.0958904109589041,2.1232876712328768,2.493150684931507,5.808219178082192,0.3013698630136986,0.3698630136986301
A.J. Lawson,TOR,SG,26,18.692307692307693,9.076923076923077,3.3076923076923075,1.1923076923076923,0.5,0.23076923076923078,1.2692307692307692,3.076923076923077,7.3076923076923075,1.6538461538461537,2.423076923076923
AJ Johnson,2TM,SG,29,22.03448275862069,7.586206896551724,2.0344827586206895,2.6206896551724137,0.41379310344827586,0.10344827586206896,0.8275862068965517,2.8275862068965516,7.344827586206897,1.103448275862069,1.2758620689655173
Aaron Gordon,DEN,PF,51,28.372549019607842,14.666666666666666,4.8431372549019605,3.215686274509804,0.45098039215686275,0.27450980392156865,1.4705882352941178,5.176470588235294,9.745098039215685,2.843137254901961,3.5098039215686274
Aaron Holiday,HOU,PG,62,12.774193548387096,5.483870967741935,1.2580645161290323,1.3387096774193548,0.3064516129032258,0.1774193548387097,1.1612903225806452,1.8870967741935485,4.32258064516129,0.5483870967741935,0.6612903225806451
Aaron Nesmith,IND,SF,45,24.933333333333334,12.022222222222222,3.9555555555555557,1.2,0.7777777777777778,0.37777777777777777,1.8666666666666667,4.266666666666667,8.422222222222222,1.6222222222222222,1.7777777777777777
Aaron Wiggins,OKC,SG,76,22.94736842105263,12.026315789473685,3.8815789473684212,1.763157894736842,0.7894736842105263,0.23684210526315788,1.7105263157894737,4.671052631578948,9.578947368421053,0.9736842105263158,1.1710526315789473
Adam Flagler,OKC,SG,37,5.486486486486487,1.7567567567567568,0.7297297297297297,0.32432432432432434,0.21621621621621623,0.08108108108108109,0.3783783783783784,0.6756756756756757,2.5945945945945947,0.02702702702702703,0.05405405405405406
Adama Sanogo,CHI,C,4,5.25,2.0,1.5,0.25,0.0,0.0,0.0,1.0,1.75,0.0,0.0
Adem Bona,PHI,C,58,15.60344827586207,5.810344827586207,4.224137931034483,0.46551724137931033,0.4482758620689655,1.1896551724137931,0.0,2.3275862068965516,3.310344827586207,1.1551724137931034,1.7241379310344827
Ajay Mitchell,OKC,SG,36,16.583333333333332,6.5,1.8888888888888888,1.7777777777777777,0.6944444444444444,0.1111111111111111,0.6388888888888888,2.5277777777777777,5.111111111111111,0.8055555555555556,0.9722222222222222
Al Horford,BOS,C,60,27.65,8.966666666666667,6.15,2.1333333333333333,0.6,0.85,1.9,3.25,7.683333333333334,0.5666666666666667,0.6333333333333333
Alec Burks,MIA,SG,49,17.612244897959183,7.26530612244898,2.5306122448979593,1.1224489795918366,0.5714285714285714,0.14285714285714285,1.7959183673469388,2.3469387755102042,5.530612244897959,0.7755102040816326,1.0
Alex Caruso,OKC,SG,54,19.27777777777778,7.074074074074074,2.9444444444444446,2.537037037037037,1.6111111111111112,0.5555555555555556,1.1111111111111112,2.5925925925925926,5.814814814814815,0.7777777777777778,0.9444444444444444
Alex Ducas,OKC,SG,21,5.9523809523809526,1.7142857142857142,1.2380952380952381,0.23809523809523808,0.23809523809523808,0.0,0.47619047619047616,0.5714285714285714,1.4285714285714286,0.09523809523809523,0.09523809523809523
Alex Len,2TM,C,46,8.26086956521739,1.608695652173913,2.0652173913043477,0.8260869565217391,0.1956521739130435,0.45652173913043476,0.043478260869565216,0.6956521739130435,1.3695652173913044,0.17391304347826086,0.3695652173913043
Alex Reese,2TM,PF,15,14.4,5.066666666666666,3.1333333333333333,0.26666666666666666,0.6666666666666666,0.6666666666666666,1.0,1.7333333333333334,3.6,0.6,0.8
Alex Sarr,WAS,C,67,27.074626865671643,12.970149253731343,6.492537313432836,2.4029850746268657,0.6567164179104478,1.507462686567164,1.5671641791044777,4.865671641791045,12.35820895522388,1.671641791044776,2.462686567164179
Alondes Williams,DET,SG,1,4.0,5.0,0.0,1.0,0.0,0.0,1.0,2.0,2.0,0.0,0.0
Alperen Şengün,HOU,C,76,31.513157894736842,19.092105263157894,10.342105263157896,4.894736842105263,1.105263157894737,0.8026315789473685,0.27631578947368424,7.4605263157894735,15.039473684210526,3.8947368421052633,5.631578947368421
Amen Thompson,HOU,SF,69,32.2463768115942,14.057971014492754,8.173913043478262,3.8405797101449277,1.4057971014492754,1.289855072463768,0.36231884057971014,5.6231884057971016,10.101449275362318,2.449275362318841,3.579710144927536
Amir Coffey,LAC,SG,72,24.27777777777778,9.666666666666666,2.236111111111111,1.0694444444444444,0.5555555555555556,0.09722222222222222,1.4027777777777777,3.3333333333333335,7.083333333333333,1.5972222222222223,1.7916666666666667
Andre Drummond,PHI,C,40,18.775,7.325,7.75,0.85,0.975,0.45,0.075,2.925,5.85,1.4,2.25
Andre Jackson Jr.,MIL,SG,67,14.626865671641792,3.4328358208955225,2.716417910447761,1.2388059701492538,0.5074626865671642,0.208955223880597,0.44776119402985076,1.4029850746268657,2.9402985074626864,0.1791044776119403,0.3582089552238806
Andrew Nembhard,IND,SG,65,28.93846153846154,10.046153846153846,3.3230769230769233,5.015384615384615,1.2153846153846153,0.16923076923076924,0.7846153846153846,3.8,8.292307692307693,1.6615384615384616,2.0923076923076924
Andrew Wiggins,2TM,SF,60,30.7,17.966666666666665,4.483333333333333,2.6333333333333333,1.0,0.8333333333333334,2.1666666666666665,6.266666666666667,13.983333333333333,3.2666666666666666,4.283333333333333
Anfernee Simons,POR,SG,70,32.74285714285714,19.257142857142856,2.7,4.814285714285714,0.8571428571428571,0.07142857142857142,3.0714285714285716,6.8428571428571425,16.071428571428573,2.5,2.7714285714285714
Anthony Black,ORL,PG,78,24.192307692307693,9.435897435897436,2.948717948717949,3.076923076923077,1.1025641025641026,0.6153846153846154,0.7948717948717948,3.358974358974359,7.948717948717949,1.9230769230769231,2.5256410256410255
Anthony Davis,2TM,C,51,33.450980392156865,24.725490196078432,11.568627450980392,3.549019607843137,1.1568627450980393,2.156862745098039,0.6862745098039216,9.215686274509803,17.84313725490196,5.607843137254902,7.235294117647059
Anthony Edwards,MIN,SG,79,36.34177215189873,27.556962025316455,5.69620253164557,4.544303797468355,1.1518987341772151,0.6455696202531646,4.050632911392405,9.126582278481013,20.40506329113924,5.253164556962025,6.2784810126582276
Anthony Gill,WAS,PF,51,7.784313725490196,2.5294117647058822,1.2941176470588236,0.3137254901960784,0.17647058823529413,0.0392156862745098,0.19607843137254902,0.8431372549019608,1.7254901960784315,0.6470588235294118,0.9803921568627451
Anton Watson,NYK,SF,9,2.4444444444444446,0.8888888888888888,0.3333333333333333,0.2222222222222222,0.1111111111111111,0.0,0.0,0.4444444444444444,1.0,0.0,0.0
Antonio Reeves,NOP,SG,44,15.0,6.931818181818182,1.4318181818181819,0.8863636363636364,0.4772727272727273,0.09090909090909091,1.1590909090909092,2.5681818181818183,5.636363636363637,0.6363636363636364,0.7954545454545454
Ariel Hukporti,NYK,C,25,8.68,1.92,2.04,0.44,0.04,0.6,0.0,0.84,1.24,0.24,0.52
Armel Traoré,LAL,SF,9,7.444444444444445,1.5555555555555556,1.6666666666666667,0.1111111111111111,0.4444444444444444,0.2222222222222222,0.0,0.6666666666666666,2.111111111111111,0.2222222222222222,0.7777777777777778
Ausar Thompson,DET,SF,59,22.508474576271187,10.067796610169491,5.135593220338983,2.2711864406779663,1.6610169491525424,0.6779661016949152,0.1864406779661017,4.169491525423729,7.796610169491525,1.5423728813559323,2.406779661016949
Austin Reaves,LAL,SG,73,34.93150684931507,20.205479452054796,4.506849315068493,5.767123287671233,1.1095890410958904,0.3013698630136986,2.73972602739726,6.534246575342466,14.205479452054794,4.397260273972603,5.013698630136986
Ayo Dosunmu,CHI,SG,46,30.304347826086957,12.304347826086957,3.5,4.521739130434782,0.9347826086956522,0.391304347826087,1.3478260869565217,4.804347826086956,9.76086956521739,1.3478260869565217,1.7173913043478262
Bam Adebayo,MIA,C,78,34.282051282051285,18.076923076923077,9.602564102564102,4.32051282051282,1.2564102564102564,0.6794871794871795,1.0128205128205128,6.923076923076923,14.26923076923077,3.217948717948718,4.205128205128205
Baylor Scheierman,BOS,SG,31,12.387096774193548,3.6451612903225805,2.096774193548387,1.064516129032258,0.5483870967741935,0.06451612903225806,0.8387096774193549,1.2580645161290323,3.5483870967741935,0.2903225806451613,0.3870967741935484
Ben Sheppard,IND,SG,63,19.50793650793651,5.26984126984127,2.8095238095238093,1.3492063492063493,0.6031746031746031,0.2222222222222222,1.0793650793650793,1.9047619047619047,4.555555555555555,0.38095238095238093,0.42857142857142855
Ben Simmons,2TM,PG,51,21.96078431372549,5.019607843137255,4.7254901960784315,5.588235294117647,0.7450980392156863,0.45098039215686275,0.0,2.2745098039215685,4.372549019607843,0.47058823529411764,0.6470588235294118
Bennedict Mathurin,IND,SF,72,29.84722222222222,16.055555555555557,5.319444444444445,1.8888888888888888,0.6527777777777778,0.3333333333333333,1.3611111111111112,5.430555555555555,11.847222222222221,3.8333333333333335,4.611111111111111
Bilal Coulibaly,WAS,SF,59,33.016949152542374,12.322033898305085,4.983050847457627,3.3728813559322033,1.3220338983050848,0.6949152542372882,1.0677966101694916,4.4576271186440675,10.576271186440678,2.3389830508474576,3.135593220338983
Bismack Biyombo,SAS,C,28,18.857142857142858,5.142857142857143,5.642857142857143,1.1071428571428572,0.5714285714285714,0.8214285714285714,0.0,2.392857142857143,4.071428571428571,0.35714285714285715,0.8928571428571429
Blake Wesley,SAS,SG,58,11.775862068965518,3.7413793103448274,1.0517241379310345,1.9655172413793103,0.6379310344827587,0.10344827586206896,0.29310344827586204,1.396551724137931,3.206896551724138,0.6551724137931034,1.0517241379310345
Bobby Portis,MIL,PF,49,25.387755102040817,13.877551020408163,8.387755102040817,2.122448979591837,0.7142857142857143,0.5306122448979592,1.3265306122448979,5.653061224489796,12.142857142857142,1.2448979591836735,1.489795918367347
Bobi Klintman,DET,SF,8,5.25,1.875,0.875,0.875,0.25,0.125,0.25,0.75,1.25,0.125,0.25
Bogdan Bogdanović,2TM,SG,54,24.962962962962962,10.796296296296296,2.9444444444444446,2.7037037037037037,0.7592592592592593,0.2037037037037037,1.9444444444444444,3.888888888888889,9.11111111111111,1.0740740740740742,1.2222222222222223
Bol Bol,PHO,PF,36,12.444444444444445,6.777777777777778,2.888888888888889,0.6111111111111112,0.25,0.6944444444444444,0.8888888888888888,2.6666666666666665,5.083333333333333,0.5555555555555556,0.7222222222222222
Bones Hyland,2TM,PG,24,9.958333333333334,6.208333333333333,1.0416666666666667,1.3333333333333333,0.75,0.16666666666666666,1.3333333333333333,1.9583333333333333,4.916666666666667,0.9583333333333334,1.0833333333333333
Bradley Beal,PHO,SG,53,32.113207547169814,17.0188679245283,3.339622641509434,3.6792452830188678,1.0943396226415094,0.5283018867924528,1.9245283018867925,6.509433962264151,13.09433962264151,2.0754716981132075,2.5849056603773586
Branden Carlson,OKC,C,32,7.6875,3.8125,1.6875,0.4375,0.15625,0.65625,0.6875,1.34375,3.03125,0.4375,0.5625
Brandin Podziemski,GSW,SG,64,26.8125,11.671875,5.078125,3.4375,1.078125,0.203125,1.796875,4.375,9.828125,1.125,1.484375
Brandon Boston Jr.,NOP,SG,42,23.642857142857142,10.666666666666666,3.1904761904761907,2.1904761904761907,1.2619047619047619,0.21428571428571427,1.1666666666666667,3.9523809523809526,9.071428571428571,1.5952380952380953,2.0238095238095237
Brandon Clarke,MEM,PF,64,18.859375,8.34375,5.09375,1.03125,0.8125,0.5625,0.015625,3.6875,5.9375,0.953125,1.359375
Brandon Ingram,NOP,SF,18,33.05555555555556,22.22222222222222,5.555555555555555,5.166666666666667,0.8888888888888888,0.6111111111111112,2.388888888888889,8.61111111111111,18.5,2.611111111111111,3.0555555555555554
Brandon Miller,CHO,SF,27,34.22222222222222,21.037037037037038,4.851851851851852,3.6296296296296298,1.0740740740740742,0.7407407407407407,3.8518518518518516,7.333333333333333,18.185185185185187,2.5185185185185186,2.925925925925926
Brandon Williams,DAL,PG,33,14.757575757575758,8.333333333333334,1.7575757575757576,2.303030303030303,0.7272727272727273,0.15151515151515152,0.7272727272727273,2.9696969696969697,5.696969696969697,1.6666666666666667,2.0
Braxton Key,GSW,SF,3,3.6666666666666665,1.0,0.6666666666666666,0.0,0.6666666666666666,0.0,0.0,0.0,1.3333333333333333,1.0,2.0
Brice Sensabaugh,UTA,SF,71,20.169014084507044,10.873239436619718,2.9577464788732395,1.5492957746478873,0.647887323943662,0.11267605633802817,2.211267605633803,3.8732394366197185,8.43661971830986,0.9154929577464789,1.028169014084507
Bronny James,LAL,SG,27,6.703703703703703,2.2962962962962963,0.6666666666666666,0.8148148148148148,0.3333333333333333,0.1111111111111111,0.3333333333333333,0.7777777777777778,2.4814814814814814,0.4074074074074074,0.5185185185185185
Brook Lopez,MIL,C,80,31.825,13.0125,5.0125,1.7875,0.625,1.85,1.7375,4.925,9.675,1.425,1.725
Bruce Brown,2TM,PG,41,22.48780487804878,8.292682926829269,4.0,2.048780487804878,0.8292682926829268,0.24390243902439024,0.6585365853658537,3.1707317073170733,7.536585365853658,1.2926829268292683,1.5853658536585367
Bruno Fernando,TOR,C,17,8.647058823529411,3.411764705882353,3.0,1.0588235294117647,0.23529411764705882,0.5294117647058824,0.0,1.5294117647058822,2.8823529411764706,0.35294117647058826,0.47058823529411764
Bryce McGowens,POR,SG,13,2.4615384615384617,1.0,0.23076923076923078,0.15384615384615385,0.07692307692307693,0.0,0.0,0.3076923076923077,1.0769230769230769,0.38461538461538464,0.46153846153846156
Bub Carrington,WAS,PG,82,29.975609756097562,9.841463414634147,4.158536585365853,4.439024390243903,0.6585365853658537,0.25609756097560976,1.6829268292682926,3.658536585365854,9.121951219512194,0.8414634146341463,1.0365853658536586
Buddy Hield,GSW,SG,82,22.71951219512195,11.121951219512194,3.2195121951219514,1.6341463414634145,0.8414634146341463,0.2804878048780488,2.475609756097561,4.0,9.585365853658537,0.6463414634146342,0.7804878048780488
CJ McCollum,NOP,PG,56,32.714285714285715,21.125,3.7857142857142856,4.053571428571429,0.8214285714285714,0.42857142857142855,3.0535714285714284,7.928571428571429,17.857142857142858,2.2142857142857144,3.0892857142857144
Cade Cunningham,DET,PG,70,35.02857142857143,26.142857142857142,6.071428571428571,9.114285714285714,1.0142857142857142,0.7571428571428571,2.1285714285714286,9.771428571428572,20.814285714285713,4.4714285714285715,5.285714285714286
Caleb Houstan,ORL,SF,58,13.586206896551724,4.120689655172414,1.293103448275862,0.603448275862069,0.3793103448275862,0.10344827586206896,1.103448275862069,1.3793103448275863,3.2758620689655173,0.25862068965517243,0.29310344827586204
Caleb Martin,2TM,SF,45,27.066666666666666,7.911111111111111,3.933333333333333,2.111111111111111,1.0222222222222221,0.5111111111111111,0.8222222222222222,2.8666666666666667,6.7555555555555555,1.3555555555555556,2.1777777777777776
Cam Christie,LAC,SG,13,4.538461538461538,1.3846153846153846,0.9230769230769231,0.46153846153846156,0.38461538461538464,0.07692307692307693,0.15384615384615385,0.5384615384615384,1.8461538461538463,0.15384615384615385,0.3076923076923077
Cam Reddish,LAL,SF,33,17.848484848484848,3.1818181818181817,2.0,0.6666666666666666,1.0,0.30303030303030304,0.3939393939393939,1.1515151515151516,2.8484848484848486,0.48484848484848486,0.7878787878787878
Cam Spencer,MEM,SG,25,10.08,4.24,1.2,1.36,0.36,0.04,0.76,1.36,3.28,0.76,0.76
Cam Thomas,BRK,SG,25,31.24,23.96,3.32,3.76,0.6,0.08,2.72,7.96,18.16,5.32,6.04
Cam Whitmore,HOU,SF,51,16.215686274509803,9.352941176470589,2.9607843137254903,0.9607843137254902,0.6078431372549019,0.2549019607843137,1.2745098039215685,3.5098039215686274,7.901960784313726,1.0588235294117647,1.411764705882353
Cameron Johnson,BRK,PF,57,31.57894736842105,18.771929824561404,4.333333333333333,3.4035087719298245,0.9298245614035088,0.43859649122807015,2.789473684210526,6.228070175438597,13.105263157894736,3.526315789473684,3.9473684210526314
Cameron Payne,NYK,PG,72,15.13888888888889,6.944444444444445,1.4444444444444444,2.8194444444444446,0.5416666666666666,0.2222222222222222,1.2916666666666667,2.486111111111111,6.194444444444445,0.6805555555555556,0.75
Caris LeVert,2TM,SG,64,24.9375,12.125,3.171875,3.359375,0.890625,0.515625,1.65625,4.375,9.359375,1.71875,2.421875
Cason Wallace,OKC,SG,68,27.58823529411765,8.352941176470589,3.3676470588235294,2.5441176470588234,1.7647058823529411,0.5147058823529411,1.088235294117647,3.411764705882353,7.1911764705882355,0.4411764705882353,0.5441176470588235
Charles Bassey,SAS,C,36,10.444444444444445,4.361111111111111,4.222222222222222,0.4722222222222222,0.3888888888888889,0.8333333333333334,0.0,1.8888888888888888,3.25,0.5833333333333334,0.9166666666666666
Chet Holmgren,OKC,C,32,27.40625,14.96875,8.03125,1.96875,0.71875,2.21875,1.375,5.21875,10.65625,3.15625,4.1875
Chris Boucher,TOR,PF,50,17.24,10.04,4.48,0.66,0.48,0.5,1.4,3.64,7.4,1.36,1.74
Chris Duarte,CHI,SG,17,4.352941176470588,2.1176470588235294,1.1764705882352942,0.5294117647058824,0.0,0.0,0.35294117647058826,0.7058823529411765,1.5294117647058822,0.35294117647058826,0.47058823529411764
Chris Livingston,MIL,SF,21,5.0476190476190474,1.4285714285714286,1.6666666666666667,0.23809523809523808,0.23809523809523808,0.0,0.0,0.42857142857142855,1.2857142857142858,0.5714285714285714,0.7619047619047619
Chris Paul,SAS,PG,82,27.951219512195124,8.817073170731707,3.6097560975609757,7.378048780487805,1.2560975609756098,0.2682926829268293,1.7073170731707317,3.0365853658536586,7.109756097560975,1.0365853658536586,1.1219512195121952
Christian Braun,DEN,SG,79,33.860759493670884,15.417721518987342,5.189873417721519,2.5949367088607596,1.0759493670886076,0.46835443037974683,1.1265822784810127,6.025316455696203,10.39240506329114,2.240506329113924,2.7088607594936707
Christian Koloko,LAL,C,37,9.243243243243244,2.4324324324324325,2.4864864864864864,0.43243243243243246,0.21621621621621623,0.43243243243243246,0.0,1.0810810810810811,1.7837837837837838,0.2702702702702703,0.3783783783783784
Chuma Okeke,2TM,PF,9,21.77777777777778,5.888888888888889,5.222222222222222,1.6666666666666667,0.5555555555555556,0.4444444444444444,1.2222222222222223,2.2222222222222223,4.444444444444445,0.2222222222222222,0.3333333333333333
Clint Capela,ATL,C,55,21.381818181818183,8.872727272727273,8.527272727272727,1.1272727272727272,0.6181818181818182,0.9636363636363636,0.0,3.963636363636364,7.090909090909091,0.9454545454545454,1.7636363636363637
Coby White,CHI,SG,74,33.108108108108105,20.39189189189189,3.689189189189189,4.45945945945946,0.9324324324324325,0.21621621621621623,2.918918918918919,6.864864864864865,15.14864864864865,3.7432432432432434,4.148648648648648
Cody Martin,2TM,SF,53,22.132075471698112,6.754716981132075,4.226415094339623,1.9811320754716981,1.0566037735849056,0.6037735849056604,0.8113207547169812,2.5660377358490565,6.132075471698113,0.8113207547169812,1.150943396226415
Cody Williams,UTA,SG,50,21.2,4.6,2.26,1.18,0.46,0.32,0.7,1.66,5.14,0.58,0.8
Colby Jones,2TM,SG,39,13.205128205128204,4.0256410256410255,2.230769230769231,1.1282051282051282,0.6666666666666666,0.3333333333333333,0.41025641025641024,1.5128205128205128,3.3076923076923075,0.5897435897435898,0.8974358974358975
Cole Anthony,ORL,PG,67,18.417910447761194,9.402985074626866,3.044776119402985,2.8507462686567164,0.6716417910447762,0.47761194029850745,1.1492537313432836,3.4328358208955225,8.104477611940299,1.3880597014925373,1.6865671641791045
Cole Swider,2TM,SF,10,16.9,5.9,2.7,0.3,0.4,0.2,1.5,2.2,6.3,0.0,0.1
Colin Castleton,3TM,C,26,16.615384615384617,4.730769230769231,4.6923076923076925,1.0769230769230769,0.3076923076923077,0.38461538461538464,0.07692307692307693,1.7692307692307692,3.769230769230769,1.1153846153846154,1.4615384615384615
Collin Gillespie,PHO,PG,33,13.969696969696969,5.878787878787879,2.3636363636363638,2.3636363636363638,0.6363636363636364,0.15151515151515152,1.1818181818181819,2.0606060606060606,4.787878787878788,0.5757575757575758,0.6666666666666666
Collin Sexton,UTA,SG,63,27.904761904761905,18.396825396825395,2.7142857142857144,4.190476190476191,0.746031746031746,0.09523809523809523,1.746031746031746,6.603174603174603,13.761904761904763,3.4444444444444446,3.984126984126984
Corey Kispert,WAS,SF,61,26.262295081967213,11.557377049180328,2.9672131147540983,1.6885245901639345,0.4262295081967213,0.22950819672131148,1.9672131147540983,4.180327868852459,9.262295081967213,1.2295081967213115,1.4426229508196722
Cory Joseph,ORL,PG,50,12.24,3.54,1.48,1.44,0.52,0.08,0.78,1.24,3.08,0.28,0.36
Craig Porter Jr.,CLE,PG,51,10.058823529411764,3.6862745098039214,1.3137254901960784,1.392156862745098,0.3333333333333333,0.29411764705882354,0.4117647058823529,1.411764705882353,2.7450980392156863,0.45098039215686275,0.6274509803921569
Cui Yongxi,BRK,SG,5,2.0,0.6,0.4,0.0,0.0,0.0,0.0,0.2,1.4,0.2,0.4
D'Angelo Russell,2TM,PG,58,25.517241379310345,12.620689655172415,2.793103448275862,5.120689655172414,0.9655172413793104,0.39655172413793105,1.9482758620689655,4.293103448275862,11.0,2.086206896551724,2.5
D.J. Carton,TOR,SG,4,8.25,0.75,1.0,0.75,0.5,0.0,0.0,0.25,1.75,0.25,0.25
DaQuan Jeffries,CHO,SG,47,22.78723404255319,6.702127659574468,2.872340425531915,1.127659574468085,0.5531914893617021,0.5319148936170213,1.1702127659574468,2.5106382978723403,6.191489361702128,0.5106382978723404,0.6382978723404256
Daeqwon Plowden,ATL,SG,6,12.0,7.166666666666667,1.8333333333333333,0.3333333333333333,0.0,0.0,1.5,2.6666666666666665,4.166666666666667,0.3333333333333333,0.3333333333333333
Daishen Nix,MIN,PG,3,4.333333333333333,0.3333333333333333,1.3333333333333333,1.0,0.0,0.0,0.0,0.0,0.3333333333333333,0.3333333333333333,0.6666666666666666
Dalano Banton,POR,PG,67,16.71641791044776,8.343283582089553,2.014925373134328,2.388059701492537,0.6417910447761194,0.5074626865671642,1.0746268656716418,2.955223880597015,7.567164179104478,1.3582089552238805,1.8656716417910448
Dalen Terry,CHI,SG,73,13.520547945205479,4.465753424657534,1.6986301369863013,1.3287671232876712,0.6027397260273972,0.2054794520547945,0.5068493150684932,1.643835616438356,3.671232876712329,0.6712328767123288,0.9452054794520548
Dalton Knecht,LAL,SF,78,19.153846153846153,9.051282051282051,2.769230769230769,0.8461538461538461,0.3076923076923077,0.10256410256410256,1.641025641025641,3.2948717948717947,7.141025641025641,0.8205128205128205,1.0769230769230769
Damian Lillard,MIL,PG,58,36.08620689655172,24.948275862068964,4.689655172413793,7.068965517241379,1.206896551724138,0.1724137931034483,3.396551724137931,7.655172413793103,17.103448275862068,6.241379310344827,6.775862068965517
Damion Baugh,CHO,SG,15,24.666666666666668,7.266666666666667,3.3333333333333335,3.7333333333333334,1.0,0.13333333333333333,0.8,2.8,8.666666666666666,0.8666666666666667,1.0
Damion Lee,PHO,SG,25,5.76,3.32,0.8,0.44,0.24,0.0,0.36,1.08,2.96,0.8,0.84
Daniel Gafford,DAL,C,57,21.50877192982456,12.298245614035087,6.807017543859649,1.4035087719298245,0.40350877192982454,1.7894736842105263,0.0,4.964912280701754,7.0701754385964914,2.3684210526315788,3.43859649122807
Daniel Theis,NOP,C,38,16.342105263157894,4.2631578947368425,4.315789473684211,1.5789473684210527,0.47368421052631576,0.5263157894736842,0.23684210526315788,1.605263157894737,3.3947368421052633,0.8157894736842105,0.9736842105263158
Daniss Jenkins,DET,PG,7,3.2857142857142856,1.0,0.2857142857142857,0.42857142857142855,0.0,0.0,0.14285714285714285,0.42857142857142855,1.4285714285714286,0.0,0.2857142857142857
Danté Exum,DAL,PG,20,18.6,8.7,1.65,2.8,0.6,0.15,1.15,3.2,6.7,1.15,1.55
Dario Šarić,DEN,C,16,13.125,3.5,3.125,1.4375,0.4375,0.0625,0.4375,1.3125,3.625,0.4375,0.625
Dariq Whitehead,BRK,SF,20,12.3,5.7,1.45,0.6,0.3,0.05,1.65,1.95,4.8,0.15,0.25
Darius Garland,CLE,PG,75,30.68,20.586666666666666,2.8533333333333335,6.746666666666667,1.2133333333333334,0.14666666666666667,2.8266666666666667,7.386666666666667,15.653333333333334,2.986666666666667,3.4
David Duke Jr.,SAS,SG,6,5.666666666666667,2.6666666666666665,0.8333333333333334,0.6666666666666666,0.16666666666666666,0.0,0.5,1.0,2.3333333333333335,0.16666666666666666,0.3333333333333333
David Roddy,3TM,PF,33,12.424242424242424,4.636363636363637,2.5454545454545454,1.0606060606060606,0.42424242424242425,0.2727272727272727,0.5757575757575758,1.7272727272727273,3.787878787878788,0.6060606060606061,0.7878787878787878
Davion Mitchell,2TM,PG,74,27.39189189189189,7.945945945945946,2.2567567567567566,4.905405405405405,0.972972972972973,0.21621621621621623,1.135135135135135,3.0135135135135136,6.4324324324324325,0.7837837837837838,1.135135135135135
Day'Ron Sharpe,BRK,C,50,18.16,7.94,6.6,1.82,0.82,0.84,0.22,3.3,6.34,1.12,1.48
De'Aaron Fox,2TM,PG,62,36.145161290322584,23.532258064516128,4.806451612903226,6.32258064516129,1.467741935483871,0.4032258064516129,1.903225806451613,8.693548387096774,18.758064516129032,4.241935483870968,5.129032258064516
De'Andre Hunter,2TM,SF,64,27.1875,17.0,4.03125,1.4375,0.78125,0.203125,2.453125,5.59375,11.90625,3.359375,3.96875
De'Anthony Melton,GSW,SG,6,20.166666666666668,10.333333333333334,3.3333333333333335,2.8333333333333335,1.1666666666666667,0.3333333333333333,2.1666666666666665,3.6666666666666665,9.0,0.8333333333333334,1.3333333333333333
DeAndre Jordan,DEN,C,56,12.339285714285714,3.732142857142857,5.071428571428571,0.9464285714285714,0.2857142857142857,0.48214285714285715,0.0,1.625,2.5,0.48214285714285715,1.1428571428571428
DeMar DeRozan,SAC,SF,77,35.94805194805195,22.207792207792206,3.8701298701298703,4.441558441558442,0.8051948051948052,0.4155844155844156,1.0909090909090908,8.103896103896103,16.98701298701299,4.909090909090909,5.7272727272727275
Dean Wade,CLE,PF,59,21.220338983050848,5.423728813559322,4.220338983050848,1.2881355932203389,0.711864406779661,0.3389830508474576,1.3559322033898304,1.8983050847457628,4.593220338983051,0.2711864406779661,0.5084745762711864
Deandre Ayton,POR,C,40,30.15,14.4,10.15,1.6,0.775,0.975,0.15,6.625,11.7,1.0,1.5
Dejounte Murray,NOP,PG,31,32.645161290322584,17.483870967741936,6.451612903225806,7.354838709677419,2.032258064516129,0.3870967741935484,1.6774193548387097,6.258064516129032,15.935483870967742,3.2903225806451615,4.0
Delon Wright,2TM,PG,40,15.875,3.125,1.65,1.925,0.875,0.3,0.5,1.125,3.275,0.375,0.625
Deni Avdija,POR,SF,72,30.01388888888889,16.930555555555557,7.25,3.9027777777777777,0.9861111111111112,0.4861111111111111,1.7361111111111112,5.583333333333333,11.722222222222221,4.027777777777778,5.166666666666667
Dennis Schröder,3TM,PG,75,28.066666666666666,13.066666666666666,2.64,5.386666666666667,0.88,0.16,1.6933333333333334,4.48,11.026666666666667,2.4133333333333336,2.88
Dereck Lively II,DAL,C,36,23.13888888888889,8.722222222222221,7.5,2.361111111111111,0.5555555555555556,1.5555555555555556,0.0,3.7222222222222223,5.305555555555555,1.2777777777777777,2.0277777777777777
Derrick Jones Jr.,LAC,SF,77,24.324675324675326,10.142857142857142,3.4155844155844157,0.7792207792207793,1.025974025974026,0.42857142857142855,1.0129870129870129,4.025974025974026,7.64935064935065,1.077922077922078,1.5324675324675325
Derrick White,BOS,SG,76,33.86842105263158,16.42105263157895,4.4868421052631575,4.75,0.9473684210526315,1.0526315789473684,3.486842105263158,5.578947368421052,12.618421052631579,1.7763157894736843,2.1184210526315788
Desmond Bane,MEM,SG,69,31.956521739130434,19.231884057971016,6.057971014492754,5.3478260869565215,1.1594202898550725,0.4057971014492754,2.3768115942028984,7.144927536231884,14.753623188405797,2.5652173913043477,2.869565217391304
Devin Booker,PHO,SG,75,37.266666666666666,25.64,4.066666666666666,7.053333333333334,0.8933333333333333,0.21333333333333335,2.44,8.72,18.933333333333334,5.76,6.44
Devin Carter,SAC,PG,36,11.0,3.8333333333333335,2.111111111111111,1.1388888888888888,0.5833333333333334,0.1111111111111111,0.5,1.3055555555555556,3.5277777777777777,0.7222222222222222,1.2222222222222223
Devin Vassell,SAS,SG,64,30.984375,16.265625,3.984375,2.859375,1.3125,0.515625,2.46875,6.15625,13.890625,1.484375,1.875
Dillon Brooks,HOU,SF,75,31.84,14.04,3.6666666666666665,1.7066666666666668,0.8,0.21333333333333335,2.48,5.12,11.933333333333334,1.32,1.6133333333333333
Dillon Jones,OKC,SF,54,10.222222222222221,2.5,2.240740740740741,1.0740740740740742,0.2962962962962963,0.07407407407407407,0.2962962962962963,0.9444444444444444,2.462962962962963,0.3148148148148148,0.5185185185185185
Domantas Sabonis,SAC,C,70,34.7,19.1,13.885714285714286,6.042857142857143,0.6857142857142857,0.37142857142857144,0.9285714285714286,7.5285714285714285,12.757142857142858,3.1142857142857143,4.128571428571429
Dominick Barlow,ATL,PF,35,10.714285714285714,4.228571428571429,2.4285714285714284,0.5428571428571428,0.2571428571428571,0.45714285714285713,0.2,1.7142857142857142,3.2285714285714286,0.6,0.9428571428571428
Donovan Clingan,POR,C,67,19.761194029850746,6.507462686567164,7.865671641791045,1.1492537313432836,0.5074626865671642,1.6417910447761195,0.208955223880597,2.6865671641791047,4.985074626865671,0.9253731343283582,1.5522388059701493
Donovan Mitchell,CLE,SG,71,31.43661971830986,23.95774647887324,4.535211267605634,4.985915492957746,1.3380281690140845,0.23943661971830985,3.2816901408450705,8.23943661971831,18.591549295774648,4.197183098591549,5.098591549295775
Donte DiVincenzo,MIN,SG,62,25.903225806451612,11.661290322580646,3.6774193548387095,3.629032258064516,1.1774193548387097,0.27419354838709675,2.806451612903226,4.032258064516129,9.564516129032258,0.7903225806451613,1.0161290322580645
Dorian Finney-Smith,2TM,PF,63,28.857142857142858,8.714285714285714,3.9206349206349205,1.4285714285714286,0.9206349206349206,0.36507936507936506,2.0476190476190474,3.0952380952380953,6.904761904761905,0.47619047619047616,0.7142857142857143
Doug McDermott,SAC,SF,42,8.142857142857142,3.5,0.5238095238095238,0.16666666666666666,0.09523809523809523,0.047619047619047616,1.0476190476190477,1.1904761904761905,2.7857142857142856,0.07142857142857142,0.11904761904761904
Draymond Green,GSW,PF,68,29.16176470588235,9.014705882352942,6.088235294117647,5.632352941176471,1.4558823529411764,1.0294117647058822,1.1764705882352942,3.176470588235294,7.485294117647059,1.4852941176470589,2.161764705882353
Drew Eubanks,2TM,C,61,12.229508196721312,4.590163934426229,3.7049180327868854,0.8852459016393442,0.19672131147540983,0.639344262295082,0.04918032786885246,1.8852459016393444,3.180327868852459,0.7704918032786885,1.1639344262295082
Drew Peterson,BOS,PF,25,7.44,2.16,1.6,0.52,0.2,0.08,0.52,0.68,1.64,0.28,0.36
Drew Timme,BRK,PF,9,28.22222222222222,12.11111111111111,7.222222222222222,2.2222222222222223,0.4444444444444444,0.1111111111111111,1.0,5.0,11.333333333333334,1.1111111111111112,1.7777777777777777
Dru Smith,MIA,SG,14,19.142857142857142,6.214285714285714,2.5714285714285716,1.6428571428571428,1.5,0.42857142857142855,1.1428571428571428,2.2142857142857144,4.357142857142857,0.6428571428571429,0.8571428571428571
Duncan Robinson,MIA,SF,74,24.135135135135137,11.04054054054054,2.2567567567567566,2.3783783783783785,0.5405405405405406,0.08108108108108109,2.5675675675675675,3.918918918918919,8.95945945945946,0.6351351351351351,0.7162162162162162
Duop Reath,POR,C,46,10.195652173913043,4.217391304347826,2.0,0.5652173913043478,0.2608695652173913,0.30434782608695654,0.7391304347826086,1.5217391304347827,3.608695652173913,0.43478260869565216,0.4782608695652174
Dwight Powell,DAL,C,55,10.018181818181818,2.0727272727272728,2.1454545454545455,1.0,0.32727272727272727,0.38181818181818183,0.03636363636363636,0.7636363636363637,1.1090909090909091,0.509090909090909,0.7818181818181819
Dyson Daniels,ATL,SG,76,33.828947368421055,14.118421052631579,5.907894736842105,4.381578947368421,3.013157894736842,0.7236842105263158,1.0526315789473684,5.9868421052631575,12.144736842105264,1.0921052631578947,1.8421052631578947
E.J. Liddell,CHI,PF,12,4.416666666666667,1.75,0.75,0.25,0.08333333333333333,0.08333333333333333,0.25,0.6666666666666666,1.25,0.16666666666666666,0.16666666666666666
Elfrid Payton,2TM,PG,24,21.291666666666668,3.5416666666666665,3.2916666666666665,6.916666666666667,1.0,0.4583333333333333,0.041666666666666664,1.6666666666666667,5.083333333333333,0.16666666666666666,0.2916666666666667
Elijah Harkless,UTA,SG,10,13.8,3.2,2.1,0.8,1.0,0.1,0.7,1.1,3.5,0.3,0.6
Emanuel Miller,CHI,PF,6,4.166666666666667,1.6666666666666667,1.3333333333333333,0.3333333333333333,0.16666666666666666,0.0,0.0,0.6666666666666666,1.3333333333333333,0.3333333333333333,0.3333333333333333
Emoni Bates,CLE,SF,10,7.5,3.7,0.7,0.8,0.1,0.1,1.1,1.3,3.8,0.0,0.0
Enrique Freeman,IND,PF,22,8.227272727272727,2.090909090909091,1.3636363636363635,0.4090909090909091,0.13636363636363635,0.13636363636363635,0.045454545454545456,0.7272727272727273,1.6818181818181819,0.5909090909090909,0.8636363636363636
Eric Gordon,PHI,SG,39,19.692307692307693,6.82051282051282,1.1794871794871795,1.6666666666666667,0.6666666666666666,0.3076923076923077,1.435897435897436,2.230769230769231,5.230769230769231,0.9230769230769231,1.2307692307692308
Evan Mobley,CLE,PF,71,30.52112676056338,18.535211267605632,9.28169014084507,3.183098591549296,0.8591549295774648,1.591549295774648,1.1971830985915493,7.112676056338028,12.76056338028169,3.112676056338028,4.295774647887324
Franz Wagner,ORL,SF,60,33.71666666666667,24.15,5.7,4.733333333333333,1.25,0.35,1.7333333333333334,8.95,19.35,4.516666666666667,5.183333333333334
Fred VanVleet,HOU,PG,60,35.18333333333333,14.066666666666666,3.683333333333333,5.55,1.5666666666666667,0.4166666666666667,2.65,4.783333333333333,12.65,1.85,2.283333333333333
GG Jackson II,MEM,PF,29,15.827586206896552,7.206896551724138,3.1724137931034484,1.0,0.41379310344827586,0.1724137931034483,1.103448275862069,2.5517241379310347,6.862068965517241,1.0,1.3793103448275863
Gabe Vincent,LAL,PG,72,21.208333333333332,6.388888888888889,1.2777777777777777,1.3611111111111112,0.7083333333333334,0.18055555555555555,1.5138888888888888,2.3333333333333335,5.833333333333333,0.20833333333333334,0.2916666666666667
Garrett Temple,TOR,SG,28,8.107142857142858,1.8928571428571428,1.0357142857142858,1.1071428571428572,0.6071428571428571,0.07142857142857142,0.21428571428571427,0.6428571428571429,2.142857142857143,0.39285714285714285,0.42857142857142855
Garrison Mathews,ATL,SG,47,17.659574468085108,7.51063829787234,1.851063829787234,1.2765957446808511,0.5531914893617021,0.3191489361702128,1.8085106382978724,2.1702127659574466,5.468085106382978,1.3617021276595744,1.6595744680851063
Gary Harris,ORL,SG,48,14.8125,3.0208333333333335,1.3333333333333333,0.625,0.5416666666666666,0.25,0.75,1.0625,2.7708333333333335,0.14583333333333334,0.25
Gary Payton II,GSW,SG,62,14.951612903225806,6.451612903225806,2.9838709677419355,1.3387096774193548,0.8387096774193549,0.27419354838709675,0.5,2.7580645161290325,4.806451612903226,0.43548387096774194,0.6129032258064516
Gary Trent Jr.,MIL,SG,74,25.58108108108108,11.135135135135135,2.27027027027027,1.1756756756756757,0.972972972972973,0.05405405405405406,2.4324324324324325,3.824324324324324,8.878378378378379,1.054054054054054,1.2432432432432432
Georges Niang,2TM,PF,79,21.481012658227847,9.924050632911392,3.4430379746835444,1.4050632911392404,0.35443037974683544,0.17721518987341772,2.1012658227848102,3.6202531645569622,7.848101265822785,0.5822784810126582,0.7341772151898734
Giannis Antetokounmpo,MIL,PF,67,34.16417910447761,30.388059701492537,11.91044776119403,6.462686567164179,0.8656716417910447,1.164179104477612,0.208955223880597,11.835820895522389,19.686567164179106,6.507462686567164,10.552238805970148
Goga Bitadze,ORL,C,70,20.428571428571427,7.171428571428572,6.614285714285714,1.957142857142857,0.7,1.4,0.04285714285714286,2.9571428571428573,4.8428571428571425,1.2142857142857142,1.9
Gradey Dick,TOR,SG,54,29.38888888888889,14.38888888888889,3.574074074074074,1.8148148148148149,0.8888888888888888,0.18518518518518517,2.111111111111111,4.907407407407407,11.981481481481481,2.462962962962963,2.8703703703703702
Grant Williams,CHO,PF,16,29.9375,10.375,5.125,2.3125,1.125,0.8125,1.6875,3.375,7.6875,1.9375,2.3125
Grayson Allen,PHO,SG,64,24.125,10.625,3.03125,2.140625,0.84375,0.296875,2.328125,3.421875,7.640625,1.453125,1.78125
Guerschon Yabusele,PHI,C,70,27.071428571428573,10.971428571428572,5.642857142857143,2.1142857142857143,0.8285714285714286,0.34285714285714286,1.4857142857142858,4.0285714285714285,8.042857142857143,1.4285714285714286,1.9714285714285715
Gui Santos,GSW,PF,56,13.607142857142858,4.053571428571429,3.0714285714285716,1.4285714285714286,0.44642857142857145,0.17857142857142858,0.6071428571428571,1.4642857142857142,3.1964285714285716,0.5178571428571429,0.75
Harrison Barnes,SAS,PF,82,27.195121951219512,12.329268292682928,3.7804878048780486,1.6585365853658536,0.47560975609756095,0.17073170731707318,1.9024390243902438,4.2317073170731705,8.329268292682928,1.9634146341463414,2.426829268292683
Harrison Ingram,SAS,SF,5,7.0,0.8,1.8,0.6,0.6,0.0,0.0,0.4,0.8,0.0,0.0
Haywood Highsmith,MIA,SF,74,24.56756756756757,6.45945945945946,3.4054054054054053,1.5135135135135136,0.918918918918919,0.5,1.2027027027027026,2.418918918918919,5.283783783783784,0.4189189189189189,0.581081081081081
Herbert Jones,NOP,SF,20,32.4,10.25,3.9,3.25,1.85,0.45,1.1,3.75,8.6,1.65,2.0
Hunter Tyson,DEN,PF,51,7.8431372549019605,2.627450980392157,1.5294117647058822,0.39215686274509803,0.19607843137254902,0.11764705882352941,0.45098039215686275,0.8823529411764706,2.3529411764705883,0.4117647058823529,0.5490196078431373
Immanuel Quickley,TOR,PG,33,27.818181818181817,17.09090909090909,3.5454545454545454,5.787878787878788,0.696969696969697,0.12121212121212122,2.5757575757575757,5.575757575757576,13.272727272727273,3.3636363636363638,3.878787878787879
Isaac Jones,SAC,PF,40,7.6,3.35,1.425,0.3,0.125,0.25,0.075,1.35,2.075,0.575,0.9
Isaac Okoro,CLE,SG,55,19.145454545454545,6.127272727272727,2.3636363636363638,1.2363636363636363,0.5818181818181818,0.2909090909090909,1.018181818181818,2.2545454545454544,4.8545454545454545,0.6,0.8363636363636363
Isaiah Collier,UTA,PG,71,25.901408450704224,8.661971830985916,3.3098591549295775,6.28169014084507,0.9295774647887324,0.22535211267605634,0.5915492957746479,3.295774647887324,7.816901408450704,1.4788732394366197,2.1690140845070425
Isaiah Crawford,SAC,SF,15,3.066666666666667,0.8666666666666667,0.5333333333333333,0.06666666666666667,0.06666666666666667,0.13333333333333333,0.06666666666666667,0.3333333333333333,0.7333333333333333,0.13333333333333333,0.26666666666666666
Isaiah Hartenstein,OKC,C,57,27.894736842105264,11.175438596491228,10.719298245614034,3.8421052631578947,0.8245614035087719,1.087719298245614,0.0,4.894736842105263,8.421052631578947,1.3859649122807018,2.0526315789473686
Isaiah Jackson,IND,C,5,16.8,7.0,5.6,1.0,0.6,1.6,0.0,2.8,4.6,1.4,2.8
Isaiah Joe,OKC,SG,74,21.675675675675677,10.216216216216216,2.6486486486486487,1.6081081081081081,0.6486486486486487,0.12162162162162163,2.5945945945945947,3.5,7.945945945945946,0.6216216216216216,0.7567567567567568
Isaiah Mobley,PHI,PF,1,17.0,6.0,4.0,5.0,1.0,1.0,1.0,2.0,7.0,1.0,2.0
Isaiah Stevens,MIA,PG,3,2.0,0.0,0.6666666666666666,0.0,0.3333333333333333,0.0,0.0,0.0,0.6666666666666666,0.0,0.0
Isaiah Stewart,DET,C,72,19.916666666666668,6.041666666666667,5.541666666666667,1.7083333333333333,0.3888888888888889,1.4027777777777777,0.2361111111111111,2.4444444444444446,4.375,0.9166666666666666,1.2083333333333333
Isaiah Wong,CHO,SG,20,13.25,6.0,1.6,1.4,0.55,0.0,0.65,2.05,5.25,1.25,1.7
Ivica Zubac,LAC,C,80,32.8,16.75,12.625,2.675,0.6875,1.125,0.0,7.4,11.775,1.95,2.95
JD Davison,BOS,PG,16,5.8125,2.0625,0.8125,0.8125,0.3125,0.0625,0.25,0.75,2.125,0.3125,0.4375
JT Thor,2TM,PF,20,12.45,3.55,2.4,0.3,0.4,0.45,0.3,1.25,2.95,0.75,1.1
Ja Morant,MEM,PG,50,30.38,23.18,4.1,7.28,1.22,0.24,1.76,8.08,17.78,5.26,6.38
Ja'Kobe Walter,TOR,SG,52,21.21153846153846,8.634615384615385,3.076923076923077,1.5576923076923077,0.8269230769230769,0.19230769230769232,1.25,3.0576923076923075,7.5576923076923075,1.2692307692307692,1.5961538461538463
Jabari Smith Jr.,HOU,PF,57,30.105263157894736,12.24561403508772,7.0,1.0526315789473684,0.43859649122807015,0.7192982456140351,1.719298245614035,4.350877192982456,9.929824561403509,1.8245614035087718,2.210526315789474
Jabari Walker,POR,PF,60,12.483333333333333,5.216666666666667,3.5166666666666666,0.6166666666666667,0.55,0.1,0.4666666666666667,1.9666666666666666,3.816666666666667,0.8166666666666667,1.1833333333333333
Jack McVeigh,HOU,PF,9,4.777777777777778,1.5555555555555556,0.5555555555555556,0.1111111111111111,0.0,0.2222222222222222,0.4444444444444444,0.5555555555555556,1.8888888888888888,0.0,0.0
Jackson Rowe,GSW,PF,6,8.666666666666666,3.6666666666666665,1.8333333333333333,0.6666666666666666,0.6666666666666666,0.0,0.5,1.3333333333333333,2.8333333333333335,0.5,1.0
Jacob Toppin,2TM,SF,17,4.470588235294118,1.3529411764705883,0.8823529411764706,0.35294117647058826,0.11764705882352941,0.0,0.29411764705882354,0.5294117647058824,1.2941176470588236,0.0,0.0
Jaden Hardy,DAL,SG,57,15.912280701754385,8.701754385964913,1.5614035087719298,1.4210526315789473,0.49122807017543857,0.08771929824561403,1.3333333333333333,3.1578947368421053,7.2631578947368425,1.0526315789473684,1.5087719298245614
Jaden Ivey,DET,SG,30,29.933333333333334,17.6,4.133333333333334,3.966666666666667,0.9333333333333333,0.36666666666666664,2.1,6.333333333333333,13.766666666666667,2.8333333333333335,3.8666666666666667
Jaden McDaniels,MIN,PF,82,31.878048780487806,12.195121951219512,5.7317073170731705,1.9878048780487805,1.3414634146341464,0.9024390243902439,1.2195121951219512,4.853658536585366,10.170731707317072,1.2682926829268293,1.5609756097560976
Jaden Springer,2TM,PG,43,8.488372093023257,2.5348837209302326,1.3488372093023255,0.7674418604651163,0.5581395348837209,0.09302325581395349,0.27906976744186046,0.813953488372093,2.0930232558139537,0.627906976744186,0.8837209302325582
Jae Crowder,SAC,PF,9,11.444444444444445,2.5555555555555554,2.2222222222222223,0.6666666666666666,0.3333333333333333,0.0,0.4444444444444444,0.7777777777777778,2.4444444444444446,0.5555555555555556,0.6666666666666666
Jae'Sean Tate,HOU,SF,52,11.307692307692308,3.6153846153846154,2.25,0.9038461538461539,0.5,0.1346153846153846,0.3076923076923077,1.3461538461538463,2.8461538461538463,0.6153846153846154,0.9038461538461539
Jahlil Okafor,IND,C,1,3.0,0.0,1.0,1.0,0.0,0.0,0.0,0.0,0.0,0.0,0.0
Jahmir Young,CHI,PG,6,5.0,1.8333333333333333,0.5,1.0,0.0,0.0,0.16666666666666666,0.6666666666666666,0.8333333333333334,0.3333333333333333,0.3333333333333333
Jaime Jaquez Jr.,MIA,SF,66,20.727272727272727,8.636363636363637,4.393939393939394,2.515151515151515,0.9242424242424242,0.21212121212121213,0.5606060606060606,3.227272727272727,7.0,1.621212121212121,2.1515151515151514
Jake LaRavia,2TM,PF,66,20.439393939393938,6.9393939393939394,3.9242424242424243,2.393939393939394,0.9393939393939394,0.3484848484848485,0.9090909090909091,2.4242424242424243,5.106060606060606,1.1818181818181819,1.7424242424242424
Jakob Poeltl,TOR,C,57,29.57894736842105,14.456140350877194,9.596491228070175,2.7719298245614037,1.1578947368421053,1.2456140350877194,0.017543859649122806,6.368421052631579,10.157894736842104,1.7017543859649122,2.526315789473684
Jalen Bridges,PHO,SF,8,3.75,1.125,0.5,0.0,0.0,0.0,0.25,0.25,0.875,0.375,0.5
Jalen Brunson,NYK,PG,65,35.4,26.0,2.876923076923077,7.3076923076923075,0.9230769230769231,0.12307692307692308,2.3384615384615386,9.0,18.46153846153846,5.661538461538462,6.892307692307693
Jalen Duren,DET,C,78,26.076923076923077,11.76923076923077,10.346153846153847,2.6794871794871793,0.6923076923076923,1.141025641025641,0.0,4.846153846153846,7.0,2.076923076923077,3.1025641025641026
Jalen Green,HOU,SG,82,32.890243902439025,21.01219512195122,4.597560975609756,3.4390243902439024,0.8658536585365854,0.32926829268292684,2.8536585365853657,7.414634146341464,17.524390243902438,3.3292682926829267,4.097560975609756
Jalen Hood-Schifino,2TM,SG,15,21.0,7.066666666666666,1.8,2.466666666666667,0.3333333333333333,0.4666666666666667,0.9333333333333333,2.466666666666667,6.533333333333333,1.2,1.4
Jalen Johnson,ATL,SF,36,35.666666666666664,18.88888888888889,9.972222222222221,5.027777777777778,1.5555555555555556,1.0,1.2222222222222223,7.527777777777778,15.055555555555555,2.611111111111111,3.5
Jalen McDaniels,WAS,SF,4,1.75,0.0,0.0,0.25,0.25,0.0,0.0,0.0,0.0,0.0,0.0
Jalen Pickett,DEN,SG,49,13.591836734693878,4.081632653061225,1.4489795918367347,2.183673469387755,0.3877551020408163,0.10204081632653061,0.8163265306122449,1.5714285714285714,3.673469387755102,0.12244897959183673,0.16326530612244897
Jalen Smith,CHI,C,64,15.03125,8.1875,5.578125,1.015625,0.265625,0.6875,1.125,2.96875,6.375,1.125,1.390625
Jalen Suggs,ORL,PG,35,28.62857142857143,16.2,4.0285714285714285,3.6857142857142855,1.457142857142857,0.9428571428571428,2.1714285714285713,5.628571428571429,13.742857142857142,2.7714285714285714,3.142857142857143
Jalen Williams,OKC,SG,69,32.42028985507246,21.594202898550726,5.3478260869565215,5.130434782608695,1.608695652173913,0.6666666666666666,1.7971014492753623,8.18840579710145,16.92753623188406,3.420289855072464,4.333333333333333
Jalen Wilson,BRK,PF,79,25.70886075949367,9.481012658227849,3.4177215189873418,1.8354430379746836,0.5063291139240507,0.06329113924050633,1.5443037974683544,3.1139240506329116,7.848101265822785,1.7088607594936709,2.088607594936709
Jamal Cain,NOP,SF,37,13.567567567567568,5.297297297297297,2.2972972972972974,0.5945945945945946,0.6216216216216216,0.24324324324324326,0.7027027027027027,1.837837837837838,4.27027027027027,0.918918918918919,1.3513513513513513
Jamal Murray,DEN,PG,67,36.08955223880597,21.432835820895523,3.8955223880597014,6.014925373134329,1.3582089552238805,0.4925373134328358,2.328358208955224,7.925373134328358,16.73134328358209,3.253731343283582,3.671641791044776
Jamal Shead,TOR,PG,75,19.56,7.1066666666666665,1.5333333333333334,4.213333333333333,0.7733333333333333,0.13333333333333333,0.96,2.72,6.72,0.7066666666666667,0.92
Jamaree Bouyea,MIL,PG,5,12.4,3.4,1.0,2.0,0.8,0.4,0.2,1.2,2.4,0.8,1.2
James Harden,LAC,PG,79,35.30379746835443,22.810126582278482,5.772151898734177,8.69620253164557,1.4936708860759493,0.6962025316455697,2.9746835443037973,6.7215189873417724,16.39240506329114,6.3924050632911396,7.3164556962025316
James Johnson,IND,PF,12,3.0833333333333335,0.6666666666666666,0.5,0.3333333333333333,0.0,0.16666666666666666,0.0,0.3333333333333333,0.9166666666666666,0.0,0.08333333333333333
James Wiseman,IND,C,1,5.0,6.0,1.0,0.0,0.0,0.0,0.0,2.0,4.0,2.0,2.0
Jamison Battle,TOR,SF,59,17.661016949152543,7.101694915254237,2.6779661016949152,0.8983050847457628,0.288135593220339,0.1694915254237288,1.7796610169491525,2.5254237288135593,5.88135593220339,0.2711864406779661,0.3050847457627119
Jarace Walker,IND,PF,75,15.826666666666666,6.1466666666666665,3.0533333333333332,1.4666666666666666,0.72,0.3333333333333333,1.0,2.2666666666666666,4.8,0.6133333333333333,0.92
Jared Butler,2TM,SG,60,17.4,9.016666666666667,1.8333333333333333,3.6666666666666665,0.7,0.21666666666666667,1.0,3.3833333333333333,7.55,1.25,1.5166666666666666
Jared McCain,PHI,SG,23,25.73913043478261,15.304347826086957,2.4347826086956523,2.608695652173913,0.6521739130434783,0.0,2.217391304347826,5.478260869565218,11.91304347826087,2.130434782608696,2.4347826086956523
Jared Rhoden,2TM,SG,14,16.214285714285715,8.428571428571429,3.0,1.1428571428571428,0.7142857142857143,0.14285714285714285,0.8571428571428571,3.0,6.214285714285714,1.5714285714285714,1.7857142857142858
Jaren Jackson Jr.,MEM,C,74,29.824324324324323,22.175675675675677,5.635135135135135,2.0,1.2432432432432432,1.527027027027027,1.972972972972973,8.0,16.39189189189189,4.202702702702703,5.378378378378378
Jarred Vanderbilt,LAL,PF,36,16.13888888888889,4.083333333333333,5.055555555555555,1.1388888888888888,0.9722222222222222,0.2777777777777778,0.25,1.6388888888888888,3.361111111111111,0.5555555555555556,1.0
Jarrett Allen,CLE,C,82,28.0,13.451219512195122,9.731707317073171,1.9268292682926829,0.9390243902439024,0.8902439024390244,0.0,5.512195121951219,7.804878048780488,2.426829268292683,3.3780487804878048
Javonte Green,2TM,SG,68,18.5,5.102941176470588,3.2058823529411766,0.8235294117647058,0.9558823529411765,0.45588235294117646,0.6764705882352942,1.8088235294117647,4.220588235294118,0.8088235294117647,1.1176470588235294
Jaxson Hayes,LAL,C,56,19.517857142857142,6.839285714285714,4.803571428571429,1.0357142857142858,0.5535714285714286,0.9107142857142857,0.0,2.875,3.982142857142857,1.0892857142857142,1.75
Jay Huff,MEM,C,64,11.6875,6.859375,2.015625,0.59375,0.25,0.875,1.265625,2.453125,4.765625,0.6875,0.875
Jaylen Brown,BOS,SF,63,34.25396825396825,22.19047619047619,5.841269841269841,4.5396825396825395,1.1587301587301588,0.30158730158730157,1.8412698412698412,8.222222222222221,17.746031746031747,3.9047619047619047,5.111111111111111
Jaylen Clark,MIN,SG,40,13.05,4.075,1.325,0.65,0.9,0.05,0.55,1.4,3.0,0.725,0.925
Jaylen Martin,2TM,SF,16,14.9375,4.875,2.75,1.0625,0.5625,0.0,0.4375,1.9375,4.625,0.5625,0.625
Jaylen Nowell,NOP,SG,8,21.0,8.375,2.5,2.25,0.125,0.5,1.0,3.25,9.125,0.875,1.375
Jaylen Sims,CHO,SG,6,18.666666666666668,7.0,1.0,2.0,0.5,0.16666666666666666,1.0,2.0,4.666666666666667,2.0,2.5
Jaylen Wells,MEM,SG,79,25.860759493670887,10.417721518987342,3.392405063291139,1.7088607594936709,0.5569620253164557,0.10126582278481013,1.7468354430379747,3.632911392405063,8.556962025316455,1.4050632911392404,1.7088607594936709
Jaylin Williams,OKC,PF,47,16.680851063829788,5.914893617021277,5.574468085106383,2.5531914893617023,0.46808510638297873,0.6170212765957447,1.297872340425532,2.0638297872340425,4.702127659574468,0.48936170212765956,0.6382978723404256
Jaylon Tyson,CLE,SG,47,9.638297872340425,3.5531914893617023,2.0425531914893615,0.9361702127659575,0.2765957446808511,0.06382978723404255,0.425531914893617,1.3617021276595744,3.1702127659574466,0.40425531914893614,0.5106382978723404
Jayson Tatum,BOS,PF,72,36.44444444444444,26.833333333333332,8.652777777777779,5.986111111111111,1.0555555555555556,0.5277777777777778,3.4722222222222223,9.194444444444445,20.34722222222222,4.972222222222222,6.111111111111111
Jazian Gortman,DAL,PG,16,3.5625,1.5,0.3125,0.375,0.125,0.0625,0.25,0.5625,1.4375,0.125,0.25
Jeff Dowtin Jr.,PHI,PG,41,15.146341463414634,6.951219512195122,1.4634146341463414,1.9024390243902438,0.5853658536585366,0.2926829268292683,0.6829268292682927,2.731707317073171,5.609756097560975,0.8048780487804879,1.0975609756097562
Jeff Green,HOU,PF,32,12.375,5.375,1.8125,0.625,0.1875,0.125,0.90625,1.90625,3.78125,0.65625,0.8125
Jerami Grant,POR,PF,47,32.42553191489362,14.404255319148936,3.4680851063829787,2.148936170212766,0.8723404255319149,0.9787234042553191,2.297872340425532,4.553191489361702,12.212765957446809,3.0,3.5319148936170213
Jeremiah Robinson-Earl,NOP,PF,66,18.772727272727273,6.333333333333333,4.7727272727272725,1.3333333333333333,0.5909090909090909,0.10606060606060606,0.8484848484848485,2.393939393939394,5.257575757575758,0.696969696969697,0.8333333333333334
Jeremy Sochan,SAS,PF,54,25.25925925925926,11.425925925925926,6.518518518518518,2.3703703703703702,0.8333333333333334,0.5,0.5185185185185185,4.648148148148148,8.685185185185185,1.6111111111111112,2.314814814814815
Jericho Sims,2TM,C,53,11.924528301886792,1.849056603773585,3.7169811320754715,0.6226415094339622,0.18867924528301888,0.3584905660377358,0.0,0.8490566037735849,1.3396226415094339,0.1509433962264151,0.24528301886792453
Jesse Edwards,MIN,C,2,2.5,0.0,0.0,0.5,0.0,0.0,0.0,0.0,0.0,0.0,0.0
Jett Howard,ORL,SF,60,11.683333333333334,4.45,1.1666666666666667,0.7333333333333333,0.21666666666666667,0.18333333333333332,0.9166666666666666,1.6333333333333333,4.366666666666666,0.26666666666666666,0.38333333333333336
Jevon Carter,CHI,PG,36,8.916666666666666,4.25,1.0833333333333333,1.1111111111111112,0.3611111111111111,0.08333333333333333,0.9722222222222222,1.5277777777777777,4.055555555555555,0.2222222222222222,0.2777777777777778
Jimmy Butler,2TM,SF,55,31.745454545454546,17.527272727272727,5.381818181818182,5.418181818181818,1.4,0.32727272727272727,0.5818181818181818,5.472727272727273,10.854545454545455,6.0,7.127272727272727
Jock Landale,HOU,C,42,11.904761904761905,4.761904761904762,3.261904761904762,0.8809523809523809,0.30952380952380953,0.23809523809523808,0.2619047619047619,1.9285714285714286,3.619047619047619,0.6428571428571429,0.9523809523809523
Joe Ingles,MIN,SF,19,6.0,0.7894736842105263,0.5789473684210527,1.2105263157894737,0.10526315789473684,0.0,0.15789473684210525,0.3157894736842105,1.2105263157894737,0.0,0.0
Joel Embiid,PHI,C,19,30.210526315789473,23.789473684210527,8.157894736842104,4.473684210526316,0.7368421052631579,0.9473684210526315,1.2105263157894737,7.368421052631579,16.57894736842105,7.842105263157895,8.894736842105264
John Collins,UTA,PF,40,30.5,18.95,8.175,2.0,0.975,1.0,1.475,7.0,13.275,3.475,4.1
John Konchar,MEM,SG,46,12.130434782608695,2.4347826086956523,3.282608695652174,0.9130434782608695,0.6521739130434783,0.30434782608695654,0.5,0.8913043478260869,1.9782608695652173,0.15217391304347827,0.17391304347826086
Johnny Davis,WAS,SG,34,7.117647058823529,2.3529411764705883,1.1176470588235294,0.3235294117647059,0.4411764705882353,0.17647058823529413,0.20588235294117646,0.9411764705882353,2.2941176470588234,0.2647058823529412,0.4411764705882353
Johnny Furphy,IND,SG,50,7.58,2.06,1.42,0.38,0.36,0.22,0.3,0.7,1.84,0.36,0.44
Johnny Juzang,UTA,SG,64,19.84375,8.921875,2.875,1.0625,0.609375,0.125,1.84375,3.1875,7.421875,0.703125,0.828125
Jonas Valančiūnas,2TM,C,81,18.814814814814813,10.407407407407407,7.7407407407407405,2.0246913580246915,0.4567901234567901,0.5679012345679012,0.09876543209876543,4.2592592592592595,7.7407407407407405,1.7901234567901234,2.037037037037037
Jonathan Isaac,ORL,PF,71,15.352112676056338,5.352112676056338,4.422535211267606,0.5633802816901409,0.8591549295774648,1.1267605633802817,0.5492957746478874,1.8873239436619718,4.563380281690141,1.028169014084507,1.5070422535211268
Jonathan Kuminga,GSW,PF,47,24.340425531914892,15.297872340425531,4.617021276595745,2.2127659574468086,0.8085106382978723,0.44680851063829785,0.9787234042553191,5.48936170212766,12.085106382978724,3.3404255319148937,5.0
Jonathan Mogbo,TOR,PF,63,20.41269841269841,6.174603174603175,4.936507936507937,2.3174603174603177,0.873015873015873,0.5396825396825397,0.2698412698412698,2.4761904761904763,5.650793650793651,0.9523809523809523,1.3015873015873016
Jordan Clarkson,UTA,SG,37,26.0,16.216216216216218,3.189189189189189,3.72972972972973,0.8378378378378378,0.24324324324324326,2.27027027027027,5.4324324324324325,13.324324324324325,3.081081081081081,3.864864864864865
Jordan Goodwin,LAL,PG,29,18.724137931034484,5.551724137931035,3.8620689655172415,1.4482758620689655,1.0344827586206897,0.3793103448275862,0.896551724137931,2.1724137931034484,4.9655172413793105,0.3103448275862069,0.3793103448275862
Jordan Hawkins,NOP,SG,56,23.589285714285715,10.785714285714286,2.8214285714285716,1.1785714285714286,0.5357142857142857,0.4107142857142857,1.9642857142857142,3.6964285714285716,9.928571428571429,1.4285714285714286,1.75
Jordan McLaughlin,2TM,PG,46,6.826086956521739,2.130434782608696,0.6521739130434783,1.108695652173913,0.34782608695652173,0.021739130434782608,0.41304347826086957,0.6739130434782609,1.565217391304348,0.3695652173913043,0.4782608695652174
Jordan Miller,LAC,SF,37,11.35135135135135,4.108108108108108,1.5675675675675675,0.918918918918919,0.4594594594594595,0.13513513513513514,0.21621621621621623,1.5675675675675675,3.6216216216216215,0.7567567567567568,0.9459459459459459
Jordan Poole,WAS,SG,68,29.426470588235293,20.455882352941178,2.985294117647059,4.455882352941177,1.2647058823529411,0.39705882352941174,3.4558823529411766,6.720588235294118,15.544117647058824,3.5588235294117645,4.029411764705882
Jordan Walsh,BOS,PF,52,7.75,1.5769230769230769,1.3269230769230769,0.36538461538461536,0.23076923076923078,0.21153846153846154,0.28846153846153844,0.5769230769230769,1.5961538461538463,0.1346153846153846,0.23076923076923078
Jose Alvarado,NOP,PG,56,24.392857142857142,10.339285714285714,2.4285714285714284,4.625,1.3214285714285714,0.25,1.9821428571428572,3.642857142857143,9.303571428571429,1.0714285714285714,1.3214285714285714
Josh Christopher,MIA,SG,14,4.928571428571429,2.0,0.6428571428571429,0.5714285714285714,0.35714285714285715,0.21428571428571427,0.14285714285714285,0.7857142857142857,2.2142857142857144,0.2857142857142857,0.42857142857142855
Josh Giddey,CHI,PG,70,30.242857142857144,14.6,8.085714285714285,7.185714285714286,1.2,0.6428571428571429,1.5,5.3,11.4,2.5,3.2
Josh Green,CHO,SG,68,27.75,7.4411764705882355,2.5294117647058822,1.588235294117647,1.088235294117647,0.22058823529411764,1.4264705882352942,2.6470588235294117,6.1911764705882355,0.7205882352941176,1.0588235294117647
Josh Hart,NYK,SG,77,37.62337662337662,13.64935064935065,9.571428571428571,5.883116883116883,1.5454545454545454,0.35064935064935066,1.0909090909090908,5.246753246753247,10.0,2.064935064935065,2.6623376623376624
Josh Minott,MIN,SF,46,6.0,2.5869565217391304,1.0217391304347827,0.391304347826087,0.32608695652173914,0.2608695652173913,0.30434782608695654,0.9565217391304348,1.9565217391304348,0.3695652173913043,0.41304347826086957
Josh Okogie,2TM,SG,40,15.625,7.075,2.825,0.825,1.2,0.45,0.8,2.35,5.3,1.575,2.125
Josh Richardson,MIA,SG,8,18.75,4.0,1.5,1.5,1.0,0.125,0.75,1.375,4.75,0.5,0.5
Jrue Holiday,BOS,PG,62,30.580645161290324,11.064516129032258,4.274193548387097,3.8548387096774195,1.064516129032258,0.43548387096774194,1.7419354838709677,4.096774193548387,9.241935483870968,1.1290322580645162,1.2419354838709677
Julian Champagnie,SAS,SF,82,23.5609756097561,9.939024390243903,3.8780487804878048,1.353658536585366,0.7439024390243902,0.4268292682926829,2.1707317073170733,3.3658536585365852,8.109756097560975,1.0365853658536586,1.146341463414634
Julian Phillips,CHI,SF,79,14.215189873417721,4.632911392405063,2.1392405063291138,0.4936708860759494,0.4810126582278481,0.25316455696202533,0.6329113924050633,1.620253164556962,3.632911392405063,0.759493670886076,0.9620253164556962
Julian Strawther,DEN,SG,65,21.29230769230769,9.046153846153846,2.1846153846153844,1.2769230769230768,0.6,0.24615384615384617,1.4461538461538461,3.230769230769231,7.476923076923077,1.1384615384615384,1.3846153846153846
Julius Randle,MIN,PF,69,32.26086956521739,18.666666666666668,7.057971014492754,4.681159420289855,0.6811594202898551,0.2318840579710145,1.565217391304348,6.594202898550725,13.608695652173912,3.9130434782608696,4.855072463768116
Justin Champagnie,WAS,SF,62,21.612903225806452,8.774193548387096,5.661290322580645,0.967741935483871,1.0483870967741935,0.6290322580645161,1.1935483870967742,3.3870967741935485,6.629032258064516,0.8064516129032258,1.1774193548387097
Justin Edwards,PHI,SF,44,26.25,10.113636363636363,3.3636363636363638,1.5681818181818181,1.0227272727272727,0.36363636363636365,1.5681818181818181,3.909090909090909,8.590909090909092,0.7272727272727273,1.0454545454545454
Justin Minaya,POR,SF,19,5.315789473684211,0.9473684210526315,0.5263157894736842,0.3684210526315789,0.3157894736842105,0.05263157894736842,0.10526315789473684,0.42105263157894735,1.105263157894737,0.0,0.10526315789473684
Jusuf Nurkić,2TM,C,51,20.84313725490196,8.882352941176471,7.803921568627451,2.2549019607843137,0.7843137254901961,0.6666666666666666,0.6274509803921569,3.2941176470588234,6.901960784313726,1.6666666666666667,2.5098039215686274
KJ Martin,2TM,PF,43,21.209302325581394,6.372093023255814,2.9069767441860463,1.1162790697674418,0.3953488372093023,0.5116279069767442,0.3488372093023256,2.5813953488372094,4.674418604651163,0.8604651162790697,1.0930232558139534
KJ Simpson,CHO,PG,36,23.38888888888889,7.833333333333333,3.0277777777777777,3.111111111111111,0.9444444444444444,0.16666666666666666,0.9166666666666666,2.888888888888889,8.36111111111111,1.1388888888888888,1.3888888888888888
Kai Jones,2TM,C,40,11.7,4.95,3.125,0.625,0.375,0.575,0.025,2.175,2.725,0.575,0.8
Karl-Anthony Towns,NYK,C,72,34.958333333333336,24.430555555555557,12.777777777777779,3.0833333333333335,0.9861111111111112,0.6944444444444444,1.9722222222222223,8.875,16.875,4.708333333333333,5.680555555555555
Karlo Matković,NOP,PF,42,18.833333333333332,7.738095238095238,4.976190476190476,1.0952380952380953,0.5238095238095238,0.9761904761904762,0.5,3.2142857142857144,5.595238095238095,0.8095238095238095,1.0476190476190477
Kawhi Leonard,LAC,SF,37,31.89189189189189,21.513513513513512,5.918918918918919,3.135135135135135,1.5945945945945945,0.4594594594594595,2.108108108108108,8.378378378378379,16.83783783783784,2.6486486486486487,3.27027027027027
Keaton Wallace,ATL,PG,31,16.161290322580644,5.419354838709677,1.6129032258064515,2.6129032258064515,0.9032258064516129,0.2903225806451613,0.8709677419354839,2.096774193548387,5.225806451612903,0.3548387096774194,0.3548387096774194
Keegan Murray,SAC,PF,76,34.3421052631579,12.394736842105264,6.671052631578948,1.4342105263157894,0.8026315789473685,0.9078947368421053,2.026315789473684,4.7894736842105265,10.789473684210526,0.7894736842105263,0.9473684210526315
Keion Brooks Jr.,NOP,SF,14,23.714285714285715,10.142857142857142,4.142857142857143,0.9285714285714286,0.7142857142857143,0.7142857142857143,1.0,3.7857142857142856,7.785714285714286,1.5714285714285714,2.142857142857143
Kel'el Ware,MIA,C,64,22.21875,9.296875,7.390625,0.9375,0.609375,1.109375,0.546875,4.015625,7.25,0.71875,1.046875
Keldon Johnson,SAS,SF,77,23.87012987012987,12.714285714285714,4.818181818181818,1.6233766233766234,0.6363636363636364,0.2857142857142857,1.12987012987013,4.818181818181818,10.0,1.948051948051948,2.5194805194805197
Kelly Olynyk,2TM,C,44,20.25,8.727272727272727,4.681818181818182,2.909090909090909,0.75,0.4318181818181818,0.75,3.0454545454545454,6.090909090909091,1.8863636363636365,2.4545454545454546
Kelly Oubre Jr.,PHI,SF,60,34.63333333333333,15.1,6.133333333333334,1.8,1.5333333333333334,0.5,1.1833333333333333,5.8,12.35,2.316666666666667,3.0833333333333335
Kenrich Williams,OKC,PF,69,16.405797101449274,6.318840579710145,3.4927536231884058,1.4057971014492754,0.6231884057971014,0.14492753623188406,0.9565217391304348,2.4782608695652173,5.130434782608695,0.4057971014492754,0.5652173913043478
Kentavious Caldwell-Pope,ORL,SG,77,29.5974025974026,8.74025974025974,2.1948051948051948,1.7662337662337662,1.2857142857142858,0.44155844155844154,1.4675324675324675,3.103896103896104,7.064935064935065,1.0649350649350648,1.2337662337662338
Keon Ellis,SAC,SG,80,24.35,8.325,2.65,1.5,1.5125,0.7875,1.7375,2.8375,5.8,0.9125,1.075
Keon Johnson,BRK,SG,79,24.367088607594937,10.620253164556962,3.759493670886076,2.2151898734177213,1.0379746835443038,0.379746835443038,1.5949367088607596,3.8354430379746836,9.860759493670885,1.3544303797468353,1.759493670886076
Keshad Johnson,MIA,SF,16,6.125,2.6875,1.75,0.25,0.3125,0.25,0.1875,1.125,1.625,0.25,0.5625
Kessler Edwards,DAL,SF,40,15.2,4.2,2.875,1.05,0.475,0.5,0.55,1.675,3.375,0.3,0.325
Kevin Durant,PHO,PF,62,36.53225806451613,26.56451612903226,6.032258064516129,4.241935483870968,0.8064516129032258,1.2419354838709677,2.5806451612903225,9.548387096774194,18.129032258064516,4.887096774193548,5.82258064516129
Kevin Huerter,2TM,SG,69,24.333333333333332,9.869565217391305,2.971014492753623,2.260869565217391,0.9565217391304348,0.3333333333333333,1.9130434782608696,3.7246376811594204,8.753623188405797,0.5072463768115942,0.7101449275362319
Kevin Knox,GSW,SF,14,6.0,3.2857142857142856,1.2142857142857142,0.35714285714285715,0.14285714285714285,0.2857142857142857,0.2857142857142857,1.2857142857142858,2.5714285714285716,0.42857142857142855,0.5714285714285714
Kevin Love,MIA,PF,23,10.91304347826087,5.304347826086956,4.086956521739131,0.9565217391304348,0.6521739130434783,0.17391304347826086,1.0434782608695652,1.7826086956521738,5.0,0.6956521739130435,1.0
Kevin McCullar Jr.,NYK,SF,4,7.25,1.5,2.0,0.5,0.25,0.25,0.0,0.5,1.75,0.5,0.5
Kevin Porter Jr.,2TM,SG,75,19.76,10.28,3.7066666666666666,3.4133333333333336,1.08,0.17333333333333334,0.7333333333333333,3.9066666666666667,8.693333333333333,1.7333333333333334,2.2533333333333334
Kevon Looney,GSW,C,76,15.026315789473685,4.526315789473684,6.078947368421052,1.5526315789473684,0.6052631578947368,0.4868421052631579,0.02631578947368421,1.881578947368421,3.6578947368421053,0.7368421052631579,1.3026315789473684
Keyonte George,UTA,PG,67,31.47761194029851,16.791044776119403,3.7761194029850746,5.626865671641791,0.6865671641791045,0.13432835820895522,2.5970149253731343,5.358208955223881,13.716417910447761,3.4776119402985075,4.253731343283582
Khris Middleton,2TM,SF,37,22.783783783783782,11.891891891891891,3.7027027027027026,4.054054054054054,0.9459459459459459,0.21621621621621623,1.2972972972972974,4.324324324324325,9.108108108108109,1.945945945945946,2.27027027027027
Killian Hayes,BRK,PG,6,27.0,9.0,3.0,5.166666666666667,0.6666666666666666,0.6666666666666666,1.3333333333333333,3.0,7.166666666666667,1.6666666666666667,2.0
Klay Thompson,DAL,SF,72,27.291666666666668,13.958333333333334,3.4166666666666665,2.013888888888889,0.6944444444444444,0.4166666666666667,3.0,5.013888888888889,12.180555555555555,0.9305555555555556,1.0277777777777777
Kobe Brown,LAC,PF,40,6.8,1.925,1.625,0.6,0.175,0.1,0.15,0.825,1.8,0.125,0.175
Kobe Bufkin,ATL,SG,10,12.4,5.3,2.1,1.7,0.3,0.2,0.4,1.8,4.7,1.3,1.8
Kris Dunn,LAC,PG,74,24.094594594594593,6.405405405405405,3.391891891891892,2.8378378378378377,1.7297297297297298,0.36486486486486486,1.0135135135135136,2.5945945945945947,5.905405405405405,0.20270270270270271,0.2972972972972973
Kris Murray,POR,SF,69,15.072463768115941,4.159420289855072,2.63768115942029,0.9855072463768116,0.5072463768115942,0.2463768115942029,0.391304347826087,1.6956521739130435,4.043478260869565,0.37681159420289856,0.8260869565217391
Kristaps Porziņģis,BOS,C,42,28.80952380952381,19.476190476190474,6.761904761904762,2.0714285714285716,0.7380952380952381,1.5,2.4523809523809526,6.595238095238095,13.666666666666666,3.8333333333333335,4.738095238095238
Kyle Anderson,2TM,PF,61,16.42622950819672,5.852459016393443,3.377049180327869,2.377049180327869,0.6557377049180327,0.5409836065573771,0.4098360655737705,2.3278688524590163,4.967213114754099,0.7868852459016393,1.0655737704918034
Kyle Filipowski,UTA,C,72,21.13888888888889,9.583333333333334,6.111111111111111,1.9444444444444444,0.6666666666666666,0.3055555555555556,1.0694444444444444,3.611111111111111,7.194444444444445,1.2916666666666667,1.9861111111111112
Kyle Kuzma,2TM,PF,65,29.784615384615385,14.830769230769231,5.6923076923076925,2.3384615384615386,0.5538461538461539,0.2923076923076923,1.476923076923077,5.6923076923076925,13.046153846153846,1.9692307692307693,3.1076923076923078
Kyle Lowry,PHI,PG,35,18.82857142857143,3.942857142857143,1.9142857142857144,2.742857142857143,0.9428571428571428,0.3142857142857143,0.8285714285714286,1.1714285714285715,3.342857142857143,0.7714285714285715,0.9428571428571428
Kylor Kelley,2TM,C,11,11.454545454545455,3.090909090909091,3.5454545454545454,0.45454545454545453,0.09090909090909091,0.2727272727272727,0.0,1.2727272727272727,2.0,0.5454545454545454,0.9090909090909091
Kyrie Irving,DAL,SG,50,36.08,24.68,4.8,4.62,1.32,0.46,2.88,8.94,18.9,3.92,4.28
Kyshawn George,WAS,SG,68,26.5,8.676470588235293,4.1911764705882355,2.485294117647059,1.0,0.7352941176470589,1.6764705882352942,2.985294117647059,8.029411764705882,1.0294117647058822,1.3676470588235294
LaMelo Ball,CHO,PG,47,32.02127659574468,25.19148936170213,4.9361702127659575,7.361702127659575,1.148936170212766,0.2765957446808511,3.8085106382978724,8.638297872340425,21.340425531914892,4.1063829787234045,4.872340425531915
Lamar Stevens,MEM,PF,17,9.117647058823529,4.352941176470588,2.235294117647059,0.47058823529411764,0.29411764705882354,0.17647058823529413,0.47058823529411764,1.7058823529411764,3.7058823529411766,0.47058823529411764,0.6470588235294118
Landry Shamet,NYK,SG,50,15.24,5.72,1.22,0.54,0.46,0.04,1.24,2.12,4.6,0.24,0.36
Larry Nance Jr.,ATL,PF,24,19.291666666666668,8.458333333333334,4.291666666666667,1.5833333333333333,0.8333333333333334,0.5416666666666666,1.4166666666666667,3.3333333333333335,6.458333333333333,0.375,0.5416666666666666
Lauri Markkanen,UTA,PF,47,31.404255319148938,18.97872340425532,5.914893617021277,1.4893617021276595,0.7021276595744681,0.3617021276595745,2.9361702127659575,6.297872340425532,14.893617021276595,3.4468085106382977,3.9361702127659575
LeBron James,LAL,SF,70,34.91428571428571,24.428571428571427,7.8,8.214285714285714,1.0,0.5571428571428572,2.1285714285714286,9.3,18.142857142857142,3.7,4.728571428571429
Leonard Miller,MIN,SF,13,2.4615384615384617,1.5384615384615385,0.8461538461538461,0.0,0.15384615384615385,0.07692307692307693,0.0,0.46153846153846156,1.1538461538461537,0.6153846153846154,0.6153846153846154
Lester Quiñones,2TM,SG,13,14.076923076923077,6.615384615384615,1.4615384615384615,1.8461538461538463,0.23076923076923078,0.15384615384615385,1.0,2.3846153846153846,6.0,0.8461538461538461,1.0
Liam Robbins,MIL,C,13,4.384615384615385,0.6923076923076923,0.9230769230769231,0.15384615384615385,0.15384615384615385,0.15384615384615385,0.0,0.15384615384615385,0.6153846153846154,0.38461538461538464,0.7692307692307693
Lindy Waters III,2TM,SG,52,14.961538461538462,4.923076923076923,2.1153846153846154,1.0,0.5192307692307693,0.21153846153846154,1.2307692307692308,1.7692307692307692,4.788461538461538,0.15384615384615385,0.21153846153846154
Lonnie Walker IV,PHI,SG,20,23.85,12.35,3.15,2.5,0.5,0.25,2.25,4.45,10.6,1.2,1.5
Lonzo Ball,CHI,PG,35,22.2,7.628571428571429,3.3714285714285714,3.2857142857142856,1.3428571428571427,0.4857142857142857,1.9142857142857144,2.5428571428571427,6.942857142857143,0.6285714285714286,0.7714285714285715
Luguentz Dort,OKC,SF,71,29.197183098591548,10.126760563380282,4.126760563380282,1.619718309859155,1.1126760563380282,0.5492957746478874,2.3943661971830985,3.6338028169014085,8.352112676056338,0.4647887323943662,0.647887323943662
Luka Dončić,2TM,PG,50,35.38,28.16,8.18,7.66,1.78,0.42,3.54,9.22,20.5,6.18,7.9
Luka Garza,MIN,C,39,5.615384615384615,3.5384615384615383,1.3846153846153846,0.28205128205128205,0.15384615384615385,0.07692307692307693,0.2564102564102564,1.3333333333333333,2.6923076923076925,0.6153846153846154,0.8974358974358975
Luke Kennard,MEM,SG,65,22.646153846153847,8.861538461538462,2.8153846153846156,3.3076923076923075,0.7692307692307693,0.07692307692307693,1.7384615384615385,3.169230769230769,6.630769230769231,0.7846153846153846,0.8769230769230769
Luke Kornet,BOS,C,73,18.643835616438356,6.041095890410959,5.315068493150685,1.6027397260273972,0.4931506849315068,0.9726027397260274,0.0,2.5616438356164384,3.835616438356164,0.9178082191780822,1.3287671232876712
Luke Travers,CLE,SG,12,7.333333333333333,1.0,1.6666666666666667,0.6666666666666666,0.08333333333333333,0.08333333333333333,0.0,0.4166666666666667,1.6666666666666667,0.16666666666666666,0.16666666666666666
Mac McClung,ORL,SG,2,5.0,0.0,0.5,1.5,0.0,0.0,0.0,0.0,1.0,0.0,0.0
Malachi Flynn,CHO,PG,4,11.0,4.0,1.75,1.75,0.75,0.0,0.25,1.25,3.25,1.25,1.5
Malaki Branham,SAS,SG,47,9.085106382978724,5.0,1.0851063829787233,0.8085106382978723,0.23404255319148937,0.0425531914893617,0.723404255319149,1.851063829787234,4.042553191489362,0.574468085106383,0.7021276595744681
Malcolm Brogdon,WAS,PG,24,23.5,12.708333333333334,3.7916666666666665,4.083333333333333,0.5416666666666666,0.20833333333333334,0.6666666666666666,4.333333333333333,10.0,3.375,3.8333333333333335
Malevy Leons,OKC,SF,6,3.5,0.3333333333333333,0.5,0.16666666666666666,0.0,0.0,0.0,0.0,0.3333333333333333,0.3333333333333333,0.6666666666666666
Malik Beasley,DET,SG,82,27.841463414634145,16.29268292682927,2.6097560975609757,1.6951219512195121,0.8902439024390244,0.06097560975609756,3.8902439024390243,5.621951219512195,13.060975609756097,1.1585365853658536,1.7073170731707317
Malik Monk,SAC,SG,65,31.6,17.184615384615384,3.769230769230769,5.569230769230769,0.9384615384615385,0.5846153846153846,2.1384615384615384,6.338461538461538,14.446153846153846,2.3692307692307693,2.7384615384615385
MarJon Beauchamp,3TM,SF,35,4.457142857142857,2.257142857142857,1.2571428571428571,0.3142857142857143,0.11428571428571428,0.02857142857142857,0.2857142857142857,0.7714285714285715,1.8571428571428572,0.42857142857142855,0.5714285714285714
Marcus Bagley,PHI,SF,10,25.3,6.7,7.0,1.0,0.9,1.2,0.5,2.7,6.9,0.8,1.0
Marcus Garrett,CHO,SG,4,19.75,7.0,1.5,3.25,0.75,0.5,0.75,2.75,6.75,0.75,1.0
Marcus Sasser,DET,PG,57,14.228070175438596,6.578947368421052,1.2105263157894737,2.3333333333333335,0.6491228070175439,0.07017543859649122,1.0175438596491229,2.4035087719298245,5.192982456140351,0.7543859649122807,0.8947368421052632
Marcus Smart,2TM,PG,34,20.0,8.970588235294118,2.1176470588235294,3.2058823529411766,1.1470588235294117,0.2647058823529412,1.4411764705882353,2.9705882352941178,7.5588235294117645,1.588235294117647,2.088235294117647
Mark Williams,CHO,C,44,26.613636363636363,15.25,10.159090909090908,2.477272727272727,0.7272727272727273,1.2272727272727273,0.0,6.136363636363637,10.159090909090908,2.977272727272727,3.7045454545454546
Markelle Fultz,SAC,PG,21,8.761904761904763,2.9047619047619047,0.9523809523809523,1.2857142857142858,0.47619047619047616,0.09523809523809523,0.19047619047619047,1.3333333333333333,3.1904761904761907,0.047619047619047616,0.047619047619047616
Markieff Morris,2TM,PF,15,11.0,3.7333333333333334,1.5333333333333334,1.4,0.13333333333333333,0.2,0.6,1.4,4.666666666666667,0.3333333333333333,0.4
Marvin Bagley III,2TM,PF,31,8.548387096774194,4.387096774193548,2.7096774193548385,0.3548387096774194,0.2903225806451613,0.25806451612903225,0.0967741935483871,1.7741935483870968,3.4193548387096775,0.7419354838709677,1.1290322580645162
Mason Jones,SAC,SG,10,4.5,2.3,0.9,1.1,0.0,0.1,0.1,0.9,1.8,0.4,0.5
Mason Plumlee,PHO,C,74,17.56756756756757,4.5,6.148648648648648,1.8108108108108107,0.44594594594594594,0.6351351351351351,0.0,1.6891891891891893,2.72972972972973,1.1216216216216217,1.7297297297297298
Matas Buzelis,CHI,SF,80,18.8875,8.6,3.475,0.9875,0.3625,0.9375,1.2,3.15,6.9375,1.1,1.35
Matisse Thybulle,POR,SG,15,20.8,7.466666666666667,3.466666666666667,1.8666666666666667,2.2,0.6,1.4,2.8,5.866666666666666,0.4666666666666667,1.0
Matt Ryan,NYK,SF,19,3.5789473684210527,1.4736842105263157,0.42105263157894735,0.15789473684210525,0.10526315789473684,0.0,0.3157894736842105,0.5263157894736842,1.631578947368421,0.10526315789473684,0.10526315789473684
Max Christie,2TM,SG,78,27.26923076923077,9.602564102564102,3.3076923076923075,1.8717948717948718,0.8205128205128205,0.3974358974358974,1.4743589743589745,3.230769230769231,7.564102564102564,1.6666666666666667,1.9487179487179487
Max Strus,CLE,SF,50,25.46,9.42,4.34,3.16,0.52,0.24,2.26,3.3,7.46,0.56,0.68
Maxi Kleber,DAL,PF,34,18.735294117647058,3.0294117647058822,2.7941176470588234,1.2647058823529411,0.2647058823529412,0.5,0.38235294117647056,1.088235294117647,2.823529411764706,0.47058823529411764,0.6176470588235294
Maxwell Lewis,2TM,SF,28,11.678571428571429,4.142857142857143,1.9642857142857142,0.6785714285714286,0.32142857142857145,0.25,0.6785714285714286,1.6071428571428572,3.857142857142857,0.25,0.35714285714285715
Micah Potter,UTA,C,38,18.55263157894737,4.2631578947368425,4.315789473684211,0.8157894736842105,0.3684210526315789,0.3684210526315789,0.8157894736842105,1.5,3.5526315789473686,0.4473684210526316,0.5263157894736842
Michael Porter Jr.,DEN,SF,77,33.675324675324674,18.155844155844157,7.012987012987013,2.142857142857143,0.6493506493506493,0.4935064935064935,2.5064935064935066,6.857142857142857,13.61038961038961,1.9350649350649352,2.5194805194805197
Mikal Bridges,NYK,SF,82,37.02439024390244,17.609756097560975,3.158536585365854,3.731707317073171,0.9146341463414634,0.524390243902439,2.0,7.219512195121951,14.426829268292684,1.170731707317073,1.4390243902439024
Mike Conley,MIN,PG,71,24.732394366197184,8.19718309859155,2.563380281690141,4.492957746478873,1.1126760563380282,0.19718309859154928,1.7887323943661972,2.6338028169014085,6.591549295774648,1.1408450704225352,1.267605633802817
Miles Bridges,CHO,PF,64,31.703125,20.3125,7.515625,3.875,0.6875,0.703125,2.203125,7.328125,17.015625,3.453125,3.96875
Miles McBride,NYK,SG,64,24.890625,9.546875,2.515625,2.921875,1.046875,0.265625,1.796875,3.46875,8.546875,0.8125,1.0
Miles Norris,BOS,PF,3,11.666666666666666,2.3333333333333335,3.0,0.0,0.6666666666666666,0.3333333333333333,0.6666666666666666,0.6666666666666666,3.0,0.3333333333333333,0.6666666666666666
Mitchell Robinson,NYK,C,17,17.058823529411764,5.117647058823529,5.9411764705882355,0.7647058823529411,0.9411764705882353,1.0588235294117647,0.0,2.176470588235294,3.2941176470588234,0.7647058823529411,1.1176470588235294
Mo Bamba,2TM,C,32,12.90625,4.3125,4.53125,0.5625,0.28125,0.96875,0.46875,1.625,3.5,0.59375,0.84375
Monte Morris,PHO,PG,45,12.688888888888888,5.177777777777778,1.488888888888889,1.6222222222222222,0.4444444444444444,0.06666666666666667,0.6888888888888889,1.8444444444444446,4.333333333333333,0.8,0.9333333333333333
Moritz Wagner,ORL,C,30,18.8,12.866666666666667,4.933333333333334,1.4,0.8,0.4,0.9,4.666666666666667,8.3,2.6333333333333333,3.6666666666666665
Moses Brown,2TM,C,13,9.153846153846153,5.846153846153846,3.3846153846153846,0.15384615384615385,0.46153846153846156,0.3076923076923077,0.0,2.6153846153846154,3.769230769230769,0.6153846153846154,0.8461538461538461
Moses Moody,GSW,SG,74,22.283783783783782,9.783783783783784,2.554054054054054,1.2972972972972974,0.7972972972972973,0.4189189189189189,1.7027027027027026,3.324324324324324,7.675675675675675,1.4324324324324325,1.7972972972972974
Mouhamed Gueye,ATL,PF,33,16.151515151515152,5.96969696969697,4.212121212121212,0.8181818181818182,0.8484848484848485,1.0,0.6363636363636364,2.1818181818181817,5.181818181818182,0.9696969696969697,1.2727272727272727
Moussa Diabaté,CHO,C,71,17.47887323943662,5.676056338028169,6.169014084507042,0.7887323943661971,0.647887323943662,0.5633802816901409,0.0,2.352112676056338,3.943661971830986,0.971830985915493,1.6338028169014085
Myles Turner,IND,C,72,30.194444444444443,15.555555555555555,6.541666666666667,1.5416666666666667,0.75,2.0,2.1666666666666665,5.416666666666667,11.26388888888889,2.5555555555555554,3.3055555555555554
N'Faly Dante,HOU,C,4,12.75,6.0,5.25,0.5,0.25,1.25,0.0,2.5,3.25,1.0,1.25
Nae'Qwan Tomlin,CLE,PF,5,12.6,7.2,4.2,0.4,0.0,0.2,0.4,2.6,6.4,1.6,2.2
Naji Marshall,DAL,SF,69,27.81159420289855,13.246376811594203,4.753623188405797,3.0144927536231885,1.0144927536231885,0.15942028985507245,0.8695652173913043,5.246376811594203,10.318840579710145,1.8840579710144927,2.318840579710145
Nate Williams,HOU,SG,20,7.35,3.25,0.65,0.45,0.4,0.2,0.3,1.35,3.1,0.25,0.4
Naz Reid,MIN,C,80,27.5,14.225,6.0,2.2625,0.725,0.9,2.1875,5.325,11.5375,1.3875,1.7875
Neemias Queta,BOS,C,62,13.919354838709678,5.0,3.806451612903226,0.7258064516129032,0.2903225806451613,0.6774193548387096,0.0,2.129032258064516,3.274193548387097,0.7419354838709677,0.9838709677419355
Nic Claxton,BRK,C,70,26.885714285714286,10.342857142857143,7.357142857142857,2.242857142857143,0.8857142857142857,1.4285714285714286,0.07142857142857142,4.571428571428571,8.114285714285714,1.1285714285714286,2.2
Nick Richards,2TM,C,57,22.035087719298247,9.280701754385966,8.175438596491228,0.8596491228070176,0.24561403508771928,0.9649122807017544,0.0,3.5964912280701755,6.087719298245614,2.087719298245614,2.807017543859649
Nick Smith Jr.,CHO,SG,60,22.816666666666666,9.85,2.1333333333333333,2.4166666666666665,0.2833333333333333,0.1,1.7333333333333334,3.7,9.466666666666667,0.7166666666666667,0.7666666666666667
Nickeil Alexander-Walker,MIN,SG,82,25.28048780487805,9.426829268292684,3.231707317073171,2.7195121951219514,0.6097560975609756,0.4146341463414634,1.7195121951219512,3.292682926829268,7.512195121951219,1.1219512195121952,1.4390243902439024
Nicolas Batum,LAC,PF,78,17.525641025641026,4.012820512820513,2.7948717948717947,1.0769230769230769,0.6666666666666666,0.46153846153846156,1.1282051282051282,1.3333333333333333,3.051282051282051,0.21794871794871795,0.2692307692307692
Nikola Jokić,DEN,C,70,36.72857142857143,29.585714285714285,12.742857142857142,10.228571428571428,1.8142857142857143,0.6428571428571429,1.9714285714285715,11.228571428571428,19.485714285714284,5.1571428571428575,6.442857142857143
Nikola Jović,MIA,PF,46,25.130434782608695,10.73913043478261,3.9130434782608696,2.847826086956522,0.8260869565217391,0.2826086956521739,1.6956521739130435,3.739130434782609,8.195652173913043,1.565217391304348,1.891304347826087
Nikola Vučević,CHI,C,73,31.205479452054796,18.47945205479452,10.068493150684931,3.506849315068493,0.8356164383561644,0.7123287671232876,1.7671232876712328,7.534246575342466,14.219178082191782,1.643835616438356,2.041095890410959
Noah Clowney,BRK,PF,46,22.652173913043477,9.130434782608695,3.9347826086956523,0.8695652173913043,0.5217391304347826,0.45652173913043476,1.891304347826087,2.891304347826087,8.08695652173913,1.4565217391304348,1.7391304347826086
Norman Powell,LAC,SG,60,32.63333333333333,21.766666666666666,3.1666666666666665,2.0833333333333335,1.2166666666666666,0.15,2.9833333333333334,7.616666666666666,15.75,3.55,4.416666666666667
OG Anunoby,NYK,PF,74,36.567567567567565,18.0,4.837837837837838,2.2162162162162162,1.4864864864864864,0.8783783783783784,2.310810810810811,6.608108108108108,13.878378378378379,2.472972972972973,3.054054054054054
Obi Toppin,IND,PF,79,19.556962025316455,10.544303797468354,4.025316455696203,1.620253164556962,0.5822784810126582,0.35443037974683544,1.3924050632911393,4.012658227848101,7.582278481012659,1.1265822784810127,1.4430379746835442
Ochai Agbaji,TOR,SG,64,27.171875,10.421875,3.78125,1.53125,0.90625,0.46875,1.578125,4.15625,8.34375,0.53125,0.75
Olivier-Maxence Prosper,DAL,PF,52,11.23076923076923,3.8653846153846154,2.423076923076923,0.7692307692307693,0.5,0.11538461538461539,0.23076923076923078,1.3461538461538463,3.3461538461538463,0.9423076923076923,1.4615384615384615
Onyeka Okongwu,ATL,C,74,27.89189189189189,13.35135135135135,8.91891891891892,2.27027027027027,0.9324324324324325,0.918918918918919,0.6486486486486487,5.243243243243243,9.243243243243244,2.2162162162162162,2.918918918918919
Orlando Robinson,2TM,C,44,17.5,6.886363636363637,5.0,1.75,0.38636363636363635,0.36363636363636365,0.38636363636363635,2.6363636363636362,5.931818181818182,1.2272727272727273,1.5909090909090908
Oscar Tshiebwe,UTA,C,14,18.214285714285715,7.642857142857143,8.714285714285714,0.6428571428571429,0.9285714285714286,0.07142857142857142,0.0,3.0,5.0,1.6428571428571428,2.2142857142857144
Oshae Brissett,PHI,SF,6,23.666666666666668,8.666666666666666,3.6666666666666665,0.6666666666666666,0.6666666666666666,0.5,1.0,3.1666666666666665,6.5,1.3333333333333333,2.3333333333333335
Oso Ighodaro,PHO,PF,61,17.131147540983605,4.180327868852459,3.639344262295082,1.1639344262295082,0.45901639344262296,0.47540983606557374,0.0,1.8524590163934427,3.0655737704918034,0.47540983606557374,0.819672131147541
Ousmane Dieng,OKC,C,37,10.945945945945946,3.8378378378378377,2.189189189189189,0.8378378378378378,0.4594594594594595,0.1891891891891892,0.6216216216216216,1.4594594594594594,3.3783783783783785,0.2972972972972973,0.43243243243243246
P.J. Tucker,NYK,SF,3,19.333333333333332,3.0,2.6666666666666665,0.0,0.3333333333333333,0.3333333333333333,1.0,1.0,2.3333333333333335,0.0,0.0
P.J. Washington,DAL,PF,57,32.19298245614035,14.666666666666666,7.754385964912281,2.2982456140350878,1.105263157894737,1.0526315789473684,1.5964912280701755,5.280701754385965,11.666666666666666,2.508771929824561,3.473684210526316
PJ Dozier,MIN,SG,9,3.888888888888889,0.7777777777777778,0.5555555555555556,0.5555555555555556,0.1111111111111111,0.0,0.2222222222222222,0.2222222222222222,0.3333333333333333,0.1111111111111111,0.6666666666666666
PJ Hall,DEN,C,19,3.473684210526316,1.736842105263158,1.1578947368421053,0.21052631578947367,0.0,0.21052631578947367,0.10526315789473684,0.7368421052631579,1.263157894736842,0.15789473684210525,0.21052631578947367
Pacôme Dadiet,NYK,SG,18,6.166666666666667,1.6666666666666667,1.0,0.2777777777777778,0.16666666666666666,0.1111111111111111,0.3333333333333333,0.5555555555555556,1.7222222222222223,0.2222222222222222,0.3333333333333333
Paolo Banchero,ORL,PF,46,34.391304347826086,25.891304347826086,7.5,4.760869565217392,0.782608695652174,0.6086956521739131,1.891304347826087,8.956521739130435,19.804347826086957,6.086956521739131,8.369565217391305
Pascal Siakam,IND,PF,78,32.666666666666664,20.23076923076923,6.923076923076923,3.371794871794872,0.8974358974358975,0.5384615384615384,1.6153846153846154,7.858974358974359,15.153846153846153,2.8974358974358974,3.948717948717949
Pat Connaughton,MIL,SG,41,14.707317073170731,5.2682926829268295,2.658536585365854,1.7073170731707317,0.21951219512195122,0.2682926829268293,0.6341463414634146,2.024390243902439,4.317073170731708,0.5853658536585366,0.7560975609756098
Pat Spencer,GSW,PG,39,6.410256410256411,2.5128205128205128,1.1794871794871795,1.2307692307692308,0.358974358974359,0.07692307692307693,0.1282051282051282,1.0512820512820513,2.58974358974359,0.28205128205128205,0.38461538461538464
Patrick Baldwin Jr.,2TM,SF,24,4.458333333333333,2.2083333333333335,1.0416666666666667,0.125,0.125,0.08333333333333333,0.5416666666666666,0.7916666666666666,1.4583333333333333,0.08333333333333333,0.16666666666666666
Patrick Williams,CHI,PF,63,25.015873015873016,8.984126984126984,3.761904761904762,1.9682539682539681,0.7619047619047619,0.5079365079365079,1.5238095238095237,3.253968253968254,8.19047619047619,0.9523809523809523,1.3174603174603174
Patty Mills,2TM,PG,29,11.068965517241379,3.8275862068965516,0.7586206896551724,0.896551724137931,0.4482758620689655,0.10344827586206896,0.896551724137931,1.2413793103448276,3.310344827586207,0.4482758620689655,0.4827586206896552
Paul George,PHI,PF,41,32.53658536585366,16.21951219512195,5.341463414634147,4.341463414634147,1.829268292682927,0.4878048780487805,2.341463414634146,5.975609756097561,13.902439024390244,1.9268292682926829,2.3658536585365852
Paul Reed,DET,C,45,9.733333333333333,4.088888888888889,2.7333333333333334,0.9777777777777777,0.8666666666666667,0.5555555555555556,0.17777777777777778,1.6,3.1555555555555554,0.7111111111111111,0.9333333333333333
Payton Pritchard,BOS,PG,80,28.3875,14.3,3.8375,3.4875,0.875,0.175,3.1875,5.1125,10.825,0.8875,1.05
Pelle Larsson,MIA,SG,55,14.218181818181819,4.5636363636363635,1.6727272727272726,1.1818181818181819,0.5818181818181818,0.12727272727272726,0.5818181818181818,1.6181818181818182,3.690909090909091,0.7454545454545455,1.1090909090909091
Pete Nance,2TM,C,13,10.615384615384615,2.923076923076923,1.6153846153846154,0.7692307692307693,0.15384615384615385,0.15384615384615385,0.6923076923076923,1.0769230769230769,2.4615384615384617,0.07692307692307693,0.15384615384615385
Peyton Watson,DEN,SF,68,24.352941176470587,8.102941176470589,3.426470588235294,1.3823529411764706,0.7058823529411765,1.3676470588235294,0.7058823529411765,3.0,6.294117647058823,1.3970588235294117,2.014705882352941
Phillip Wheeler,PHI,PF,5,8.8,1.6,1.6,0.4,0.2,0.4,0.0,0.6,4.2,0.4,0.4
Precious Achiuwa,NYK,C,57,20.526315789473685,6.649122807017544,5.56140350877193,0.9649122807017544,0.8245614035087719,0.7368421052631579,0.17543859649122806,2.8771929824561404,5.7368421052631575,0.7192982456140351,1.2105263157894737
Quentin Grimes,2TM,SG,75,26.84,14.56,4.32,3.04,0.9866666666666667,0.29333333333333333,2.16,5.12,10.973333333333333,2.16,2.8533333333333335
Quenton Jackson,IND,PG,28,13.607142857142858,5.785714285714286,1.5714285714285714,1.8928571428571428,0.75,0.17857142857142858,0.5357142857142857,2.0714285714285716,4.357142857142857,1.1071428571428572,1.4285714285714286
Quincy Olivari,LAL,PG,2,5.0,1.5,0.0,0.5,0.0,0.0,0.5,0.5,2.5,0.0,0.0
Quinten Post,GSW,PF,42,16.333333333333332,8.095238095238095,3.5238095238095237,1.3333333333333333,0.38095238095238093,0.42857142857142855,1.7380952380952381,2.9285714285714284,6.523809523809524,0.5,0.6428571428571429
RJ Barrett,TOR,SF,58,32.224137931034484,21.086206896551722,6.310344827586207,5.413793103448276,0.7931034482758621,0.29310344827586204,1.8448275862068966,7.931034482758621,16.93103448275862,3.3793103448275863,5.362068965517241
RayJ Dennis,IND,PG,11,6.363636363636363,2.727272727272727,1.0909090909090908,1.2727272727272727,0.6363636363636364,0.18181818181818182,0.5454545454545454,1.0,3.0,0.18181818181818182,0.18181818181818182
Rayan Rupert,POR,SG,52,8.846153846153847,2.980769230769231,1.3461538461538463,0.4807692307692308,0.3076923076923077,0.07692307692307693,0.3076923076923077,1.1153846153846154,2.730769230769231,0.4423076923076923,0.5769230769230769
Reece Beekman,2TM,PG,36,13.027777777777779,2.5833333333333335,1.0833333333333333,1.75,0.9166666666666666,0.05555555555555555,0.19444444444444445,0.9722222222222222,2.9722222222222223,0.4444444444444444,0.5833333333333334
Reed Sheppard,HOU,PG,52,12.576923076923077,4.403846153846154,1.5,1.4423076923076923,0.6730769230769231,0.3269230769230769,0.9230769230769231,1.6153846153846154,4.596153846153846,0.25,0.3076923076923077
Reggie Jackson,PHI,PG,31,12.387096774193548,4.387096774193548,1.3548387096774193,1.4516129032258065,0.5161290322580645,0.0967741935483871,0.8064516129032258,1.6774193548387097,4.290322580645161,0.22580645161290322,0.2903225806451613
Richaun Holmes,WAS,PF,31,17.225806451612904,7.419354838709677,5.709677419354839,1.3548387096774193,0.2903225806451613,0.7419354838709677,0.0,2.903225806451613,4.483870967741935,1.6129032258064515,1.935483870967742
Ricky Council IV,PHI,SF,73,17.123287671232877,7.287671232876712,2.9315068493150687,1.3287671232876712,0.4383561643835616,0.1780821917808219,0.7534246575342466,2.4246575342465753,6.342465753424658,1.6849315068493151,2.095890410958904
Riley Minix,SAS,SF,1,7.0,0.0,2.0,0.0,0.0,0.0,0.0,0.0,1.0,0.0,0.0
Rob Dillingham,MIN,PG,49,10.53061224489796,4.469387755102041,1.0204081632653061,2.0,0.40816326530612246,0.02040816326530612,0.5102040816326531,1.8979591836734695,4.3061224489795915,0.16326530612244897,0.30612244897959184
Robert Williams,POR,C,20,17.55,5.8,5.9,1.05,0.65,1.65,0.05,2.5,3.9,0.75,0.85
Ron Harper Jr.,DET,SF,1,17.0,4.0,7.0,2.0,0.0,0.0,0.0,1.0,8.0,2.0,2.0
Ron Holland,DET,SF,81,15.62962962962963,6.444444444444445,2.691358024691358,1.0123456790123457,0.6049382716049383,0.20987654320987653,0.4444444444444444,2.432098765432099,5.135802469135802,1.1358024691358024,1.5061728395061729
Royce O'Neale,PHO,SF,75,24.493333333333332,9.066666666666666,4.653333333333333,2.1733333333333333,0.8933333333333333,0.4533333333333333,2.3866666666666667,3.2133333333333334,7.6,0.25333333333333335,0.3466666666666667
Rudy Gobert,MIN,C,72,33.18055555555556,12.027777777777779,10.902777777777779,1.7638888888888888,0.7777777777777778,1.4444444444444444,0.0,4.736111111111111,7.083333333333333,2.5555555555555554,3.7916666666666665
Rui Hachimura,LAL,PF,59,31.677966101694917,13.135593220338983,5.0,1.4067796610169492,0.7627118644067796,0.4406779661016949,1.728813559322034,4.966101694915254,9.76271186440678,1.4745762711864407,1.9152542372881356
Russell Westbrook,DEN,PG,75,27.893333333333334,13.253333333333334,4.933333333333334,6.093333333333334,1.4133333333333333,0.49333333333333335,1.2533333333333334,4.973333333333334,11.08,2.0533333333333332,3.1066666666666665
Ryan Dunn,PHO,SF,74,19.054054054054053,6.905405405405405,3.608108108108108,0.7702702702702703,0.5945945945945946,0.5405405405405406,1.1081081081081081,2.77027027027027,6.445945945945946,0.25675675675675674,0.527027027027027
Ryan Rollins,MIL,PG,56,14.642857142857142,6.232142857142857,1.9285714285714286,1.8571428571428572,0.75,0.30357142857142855,0.875,2.357142857142857,4.839285714285714,0.6428571428571429,0.8035714285714286
Sam Hauser,BOS,PF,71,21.704225352112676,8.52112676056338,3.1549295774647885,0.9014084507042254,0.5774647887323944,0.18309859154929578,2.3380281690140845,3.0140845070422535,6.676056338028169,0.15492957746478872,0.15492957746478872
Sam Merrill,CLE,SG,71,19.732394366197184,7.169014084507042,2.211267605633803,1.5211267605633803,0.7464788732394366,0.19718309859154928,1.9295774647887325,2.4225352112676055,5.971830985915493,0.39436619718309857,0.4084507042253521
Sandro Mamukelashvili,SAS,PF,61,11.163934426229508,6.311475409836065,3.0655737704918034,0.7868852459016393,0.36065573770491804,0.2786885245901639,0.9836065573770492,2.3114754098360657,4.60655737704918,0.7049180327868853,0.9508196721311475
Santi Aldama,MEM,PF,65,25.53846153846154,12.476923076923077,6.4,2.8923076923076922,0.8,0.4461538461538462,1.8461538461538463,4.815384615384615,9.96923076923077,1.0,1.4461538461538461
Scoot Henderson,POR,PG,66,26.651515151515152,12.681818181818182,3.0,5.075757575757576,1.0303030303030303,0.19696969696969696,1.5909090909090908,4.348484848484849,10.378787878787879,2.393939393939394,3.121212121212121
Scottie Barnes,TOR,PF,65,32.83076923076923,19.26153846153846,7.723076923076923,5.815384615384615,1.4307692307692308,0.9692307692307692,1.1692307692307693,7.292307692307692,16.353846153846153,3.5076923076923077,4.6461538461538465
Scotty Pippen Jr.,MEM,PG,79,21.303797468354432,9.860759493670885,3.278481012658228,4.3924050632911396,1.3037974683544304,0.379746835443038,1.1012658227848102,3.607594936708861,7.518987341772152,1.5443037974683544,2.1645569620253164
Seth Curry,CHO,SG,68,15.617647058823529,6.529411764705882,1.661764705882353,0.8823529411764706,0.39705882352941174,0.10294117647058823,1.2205882352941178,2.411764705882353,5.044117647058823,0.4852941176470588,0.5735294117647058
Shaedon Sharpe,POR,SG,72,31.27777777777778,18.541666666666668,4.5,2.75,0.8611111111111112,0.2222222222222222,2.0416666666666665,6.930555555555555,15.333333333333334,2.638888888888889,3.361111111111111
Shai Gilgeous-Alexander,OKC,PG,76,34.18421052631579,32.68421052631579,4.9868421052631575,6.394736842105263,1.7236842105263157,1.013157894736842,2.1447368421052633,11.31578947368421,21.789473684210527,7.907894736842105,8.802631578947368
Shake Milton,2TM,SG,57,14.68421052631579,5.526315789473684,1.8245614035087718,1.7894736842105263,0.43859649122807015,0.07017543859649122,0.6666666666666666,2.017543859649123,4.456140350877193,0.8245614035087719,1.0350877192982457
Sidy Cissoko,2TM,SF,22,5.181818181818182,1.4545454545454546,0.9545454545454546,0.6818181818181818,0.09090909090909091,0.045454545454545456,0.13636363636363635,0.5909090909090909,1.3636363636363635,0.13636363636363635,0.4090909090909091
Simone Fontecchio,DET,SF,75,16.493333333333332,5.946666666666666,2.8666666666666667,0.8666666666666667,0.41333333333333333,0.16,1.0133333333333334,2.0,4.973333333333334,0.9333333333333333,1.12
Skal Labissière,SAC,PF,4,3.0,1.25,0.75,0.25,0.0,0.0,0.25,0.5,1.0,0.0,0.0
Spencer Dinwiddie,DAL,PG,79,27.037974683544302,11.037974683544304,2.6455696202531644,4.417721518987341,0.8860759493670886,0.21518987341772153,1.379746835443038,3.5949367088607596,8.632911392405063,2.4683544303797467,3.0759493670886076
Spencer Jones,DEN,SF,20,6.25,1.3,0.85,0.25,0.25,0.25,0.05,0.55,1.7,0.15,0.15
Stanley Umude,MIL,SG,22,3.909090909090909,0.6818181818181818,0.7727272727272727,0.18181818181818182,0.13636363636363635,0.2727272727272727,0.13636363636363635,0.22727272727272727,1.1818181818181819,0.09090909090909091,0.18181818181818182
Stephen Curry,GSW,PG,70,32.17142857142857,24.542857142857144,4.428571428571429,6.014285714285714,1.1428571428571428,0.42857142857142855,4.442857142857143,8.057142857142857,17.97142857142857,3.9857142857142858,4.271428571428571
Stephon Castle,SAS,SG,81,26.691358024691358,14.691358024691358,3.6666666666666665,4.098765432098766,0.9135802469135802,0.2716049382716049,1.1728395061728396,5.222222222222222,12.197530864197532,3.074074074074074,4.246913580246914
Steven Adams,HOU,C,58,13.689655172413794,3.8793103448275863,5.637931034482759,1.1379310344827587,0.3793103448275862,0.4827586206896552,0.0,1.5689655172413792,2.8793103448275863,0.7413793103448276,1.603448275862069
Svi Mykhailiuk,UTA,SF,38,20.0,8.789473684210526,2.3684210526315788,2.0,0.5,0.18421052631578946,1.8421052631578947,3.1052631578947367,7.947368421052632,0.7368421052631579,0.9210526315789473
T.J. McConnell,IND,PG,79,17.911392405063292,9.113924050632912,2.4430379746835444,4.443037974683544,1.0506329113924051,0.26582278481012656,0.189873417721519,4.10126582278481,7.89873417721519,0.7215189873417721,0.9746835443037974
Taj Gibson,CHO,C,37,11.054054054054054,2.891891891891892,3.2432432432432434,0.5675675675675675,0.24324324324324326,0.4864864864864865,0.02702702702702703,1.2702702702702702,2.5675675675675675,0.32432432432432434,0.5405405405405406
Talen Horton-Tucker,CHI,SG,58,12.482758620689655,6.5344827586206895,1.7241379310344827,1.4310344827586208,0.3620689655172414,0.1896551724137931,0.7068965517241379,2.293103448275862,5.017241379310345,1.2413793103448276,1.6896551724137931
Tari Eason,HOU,PF,57,24.912280701754387,12.035087719298245,6.350877192982456,1.456140350877193,1.7017543859649122,0.8771929824561403,1.105263157894737,4.771929824561403,9.807017543859649,1.3859649122807018,1.8245614035087718
Taurean Prince,MIL,SF,80,27.075,8.2,3.5875,1.9375,0.95,0.1875,1.8375,2.9375,6.425,0.4875,0.6
Taylor Hendricks,UTA,PF,3,25.0,4.666666666666667,5.0,0.6666666666666666,1.6666666666666667,1.3333333333333333,1.0,1.3333333333333333,6.0,1.0,1.3333333333333333
Taze Moore,POR,SG,2,10.0,3.0,4.0,0.5,1.0,0.0,0.5,1.0,5.0,0.5,1.0
Terance Mann,2TM,SG,67,21.104477611940297,7.7164179104477615,2.970149253731343,1.8059701492537314,0.7014925373134329,0.22388059701492538,0.8955223880597015,3.0597014925373136,6.164179104477612,0.7014925373134329,1.0149253731343284
Terence Davis,SAC,SG,1,8.0,0.0,1.0,1.0,0.0,0.0,0.0,0.0,2.0,0.0,0.0
Terrence Shannon Jr.,MIN,SG,32,10.59375,4.3125,1.46875,1.0,0.21875,0.15625,0.34375,1.71875,3.5625,0.53125,0.65625
Terry Rozier,MIA,PG,64,25.90625,10.609375,3.71875,2.609375,0.578125,0.21875,1.421875,3.875,9.921875,1.4375,1.6875
Terry Taylor,SAC,PF,3,2.0,0.0,0.3333333333333333,0.6666666666666666,0.0,0.0,0.0,0.0,0.3333333333333333,0.0,0.0
Thomas Bryant,2TM,C,66,14.590909090909092,6.5,3.803030303030303,0.803030303030303,0.42424242424242425,0.6212121212121212,0.7272727272727273,2.4696969696969697,4.863636363636363,0.8333333333333334,0.9696969696969697
Tidjane Salaün,CHO,PF,60,20.733333333333334,5.883333333333334,4.666666666666667,1.2333333333333334,0.48333333333333334,0.23333333333333334,0.9666666666666667,1.9,5.75,1.1166666666666667,1.5666666666666667
Tim Hardaway Jr.,DET,SG,77,27.961038961038962,10.96103896103896,2.3766233766233764,1.5974025974025974,0.4935064935064935,0.09090909090909091,2.1818181818181817,3.5844155844155843,8.831168831168831,1.6103896103896105,1.8831168831168832
Tobias Harris,DET,PF,73,31.589041095890412,13.726027397260275,5.917808219178082,2.219178082191781,1.0136986301369864,0.7808219178082192,1.2465753424657535,5.260273972602739,11.027397260273972,1.9589041095890412,2.2739726027397262
Tolu Smith,DET,PF,1,22.0,14.0,8.0,0.0,0.0,0.0,0.0,6.0,9.0,2.0,3.0
Tony Bradley,IND,C,14,8.071428571428571,4.357142857142857,3.0,0.42857142857142855,0.14285714285714285,0.6428571428571429,0.07142857142857142,2.0714285714285716,3.2142857142857144,0.14285714285714285,0.42857142857142855
Torrey Craig,2TM,SF,26,12.076923076923077,4.153846153846154,2.8076923076923075,0.6538461538461539,0.3076923076923077,0.46153846153846156,0.9230769230769231,1.4615384615384615,3.4615384615384617,0.3076923076923077,0.46153846153846156
Tosan Evbuomwan,BRK,SF,28,23.75,9.535714285714286,4.285714285714286,1.9642857142857142,0.8571428571428571,0.35714285714285715,0.8571428571428571,3.357142857142857,7.857142857142857,1.9642857142857142,2.607142857142857
Toumani Camara,POR,PF,78,32.666666666666664,11.307692307692308,5.769230769230769,2.2435897435897436,1.4871794871794872,0.6410256410256411,1.7307692307692308,4.205128205128205,9.179487179487179,1.1666666666666667,1.6153846153846154
Trae Young,ATL,PG,76,36.03947368421053,24.223684210526315,3.1052631578947367,11.578947368421053,1.1973684210526316,0.15789473684210525,2.8684210526315788,7.447368421052632,18.105263157894736,6.4605263157894735,7.381578947368421
Trayce Jackson-Davis,GSW,C,62,15.596774193548388,6.564516129032258,5.016129032258065,1.6774193548387097,0.3709677419354839,0.6129032258064516,0.0,2.806451612903226,4.870967741935484,0.9516129032258065,1.6451612903225807
Tre Jones,2TM,PG,46,19.67391304347826,7.173913043478261,2.5217391304347827,4.173913043478261,0.8043478260869565,0.21739130434782608,0.41304347826086957,2.782608695652174,5.173913043478261,1.1956521739130435,1.4565217391304348
Tre Mann,CHO,PG,13,24.53846153846154,14.076923076923077,2.923076923076923,3.0,0.5384615384615384,0.3076923076923077,1.8461538461538463,5.384615384615385,12.384615384615385,1.4615384615384615,1.6153846153846154
Trendon Watford,BRK,PF,44,20.75,10.227272727272727,3.6363636363636362,2.6136363636363638,0.6136363636363636,0.2727272727272727,0.6590909090909091,3.727272727272727,7.954545454545454,2.1136363636363638,2.772727272727273
Trentyn Flowers,LAC,SF,6,4.5,1.8333333333333333,0.6666666666666666,0.0,0.0,0.0,0.0,0.6666666666666666,1.8333333333333333,0.5,0.5
Trevelin Queen,ORL,SG,31,13.870967741935484,4.903225806451613,1.7419354838709677,1.2258064516129032,1.0,0.3225806451612903,0.7096774193548387,1.8064516129032258,4.741935483870968,0.5806451612903226,0.6774193548387096
Trey Alexander,DEN,SG,24,4.875,1.3333333333333333,0.5,0.4583333333333333,0.08333333333333333,0.041666666666666664,0.125,0.5416666666666666,1.7083333333333333,0.125,0.16666666666666666
Trey Jemison,2TM,C,38,10.31578947368421,2.5,2.763157894736842,0.42105263157894735,0.23684210526315788,0.39473684210526316,0.0,1.0789473684210527,1.9473684210526316,0.34210526315789475,0.868421052631579
Trey Lyles,SAC,PF,69,19.55072463768116,6.536231884057971,4.579710144927536,1.1884057971014492,0.5942028985507246,0.3333333333333333,1.173913043478261,2.2753623188405796,5.420289855072464,0.8115942028985508,1.1594202898550725
Trey Murphy III,NOP,SF,53,34.9811320754717,21.20754716981132,5.056603773584905,3.547169811320755,1.0566037735849056,0.7358490566037735,2.981132075471698,7.188679245283019,15.830188679245284,3.849056603773585,4.339622641509434
Tristan Da Silva,ORL,SF,74,22.013513513513512,7.202702702702703,3.310810810810811,1.527027027027027,0.44594594594594594,0.24324324324324326,1.0810810810810811,2.689189189189189,6.527027027027027,0.7432432432432432,0.8513513513513513
Tristan Thompson,CLE,C,40,8.2,1.725,3.35,0.6,0.05,0.275,0.0,0.775,1.775,0.175,0.75
Tristan Vukcevic,WAS,C,35,14.657142857142857,9.428571428571429,3.7142857142857144,1.1142857142857143,0.3142857142857143,0.6571428571428571,1.0857142857142856,3.4285714285714284,6.914285714285715,1.4857142857142858,1.9142857142857144
Tristen Newton,2TM,SG,8,2.0,0.375,0.5,0.25,0.125,0.0,0.0,0.125,1.0,0.125,0.125
Ty Jerome,CLE,SG,70,19.9,12.542857142857143,2.4714285714285715,3.3857142857142857,1.1142857142857143,0.04285714285714286,1.5857142857142856,4.557142857142857,8.82857142857143,1.8428571428571427,2.1142857142857143
TyTy Washington Jr.,PHO,PG,16,7.375,2.1875,0.8125,1.0,0.1875,0.0,0.25,0.875,2.8125,0.1875,0.375
Tyler Herro,MIA,SG,77,35.38961038961039,23.896103896103895,5.181818181818182,5.5064935064935066,0.8961038961038961,0.22077922077922077,3.25974025974026,8.454545454545455,17.896103896103895,3.727272727272727,4.246753246753247
Tyler Kolek,NYK,PG,41,7.219512195121951,1.975609756097561,0.6585365853658537,1.7073170731707317,0.2926829268292683,0.0975609756097561,0.34146341463414637,0.6585365853658537,2.0,0.3170731707317073,0.4146341463414634
Tyler Smith,MIL,PF,23,5.304347826086956,2.9130434782608696,1.0869565217391304,0.17391304347826086,0.13043478260869565,0.17391304347826086,0.5652173913043478,1.0434782608695652,2.1739130434782608,0.2608695652173913,0.34782608695652173
Tyrese Haliburton,IND,PG,73,33.57534246575342,18.616438356164384,3.5342465753424657,9.219178082191782,1.4383561643835616,0.6712328767123288,2.9863013698630136,6.52054794520548,13.780821917808218,2.589041095890411,3.041095890410959
Tyrese Martin,BRK,SG,60,21.916666666666668,8.716666666666667,3.65,2.033333333333333,0.5666666666666667,0.15,1.65,3.15,7.75,0.7666666666666667,0.9666666666666667
Tyrese Maxey,PHI,PG,52,37.69230769230769,26.326923076923077,3.3461538461538463,6.096153846153846,1.75,0.40384615384615385,3.0961538461538463,9.173076923076923,20.98076923076923,4.884615384615385,5.5576923076923075
Tyson Etienne,BRK,PG,7,21.571428571428573,7.857142857142857,1.2857142857142858,1.7142857142857142,0.42857142857142855,0.14285714285714285,1.8571428571428572,2.4285714285714284,7.428571428571429,1.1428571428571428,1.4285714285714286
Tyus Jones,PHO,PG,81,26.839506172839506,10.234567901234568,2.419753086419753,5.296296296296297,0.8518518518518519,0.09876543209876543,2.049382716049383,3.7777777777777777,8.432098765432098,0.6296296296296297,0.7037037037037037
Ulrich Chomche,TOR,PF,7,4.571428571428571,0.7142857142857143,1.1428571428571428,0.2857142857142857,0.0,0.14285714285714285,0.0,0.2857142857142857,0.7142857142857143,0.14285714285714285,0.2857142857142857
Vasilije Micić,2TM,PG,41,19.146341463414632,6.560975609756097,2.1707317073170733,3.1219512195121952,0.36585365853658536,0.0,1.0975609756097562,2.317073170731707,6.658536585365853,0.8292682926829268,1.0
Victor Wembanyama,SAS,C,46,33.19565217391305,24.26086956521739,11.0,3.652173913043478,1.1304347826086956,3.8260869565217392,3.0869565217391304,8.869565217391305,18.630434782608695,3.4347826086956523,4.108695652173913
Vince Williams Jr.,MEM,SG,27,18.48148148148148,6.62962962962963,3.6296296296296298,2.037037037037037,0.4444444444444444,0.25925925925925924,0.9629629629629629,2.4814814814814814,6.185185185185185,0.7037037037037037,0.8888888888888888
Vlatko Čančar,DEN,PF,13,10.461538461538462,1.8461538461538463,2.4615384615384617,0.6923076923076923,0.23076923076923078,0.15384615384615385,0.3076923076923077,0.7692307692307693,2.0,0.0,0.0
Vít Krejčí,ATL,PG,57,20.228070175438596,7.228070175438597,2.736842105263158,2.5789473684210527,0.631578947368421,0.45614035087719296,1.5789473684210527,2.543859649122807,5.12280701754386,0.5614035087719298,0.7894736842105263
Walker Kessler,UTA,C,58,30.0,11.051724137931034,12.189655172413794,1.6724137931034482,0.6206896551724138,2.3793103448275863,0.10344827586206896,4.793103448275862,7.224137931034483,1.3620689655172413,2.6206896551724137
Wendell Carter Jr.,ORL,C,68,25.852941176470587,9.088235294117647,7.235294117647059,1.9705882352941178,0.7647058823529411,0.6029411764705882,0.5441176470588235,3.323529411764706,7.220588235294118,1.8970588235294117,2.573529411764706
Wendell Moore Jr.,2TM,SG,36,13.86111111111111,4.166666666666667,2.638888888888889,1.1666666666666667,0.5555555555555556,0.1388888888888889,0.3888888888888889,1.6388888888888888,3.5,0.5,0.6111111111111112
Xavier Tillman Sr.,BOS,C,33,7.0,1.0303030303030303,1.303030303030303,0.21212121212121213,0.3333333333333333,0.15151515151515152,0.15151515151515152,0.3939393939393939,1.606060606060606,0.09090909090909091,0.12121212121212122
Yuki Kawamura,MEM,PG,22,4.2272727272727275,1.6363636363636365,0.5454545454545454,0.8636363636363636,0.09090909090909091,0.0,0.3181818181818182,0.5,1.3636363636363635,0.3181818181818182,0.4090909090909091
Yuri Collins,GSW,PG,2,8.0,1.0,1.5,2.0,1.0,0.0,0.0,0.5,1.5,0.0,0.0
Yves Missi,NOP,C,73,26.794520547945204,9.10958904109589,8.232876712328768,1.356164383561644,0.5068493150684932,1.3424657534246576,0.0,3.684931506849315,6.739726027397261,1.7397260273972603,2.7945205479452055
Zaccharie Risacher,ATL,SF,75,24.573333333333334,12.56,3.5733333333333333,1.2266666666666666,0.6933333333333334,0.49333333333333335,1.6266666666666667,4.76,10.386666666666667,1.4133333333333333,1.9866666666666666
Zach Collins,2TM,PF,64,15.265625,6.359375,4.5,1.734375,0.453125,0.453125,0.5,2.390625,4.71875,1.078125,1.21875
Zach Edey,MEM,C,66,21.454545454545453,9.242424242424242,8.303030303030303,0.9848484848484849,0.5454545454545454,1.2878787878787878,0.2727272727272727,3.803030303030303,6.5606060606060606,1.3636363636363635,1.9242424242424243
Zach LaVine,2TM,SG,74,35.16216216216216,23.2972972972973,4.256756756756757,4.1891891891891895,0.7837837837837838,0.16216216216216217,3.22972972972973,8.445945945945946,16.527027027027028,3.175675675675676,3.8513513513513513
Zeke Nnaji,DEN,PF,57,10.666666666666666,3.2280701754385963,1.5789473684210527,0.40350877192982454,0.43859649122807015,0.6666666666666666,0.2982456140350877,1.2280701754385965,2.473684210526316,0.47368421052631576,0.7719298245614035
Ziaire Williams,BRK,SF,63,24.46031746031746,10.031746031746032,4.555555555555555,1.3333333333333333,0.9841269841269841,0.4444444444444444,1.6349206349206349,3.3968253968253967,8.253968253968255,1.6031746031746033,1.9523809523809523
Zion Williamson,NOP,PF,30,28.566666666666666,24.566666666666666,7.2,5.3,1.2333333333333334,0.9,0.1,9.6,16.933333333333334,5.266666666666667,8.033333333333333
Zyon Pullin,MEM,SG,3,1.0,0.0,0.0,0.0,0.0,0.0,0.0,0.0,0.3333333333333333,0.0,0.0
