player,nba_team,positions,games,minutes_pg,pts_pg,reb_pg,ast_pg,stl_pg,blk_pg,fg3m_pg,fgm_pg,fga_pg,ftm_pg,fta_pg
Aaron Gordon,2TM,PF,50,27.68,12.36,5.68,3.22,0.66,0.68,1.18,4.62,9.98,1.94,2.98
Aaron Holiday,IND,PG,66,17.818181818181817,7.196969696969697,1.3484848484848484,1.8636363636363635,0.696969696969697,0.19696969696969696,1.0151515151515151,2.5757575757575757,6.606060606060606,1.0303030303030303,1.2575757575757576
Aaron Nesmith,BOS,SF,46,14.543478260869565,4.739130434782608,2.760869565217391,0.5,0.32608695652173914,0.1956521739130435,0.8695652173913043,1.6956521739130435,3.869565217391304,0.4782608695652174,0.6086956521739131
Abdel Nader,PHO,SF,24,14.791666666666666,6.666666666666667,2.5833333333333335,0.7916666666666666,0.4166666666666667,0.375,0.75,2.375,4.833333333333333,1.1666666666666667,1.5416666666666667
Adam Mokoka,CHI,SG,14,4.0,1.0714285714285714,0.35714285714285715,0.35714285714285715,0.14285714285714285,0.07142857142857142,0.07142857142857142,0.5,1.3571428571428572,0.0,0.07142857142857142
Al Horford,OKC,C,28,27.928571428571427,14.214285714285714,6.714285714285714,3.357142857142857,0.8928571428571429,0.9285714285714286,2.0,5.785714285714286,12.857142857142858,0.6428571428571429,0.7857142857142857
Al-Farouq Aminu,2TM,PF,23,18.869565217391305,4.434782608695652,4.782608695652174,1.3478260869565217,0.8260869565217391,0.391304347826087,0.34782608695652173,1.6521739130434783,4.304347826086956,0.782608695652174,0.9565217391304348
Alec Burks,NYK,SG,49,25.612244897959183,12.714285714285714,4.63265306122449,2.183673469387755,0.6326530612244898,0.2857142857142857,2.0816326530612246,4.285714285714286,10.204081632653061,2.061224489795918,2.4081632653061225
Aleksej Pokusevski,OKC,PF,45,24.22222222222222,8.155555555555555,4.711111111111111,2.1555555555555554,0.4444444444444444,0.9333333333333333,1.288888888888889,3.088888888888889,9.066666666666666,0.6888888888888889,0.9333333333333333
Alen Smailagić,GSW,PF,15,5.6,1.8666666666666667,1.0666666666666667,0.26666666666666666,0.2,0.3333333333333333,0.26666666666666666,0.7333333333333333,1.8,0.13333333333333333,0.4
Alex Caruso,LAL,PG,58,20.96551724137931,6.379310344827586,2.9310344827586206,2.7586206896551726,1.103448275862069,0.25862068965517243,0.9482758620689655,2.293103448275862,5.258620689655173,0.8448275862068966,1.3103448275862069
Alex Len,2TM,C,64,15.296875,6.609375,4.0625,0.765625,0.3125,1.0,0.125,2.671875,4.34375,1.140625,1.8125
Alfonzo McKinnie,LAL,SF,39,6.615384615384615,3.128205128205128,1.3846153846153846,0.15384615384615385,0.1794871794871795,0.0,0.41025641025641024,1.2307692307692308,2.3846153846153846,0.2564102564102564,0.46153846153846156
Alize Johnson,BRK,PF,18,10.5,5.222222222222222,5.0,0.7777777777777778,0.2777777777777778,0.2777777777777778,0.05555555555555555,2.2222222222222223,3.7777777777777777,0.7222222222222222,0.7222222222222222
Amida Brimah,IND,C,5,5.8,2.6,1.6,0.2,0.0,1.0,0.0,1.0,1.6,0.6,0.6
Amir Coffey,LAC,SG,44,8.954545454545455,3.1818181818181817,1.0,0.5,0.22727272727272727,0.0,0.5227272727272727,1.0227272727272727,2.340909090909091,0.6136363636363636,0.8636363636363636
Anderson Varejão,CLE,C,5,7.2,2.6,4.0,0.6,0.0,0.4,0.0,0.8,3.2,1.0,1.8
Andre Drummond,2TM,C,46,27.0,14.934782608695652,11.978260869565217,2.0434782608695654,1.3695652173913044,1.065217391304348,0.0,6.130434782608695,12.434782608695652,2.6739130434782608,4.456521739130435
Andre Iguodala,MIA,SF,63,21.253968253968253,4.365079365079365,3.507936507936508,2.253968253968254,0.9047619047619048,0.5555555555555556,0.9523809523809523,1.507936507936508,3.9365079365079363,0.3968253968253968,0.6031746031746031
Andre Roberson,BRK,SG,5,12.6,1.2,3.0,0.8,0.6,0.2,0.2,0.4,2.8,0.2,0.4
Andrew Wiggins,GSW,PF,71,33.29577464788732,18.591549295774648,4.887323943661972,2.352112676056338,0.9436619718309859,0.9859154929577465,1.971830985915493,7.112676056338028,14.901408450704226,2.3943661971830985,3.352112676056338
Anfernee Simons,POR,SG,64,17.25,7.84375,2.1875,1.390625,0.28125,0.125,1.875,2.625,6.265625,0.71875,0.890625
Anthony Davis,LAL,PF,36,32.27777777777778,21.833333333333332,7.944444444444445,3.0555555555555554,1.25,1.6388888888888888,0.7222222222222222,8.36111111111111,17.02777777777778,4.388888888888889,5.944444444444445
Anthony Edwards,MIN,SG,72,32.138888888888886,19.333333333333332,4.666666666666667,2.9305555555555554,1.1388888888888888,0.5,2.375,7.013888888888889,16.819444444444443,2.9305555555555554,3.7777777777777777
Anthony Gill,WAS,PF,26,8.384615384615385,3.076923076923077,1.9615384615384615,0.4230769230769231,0.38461538461538464,0.15384615384615385,0.2692307692307692,1.1538461538461537,2.3076923076923075,0.5,0.6153846153846154
Anthony Lamb,HOU,SF,24,17.291666666666668,5.541666666666667,2.9166666666666665,0.9583333333333334,0.25,0.20833333333333334,0.9583333333333334,1.9166666666666667,4.916666666666667,0.75,0.875
Anthony Tolliver,PHI,PF,11,9.0,1.5454545454545454,0.9090909090909091,0.18181818181818182,0.2727272727272727,0.18181818181818182,0.36363636363636365,0.36363636363636365,1.5454545454545454,0.45454545454545453,0.5454545454545454
Anžejs Pasečņiks,WAS,C,1,6.0,0.0,1.0,1.0,0.0,0.0,0.0,0.0,1.0,0.0,0.0
Armoni Brooks,HOU,SG,20,26.0,11.15,3.4,1.5,0.6,0.25,3.0,3.9,9.6,0.35,0.6
Aron Baynes,TOR,C,53,18.49056603773585,6.113207547169812,5.150943396226415,0.8867924528301887,0.32075471698113206,0.41509433962264153,0.5094339622641509,2.5283018867924527,5.735849056603773,0.5471698113207547,0.7735849056603774
Ashton Hagans,MIN,PG,2,2.0,0.0,0.0,0.0,0.0,0.0,0.0,0.0,0.0,0.0,0.0
Austin Rivers,2TM,SG,36,23.47222222222222,7.916666666666667,2.2777777777777777,2.25,0.8333333333333334,0.05555555555555555,1.5277777777777777,2.888888888888889,6.805555555555555,0.6111111111111112,0.8611111111111112
Avery Bradley,2TM,SG,27,22.296296296296298,6.407407407407407,2.111111111111111,1.7037037037037037,0.7777777777777778,0.1111111111111111,1.2222222222222223,2.3703703703703702,6.333333333333333,0.4444444444444444,0.5555555555555556
Axel Toupane,MIL,SF,8,7.625,1.75,0.75,0.5,0.25,0.375,0.125,0.5,1.375,0.625,0.875
Bam Adebayo,MIA,C,64,33.484375,18.703125,8.953125,5.40625,1.171875,1.03125,0.03125,7.125,12.5,4.421875,5.53125
Ben McLemore,2TM,SG,53,17.07547169811321,7.660377358490566,1.8867924528301887,0.7358490566037735,0.4339622641509434,0.16981132075471697,1.830188679245283,2.547169811320755,6.886792452830188,0.7358490566037735,1.0
Ben Simmons,PHI,PG,58,32.36206896551724,14.293103448275861,7.189655172413793,6.913793103448276,1.603448275862069,0.603448275862069,0.05172413793103448,5.603448275862069,10.051724137931034,3.0344827586206895,4.948275862068965
Bismack Biyombo,CHO,C,66,20.439393939393938,5.015151515151516,5.257575757575758,1.2272727272727273,0.25757575757575757,1.121212121212121,0.0,2.1515151515151514,3.6666666666666665,0.7121212121212122,1.5909090909090908
Blake Griffin,2TM,PF,46,25.782608695652176,10.978260869565217,4.891304347826087,3.0434782608695654,0.6956521739130435,0.32608695652173914,1.5217391304347827,3.782608695652174,8.934782608695652,1.891304347826087,2.5434782608695654
Boban Marjanović,DAL,C,33,8.212121212121213,4.7272727272727275,3.878787878787879,0.30303030303030304,0.06060606060606061,0.18181818181818182,0.030303030303030304,1.878787878787879,3.696969696969697,0.9393939393939394,1.1515151515151516
Bobby Portis,MIL,C,66,20.78787878787879,11.424242424242424,7.0606060606060606,1.0757575757575757,0.7878787878787878,0.3939393939393939,1.121212121212121,4.742424242424242,9.06060606060606,0.8181818181818182,1.106060606060606
Bogdan Bogdanović,ATL,SG,44,29.65909090909091,16.363636363636363,3.6363636363636362,3.340909090909091,1.1136363636363635,0.29545454545454547,3.3181818181818183,6.068181818181818,12.840909090909092,0.9090909090909091,1.0
Bojan Bogdanović,UTA,SF,72,30.77777777777778,17.01388888888889,3.9027777777777777,1.8888888888888888,0.625,0.05555555555555555,2.5,5.638888888888889,12.847222222222221,3.236111111111111,3.6805555555555554
Bol Bol,DEN,PF,32,5.0,2.15625,0.75,0.21875,0.09375,0.3125,0.28125,0.78125,1.8125,0.3125,0.46875
Brad Wanamaker,2TM,PG,61,17.262295081967213,5.508196721311475,1.721311475409836,2.8524590163934427,0.7049180327868853,0.18032786885245902,0.26229508196721313,1.8852459016393444,4.901639344262295,1.4754098360655739,1.6557377049180328
Bradley Beal,WAS,SG,60,35.78333333333333,31.3,4.716666666666667,4.416666666666667,1.15,0.36666666666666664,2.1666666666666665,11.166666666666666,23.033333333333335,6.8,7.65
Brandon Clarke,MEM,PF,59,23.983050847457626,10.338983050847459,5.559322033898305,1.6101694915254237,1.0169491525423728,0.864406779661017,0.3389830508474576,4.338983050847458,8.389830508474576,1.3220338983050848,1.9152542372881356
Brandon Goodwin,ATL,PG,47,13.191489361702128,4.851063829787234,1.4680851063829787,2.021276595744681,0.3617021276595745,0.0,0.6808510638297872,1.7872340425531914,4.74468085106383,0.5957446808510638,0.9148936170212766
Brandon Ingram,NOP,SF,61,34.31147540983606,23.770491803278688,4.901639344262295,4.852459016393443,0.6885245901639344,0.5901639344262295,2.3442622950819674,8.40983606557377,18.049180327868854,4.60655737704918,5.245901639344262
Brian Bowen,IND,SF,6,2.5,0.5,0.5,0.0,0.0,0.0,0.0,0.16666666666666666,0.6666666666666666,0.16666666666666666,0.16666666666666666
Brodric Thomas,2TM,SG,32,12.46875,3.90625,1.65625,0.9375,0.46875,0.3125,0.5,1.21875,3.375,0.96875,1.4375
Brook Lopez,MIL,C,70,27.17142857142857,12.271428571428572,4.957142857142857,0.7142857142857143,0.5714285714285714,1.4714285714285715,1.3571428571428572,4.6,9.142857142857142,1.7142857142857142,2.0285714285714285
Bruce Brown,BRK,PG,65,22.323076923076922,8.815384615384616,5.369230769230769,1.6,0.8923076923076924,0.4307692307692308,0.26153846153846155,3.6153846153846154,6.507692307692308,1.323076923076923,1.8
Bruno Caboclo,HOU,PF,6,6.0,2.8333333333333335,2.3333333333333335,0.16666666666666666,0.0,0.3333333333333333,0.0,1.3333333333333333,2.8333333333333335,0.16666666666666666,0.3333333333333333
Bruno Fernando,ATL,C,33,6.848484848484849,1.5454545454545454,2.3636363636363638,0.30303030303030304,0.12121212121212122,0.09090909090909091,0.0,0.5454545454545454,1.3333333333333333,0.45454545454545453,0.6666666666666666
Bryn Forbes,MIL,SG,70,19.34285714285714,10.014285714285714,1.6,0.6428571428571429,0.34285714285714286,0.014285714285714285,2.2,3.5714285714285716,7.557142857142857,0.6714285714285714,0.8714285714285714
Buddy Hield,SAC,SG,71,34.267605633802816,16.56338028169014,4.704225352112676,3.619718309859155,0.8873239436619719,0.4225352112676056,3.971830985915493,5.676056338028169,13.971830985915492,1.2394366197183098,1.4647887323943662
CJ Elleby,POR,SF,30,6.4,2.2666666666666666,1.0666666666666667,0.3333333333333333,0.2,0.1,0.23333333333333334,0.8333333333333334,2.2,0.36666666666666664,0.5
CJ McCollum,POR,SG,47,34.04255319148936,23.127659574468087,3.9361702127659575,4.74468085106383,0.9361702127659575,0.44680851063829785,3.595744680851064,8.617021276595745,18.80851063829787,2.297872340425532,2.8297872340425534
Caleb Martin,CHO,SF,53,15.433962264150944,4.981132075471698,2.660377358490566,1.2641509433962264,0.6981132075471698,0.22641509433962265,0.5849056603773585,1.8113207547169812,4.830188679245283,0.7735849056603774,1.2075471698113207
Cam Reddish,ATL,SF,26,28.846153846153847,11.23076923076923,4.0,1.3461538461538463,1.2692307692307692,0.34615384615384615,1.2692307692307692,3.6923076923076925,10.115384615384615,2.576923076923077,3.1538461538461537
Cameron Johnson,PHO,PF,60,23.95,9.55,3.316666666666667,1.4333333333333333,0.6166666666666667,0.26666666666666666,1.95,3.3833333333333333,8.05,0.8333333333333334,0.9833333333333333
Cameron Oliver,HOU,SF,4,21.75,10.75,5.25,1.25,0.5,1.0,1.0,4.75,8.25,0.25,1.0
Cameron Payne,PHO,PG,60,17.983333333333334,8.416666666666666,2.4,3.6166666666666667,0.6,0.26666666666666666,1.2166666666666666,3.183333333333333,6.583333333333333,0.8333333333333334,0.9333333333333333
Cameron Reynolds,2TM,SF,5,8.0,3.0,1.0,0.4,0.0,0.0,0.6,1.2,3.6,0.0,0.0
Caris LeVert,2TM,SG,47,31.617021276595743,20.170212765957448,4.553191489361702,5.212765957446808,1.4042553191489362,0.6382978723404256,1.7872340425531914,7.638297872340425,17.319148936170212,3.106382978723404,3.8297872340425534
Carmelo Anthony,POR,PF,69,24.492753623188406,13.391304347826088,3.101449275362319,1.5072463768115942,0.6666666666666666,0.5507246376811594,1.9275362318840579,4.739130434782608,11.26086956521739,1.9855072463768115,2.2318840579710146
Carsen Edwards,BOS,SG,31,8.903225806451612,3.967741935483871,0.8387096774193549,0.45161290322580644,0.22580645161290322,0.03225806451612903,0.5806451612903226,1.5161290322580645,3.5806451612903225,0.3548387096774194,0.41935483870967744
Cassius Stanley,IND,SG,24,3.875,1.5,0.8333333333333334,0.041666666666666664,0.041666666666666664,0.08333333333333333,0.125,0.5416666666666666,1.7916666666666667,0.2916666666666667,0.375
Cassius Winston,WAS,PG,22,4.454545454545454,1.8636363636363635,0.4090909090909091,0.5454545454545454,0.09090909090909091,0.045454545454545456,0.36363636363636365,0.6363636363636364,1.5,0.22727272727272727,0.2727272727272727
Cedi Osman,CLE,SF,59,25.593220338983052,10.389830508474576,3.406779661016949,2.9491525423728815,0.8983050847457628,0.15254237288135594,1.6779661016949152,3.711864406779661,9.932203389830509,1.2881355932203389,1.6101694915254237
Chandler Hutchison,2TM,SF,25,13.84,4.28,3.12,0.68,0.48,0.2,0.32,1.56,4.12,0.84,1.0
Charlie Brown Jr.,OKC,SG,9,16.88888888888889,4.444444444444445,1.8888888888888888,1.0,0.4444444444444444,0.2222222222222222,0.5555555555555556,1.4444444444444444,4.777777777777778,1.0,1.1111111111111112
Chasson Randle,ORL,PG,41,20.414634146341463,6.487804878048781,2.0,1.8048780487804879,0.5365853658536586,0.12195121951219512,1.0731707317073171,2.2439024390243905,5.780487804878049,0.926829268292683,1.170731707317073
Chimezie Metu,SAC,C,36,13.555555555555555,6.277777777777778,3.111111111111111,0.7777777777777778,0.3888888888888889,0.5,0.3611111111111111,2.5277777777777777,4.972222222222222,0.8611111111111112,1.1944444444444444
Chris Boucher,TOR,C,60,24.216666666666665,13.633333333333333,6.733333333333333,1.05,0.5833333333333334,1.85,1.5,4.8,9.333333333333334,2.533333333333333,3.216666666666667
Chris Chiozza,BRK,PG,22,10.545454545454545,4.0,1.0909090909090908,2.9545454545454546,0.3181818181818182,0.2727272727272727,0.5909090909090909,1.4090909090909092,4.0,0.5909090909090909,0.7727272727272727
Chris Paul,PHO,PG,70,31.414285714285715,16.414285714285715,4.457142857142857,8.885714285714286,1.4142857142857144,0.2714285714285714,1.457142857142857,6.271428571428571,12.557142857142857,2.414285714285714,2.585714285714286
Chris Silva,2TM,PF,15,6.133333333333334,2.1333333333333333,1.8,0.4,0.06666666666666667,0.4,0.06666666666666667,0.6666666666666666,1.0666666666666667,0.7333333333333333,1.0
Christian Wood,HOU,C,41,32.34146341463415,20.975609756097562,9.634146341463415,1.7317073170731707,0.8292682926829268,1.170731707317073,1.8780487804878048,8.024390243902438,15.609756097560975,3.048780487804878,4.829268292682927
Chuma Okeke,ORL,PF,45,25.177777777777777,7.7555555555555555,4.022222222222222,2.2444444444444445,1.0666666666666667,0.4888888888888889,1.0888888888888888,3.0,7.2,0.6666666666666666,0.8888888888888888
Clint Capela,ATL,C,63,30.126984126984127,15.174603174603174,14.333333333333334,0.7777777777777778,0.6984126984126984,2.0476190476190474,0.0,6.555555555555555,11.031746031746032,2.0634920634920637,3.6031746031746033
Coby White,CHI,PG,69,31.246376811594203,15.08695652173913,4.115942028985507,4.753623188405797,0.5507246376811594,0.21739130434782608,2.36231884057971,5.434782608695652,13.072463768115941,1.855072463768116,2.0579710144927534
Cody Martin,CHO,SF,52,16.326923076923077,3.980769230769231,3.0961538461538463,1.6538461538461537,0.7115384615384616,0.23076923076923078,0.3076923076923077,1.5961538461538463,3.6153846153846154,0.4807692307692308,0.8269230769230769
Cody Zeller,CHO,C,48,20.9375,9.395833333333334,6.833333333333333,1.7916666666666667,0.5625,0.3541666666666667,0.08333333333333333,3.7708333333333335,6.75,1.7708333333333333,2.4791666666666665
Cole Anthony,ORL,PG,47,27.085106382978722,12.872340425531915,4.702127659574468,4.085106382978723,0.6382978723404256,0.3829787234042553,1.2340425531914894,4.659574468085107,11.74468085106383,2.3191489361702127,2.7872340425531914
Collin Sexton,CLE,SG,60,35.25,24.333333333333332,3.1166666666666667,4.366666666666666,1.0333333333333334,0.16666666666666666,1.6333333333333333,8.75,18.416666666666668,5.2,6.383333333333334
Cory Joseph,2TM,PG,63,22.952380952380953,8.206349206349206,2.5238095238095237,3.380952380952381,0.9682539682539683,0.2857142857142857,0.7142857142857143,3.1746031746031744,6.761904761904762,1.1428571428571428,1.3968253968253967
Cristiano Felício,CHI,C,18,4.666666666666667,1.2777777777777777,1.4444444444444444,0.5,0.2222222222222222,0.0,0.0,0.3888888888888889,0.7222222222222222,0.5,0.8888888888888888
D'Angelo Russell,MIN,PG,42,28.476190476190474,18.952380952380953,2.642857142857143,5.809523809523809,1.0714285714285714,0.42857142857142855,2.857142857142857,6.690476190476191,15.523809523809524,2.7142857142857144,3.5476190476190474
D.J. Augustin,2TM,PG,57,19.80701754385965,7.684210526315789,1.6491228070175439,3.2982456140350878,0.49122807017543857,0.017543859649122806,1.456140350877193,2.3684210526315788,6.017543859649122,1.4912280701754386,1.6491228070175439
D.J. Wilson,2TM,PF,35,12.371428571428572,5.228571428571429,3.2,0.6571428571428571,0.3142857142857143,0.45714285714285713,0.8571428571428571,1.9428571428571428,4.8,0.4857142857142857,0.7142857142857143
DaQuan Jeffries,2TM,SG,31,15.903225806451612,4.096774193548387,2.2903225806451615,0.7096774193548387,0.4838709677419355,0.3225806451612903,0.6451612903225806,1.6129032258064515,3.870967741935484,0.22580645161290322,0.25806451612903225
Dakota Mathias,PHI,SG,8,15.375,6.0,0.875,1.625,0.125,0.375,1.0,2.375,6.0,0.25,0.75
Damian Jones,3TM,C,39,14.025641025641026,4.6923076923076925,3.1025641025641026,0.7435897435897436,0.28205128205128205,0.7435897435897436,0.02564102564102564,1.794871794871795,2.641025641025641,1.0769230769230769,1.4871794871794872
Damian Lillard,POR,PG,67,35.791044776119406,28.776119402985074,4.223880597014926,7.537313432835821,0.9253731343283582,0.2537313432835821,4.104477611940299,8.985074626865671,19.91044776119403,6.701492537313433,7.223880597014926
Damion Lee,GSW,SG,57,18.92982456140351,6.543859649122807,3.1578947368421053,1.280701754385965,0.6666666666666666,0.14035087719298245,1.3508771929824561,2.245614035087719,4.807017543859649,0.7017543859649122,0.7719298245614035
Damyean Dotson,CLE,SG,46,19.717391304347824,6.695652173913044,2.0217391304347827,1.9782608695652173,0.34782608695652173,0.08695652173913043,1.0,2.5869565217391304,6.369565217391305,0.5217391304347826,0.782608695652174
Daniel Gafford,2TM,C,54,14.648148148148149,7.037037037037037,4.277777777777778,0.5370370370370371,0.48148148148148145,1.3888888888888888,0.0,2.8518518518518516,4.166666666666667,1.3333333333333333,2.0
Daniel Oturu,LAC,C,30,5.366666666666666,1.8,1.6,0.3333333333333333,0.13333333333333333,0.23333333333333334,0.03333333333333333,0.7333333333333333,1.7333333333333334,0.3,0.4
Daniel Theis,2TM,C,65,24.630769230769232,9.646153846153846,5.476923076923077,1.6615384615384616,0.6307692307692307,0.8769230769230769,0.7538461538461538,3.876923076923077,7.1692307692307695,1.1384615384615384,1.6923076923076923
Danilo Gallinari,ATL,PF,51,23.96078431372549,13.254901960784315,4.137254901960785,1.4901960784313726,0.5882352941176471,0.19607843137254902,2.019607843137255,4.03921568627451,9.313725490196079,3.156862745098039,3.411764705882353
Danny Green,PHI,SF,69,28.028985507246375,9.478260869565217,3.7681159420289854,1.710144927536232,1.3333333333333333,0.8115942028985508,2.536231884057971,3.246376811594203,7.884057971014493,0.4492753623188406,0.5797101449275363
Danté Exum,CLE,SG,6,19.333333333333332,3.8333333333333335,2.8333333333333335,2.1666666666666665,0.6666666666666666,0.3333333333333333,0.3333333333333333,1.6666666666666667,4.333333333333333,0.16666666666666666,0.3333333333333333
Danuel House Jr.,HOU,SF,36,25.88888888888889,8.75,3.6666666666666665,1.9166666666666667,0.5555555555555556,0.4444444444444444,1.5,3.0555555555555554,7.555555555555555,1.1388888888888888,1.75
Dario Šarić,PHO,C,50,17.42,8.74,3.8,1.3,0.6,0.08,0.94,3.06,6.84,1.68,1.98
Darius Bazley,OKC,PF,55,31.163636363636364,13.709090909090909,7.2,1.8,0.5272727272727272,0.45454545454545453,1.509090909090909,4.963636363636364,12.545454545454545,2.272727272727273,3.2363636363636363
Darius Garland,CLE,PG,54,33.148148148148145,17.425925925925927,2.388888888888889,6.092592592592593,1.2222222222222223,0.1111111111111111,1.9444444444444444,6.703703703703703,14.851851851851851,2.074074074074074,2.4444444444444446
Darius Miller,OKC,SF,18,10.944444444444445,4.055555555555555,1.3333333333333333,1.1666666666666667,0.7222222222222222,0.2777777777777778,0.9444444444444444,1.2222222222222223,2.6666666666666665,0.6666666666666666,0.6666666666666666
David Nwaba,HOU,SF,30,22.633333333333333,9.2,3.933333333333333,1.0333333333333334,1.0,0.7,0.5666666666666667,3.533333333333333,7.266666666666667,1.5666666666666667,2.2666666666666666
De'Aaron Fox,SAC,PG,58,35.10344827586207,25.189655172413794,3.5,7.189655172413793,1.5,0.46551724137931033,1.7758620689655173,9.120689655172415,19.137931034482758,5.172413793103448,7.189655172413793
De'Andre Hunter,ATL,SF,23,29.47826086956522,14.956521739130435,4.782608695652174,1.9130434782608696,0.8260869565217391,0.5217391304347826,1.3478260869565217,5.217391304347826,10.782608695652174,3.1739130434782608,3.6956521739130435
De'Anthony Melton,MEM,PG,52,20.096153846153847,9.076923076923077,3.0961538461538463,2.5384615384615383,1.1538461538461537,0.5961538461538461,1.6730769230769231,3.3076923076923075,7.5576923076923075,0.7884615384615384,0.9807692307692307
DeAndre Jordan,BRK,C,57,21.859649122807017,7.473684210526316,7.491228070175438,1.631578947368421,0.2982456140350877,1.1403508771929824,0.0,3.3333333333333335,4.368421052631579,0.8070175438596491,1.6140350877192982
DeAndre' Bembry,TOR,SF,51,19.058823529411764,5.745098039215686,2.8627450980392157,2.0980392156862746,1.0392156862745099,0.35294117647058826,0.27450980392156865,2.2941176470588234,4.470588235294118,0.8823529411764706,1.2941176470588236
DeMar DeRozan,SAS,PF,61,33.704918032786885,21.57377049180328,4.245901639344262,6.918032786885246,0.9180327868852459,0.2459016393442623,0.3114754098360656,7.459016393442623,15.081967213114755,6.344262295081967,7.213114754098361
DeMarcus Cousins,2TM,C,41,17.390243902439025,8.926829268292684,6.414634146341464,1.853658536585366,0.8292682926829268,0.5853658536585366,1.146341463414634,3.1707317073170733,7.439024390243903,1.4390243902439024,1.975609756097561
Dean Wade,CLE,PF,63,19.238095238095237,5.968253968253968,3.4126984126984126,1.1746031746031746,0.5555555555555556,0.3333333333333333,1.2380952380952381,2.126984126984127,4.936507936507937,0.47619047619047616,0.6190476190476191
Deandre Ayton,PHO,C,69,30.652173913043477,14.44927536231884,10.53623188405797,1.434782608695652,0.5942028985507246,1.173913043478261,0.057971014492753624,6.231884057971015,9.956521739130435,1.9275362318840579,2.5072463768115942
Deividas Sirvydis,DET,SG,20,6.65,2.05,1.45,0.25,0.1,0.0,0.5,0.7,2.0,0.15,0.3
Dejounte Murray,SAS,PG,67,31.925373134328357,15.686567164179104,7.059701492537314,5.417910447761194,1.507462686567164,0.1044776119402985,0.9402985074626866,6.582089552238806,14.537313432835822,1.5820895522388059,2.0
Delon Wright,2TM,PG,63,27.746031746031747,10.238095238095237,4.26984126984127,4.412698412698413,1.6031746031746033,0.47619047619047616,1.0158730158730158,3.8095238095238093,8.222222222222221,1.6031746031746033,2.0
Deni Avdija,WAS,SF,54,23.27777777777778,6.333333333333333,4.851851851851852,1.1666666666666667,0.5925925925925926,0.2777777777777778,0.9814814814814815,2.4074074074074074,5.777777777777778,0.5370370370370371,0.8333333333333334
Dennis Schröder,LAL,SG,61,32.0655737704918,15.426229508196721,3.459016393442623,5.754098360655738,1.1475409836065573,0.21311475409836064,1.1639344262295082,5.442622950819672,12.459016393442623,3.377049180327869,3.9836065573770494
Dennis Smith Jr.,2TM,PG,23,18.26086956521739,6.695652173913044,2.391304347826087,3.347826086956522,1.0,0.6086956521739131,0.8260869565217391,2.5217391304347827,6.304347826086956,0.8260869565217391,1.1304347826086956
Denzel Valentine,CHI,SG,62,16.70967741935484,6.548387096774194,3.1774193548387095,1.6935483870967742,0.4838709677419355,0.11290322580645161,1.2903225806451613,2.5,6.709677419354839,0.25806451612903225,0.27419354838709675
Derrick Favors,UTA,C,68,15.279411764705882,5.426470588235294,5.529411764705882,0.6470588235294118,0.47058823529411764,1.0,0.0,2.2794117647058822,3.573529411764706,0.8676470588235294,1.1764705882352942
Derrick Jones Jr.,POR,SF,58,22.724137931034484,6.827586206896552,3.5344827586206895,0.8103448275862069,0.6379310344827587,0.9310344827586207,0.7413793103448276,2.5344827586206895,5.241379310344827,1.0172413793103448,1.5689655172413792
Derrick Rose,2TM,PG,50,25.58,14.68,2.6,4.18,0.98,0.38,1.0,5.74,12.22,2.2,2.54
Derrick White,SAS,SG,36,29.555555555555557,15.36111111111111,2.9722222222222223,3.5277777777777777,0.7222222222222222,1.0,2.3333333333333335,5.166666666666667,12.583333333333334,2.6944444444444446,3.1666666666666665
Desmond Bane,MEM,SG,68,22.33823529411765,9.191176470588236,3.088235294117647,1.7352941176470589,0.6029411764705882,0.23529411764705882,1.7205882352941178,3.4411764705882355,7.338235294117647,0.5882352941176471,0.7205882352941176
Devin Booker,PHO,SG,67,33.88059701492537,25.55223880597015,4.1940298507462686,4.313432835820896,0.7910447761194029,0.23880597014925373,1.8805970149253732,9.298507462686567,19.208955223880597,5.074626865671642,5.850746268656716
Devin Cannady,ORL,PG,8,9.25,4.25,0.625,0.125,0.625,0.125,0.75,1.375,3.5,0.75,0.875
Devin Vassell,SAS,SF,62,17.032258064516128,5.5,2.806451612903226,0.9032258064516129,0.6935483870967742,0.2903225806451613,0.8387096774193549,1.9838709677419355,4.887096774193548,0.6935483870967742,0.8225806451612904
Devon Dotson,CHI,PG,11,4.545454545454546,2.090909090909091,0.45454545454545453,0.6363636363636364,0.36363636363636365,0.0,0.09090909090909091,1.0,1.9090909090909092,0.0,0.0
Devontae Cacok,LAL,PF,20,4.9,1.95,1.6,0.05,0.25,0.2,0.0,0.85,1.45,0.25,0.55
Devonte' Graham,CHO,PG,55,30.163636363636364,14.836363636363636,2.690909090909091,5.363636363636363,0.8727272727272727,0.10909090909090909,3.2545454545454544,4.581818181818182,12.163636363636364,2.418181818181818,2.8727272727272726
Dewayne Dedmon,MIA,C,16,13.125,7.0625,5.375,0.75,0.5625,0.375,0.0625,2.875,4.0625,1.25,1.6875
Didi Louzada,NOP,SF,3,18.666666666666668,2.6666666666666665,1.0,1.0,0.6666666666666666,0.0,0.6666666666666666,1.0,4.333333333333333,0.0,0.0
Dillon Brooks,MEM,SF,67,29.80597014925373,17.17910447761194,2.925373134328358,2.343283582089552,1.164179104477612,0.3880597014925373,1.9104477611940298,6.447761194029851,15.388059701492537,2.373134328358209,2.91044776119403
Domantas Sabonis,IND,PF,62,35.983870967741936,20.322580645161292,11.96774193548387,6.693548387096774,1.2258064516129032,0.532258064516129,0.8387096774193549,7.806451612903226,14.580645161290322,3.870967741935484,5.290322580645161
Donovan Mitchell,UTA,PG,53,33.41509433962264,26.433962264150942,4.433962264150943,5.226415094339623,0.9811320754716981,0.2830188679245283,3.358490566037736,9.018867924528301,20.58490566037736,5.037735849056604,5.962264150943396
Donta Hall,ORL,PF,13,13.76923076923077,5.615384615384615,4.769230769230769,0.8461538461538461,0.38461538461538464,0.7692307692307693,0.0,1.9230769230769231,2.6923076923076925,1.7692307692307692,2.6153846153846154
Donte DiVincenzo,MIL,SG,66,27.484848484848484,10.424242424242424,5.757575757575758,3.0757575757575757,1.0909090909090908,0.22727272727272727,1.9848484848484849,3.8333333333333335,9.136363636363637,0.7727272727272727,1.0757575757575757
Dorian Finney-Smith,DAL,PF,60,32.016666666666666,9.833333333333334,5.433333333333334,1.7,0.8666666666666667,0.4166666666666667,1.9833333333333334,3.6666666666666665,7.766666666666667,0.5166666666666667,0.6833333333333333
Doug McDermott,IND,PF,66,24.53030303030303,13.621212121212121,3.3484848484848486,1.2878787878787878,0.30303030303030304,0.09090909090909091,1.6818181818181819,5.363636363636363,10.075757575757576,1.2121212121212122,1.4848484848484849
Draymond Green,GSW,PF,63,31.46031746031746,7.0476190476190474,7.111111111111111,8.857142857142858,1.6666666666666667,0.8253968253968254,0.5396825396825397,2.6984126984126986,6.031746031746032,1.1111111111111112,1.3968253968253967
Drew Eubanks,SAS,C,54,13.981481481481481,5.7592592592592595,4.462962962962963,0.7777777777777778,0.3333333333333333,0.9074074074074074,0.037037037037037035,2.1481481481481484,3.7962962962962963,1.4259259259259258,1.962962962962963
Duncan Robinson,MIA,SF,72,31.416666666666668,13.083333333333334,3.4722222222222223,1.7638888888888888,0.5972222222222222,0.2777777777777778,3.4722222222222223,4.375,9.958333333333334,0.8611111111111112,1.0416666666666667
Dwayne Bacon,ORL,SG,72,25.73611111111111,10.944444444444445,3.111111111111111,1.2916666666666667,0.625,0.06944444444444445,0.8194444444444444,4.055555555555555,10.083333333333334,2.013888888888889,2.4444444444444446
Dwight Howard,PHI,C,69,17.333333333333332,6.9855072463768115,8.405797101449275,0.8840579710144928,0.43478260869565216,0.8985507246376812,0.07246376811594203,2.579710144927536,4.391304347826087,1.7536231884057971,3.0434782608695654
Dwight Powell,DAL,C,58,16.655172413793103,5.896551724137931,4.0344827586206895,1.0862068965517242,0.6206896551724138,0.5172413793103449,0.08620689655172414,2.0689655172413794,3.3448275862068964,1.6724137931034482,2.1379310344827585
Dylan Windler,CLE,SF,31,16.548387096774192,5.193548387096774,3.4516129032258065,1.064516129032258,0.6129032258064516,0.3870967741935484,0.8387096774193549,1.8387096774193548,4.193548387096774,0.6774193548387096,0.8709677419354839
Dāvis Bertāns,WAS,PF,57,25.68421052631579,11.491228070175438,2.9473684210526314,0.8596491228070176,0.5789473684210527,0.22807017543859648,2.9649122807017543,3.3859649122807016,8.385964912280702,1.7543859649122806,2.017543859649123
E'Twaun Moore,PHO,SG,27,14.407407407407407,4.925925925925926,1.6666666666666667,1.4814814814814814,0.5555555555555556,0.18518518518518517,0.4074074074074074,2.037037037037037,4.481481481481482,0.4444444444444444,0.5185185185185185
Ed Davis,MIN,C,23,13.0,2.0869565217391304,5.0,0.9130434782608695,0.5652173913043478,0.5652173913043478,0.0,0.8260869565217391,1.9130434782608696,0.43478260869565216,0.5217391304347826
Edmond Sumner,IND,SG,53,16.245283018867923,7.528301886792453,1.7735849056603774,0.9245283018867925,0.6226415094339622,0.18867924528301888,0.660377358490566,2.792452830188679,5.320754716981132,1.2830188679245282,1.5660377358490567
Elfrid Payton,NYK,PG,63,23.555555555555557,10.142857142857142,3.4285714285714284,3.2222222222222223,0.746031746031746,0.14285714285714285,0.4444444444444444,4.26984126984127,9.873015873015873,1.1587301587301588,1.6984126984126984
Elijah Bryant,MIL,SG,1,32.0,16.0,6.0,3.0,0.0,1.0,1.0,6.0,13.0,3.0,3.0
Elijah Hughes,UTA,SF,18,3.5555555555555554,1.7222222222222223,0.5,0.3333333333333333,0.05555555555555555,0.05555555555555555,0.4444444444444444,0.5555555555555556,1.6666666666666667,0.16666666666666666,0.2222222222222222
Enes Freedom,POR,C,72,24.416666666666668,11.194444444444445,11.041666666666666,1.1666666666666667,0.4583333333333333,0.6666666666666666,0.013888888888888888,4.708333333333333,7.791666666666667,1.7638888888888888,2.2777777777777777
Eric Bledsoe,NOP,SG,71,29.732394366197184,12.23943661971831,3.436619718309859,3.7746478873239435,0.7746478873239436,0.3380281690140845,1.704225352112676,4.323943661971831,10.28169014084507,1.8873239436619718,2.7464788732394365
Eric Gordon,HOU,SG,27,29.22222222222222,17.814814814814813,2.1481481481481484,2.6296296296296298,0.5185185185185185,0.48148148148148145,2.5555555555555554,5.888888888888889,13.592592592592593,3.4814814814814814,4.222222222222222
Eric Paschall,GSW,PF,40,17.375,9.525,3.2,1.275,0.3,0.175,0.45,3.7,7.45,1.675,2.35
Ersan İlyasova,UTA,PF,17,8.705882352941176,3.823529411764706,1.7058823529411764,0.23529411764705882,0.5882352941176471,0.17647058823529413,1.0588235294117647,1.2352941176470589,3.176470588235294,0.29411764705882354,0.29411764705882354
Evan Fournier,2TM,SF,42,29.976190476190474,17.11904761904762,3.0476190476190474,3.4285714285714284,1.119047619047619,0.4523809523809524,2.7857142857142856,5.880952380952381,12.880952380952381,2.5714285714285716,3.261904761904762
Facundo Campazzo,DEN,PG,65,21.923076923076923,6.092307692307692,2.0615384615384613,3.5692307692307694,1.2153846153846153,0.2153846153846154,1.1692307692307693,1.8461538461538463,4.846153846153846,1.2307692307692308,1.4
Frank Jackson,DET,PG,40,18.45,9.75,2.15,0.9,0.375,0.025,1.525,3.35,7.325,1.525,1.875
Frank Kaminsky,PHO,C,47,15.212765957446809,6.595744680851064,4.0,1.6808510638297873,0.2978723404255319,0.3617021276595745,0.6595744680851063,2.574468085106383,5.468085106382978,0.7872340425531915,1.2765957446808511
Frank Mason III,ORL,PG,4,19.75,6.25,3.0,3.0,0.0,0.0,0.5,2.25,6.0,1.25,1.75
Frank Ntilikina,NYK,PG,33,9.757575757575758,2.696969696969697,0.9393939393939394,0.5757575757575758,0.5454545454545454,0.12121212121212122,0.696969696969697,0.8787878787878788,2.393939393939394,0.24242424242424243,0.5454545454545454
Fred VanVleet,TOR,SG,52,36.51923076923077,19.596153846153847,4.230769230769231,6.3076923076923075,1.6730769230769231,0.7115384615384616,3.3461538461538463,6.5,16.73076923076923,3.25,3.673076923076923
Freddie Gillespie,TOR,PF,20,19.6,5.55,4.85,0.45,0.65,1.0,0.0,2.2,4.2,1.15,1.65
Furkan Korkmaz,PHI,SG,55,19.30909090909091,9.10909090909091,2.0545454545454547,1.490909090909091,0.8909090909090909,0.16363636363636364,1.8363636363636364,3.090909090909091,7.709090909090909,1.0909090909090908,1.490909090909091
Gabe Vincent,MIA,PG,50,13.1,4.84,1.12,1.34,0.42,0.04,0.92,1.76,4.66,0.4,0.46
Gabriel Deck,OKC,PF,10,21.2,8.4,4.0,2.4,0.8,0.0,0.2,3.2,6.7,1.8,2.2
Garrett Temple,CHI,SG,56,27.285714285714285,7.553571428571429,2.857142857142857,2.2142857142857144,0.7678571428571429,0.5357142857142857,1.1964285714285714,2.8214285714285716,6.803571428571429,0.7142857142857143,0.8928571428571429
Garrison Mathews,WAS,SG,64,16.21875,5.53125,1.359375,0.40625,0.453125,0.109375,1.1875,1.515625,3.703125,1.3125,1.484375
Gary Clark,3TM,SF,39,16.76923076923077,3.051282051282051,2.948717948717949,0.7948717948717948,0.3333333333333333,0.1794871794871795,0.7948717948717948,1.0256410256410255,3.3846153846153846,0.20512820512820512,0.2564102564102564
Gary Harris,2TM,SG,39,27.692307692307693,9.948717948717949,2.0256410256410255,2.0,0.717948717948718,0.28205128205128205,1.2307692307692308,3.5384615384615383,8.846153846153847,1.641025641025641,2.0
Gary Payton II,GSW,PG,10,4.0,2.5,1.1,0.1,0.6,0.1,0.2,1.0,1.3,0.3,0.4
Gary Trent Jr.,2TM,SG,58,31.06896551724138,15.310344827586206,2.6206896551724137,1.3793103448275863,0.9655172413793104,0.1724137931034483,2.8448275862068964,5.517241379310345,13.53448275862069,1.4310344827586208,1.8275862068965518
George Hill,2TM,PG,30,22.4,8.7,2.033333333333333,2.433333333333333,0.7666666666666667,0.16666666666666666,1.0333333333333334,3.1666666666666665,6.566666666666666,1.3333333333333333,1.6666666666666667
Georges Niang,UTA,PF,72,16.02777777777778,6.944444444444445,2.4444444444444446,0.8194444444444444,0.3472222222222222,0.1111111111111111,1.7222222222222223,2.4583333333333335,5.625,0.3055555555555556,0.3194444444444444
Giannis Antetokounmpo,MIL,PF,61,33.0,28.147540983606557,11.0,5.852459016393443,1.180327868852459,1.1967213114754098,1.098360655737705,10.262295081967213,18.0327868852459,6.524590163934426,9.524590163934427
Glenn Robinson III,SAC,SF,23,16.043478260869566,5.260869565217392,1.9565217391304348,0.8695652173913043,0.17391304347826086,0.13043478260869565,0.6956521739130435,1.826086956521739,4.304347826086956,0.9130434782608695,1.0
Goga Bitadze,IND,C,45,12.466666666666667,5.133333333333334,3.3333333333333335,0.8222222222222222,0.2,1.3333333333333333,0.4444444444444444,1.8444444444444446,4.311111111111111,1.0,1.3555555555555556
Goran Dragić,MIA,PG,50,26.74,13.44,3.38,4.38,0.66,0.16,1.82,4.8,11.1,2.02,2.44
Gordon Hayward,CHO,SF,44,34.0,19.613636363636363,5.863636363636363,4.113636363636363,1.1818181818181819,0.3181818181818182,1.9318181818181819,7.068181818181818,14.954545454545455,3.5454545454545454,4.204545454545454
Gorgui Dieng,2TM,C,38,14.526315789473685,6.7894736842105265,3.6842105263157894,1.263157894736842,0.6842105263157895,0.42105263157894735,0.7894736842105263,2.236842105263158,4.2894736842105265,1.5263157894736843,1.763157894736842
Grant Riller,CHO,PG,7,3.857142857142857,2.5714285714285716,0.14285714285714285,0.42857142857142855,0.14285714285714285,0.0,0.2857142857142857,1.1428571428571428,1.7142857142857142,0.0,0.0
Grant Williams,BOS,PF,63,18.063492063492063,4.666666666666667,2.8253968253968256,1.0158730158730158,0.5079365079365079,0.38095238095238093,0.7619047619047619,1.7142857142857142,3.9206349206349205,0.47619047619047616,0.8095238095238095
Grayson Allen,MEM,SG,50,25.18,10.64,3.2,2.16,0.92,0.16,2.14,3.46,8.28,1.58,1.82
Greg Whittington,DEN,PF,4,3.0,0.0,0.0,0.0,0.0,0.0,0.0,0.0,0.75,0.0,0.0
Hamidou Diallo,2TM,SF,52,23.576923076923077,11.615384615384615,5.230769230769231,1.9423076923076923,0.7884615384615384,0.46153846153846156,0.5384615384615384,4.3076923076923075,9.038461538461538,2.4615384615384617,3.8461538461538463
Harrison Barnes,SAC,PF,58,36.241379310344826,16.086206896551722,6.637931034482759,3.4655172413793105,0.7413793103448276,0.1896551724137931,1.7241379310344827,5.5,11.068965517241379,3.3620689655172415,4.051724137931035
Harry Giles,POR,C,38,9.157894736842104,2.8421052631578947,3.5,0.7631578947368421,0.21052631578947367,0.34210526315789475,0.21052631578947367,1.105263157894737,2.5526315789473686,0.42105263157894735,0.7105263157894737
Hassan Whiteside,SAC,C,36,15.166666666666666,8.13888888888889,5.972222222222222,0.5555555555555556,0.25,1.2777777777777777,0.0,3.5,6.222222222222222,1.1388888888888888,2.1944444444444446
Henry Ellenson,TOR,PF,2,19.0,7.5,6.0,2.5,0.0,0.0,1.0,2.5,7.0,1.5,2.0
Ignas Brazdeikis,3TM,SF,13,19.153846153846153,7.0,3.4615384615384617,1.3076923076923077,0.3076923076923077,0.23076923076923078,0.8461538461538461,2.6923076923076925,6.384615384615385,0.7692307692307693,1.0769230769230769
Iman Shumpert,BRK,SG,2,5.5,1.0,0.5,0.0,0.5,0.0,0.0,0.5,2.0,0.0,0.0
Immanuel Quickley,NYK,PG,64,19.421875,11.421875,2.140625,1.984375,0.46875,0.1875,1.84375,3.578125,9.0625,2.421875,2.71875
Isaac Bonga,WAS,SF,40,10.8,1.95,1.65,0.575,0.275,0.225,0.325,0.75,2.025,0.125,0.2
Isaac Okoro,CLE,SG,67,32.43283582089552,9.64179104477612,3.074626865671642,1.9104477611940298,0.9253731343283582,0.3582089552238806,0.9253731343283582,3.5074626865671643,8.343283582089553,1.7014925373134329,2.343283582089552
Isaiah Hartenstein,2TM,C,46,12.152173913043478,5.130434782608695,3.9347826086956523,1.1956521739130435,0.41304347826086957,0.8478260869565217,0.043478260869565216,2.0434782608695654,3.717391304347826,1.0,1.5434782608695652
Isaiah Joe,PHI,SG,41,9.341463414634147,3.731707317073171,0.8780487804878049,0.4878048780487805,0.2926829268292683,0.0975609756097561,0.9512195121951219,1.170731707317073,3.2439024390243905,0.43902439024390244,0.5853658536585366
Isaiah Roby,OKC,PF,61,23.360655737704917,8.737704918032787,5.590163934426229,1.7540983606557377,0.8524590163934426,0.6065573770491803,0.5245901639344263,3.3934426229508197,7.032786885245901,1.4262295081967213,1.9180327868852458
Isaiah Stewart,DET,C,68,21.397058823529413,7.897058823529412,6.661764705882353,0.8676470588235294,0.5735294117647058,1.2647058823529411,0.3088235294117647,3.323529411764706,6.014705882352941,0.9411764705882353,1.3529411764705883
Isaiah Thomas,NOP,PG,3,16.0,7.666666666666667,1.3333333333333333,1.6666666666666667,0.3333333333333333,0.0,1.0,3.0,9.0,0.6666666666666666,0.6666666666666666
Ish Smith,WAS,PG,44,21.0,6.704545454545454,3.409090909090909,3.909090909090909,0.7272727272727273,0.29545454545454547,0.4090909090909091,2.9318181818181817,6.75,0.4318181818181818,0.75
Ivica Zubac,LAC,C,72,22.34722222222222,9.027777777777779,7.208333333333333,1.25,0.3333333333333333,0.8611111111111112,0.013888888888888888,3.5694444444444446,5.472222222222222,1.875,2.375
JJ Redick,2TM,SG,44,16.431818181818183,7.431818181818182,1.4545454545454546,1.1590909090909092,0.25,0.06818181818181818,1.5,2.409090909090909,6.068181818181818,1.1136363636363635,1.1818181818181819
Ja Morant,MEM,PG,63,32.58730158730159,19.11111111111111,4.0,7.380952380952381,0.9047619047619048,0.20634920634920634,1.1587301587301588,6.825396825396825,15.19047619047619,4.301587301587301,5.904761904761905
JaKarr Sampson,IND,PF,29,10.89655172413793,4.620689655172414,2.6551724137931036,0.13793103448275862,0.06896551724137931,0.4827586206896552,0.10344827586206896,1.9310344827586208,3.896551724137931,0.6551724137931034,1.0
JaMychal Green,DEN,PF,58,19.310344827586206,8.120689655172415,4.775862068965517,0.9137931034482759,0.4482758620689655,0.3793103448275862,1.3620689655172413,2.9827586206896552,6.448275862068965,0.7931034482758621,0.9827586206896551
JaVale McGee,2TM,C,46,14.73913043478261,7.326086956521739,5.195652173913044,0.8478260869565217,0.41304347826086957,1.173913043478261,0.10869565217391304,3.130434782608696,6.130434782608695,0.9565217391304348,1.4565217391304348
Jabari Parker,2TM,PF,13,12.692307692307692,5.538461538461538,3.230769230769231,0.8461538461538461,0.07692307692307693,0.38461538461538464,0.15384615384615385,2.3076923076923075,4.230769230769231,0.7692307692307693,1.0
Jaden McDaniels,MIN,PF,63,23.984126984126984,6.777777777777778,3.6825396825396823,1.126984126984127,0.5555555555555556,0.9523809523809523,1.1428571428571428,2.6031746031746033,5.825396825396825,0.42857142857142855,0.7142857142857143
Jae Crowder,PHO,PF,60,27.466666666666665,10.05,4.7,2.1166666666666667,0.8,0.45,2.466666666666667,3.316666666666667,8.2,0.95,1.25
Jae'Sean Tate,HOU,SF,70,29.185714285714287,11.342857142857143,5.3428571428571425,2.5428571428571427,1.2142857142857142,0.5142857142857142,0.8571428571428571,4.514285714285714,8.928571428571429,1.457142857142857,2.1
Jahlil Okafor,DET,C,27,12.851851851851851,5.37037037037037,2.4444444444444446,0.48148148148148145,0.2222222222222222,0.18518518518518517,0.07407407407407407,2.3333333333333335,3.7777777777777777,0.6296296296296297,0.8888888888888888
Jahmi'us Ramsey,SAC,SG,13,7.230769230769231,3.076923076923077,0.7692307692307693,0.46153846153846156,0.3076923076923077,0.07692307692307693,0.38461538461538464,1.1538461538461537,2.923076923076923,0.38461538461538464,0.38461538461538464
Jake Layman,MIN,SF,45,13.933333333333334,5.133333333333334,1.488888888888889,0.6222222222222222,0.6444444444444445,0.4222222222222222,0.5111111111111111,2.022222222222222,4.088888888888889,0.5777777777777777,0.8222222222222222
Jakob Poeltl,SAS,C,69,26.73913043478261,8.594202898550725,7.927536231884058,1.9420289855072463,0.6811594202898551,1.7826086956521738,0.0,3.8405797101449277,6.231884057971015,0.9130434782608695,1.7971014492753623
Jalen Brunson,DAL,PG,68,24.955882352941178,12.602941176470589,3.3970588235294117,3.514705882352941,0.5147058823529411,0.014705882352941176,1.1911764705882353,4.823529411764706,9.220588235294118,1.7647058823529411,2.2205882352941178
Jalen Harris,TOR,SG,13,13.23076923076923,7.384615384615385,1.3846153846153846,1.3076923076923077,0.6153846153846154,0.0,1.3076923076923077,2.769230769230769,5.538461538461538,0.5384615384615384,0.6923076923076923
Jalen Lecque,IND,PG,4,3.0,1.25,1.25,0.5,0.0,0.0,0.0,0.25,2.25,0.75,0.75
Jalen McDaniels,CHO,SF,47,19.23404255319149,7.361702127659575,3.595744680851064,1.127659574468085,0.5957446808510638,0.40425531914893614,0.7446808510638298,2.8297872340425534,6.042553191489362,0.9574468085106383,1.3617021276595744
Jalen Smith,PHO,PF,27,5.777777777777778,1.962962962962963,1.3703703703703705,0.14814814814814814,0.037037037037037035,0.18518518518518517,0.14814814814814814,0.8148148148148148,1.8518518518518519,0.18518518518518517,0.25925925925925924
Jamal Murray,DEN,PG,48,35.5,21.208333333333332,4.041666666666667,4.8125,1.3333333333333333,0.2708333333333333,2.6875,7.875,16.5,2.7708333333333335,3.1875
James Ennis III,ORL,SF,41,24.048780487804876,8.414634146341463,4.048780487804878,1.5121951219512195,0.7804878048780488,0.17073170731707318,1.0975609756097562,2.8048780487804876,5.926829268292683,1.7073170731707317,2.1219512195121952
James Harden,2TM,PG,44,36.56818181818182,24.613636363636363,7.909090909090909,10.795454545454545,1.2045454545454546,0.75,2.75,7.7727272727272725,16.681818181818183,6.318181818181818,7.340909090909091
James Johnson,2TM,PF,51,20.45098039215686,7.215686274509804,3.4705882352941178,1.9215686274509804,0.8235294117647058,0.8235294117647058,0.6078431372549019,2.8627450980392157,6.411764705882353,0.8823529411764706,1.4901960784313726
James Nunnally,NOP,SF,9,5.333333333333333,1.6666666666666667,1.0,0.3333333333333333,0.0,0.0,0.4444444444444444,0.5555555555555556,1.4444444444444444,0.1111111111111111,0.2222222222222222
James Wiseman,GSW,C,39,21.435897435897434,11.487179487179487,5.794871794871795,0.6666666666666666,0.28205128205128205,0.9230769230769231,0.3076923076923077,4.897435897435898,9.435897435897436,1.3846153846153846,2.2051282051282053
Jared Dudley,LAL,PF,12,6.75,0.5,1.75,0.4166666666666667,0.08333333333333333,0.08333333333333333,0.16666666666666666,0.16666666666666666,0.75,0.0,0.0
Jared Harper,NYK,PG,8,2.0,0.375,0.25,0.125,0.0,0.0,0.0,0.0,0.5,0.375,0.5
Jaren Jackson Jr.,MEM,C,11,23.454545454545453,14.363636363636363,5.636363636363637,1.0909090909090908,1.0909090909090908,1.6363636363636365,1.5454545454545454,4.818181818181818,11.363636363636363,3.1818181818181817,3.8181818181818183
Jarred Vanderbilt,MIN,PF,64,17.796875,5.375,5.75,1.1875,1.0,0.71875,0.015625,2.234375,3.6875,0.890625,1.59375
Jarrell Brantley,UTA,PF,28,4.928571428571429,2.2857142857142856,0.9642857142857143,0.5357142857142857,0.25,0.07142857142857142,0.42857142857142855,0.8928571428571429,1.8571428571428572,0.07142857142857142,0.07142857142857142
Jarrett Allen,2TM,C,63,29.58730158730159,12.793650793650794,10.015873015873016,1.6825396825396826,0.5079365079365079,1.4285714285714286,0.09523809523809523,4.73015873015873,7.650793650793651,3.238095238095238,4.603174603174603
Jarrett Culver,MIN,SG,34,14.676470588235293,5.294117647058823,3.0588235294117645,0.7058823529411765,0.5,0.2647058823529412,0.38235294117647056,2.0294117647058822,4.9411764705882355,0.8529411764705882,1.411764705882353
Javonte Green,2TM,SF,41,11.536585365853659,3.5609756097560976,1.7317073170731707,0.4146341463414634,0.6829268292682927,0.14634146341463414,0.24390243902439024,1.2926829268292683,2.4878048780487805,0.7317073170731707,0.975609756097561
Jaxson Hayes,NOP,C,60,16.066666666666666,7.483333333333333,4.283333333333333,0.5833333333333334,0.4166666666666667,0.6333333333333333,0.1,2.9166666666666665,4.666666666666667,1.55,2.0
Jay Scrubb,LAC,SG,4,21.0,8.75,3.5,0.25,1.0,0.0,0.5,3.5,9.0,1.25,1.25
Jaylen Adams,MIL,PG,7,2.5714285714285716,0.2857142857142857,0.42857142857142855,0.2857142857142857,0.0,0.0,0.0,0.14285714285714285,1.1428571428571428,0.0,0.0
Jaylen Brown,BOS,SG,58,34.46551724137931,24.655172413793103,5.982758620689655,3.3620689655172415,1.2413793103448276,0.5517241379310345,2.810344827586207,9.275862068965518,19.155172413793103,3.293103448275862,4.310344827586207
Jaylen Hoard,OKC,SF,19,16.842105263157894,6.105263157894737,3.4210526315789473,1.263157894736842,0.6842105263157895,0.2631578947368421,0.0,2.3157894736842106,4.631578947368421,1.4736842105263157,2.1578947368421053
Jaylen Nowell,MIN,SG,42,18.071428571428573,9.023809523809524,2.261904761904762,1.4761904761904763,0.5238095238095238,0.2857142857142857,1.1904761904761905,3.380952380952381,7.976190476190476,1.0714285714285714,1.3095238095238095
Jayson Tatum,BOS,SF,64,35.78125,26.4375,7.375,4.3125,1.171875,0.484375,2.921875,9.453125,20.59375,4.609375,5.3125
Jeff Green,BRK,PF,68,26.985294117647058,11.029411764705882,3.8676470588235294,1.588235294117647,0.5294117647058824,0.39705882352941174,1.5147058823529411,3.838235294117647,7.794117647058823,1.838235294117647,2.3676470588235294
Jeff Teague,2TM,PG,55,17.272727272727273,6.745454545454545,1.6,2.4,0.6181818181818182,0.21818181818181817,0.6545454545454545,2.2363636363636363,5.163636363636364,1.6181818181818182,1.9090909090909092
Jerami Grant,DET,SF,54,33.870370370370374,22.314814814814813,4.62962962962963,2.814814814814815,0.6481481481481481,1.0740740740740742,2.1296296296296298,7.407407407407407,17.25925925925926,5.37037037037037,6.351851851851852
Jeremiah Martin,CLE,PG,9,8.333333333333334,2.4444444444444446,0.7777777777777778,0.4444444444444444,0.5555555555555556,0.2222222222222222,0.3333333333333333,1.0,3.6666666666666665,0.1111111111111111,0.5555555555555556
Jeremy Lamb,IND,SG,36,21.25,10.083333333333334,3.638888888888889,1.4722222222222223,0.9444444444444444,0.6388888888888888,1.4444444444444444,3.3333333333333335,7.666666666666667,1.9722222222222223,2.0833333333333335
Jerome Robinson,WAS,SG,17,17.941176470588236,4.882352941176471,2.235294117647059,1.4705882352941178,0.7058823529411765,0.35294117647058826,0.6470588235294118,1.6470588235294117,5.588235294117647,0.9411764705882353,1.1764705882352942
Jevon Carter,PHO,PG,60,11.95,4.133333333333334,1.5333333333333334,1.1833333333333333,0.48333333333333334,0.15,0.9333333333333333,1.5666666666666667,3.716666666666667,0.06666666666666667,0.11666666666666667
Jimmy Butler,MIA,SF,52,33.55769230769231,21.46153846153846,6.903846153846154,7.096153846153846,2.076923076923077,0.34615384615384615,0.4807692307692308,7.038461538461538,14.153846153846153,6.903846153846154,8.0
Joe Harris,BRK,SF,69,31.028985507246375,14.115942028985508,3.5942028985507246,1.8840579710144927,0.6666666666666666,0.2028985507246377,3.0579710144927534,5.173913043478261,10.246376811594203,0.7101449275362319,0.9130434782608695
Joe Ingles,UTA,SF,67,27.865671641791046,12.074626865671641,3.6417910447761193,4.746268656716418,0.6716417910447762,0.1791044776119403,2.7313432835820897,4.104477611940299,8.388059701492537,1.1343283582089552,1.3432835820895523
Joel Embiid,PHI,C,51,31.07843137254902,28.45098039215686,10.568627450980392,2.843137254901961,0.9803921568627451,1.3529411764705883,1.1372549019607843,9.03921568627451,17.627450980392158,9.235294117647058,10.745098039215685
John Collins,ATL,PF,63,29.333333333333332,17.634920634920636,7.412698412698413,1.2380952380952381,0.5396825396825397,1.0,1.3174603174603174,6.809523809523809,12.238095238095237,2.6984126984126986,3.238095238095238
John Konchar,MEM,SG,43,13.372093023255815,4.27906976744186,2.9767441860465116,1.0930232558139534,0.6976744186046512,0.20930232558139536,0.4883720930232558,1.6046511627906976,3.2093023255813953,0.5813953488372093,0.6976744186046512
John Wall,HOU,PG,40,32.2,20.575,3.225,6.875,1.05,0.775,1.975,7.325,18.15,3.95,5.275
Jonas Valančiūnas,MEM,C,62,28.306451612903224,17.06451612903226,12.516129032258064,1.8064516129032258,0.5645161290322581,0.9193548387096774,0.3387096774193548,7.096774193548387,11.983870967741936,2.532258064516129,3.274193548387097
Jontay Porter,MEM,PF,11,4.909090909090909,2.0,1.2727272727272727,0.09090909090909091,0.2727272727272727,0.09090909090909091,0.2727272727272727,0.7272727272727273,1.3636363636363635,0.2727272727272727,0.45454545454545453
Jordan Bell,2TM,C,6,13.666666666666666,2.5,4.0,1.1666666666666667,0.5,0.8333333333333334,0.0,1.1666666666666667,3.6666666666666665,0.16666666666666666,0.3333333333333333
Jordan Bone,ORL,PG,14,14.0,4.0,1.7142857142857142,1.2857142857142858,0.14285714285714285,0.0,0.7142857142857143,1.6428571428571428,3.857142857142857,0.0,0.0
Jordan Clarkson,UTA,SG,68,26.735294117647058,18.397058823529413,4.029411764705882,2.4705882352941178,0.8970588235294118,0.14705882352941177,3.0588235294117645,6.720588235294118,15.808823529411764,1.8970588235294117,2.1176470588235294
Jordan McLaughlin,MIN,PG,51,18.392156862745097,5.019607843137255,2.1176470588235294,3.784313725490196,1.0,0.11764705882352941,0.6470588235294118,1.9607843137254901,4.745098039215686,0.45098039215686275,0.5882352941176471
Jordan Nwora,MIL,SF,30,9.133333333333333,5.7,2.0,0.23333333333333334,0.5333333333333333,0.23333333333333334,0.9333333333333333,2.066666666666667,4.5,0.6333333333333333,0.8333333333333334
Jordan Poole,GSW,SG,51,19.372549019607842,12.0,1.803921568627451,1.9411764705882353,0.5098039215686274,0.17647058823529413,1.9019607843137254,4.019607843137255,9.294117647058824,2.0588235294117645,2.3333333333333335
Josh Green,DAL,SG,39,11.41025641025641,2.58974358974359,2.0,0.717948717948718,0.41025641025641024,0.07692307692307693,0.10256410256410256,1.0769230769230769,2.3846153846153846,0.3333333333333333,0.5897435897435898
Josh Hall,OKC,SF,21,16.0,4.095238095238095,2.8095238095238093,1.3333333333333333,0.19047619047619047,0.047619047619047616,0.19047619047619047,1.4285714285714286,4.714285714285714,1.0476190476190477,2.0952380952380953
Josh Hart,NOP,SF,47,28.70212765957447,9.23404255319149,8.02127659574468,2.3191489361702127,0.8085106382978723,0.2553191489361702,1.3404255319148937,3.2127659574468086,7.319148936170213,1.4680851063829787,1.8936170212765957
Josh Jackson,DET,SG,62,25.161290322580644,13.35483870967742,4.096774193548387,2.306451612903226,0.8548387096774194,0.7580645161290323,1.2419354838709677,4.774193548387097,11.403225806451612,2.564516129032258,3.5161290322580645
Josh Okogie,MIN,SG,59,20.28813559322034,5.3559322033898304,2.6440677966101696,1.0677966101694916,0.9152542372881356,0.4745762711864407,0.4915254237288136,1.728813559322034,4.305084745762712,1.4067796610169492,1.8305084745762712
Josh Richardson,DAL,SG,59,30.338983050847457,12.11864406779661,3.305084745762712,2.593220338983051,1.0338983050847457,0.4067796610169492,1.4915254237288136,4.47457627118644,10.474576271186441,1.6779661016949152,1.8305084745762712
Jrue Holiday,MIL,PG,59,32.32203389830509,17.728813559322035,4.5423728813559325,6.0508474576271185,1.6271186440677967,0.6271186440677966,1.88135593220339,7.016949152542373,13.94915254237288,1.8135593220338984,2.305084745762712
Juan Toscano-Anderson,GSW,SG,53,20.88679245283019,5.679245283018868,4.433962264150943,2.830188679245283,0.7735849056603774,0.49056603773584906,0.6981132075471698,2.2830188679245285,3.943396226415094,0.41509433962264153,0.5849056603773585
Juancho Hernangómez,MIN,PF,52,17.307692307692307,7.211538461538462,3.9423076923076925,0.6730769230769231,0.36538461538461536,0.1346153846153846,1.0576923076923077,2.5,5.75,1.1538461538461537,1.8653846153846154
Julius Randle,NYK,PF,71,37.563380281690144,24.112676056338028,10.183098591549296,6.014084507042254,0.9014084507042254,0.2535211267605634,2.2535211267605635,8.47887323943662,18.6056338028169,4.901408450704225,6.042253521126761
Justin Holiday,IND,SG,72,30.319444444444443,10.5,3.5555555555555554,1.6527777777777777,1.0277777777777777,0.5694444444444444,2.4027777777777777,3.5833333333333335,8.680555555555555,0.9305555555555556,1.1805555555555556
Justin Jackson,2TM,SF,34,16.970588235294116,7.205882352941177,2.264705882352941,1.5294117647058822,0.4411764705882353,0.058823529411764705,1.0588235294117647,2.6176470588235294,6.5,0.9117647058823529,1.088235294117647
Justin James,SAC,SF,36,8.61111111111111,3.861111111111111,0.8333333333333334,0.6111111111111112,0.2222222222222222,0.08333333333333333,0.3888888888888889,1.4444444444444444,3.0833333333333335,0.5833333333333334,1.0
Justin Patton,HOU,C,13,19.0,5.384615384615385,3.769230769230769,1.0769230769230769,0.9230769230769231,1.0769230769230769,0.6923076923076923,2.230769230769231,5.384615384615385,0.23076923076923078,0.3076923076923077
Justin Robinson,OKC,PG,9,9.777777777777779,2.3333333333333335,0.7777777777777778,1.0,0.3333333333333333,0.0,0.4444444444444444,0.7777777777777778,2.3333333333333335,0.3333333333333333,0.5555555555555556
Justise Winslow,MEM,SF,26,19.5,6.846153846153846,4.538461538461538,1.9230769230769231,0.5769230769230769,0.46153846153846156,0.38461538461538464,2.8461538461538463,8.076923076923077,0.7692307692307693,1.3461538461538463
Jusuf Nurkić,POR,C,37,23.783783783783782,11.45945945945946,8.972972972972974,3.3783783783783785,1.027027027027027,1.054054054054054,0.32432432432432434,4.621621621621622,9.0,1.8918918918918919,3.054054054054054
Juwan Morgan,UTA,PF,29,5.068965517241379,1.206896551724138,0.9655172413793104,0.3103448275862069,0.13793103448275862,0.034482758620689655,0.13793103448275862,0.4827586206896552,1.0344827586206897,0.10344827586206896,0.2413793103448276
KJ Martin,HOU,SF,45,23.733333333333334,9.311111111111112,5.377777777777778,1.0666666666666667,0.6666666666666666,0.9111111111111111,0.7777777777777778,3.6,7.066666666666666,1.3333333333333333,1.8666666666666667
KZ Okpala,MIA,PF,37,12.08108108108108,2.4864864864864864,1.837837837837838,0.5135135135135135,0.2702702702702703,0.2972972972972973,0.32432432432432434,0.972972972972973,2.5945945945945947,0.21621621621621623,0.40540540540540543
Karim Mané,ORL,PG,10,8.8,1.1,1.4,0.4,0.0,0.2,0.1,0.3,1.3,0.4,0.5
Karl-Anthony Towns,MIN,C,50,33.78,24.78,10.58,4.5,0.78,1.14,2.44,8.5,17.5,5.34,6.22
Kawhi Leonard,LAC,SF,52,34.09615384615385,24.846153846153847,6.480769230769231,5.173076923076923,1.5576923076923077,0.40384615384615385,1.9423076923076923,8.942307692307692,17.46153846153846,5.019230769230769,5.673076923076923
Keita Bates-Diop,SAS,SF,30,8.166666666666666,2.6333333333333333,1.6333333333333333,0.4,0.36666666666666664,0.16666666666666666,0.16666666666666666,1.0,2.2333333333333334,0.4666666666666667,0.7
Kelan Martin,IND,SF,35,9.2,4.485714285714286,2.2285714285714286,0.4857142857142857,0.2857142857142857,0.2857142857142857,0.6857142857142857,1.7714285714285714,3.942857142857143,0.2571428571428571,0.2857142857142857
Keldon Johnson,SAS,SF,69,28.52173913043478,12.768115942028986,5.971014492753623,1.7536231884057971,0.5797101449275363,0.34782608695652173,0.8695652173913043,4.898550724637682,10.217391304347826,2.101449275362319,2.8405797101449277
Keljin Blevins,POR,SF,17,4.411764705882353,0.7058823529411765,0.5882352941176471,0.23529411764705882,0.11764705882352941,0.0,0.11764705882352941,0.29411764705882354,1.1764705882352942,0.0,0.0
Kelly Olynyk,2TM,PF,70,28.52857142857143,13.5,6.985714285714286,2.9,1.1285714285714286,0.6,1.8,4.814285714285714,9.957142857142857,2.0714285714285716,2.5
Kelly Oubre Jr.,GSW,SF,55,30.672727272727272,15.436363636363636,5.9818181818181815,1.3272727272727274,1.0363636363636364,0.7636363636363637,1.6363636363636365,5.781818181818182,13.163636363636364,2.2363636363636363,3.2181818181818183
Kemba Walker,BOS,PG,43,31.837209302325583,19.27906976744186,3.953488372093023,4.930232558139535,1.1162790697674418,0.27906976744186046,2.953488372093023,6.604651162790698,15.720930232558139,3.116279069767442,3.4651162790697674
Kendrick Nunn,MIA,PG,56,29.464285714285715,14.571428571428571,3.1964285714285716,2.642857142857143,0.9285714285714286,0.25,2.1785714285714284,5.696428571428571,11.75,1.0,1.0714285714285714
Kenrich Williams,OKC,PF,66,21.606060606060606,7.96969696969697,4.136363636363637,2.303030303030303,0.8333333333333334,0.25757575757575757,0.7878787878787878,3.3181818181818183,6.2272727272727275,0.5454545454545454,0.9545454545454546
Kent Bazemore,GSW,SF,67,19.895522388059703,7.17910447761194,3.417910447761194,1.6119402985074627,1.0298507462686568,0.4925373134328358,1.1194029850746268,2.626865671641791,5.850746268656716,0.8059701492537313,1.164179104477612
Kentavious Caldwell-Pope,LAL,SG,67,28.388059701492537,9.746268656716419,2.671641791044776,1.8955223880597014,0.9253731343283582,0.3880597014925373,1.791044776119403,3.253731343283582,7.552238805970149,1.4477611940298507,1.671641791044776
Kevin Durant,BRK,PF,35,33.05714285714286,26.942857142857143,7.057142857142857,5.571428571428571,0.7142857142857143,1.2857142857142858,2.4285714285714284,9.257142857142858,17.228571428571428,6.0,6.8
Kevin Huerter,ATL,SG,69,30.81159420289855,11.91304347826087,3.347826086956522,3.4927536231884058,1.1884057971014492,0.2608695652173913,2.028985507246377,4.579710144927536,10.594202898550725,0.7246376811594203,0.927536231884058
Kevin Knox,NYK,SF,42,11.047619047619047,3.880952380952381,1.4523809523809523,0.4523809523809524,0.2857142857142857,0.14285714285714285,0.8333333333333334,1.3333333333333333,3.4047619047619047,0.38095238095238093,0.47619047619047616
Kevin Love,CLE,PF,25,24.88,12.2,7.44,2.52,0.64,0.08,2.28,4.12,10.08,1.68,2.04
Kevin Porter Jr.,HOU,SG,26,32.11538461538461,16.576923076923077,3.8076923076923075,6.3076923076923075,0.7307692307692307,0.3076923076923077,1.9230769230769231,6.0,14.115384615384615,2.6538461538461537,3.6153846153846154
Kevon Looney,GSW,C,61,19.0327868852459,4.114754098360656,5.278688524590164,1.9508196721311475,0.3442622950819672,0.36065573770491804,0.06557377049180328,1.7704918032786885,3.2295081967213113,0.5081967213114754,0.7868852459016393
Khem Birch,2TM,C,67,22.82089552238806,7.1940298507462686,5.776119402985074,1.328358208955224,0.7164179104477612,0.746268656716418,0.19402985074626866,2.8208955223880596,5.6716417910447765,1.3582089552238805,1.9253731343283582
Khris Middleton,MIL,SF,68,33.36764705882353,20.36764705882353,5.970588235294118,5.4411764705882355,1.088235294117647,0.1323529411764706,2.2205882352941178,7.514705882352941,15.794117647058824,3.1176470588235294,3.4705882352941178
Khyri Thomas,HOU,SG,5,30.6,16.4,3.6,5.0,1.8,1.2,1.8,6.4,13.2,1.8,1.8
Killian Hayes,DET,PG,26,25.76923076923077,6.769230769230769,2.6538461538461537,5.3076923076923075,1.0384615384615385,0.38461538461538464,0.7692307692307693,2.730769230769231,7.730769230769231,0.5384615384615384,0.6538461538461539
Killian Tillie,MEM,C,18,10.11111111111111,3.1666666666666665,1.3333333333333333,0.4444444444444444,0.2777777777777778,0.4444444444444444,0.5555555555555556,1.0555555555555556,3.1666666666666665,0.5,0.6111111111111112
Kira Lewis Jr.,NOP,PG,54,16.74074074074074,6.351851851851852,1.3148148148148149,2.2962962962962963,0.7037037037037037,0.18518518518518517,0.7407407407407407,2.4074074074074074,6.2407407407407405,0.7962962962962963,0.9444444444444444
Kostas Antetokounmpo,LAL,PF,15,3.7333333333333334,0.8,1.2666666666666666,0.06666666666666667,0.13333333333333333,0.26666666666666666,0.0,0.2,0.6666666666666666,0.4,0.8666666666666667
Kris Dunn,ATL,PG,4,11.25,1.25,1.5,0.5,0.5,0.5,0.0,0.25,3.0,0.75,1.0
Kristaps Porziņģis,DAL,C,43,30.86046511627907,20.11627906976744,8.86046511627907,1.5813953488372092,0.46511627906976744,1.3488372093023255,2.255813953488372,7.558139534883721,15.883720930232558,2.744186046511628,3.2093023255813953
Kyle Anderson,MEM,PF,69,27.347826086956523,12.376811594202898,5.739130434782608,3.6231884057971016,1.2173913043478262,0.8260869565217391,1.3623188405797102,4.463768115942029,9.53623188405797,2.0869565217391304,2.6666666666666665
Kyle Guy,SAC,PG,31,7.580645161290323,2.806451612903226,1.1290322580645162,1.032258064516129,0.1935483870967742,0.0,0.41935483870967744,0.9354838709677419,2.838709677419355,0.5161290322580645,0.6451612903225806
Kyle Kuzma,LAL,SF,68,28.735294117647058,12.852941176470589,6.132352941176471,1.8676470588235294,0.5147058823529411,0.6029411764705882,2.014705882352941,4.926470588235294,11.132352941176471,0.9852941176470589,1.4264705882352942
Kyle Lowry,TOR,PG,46,34.80434782608695,17.195652173913043,5.369565217391305,7.3478260869565215,0.9782608695652174,0.30434782608695654,2.847826086956522,5.6521739130434785,12.956521739130435,3.0434782608695654,3.4782608695652173
Kyrie Irving,BRK,PG,54,34.925925925925924,26.87037037037037,4.7592592592592595,6.0,1.4074074074074074,0.6851851851851852,2.814814814814815,10.166666666666666,20.11111111111111,3.7222222222222223,4.037037037037037
LaMarcus Aldridge,2TM,C,26,25.923076923076923,13.538461538461538,4.538461538461538,1.8846153846153846,0.4230769230769231,1.1153846153846154,1.1923076923076923,5.384615384615385,11.384615384615385,1.5769230769230769,1.8076923076923077
LaMelo Ball,CHO,PG,51,28.80392156862745,15.745098039215685,5.921568627450981,6.137254901960785,1.588235294117647,0.35294117647058826,1.803921568627451,5.745098039215686,13.176470588235293,2.450980392156863,3.235294117647059
Lamar Stevens,CLE,PF,40,12.475,4.125,2.4,0.625,0.425,0.325,0.1,1.55,3.4,0.925,1.275
Landry Shamet,BRK,SG,61,23.0,9.295081967213115,1.8360655737704918,1.6229508196721312,0.5081967213114754,0.16393442622950818,2.1147540983606556,3.0491803278688523,7.475409836065574,1.0819672131147542,1.278688524590164
Langston Galloway,PHO,SG,40,10.95,4.75,1.05,0.65,0.2,0.0,0.9,1.65,3.675,0.55,0.575
Larry Nance Jr.,CLE,PF,35,31.17142857142857,9.342857142857143,6.714285714285714,3.057142857142857,1.7428571428571429,0.4857142857142857,1.1714285714285715,3.657142857142857,7.771428571428571,0.8571428571428571,1.4
Lauri Markkanen,CHI,PF,51,25.823529411764707,13.627450980392156,5.254901960784314,0.8823529411764706,0.5098039215686274,0.29411764705882354,2.3333333333333335,4.901960784313726,10.215686274509803,1.4901960784313726,1.803921568627451
LeBron James,LAL,PG,45,33.422222222222224,25.022222222222222,7.688888888888889,7.777777777777778,1.0666666666666667,0.5555555555555556,2.311111111111111,9.377777777777778,18.288888888888888,3.9555555555555557,5.666666666666667
Lonnie Walker IV,SAS,SG,60,25.366666666666667,11.15,2.5833333333333335,1.6833333333333333,0.48333333333333334,0.25,1.6666666666666667,4.266666666666667,10.15,0.95,1.1666666666666667
Lonzo Ball,NOP,PG,55,31.763636363636362,14.581818181818182,4.781818181818182,5.745454545454545,1.490909090909091,0.5636363636363636,3.1272727272727274,5.2727272727272725,12.727272727272727,0.9090909090909091,1.1636363636363636
Lou Williams,2TM,PG,66,21.560606060606062,11.348484848484848,2.090909090909091,3.409090909090909,0.7121212121212122,0.09090909090909091,1.0454545454545454,4.015151515151516,9.787878787878787,2.272727272727273,2.621212121212121
Louis King,SAC,SF,6,14.166666666666666,7.333333333333333,3.0,1.5,1.1666666666666667,0.5,0.6666666666666666,2.8333333333333335,5.666666666666667,1.0,1.0
Luguentz Dort,OKC,SG,52,29.673076923076923,14.01923076923077,3.6346153846153846,1.6923076923076923,0.8653846153846154,0.36538461538461536,2.173076923076923,4.75,12.288461538461538,2.3461538461538463,3.1538461538461537
Luka Dončić,DAL,PG,66,34.27272727272727,27.727272727272727,7.984848484848484,8.590909090909092,0.9696969696969697,0.5454545454545454,2.909090909090909,9.803030303030303,20.46969696969697,5.212121212121212,7.136363636363637
Luka Šamanić,SAS,PF,33,9.333333333333334,3.696969696969697,2.0606060606060606,0.45454545454545453,0.24242424242424243,0.24242424242424243,0.36363636363636365,1.4242424242424243,3.1818181818181817,0.48484848484848486,0.8787878787878788
Luke Kennard,LAC,SG,63,19.555555555555557,8.253968253968255,2.5555555555555554,1.6507936507936507,0.36507936507936506,0.14285714285714285,1.5873015873015872,3.126984126984127,6.571428571428571,0.4126984126984127,0.49206349206349204
Luke Kornet,2TM,C,31,11.225806451612904,3.4193548387096775,2.161290322580645,0.7741935483870968,0.12903225806451613,1.032258064516129,0.4838709677419355,1.4193548387096775,3.2580645161290325,0.0967741935483871,0.1935483870967742
Malachi Flynn,TOR,PG,47,19.74468085106383,7.51063829787234,2.4680851063829787,2.9148936170212765,0.8085106382978723,0.14893617021276595,1.148936170212766,2.702127659574468,7.23404255319149,0.9574468085106383,1.1914893617021276
Malcolm Brogdon,IND,PG,56,34.464285714285715,21.178571428571427,5.25,5.875,0.875,0.26785714285714285,2.5892857142857144,7.928571428571429,17.5,2.732142857142857,3.1607142857142856
Malik Beasley,MIN,SG,37,32.810810810810814,19.56756756756757,4.378378378378378,2.3783783783783785,0.8108108108108109,0.1891891891891892,3.4594594594594597,7.135135135135135,16.216216216216218,1.837837837837838,2.1621621621621623
Malik Fitts,LAC,PF,3,3.6666666666666665,1.0,1.0,0.0,0.0,0.0,0.3333333333333333,0.3333333333333333,1.0,0.0,0.0
Malik Monk,CHO,SG,42,20.904761904761905,11.666666666666666,2.4047619047619047,2.0714285714285716,0.4523809523809524,0.09523809523809523,2.0238095238095237,4.119047619047619,9.5,1.4047619047619047,1.7142857142857142
Mamadi Diakite,MIL,PF,14,10.071428571428571,3.142857142857143,2.4285714285714284,0.5714285714285714,0.5,0.42857142857142855,0.07142857142857142,1.1428571428571428,2.857142857142857,0.7857142857142857,1.0
Marc Gasol,LAL,C,52,19.096153846153847,5.038461538461538,4.134615384615385,2.0961538461538463,0.5,1.1153846153846154,0.9615384615384616,1.6923076923076923,3.730769230769231,0.6923076923076923,0.9615384615384616
Marcus Morris,LAC,PF,57,26.350877192982455,13.421052631578947,4.105263157894737,1.0175438596491229,0.5964912280701754,0.2631578947368421,2.456140350877193,4.842105263157895,10.24561403508772,1.280701754385965,1.5614035087719298
Marcus Smart,BOS,PG,48,32.9375,13.0625,3.4791666666666665,5.6875,1.5,0.4791666666666667,1.9375,4.229166666666667,10.625,2.6666666666666665,3.375
Markelle Fultz,ORL,PG,8,26.875,12.875,3.125,5.375,1.0,0.25,0.5,5.125,13.0,2.125,2.375
Markieff Morris,LAL,PF,61,19.672131147540984,6.672131147540983,4.360655737704918,1.1967213114754098,0.36065573770491804,0.3114754098360656,1.0655737704918034,2.5081967213114753,6.19672131147541,0.5901639344262295,0.819672131147541
Markus Howard,DEN,SG,37,5.54054054054054,2.8378378378378377,0.5675675675675675,0.4864864864864865,0.10810810810810811,0.02702702702702703,0.4864864864864865,1.0810810810810811,2.864864864864865,0.1891891891891892,0.24324324324324326
Marques Bolden,CLE,C,6,4.833333333333333,1.1666666666666667,1.0,0.0,0.3333333333333333,0.3333333333333333,0.0,0.16666666666666666,0.5,0.8333333333333334,1.3333333333333333
Marquese Chriss,GSW,PF,2,13.5,6.5,6.5,1.0,0.0,1.0,0.5,2.5,7.0,1.0,2.0
Marvin Bagley III,SAC,PF,43,25.86046511627907,14.13953488372093,7.395348837209302,1.0,0.4883720930232558,0.4883720930232558,0.8604651162790697,5.744186046511628,11.395348837209303,1.7906976744186047,3.116279069767442
Mason Jones,2TM,SG,32,10.4375,5.25,1.71875,1.3125,0.21875,0.03125,0.75,1.625,3.84375,1.25,2.0
Mason Plumlee,DET,C,56,26.767857142857142,10.375,9.267857142857142,3.607142857142857,0.7678571428571429,0.8928571428571429,0.0,4.178571428571429,6.803571428571429,2.017857142857143,3.017857142857143
Matisse Thybulle,PHI,SG,65,19.96923076923077,3.923076923076923,1.9076923076923078,0.9692307692307692,1.6153846153846154,1.0923076923076922,0.6615384615384615,1.5692307692307692,3.7384615384615385,0.12307692307692308,0.27692307692307694
Matt Thomas,2TM,SG,45,7.2444444444444445,3.088888888888889,0.9777777777777777,0.4222222222222222,0.08888888888888889,0.0,0.6,1.1111111111111112,2.8222222222222224,0.26666666666666666,0.3111111111111111
Matthew Dellavedova,CLE,PG,13,17.23076923076923,2.769230769230769,1.8461538461538463,4.461538461538462,0.3076923076923077,0.07692307692307693,0.3076923076923077,1.0769230769230769,4.3076923076923075,0.3076923076923077,0.3076923076923077
Maurice Harkless,2TM,SF,37,20.864864864864863,5.243243243243243,2.4054054054054053,1.1891891891891893,0.8108108108108109,0.5405405405405406,0.6216216216216216,1.864864864864865,4.45945945945946,0.8918918918918919,1.162162162162162
Max Strus,MIA,SF,39,13.0,6.051282051282051,1.0512820512820513,0.6153846153846154,0.28205128205128205,0.05128205128205128,1.2820512820512822,2.1794871794871793,4.794871794871795,0.41025641025641024,0.6153846153846154
Maxi Kleber,DAL,PF,50,26.82,7.06,5.2,1.36,0.48,0.7,1.74,2.32,5.5,0.68,0.74
Meyers Leonard,MIA,C,3,9.666666666666666,3.3333333333333335,2.3333333333333335,0.6666666666666666,0.0,0.0,1.0,1.0,2.3333333333333335,0.3333333333333333,0.6666666666666666
Mfiondu Kabengele,2TM,PF,39,7.17948717948718,2.4358974358974357,1.5384615384615385,0.4358974358974359,0.20512820512820512,0.3333333333333333,0.3333333333333333,0.8461538461538461,2.282051282051282,0.41025641025641024,0.5128205128205128
Michael Carter-Williams,ORL,SG,31,25.806451612903224,8.838709677419354,4.483870967741935,4.161290322580645,0.8064516129032258,0.5483870967741935,0.4838709677419355,3.3870967741935485,8.709677419354838,1.5806451612903225,2.5806451612903225
Michael Porter Jr.,DEN,SF,61,31.34426229508197,19.049180327868854,7.295081967213115,1.1475409836065573,0.6557377049180327,0.8852459016393442,2.7868852459016393,7.262295081967213,13.39344262295082,1.7377049180327868,2.19672131147541
Mikal Bridges,PHO,SF,72,32.611111111111114,13.472222222222221,4.291666666666667,2.111111111111111,1.0555555555555556,0.875,1.8611111111111112,5.041666666666667,9.291666666666666,1.5277777777777777,1.8194444444444444
Mike Conley,UTA,PG,51,29.372549019607842,16.215686274509803,3.4705882352941178,5.980392156862745,1.3725490196078431,0.17647058823529413,2.7058823529411766,5.568627450980392,12.549019607843137,2.372549019607843,2.784313725490196
Mike James,BRK,PG,13,18.153846153846153,7.6923076923076925,2.4615384615384617,4.153846153846154,0.46153846153846156,0.07692307692307693,0.8461538461538461,2.6153846153846154,7.076923076923077,1.6153846153846154,2.076923076923077
Mike Muscala,OKC,C,35,18.428571428571427,9.685714285714285,3.7714285714285714,0.8,0.22857142857142856,0.3142857142857143,1.9428571428571428,3.4,7.628571428571429,0.9428571428571428,1.0285714285714285
Mike Scott,PHI,PF,51,16.705882352941178,4.176470588235294,2.3529411764705883,0.7843137254901961,0.47058823529411764,0.27450980392156865,1.0392156862745099,1.4901960784313726,4.137254901960785,0.1568627450980392,0.23529411764705882
Miles Bridges,CHO,PF,66,29.272727272727273,12.727272727272727,6.015151515151516,2.227272727272727,0.6666666666666666,0.7878787878787878,1.7575757575757576,4.742424242424242,9.424242424242424,1.4848484848484849,1.7121212121212122
Mitchell Robinson,NYK,C,31,27.516129032258064,8.258064516129032,8.129032258064516,0.5483870967741935,1.1290322580645162,1.4516129032258065,0.0,3.7096774193548385,5.67741935483871,0.8387096774193549,1.7096774193548387
Miye Oni,UTA,SG,54,9.61111111111111,1.9444444444444444,1.5555555555555556,0.5185185185185185,0.2037037037037037,0.14814814814814814,0.5555555555555556,0.6481481481481481,1.8333333333333333,0.09259259259259259,0.1111111111111111
Mo Bamba,ORL,C,46,15.76086956521739,7.978260869565218,5.760869565217392,0.7608695652173914,0.30434782608695654,1.2608695652173914,0.8260869565217391,3.0869565217391304,6.543478260869565,0.9782608695652174,1.434782608695652
Monte Morris,DEN,PG,47,25.4468085106383,10.23404255319149,2.0425531914893615,3.1914893617021276,0.723404255319149,0.2765957446808511,1.0851063829787233,3.9574468085106385,8.23404255319149,1.2340425531914894,1.553191489361702
Montrezl Harrell,LAL,C,69,22.89855072463768,13.492753623188406,6.202898550724638,1.0579710144927537,0.6666666666666666,0.7101449275362319,0.0,5.434782608695652,8.73913043478261,2.6231884057971016,3.710144927536232
Moritz Wagner,3TM,C,45,16.044444444444444,6.888888888888889,3.2444444444444445,1.1111111111111112,0.5777777777777777,0.4,0.6888888888888889,2.311111111111111,5.088888888888889,1.5777777777777777,1.9333333333333333
Moses Brown,OKC,C,43,21.3953488372093,8.604651162790697,8.906976744186046,0.23255813953488372,0.7209302325581395,1.0930232558139534,0.0,3.395348837209302,6.232558139534884,1.813953488372093,2.9302325581395348
Mychal Mulder,GSW,PG,60,12.766666666666667,5.616666666666666,1.0,0.43333333333333335,0.2,0.2,1.4166666666666667,1.9833333333333334,4.416666666666667,0.23333333333333334,0.36666666666666664
Myles Turner,IND,C,47,30.95744680851064,12.595744680851064,6.51063829787234,1.0212765957446808,0.851063829787234,3.382978723404255,1.4680851063829787,4.382978723404255,9.191489361702128,2.3617021276595747,3.021276595744681
Naji Marshall,NOP,SF,32,21.875,7.6875,4.625,2.75,0.8125,0.3125,0.90625,2.5625,6.53125,1.65625,2.34375
Nassir Little,POR,PF,48,13.333333333333334,4.583333333333333,2.6666666666666665,0.4791666666666667,0.10416666666666667,0.2708333333333333,0.5833333333333334,1.625,3.4791666666666665,0.75,0.9375
Nate Darling,CHO,SG,7,3.7142857142857144,1.2857142857142858,0.14285714285714285,0.14285714285714285,0.0,0.14285714285714285,0.2857142857142857,0.2857142857142857,1.0,0.42857142857142855,0.42857142857142855
Nate Hinton,DAL,SG,21,4.428571428571429,1.9523809523809523,0.42857142857142855,0.38095238095238093,0.3333333333333333,0.09523809523809523,0.19047619047619047,0.7142857142857143,2.0,0.3333333333333333,0.47619047619047616
Nathan Knight,ATL,PF,33,8.454545454545455,3.757575757575758,2.1818181818181817,0.24242424242424243,0.2727272727272727,0.30303030303030304,0.18181818181818182,1.121212121212121,3.0303030303030303,1.3333333333333333,1.6666666666666667
Naz Reid,MIN,C,70,19.242857142857144,11.2,4.6,1.0285714285714285,0.4857142857142857,1.0857142857142856,0.8714285714285714,4.3428571428571425,8.3,1.6428571428571428,2.3714285714285714
Nemanja Bjelica,2TM,PF,37,16.08108108108108,6.54054054054054,3.4324324324324325,1.864864864864865,0.40540540540540543,0.13513513513513514,0.7297297297297297,2.4054054054054053,5.297297297297297,1.0,1.3783783783783783
Nerlens Noel,NYK,C,64,24.171875,5.0625,6.375,0.71875,1.09375,2.203125,0.0,2.140625,3.484375,0.78125,1.09375
Nic Claxton,BRK,C,32,18.5625,6.625,5.1875,0.875,0.71875,1.25,0.03125,2.8125,4.53125,0.96875,2.0
Nick Richards,CHO,PF,18,3.5,0.8333333333333334,0.6111111111111112,0.1111111111111111,0.0,0.0,0.0,0.2222222222222222,0.5,0.3888888888888889,0.6111111111111112
Nickeil Alexander-Walker,NOP,SG,46,21.891304347826086,11.043478260869565,3.130434782608696,2.217391304347826,1.0217391304347827,0.4782608695652174,1.6521739130434783,4.173913043478261,9.956521739130435,1.0434782608695652,1.434782608695652
Nico Mannion,GSW,PG,30,12.133333333333333,4.1,1.5333333333333334,2.3333333333333335,0.5333333333333333,0.03333333333333333,0.7333333333333333,1.3,3.8,0.7666666666666667,0.9333333333333333
Nicolas Batum,LAC,SF,67,27.388059701492537,8.059701492537313,4.7164179104477615,2.208955223880597,1.0298507462686568,0.5522388059701493,1.6417910447761195,2.8507462686567164,6.149253731343284,0.7164179104477612,0.8656716417910447
Nicolò Melli,2TM,PF,45,12.577777777777778,2.977777777777778,2.7111111111111112,0.9777777777777777,0.3111111111111111,0.06666666666666667,0.5111111111111111,1.0222222222222221,3.1333333333333333,0.4222222222222222,0.5555555555555556
Nikola Jokić,DEN,C,72,34.55555555555556,26.36111111111111,10.833333333333334,8.319444444444445,1.3194444444444444,0.6666666666666666,1.2777777777777777,10.166666666666666,17.958333333333332,4.75,5.472222222222222
Nikola Vučević,2TM,C,70,33.542857142857144,23.414285714285715,11.67142857142857,3.842857142857143,0.9285714285714286,0.6857142857142857,2.5142857142857142,9.514285714285714,19.942857142857143,1.8714285714285714,2.2285714285714286
Noah Vonleh,BRK,C,4,2.75,0.0,0.25,0.25,0.0,0.0,0.0,0.0,0.75,0.0,0.0
Norman Powell,2TM,SG,69,31.956521739130434,18.594202898550726,3.1159420289855073,1.8695652173913044,1.1884057971014492,0.2608695652173913,2.4782608695652173,6.3478260869565215,13.304347826086957,3.420289855072464,3.927536231884058
Norvel Pelle,3TM,C,13,6.461538461538462,1.5384615384615385,1.4615384615384615,0.15384615384615385,0.07692307692307693,0.6923076923076923,0.0,0.6153846153846154,1.1538461538461537,0.3076923076923077,0.46153846153846156
OG Anunoby,TOR,SF,43,33.325581395348834,15.86046511627907,5.511627906976744,2.186046511627907,1.5348837209302326,0.7441860465116279,2.4186046511627906,5.790697674418604,12.069767441860465,1.8604651162790697,2.372093023255814
Obi Toppin,NYK,PF,62,11.016129032258064,4.080645161290323,2.225806451612903,0.46774193548387094,0.27419354838709675,0.24193548387096775,0.41935483870967744,1.6774193548387097,3.370967741935484,0.3064516129032258,0.41935483870967744
Onyeka Okongwu,ATL,C,50,12.02,4.56,3.26,0.36,0.46,0.66,0.0,1.92,2.98,0.72,1.14
Oshae Brissett,IND,SF,21,24.714285714285715,10.904761904761905,5.476190476190476,0.8571428571428571,0.9047619047619048,0.9523809523809523,1.5714285714285714,3.4761904761904763,7.190476190476191,2.380952380952381,3.0952380952380953
Otto Porter Jr.,2TM,SF,28,21.642857142857142,9.678571428571429,5.428571428571429,1.9642857142857142,0.5714285714285714,0.14285714285714285,1.3928571428571428,3.5,8.107142857142858,1.2857142857142858,1.5
P.J. Tucker,2TM,PF,52,26.076923076923077,3.7115384615384617,3.923076923076923,1.1730769230769231,0.75,0.38461538461538464,0.7692307692307693,1.2692307692307692,3.4038461538461537,0.40384615384615385,0.5384615384615384
P.J. Washington,CHO,PF,64,30.53125,12.875,6.53125,2.515625,1.078125,1.234375,1.75,4.71875,10.71875,1.6875,2.265625
PJ Dozier,DEN,SG,50,21.76,7.7,3.64,1.84,0.62,0.44,0.94,2.96,7.1,0.84,1.32
Pascal Siakam,TOR,PF,56,35.82142857142857,21.357142857142858,7.232142857142857,4.464285714285714,1.1428571428571428,0.6607142857142857,1.3035714285714286,7.803571428571429,17.160714285714285,4.446428571428571,5.375
Pat Connaughton,MIL,SG,69,22.82608695652174,6.782608695652174,4.811594202898551,1.173913043478261,0.7101449275362319,0.3333333333333333,1.463768115942029,2.4347826086956523,5.608695652173913,0.4492753623188406,0.5797101449275363
Patrick Beverley,LAC,PG,37,22.486486486486488,7.513513513513513,3.2162162162162162,2.054054054054054,0.7837837837837838,0.7567567567567568,1.5135135135135136,2.5135135135135136,5.945945945945946,0.972972972972973,1.2162162162162162
Patrick McCaw,TOR,SF,5,6.6,1.0,0.6,0.8,0.4,0.0,0.0,0.2,0.2,0.6,0.6
Patrick Patterson,LAC,PF,38,15.31578947368421,5.184210526315789,1.9736842105263157,0.7631578947368421,0.3684210526315789,0.21052631578947367,1.0526315789473684,1.894736842105263,4.342105263157895,0.34210526315789475,0.4473684210526316
Patrick Williams,CHI,PF,71,27.929577464788732,9.225352112676056,4.605633802816901,1.3943661971830985,0.9014084507042254,0.647887323943662,0.7605633802816901,3.591549295774648,7.436619718309859,1.2816901408450705,1.7605633802816902
Patty Mills,SAS,PG,68,24.779411764705884,10.823529411764707,1.7058823529411764,2.3823529411764706,0.6176470588235294,0.04411764705882353,2.3676470588235294,3.7058823529411766,8.985294117647058,1.0441176470588236,1.1470588235294117
Paul George,LAC,SF,54,33.72222222222222,23.314814814814813,6.648148148148148,5.185185185185185,1.1481481481481481,0.4444444444444444,3.1666666666666665,8.24074074074074,17.64814814814815,3.6666666666666665,4.222222222222222
Paul Millsap,DEN,PF,56,20.75,8.964285714285714,4.678571428571429,1.75,0.9107142857142857,0.6428571428571429,0.875,3.4107142857142856,7.160714285714286,1.2678571428571428,1.75
Paul Reed,PHI,PF,26,6.8076923076923075,3.3846153846153846,2.3461538461538463,0.46153846153846156,0.38461538461538464,0.5,0.0,1.6153846153846154,3.0,0.15384615384615385,0.3076923076923077
Paul Watson,TOR,SF,27,11.0,4.111111111111111,1.6666666666666667,0.6296296296296297,0.2222222222222222,0.1111111111111111,1.1111111111111112,1.4074074074074074,3.037037037037037,0.18518518518518517,0.2962962962962963
Payton Pritchard,BOS,SG,66,19.21212121212121,7.7272727272727275,2.393939393939394,1.8181818181818181,0.5606060606060606,0.13636363636363635,1.5454545454545454,2.787878787878788,6.333333333333333,0.6060606060606061,0.6818181818181818
Precious Achiuwa,MIA,PF,61,12.081967213114755,4.983606557377049,3.4098360655737703,0.47540983606557374,0.32786885245901637,0.45901639344262296,0.0,2.0327868852459017,3.737704918032787,0.9180327868852459,1.8032786885245902
Quinn Cook,2TM,PG,23,6.826086956521739,3.3043478260869565,0.7391304347826086,0.782608695652174,0.17391304347826086,0.043478260869565216,0.4782608695652174,1.2608695652173914,2.9565217391304346,0.30434782608695654,0.34782608695652173
Quinndary Weatherspoon,SAS,SG,20,6.05,2.3,0.55,0.4,0.4,0.1,0.05,0.8,1.75,0.65,0.8
R.J. Hampton,2TM,SG,51,17.41176470588235,6.9411764705882355,3.5098039215686274,1.7058823529411764,0.4117647058823529,0.19607843137254902,0.5294117647058824,2.6666666666666665,6.137254901960785,1.0784313725490196,1.607843137254902
RJ Barrett,NYK,SG,72,34.875,17.555555555555557,5.75,3.013888888888889,0.7361111111111112,0.2777777777777778,1.7222222222222223,6.486111111111111,14.722222222222221,2.861111111111111,3.8333333333333335
Rajon Rondo,2TM,PG,45,17.11111111111111,5.377777777777778,2.4444444444444446,4.4222222222222225,0.8222222222222222,0.08888888888888889,0.8,2.111111111111111,4.777777777777778,0.35555555555555557,0.37777777777777777
Raul Neto,WAS,PG,64,21.921875,8.703125,2.4375,2.28125,1.140625,0.09375,1.0,3.265625,6.984375,1.171875,1.328125
Ray Spalding,HOU,C,2,9.5,2.0,2.0,0.0,0.0,1.0,0.0,1.0,2.0,0.0,1.0
Rayjon Tucker,PHI,PG,14,4.857142857142857,2.4285714285714284,0.7857142857142857,0.42857142857142855,0.14285714285714285,0.0,0.14285714285714285,0.6428571428571429,1.2857142857142858,1.0,1.3571428571428572
Reggie Bullock,NYK,SF,65,29.984615384615385,10.907692307692308,3.4307692307692306,1.523076923076923,0.8,0.16923076923076924,2.5076923076923077,3.8153846153846156,8.63076923076923,0.7692307692307693,0.8461538461538461
Reggie Jackson,LAC,SG,67,23.044776119402986,10.671641791044776,2.8656716417910446,3.0597014925373136,0.6119402985074627,0.1044776119402985,1.8208955223880596,3.925373134328358,8.73134328358209,1.0,1.2238805970149254
Reggie Perry,BRK,PF,26,8.115384615384615,3.0,2.8076923076923075,0.5384615384615384,0.23076923076923078,0.23076923076923078,0.15384615384615385,1.2307692307692308,3.0,0.38461538461538464,0.5
Richaun Holmes,SAC,C,61,29.21311475409836,14.245901639344263,8.262295081967213,1.6557377049180328,0.639344262295082,1.5737704918032787,0.03278688524590164,6.0,9.426229508196721,2.2131147540983607,2.7868852459016393
Ricky Rubio,MIN,PG,68,26.058823529411764,8.558823529411764,3.2794117647058822,6.367647058823529,1.4411764705882353,0.058823529411764705,0.9705882352941176,2.838235294117647,7.323529411764706,1.911764705882353,2.2058823529411766
Robert Covington,POR,PF,70,32.042857142857144,8.471428571428572,6.6571428571428575,1.6714285714285715,1.4428571428571428,1.2,1.9285714285714286,2.914285714285714,7.271428571428571,0.7142857142857143,0.8857142857142857
Robert Franks,ORL,PF,7,14.428571428571429,6.142857142857143,2.0,0.7142857142857143,0.42857142857142855,0.42857142857142855,0.7142857142857143,1.8571428571428572,4.0,1.7142857142857142,1.8571428571428572
Robert Williams,BOS,C,52,18.942307692307693,8.01923076923077,6.884615384615385,1.8076923076923077,0.8269230769230769,1.75,0.0,3.576923076923077,4.961538461538462,0.8653846153846154,1.4038461538461537
Robert Woodard II,SAC,SF,13,3.4615384615384617,1.5384615384615385,1.2307692307692308,0.15384615384615385,0.0,0.23076923076923078,0.07692307692307693,0.6153846153846154,1.5384615384615385,0.23076923076923078,0.6153846153846154
Robin Lopez,WAS,C,71,19.070422535211268,9.04225352112676,3.8309859154929575,0.7746478873239436,0.2112676056338028,0.6197183098591549,0.07042253521126761,3.788732394366197,5.985915492957746,1.3943661971830985,1.9295774647887325
Rodions Kurucs,3TM,PF,21,5.9523809523809526,1.4761904761904763,1.0952380952380953,0.47619047619047616,0.42857142857142855,0.19047619047619047,0.2857142857142857,0.5238095238095238,1.5238095238095237,0.14285714285714285,0.19047619047619047
Rodney Hood,2TM,SF,55,17.12727272727273,4.472727272727273,1.8727272727272728,0.9636363636363636,0.43636363636363634,0.12727272727272726,0.6181818181818182,1.709090909090909,4.7272727272727275,0.43636363636363634,0.509090909090909
Rodney McGruder,DET,SG,16,12.125,5.6875,1.375,1.0,0.5,0.0625,0.6875,2.3125,4.375,0.375,0.5
Romeo Langford,BOS,SG,18,15.722222222222221,3.111111111111111,1.9444444444444444,0.7222222222222222,0.3333333333333333,0.2777777777777778,0.2777777777777778,1.1666666666666667,3.2777777777777777,0.5,0.6666666666666666
Rondae Hollis-Jefferson,POR,PF,11,9.727272727272727,2.4545454545454546,2.3636363636363638,1.1818181818181819,0.18181818181818182,0.36363636363636365,0.0,0.8181818181818182,1.6363636363636365,0.8181818181818182,1.4545454545454546
Royce O'Neale,UTA,SF,71,31.56338028169014,6.985915492957746,6.830985915492958,2.5492957746478875,0.8028169014084507,0.4507042253521127,1.5070422535211268,2.464788732394366,5.549295774647887,0.5492957746478874,0.647887323943662
Rudy Gay,SAS,PF,63,21.555555555555557,11.365079365079366,4.809523809523809,1.3968253968253967,0.7142857142857143,0.6349206349206349,1.6825396825396826,4.190476190476191,9.968253968253968,1.3015873015873016,1.619047619047619
Rudy Gobert,UTA,C,71,30.802816901408452,14.295774647887324,13.52112676056338,1.2535211267605635,0.5633802816901409,2.676056338028169,0.0,5.507042253521127,8.154929577464788,3.2816901408450705,5.267605633802817
Rui Hachimura,WAS,PF,57,31.526315789473685,13.842105263157896,5.473684210526316,1.4385964912280702,0.7719298245614035,0.12280701754385964,0.7894736842105263,5.43859649122807,11.368421052631579,2.175438596491228,2.824561403508772
Russell Westbrook,WAS,PG,65,36.44615384615385,22.23076923076923,11.538461538461538,11.738461538461538,1.3692307692307693,0.35384615384615387,1.323076923076923,8.36923076923077,19.046153846153846,4.1692307692307695,6.3538461538461535
Ryan Arcidiacono,CHI,PG,44,10.227272727272727,3.090909090909091,1.5227272727272727,1.2727272727272727,0.20454545454545456,0.0,0.5681818181818182,1.1136363636363635,2.659090909090909,0.29545454545454547,0.45454545454545453
Saben Lee,DET,PG,48,16.270833333333332,5.5625,2.0208333333333335,3.625,0.6666666666666666,0.2708333333333333,0.16666666666666666,2.0625,4.375,1.2708333333333333,1.8541666666666667
Saddiq Bey,DET,SF,70,27.271428571428572,12.242857142857142,4.542857142857143,1.3571428571428572,0.7428571428571429,0.2,2.5,3.9857142857142858,9.871428571428572,1.7714285714285714,2.1
Sam Merrill,MIL,SG,30,7.766666666666667,2.966666666666667,1.0,0.7,0.26666666666666666,0.03333333333333333,0.7,1.0666666666666667,2.4,0.13333333333333333,0.13333333333333333
Sean McDermott,MEM,SF,18,8.777777777777779,2.1666666666666665,1.0555555555555556,0.2222222222222222,0.1111111111111111,0.16666666666666666,0.2777777777777778,0.7222222222222222,1.8333333333333333,0.4444444444444444,0.4444444444444444
Sekou Doumbouya,DET,PF,56,15.517857142857142,5.089285714285714,2.5535714285714284,0.8392857142857143,0.42857142857142855,0.16071428571428573,0.4642857142857143,1.9107142857142858,5.035714285714286,0.8035714285714286,1.1428571428571428
Semi Ojeleye,BOS,PF,56,16.964285714285715,4.642857142857143,2.625,0.6607142857142857,0.30357142857142855,0.0,1.0357142857142858,1.5892857142857142,3.9464285714285716,0.42857142857142855,0.5714285714285714
Serge Ibaka,LAC,C,41,23.29268292682927,11.073170731707316,6.7073170731707314,1.8048780487804879,0.21951219512195122,1.146341463414634,0.9512195121951219,4.536585365853658,8.902439024390244,1.048780487804878,1.2926829268292683
Seth Curry,PHI,SG,57,28.736842105263158,12.473684210526315,2.3859649122807016,2.719298245614035,0.7719298245614035,0.14035087719298245,2.210526315789474,4.526315789473684,9.68421052631579,1.2105263157894737,1.3508771929824561
Shai Gilgeous-Alexander,OKC,SG,35,33.714285714285715,23.714285714285715,4.742857142857143,5.914285714285715,0.7714285714285715,0.6571428571428571,2.0285714285714285,8.2,16.142857142857142,5.285714285714286,6.542857142857143
Shake Milton,PHI,SG,63,23.19047619047619,12.968253968253968,2.3492063492063493,3.0634920634920637,0.6190476190476191,0.2857142857142857,1.126984126984127,4.761904761904762,10.587301587301587,2.3174603174603177,2.7936507936507935
Shaquille Harrison,2TM,SG,34,9.794117647058824,2.1470588235294117,1.411764705882353,0.7352941176470589,0.5,0.14705882352941177,0.08823529411764706,0.7647058823529411,2.2941176470588234,0.5294117647058824,0.6470588235294118
Sindarius Thornwell,2TM,SG,21,10.333333333333334,1.9523809523809523,0.8571428571428571,1.0,0.6190476190476191,0.09523809523809523,0.3333333333333333,0.7142857142857143,2.1904761904761907,0.19047619047619047,0.38095238095238093
Skylar Mays,ATL,SG,33,8.151515151515152,3.757575757575758,1.0606060606060606,0.9090909090909091,0.42424242424242425,0.06060606060606061,0.42424242424242425,1.3333333333333333,2.9696969696969697,0.6666666666666666,0.7575757575757576
Solomon Hill,ATL,PF,71,21.309859154929576,4.464788732394366,3.0140845070422535,1.056338028169014,0.704225352112676,0.15492957746478872,0.9577464788732394,1.5070422535211268,4.197183098591549,0.49295774647887325,0.647887323943662
Spencer Dinwiddie,BRK,SG,3,21.333333333333332,6.666666666666667,4.333333333333333,3.0,0.6666666666666666,0.3333333333333333,0.6666666666666666,2.0,5.333333333333333,2.0,2.0
Stanley Johnson,TOR,PF,61,16.491803278688526,4.377049180327869,2.5081967213114753,1.459016393442623,0.8524590163934426,0.29508196721311475,0.7377049180327869,1.459016393442623,3.819672131147541,0.7213114754098361,0.9016393442622951
Stephen Curry,GSW,PG,63,34.15873015873016,31.984126984126984,5.476190476190476,5.761904761904762,1.2222222222222223,0.12698412698412698,5.349206349206349,10.444444444444445,21.666666666666668,5.746031746031746,6.26984126984127
Sterling Brown,HOU,SG,51,24.098039215686274,8.156862745098039,4.392156862745098,1.411764705882353,0.7450980392156863,0.23529411764705882,1.7843137254901962,2.9411764705882355,6.568627450980392,0.49019607843137253,0.6078431372549019
Steven Adams,NOP,C,58,27.67241379310345,7.551724137931035,8.862068965517242,1.9137931034482758,0.9310344827586207,0.6551724137931034,0.0,3.2586206896551726,5.310344827586207,1.0344827586206897,2.3275862068965516
Svi Mykhailiuk,2TM,SF,66,20.060606060606062,8.469696969696969,2.4696969696969697,1.6666666666666667,0.7727272727272727,0.18181818181818182,1.5909090909090908,3.1515151515151514,7.666666666666667,0.5757575757575758,0.7575757575757576
T.J. Leaf,POR,PF,7,5.0,1.7142857142857142,0.7142857142857143,0.14285714285714285,0.2857142857142857,0.14285714285714285,0.0,0.7142857142857143,1.4285714285714286,0.2857142857142857,0.2857142857142857
T.J. McConnell,IND,PG,69,26.028985507246375,8.63768115942029,3.710144927536232,6.608695652173913,1.855072463768116,0.3333333333333333,0.21739130434782608,3.971014492753623,7.101449275362318,0.4782608695652174,0.6956521739130435
T.J. Warren,IND,SF,4,29.25,15.5,3.5,1.25,0.5,0.0,0.0,6.75,12.75,2.0,2.5
Tacko Fall,BOS,C,19,7.157894736842105,2.473684210526316,2.736842105263158,0.15789473684210525,0.05263157894736842,1.0526315789473684,0.0,1.105263157894737,1.5263157894736843,0.2631578947368421,0.7894736842105263
Taj Gibson,NYK,C,45,20.8,5.355555555555555,5.555555555555555,0.8,0.6888888888888889,1.0888888888888888,0.06666666666666667,2.2,3.511111111111111,0.8888888888888888,1.2222222222222223
Talen Horton-Tucker,LAL,SG,65,20.06153846153846,9.0,2.6,2.7846153846153845,0.9692307692307692,0.3230769230769231,0.5692307692307692,3.4461538461538463,7.523076923076923,1.5384615384615385,1.9846153846153847
Taurean Prince,2TM,PF,41,22.073170731707318,9.487804878048781,3.4634146341463414,1.853658536585366,0.6829268292682927,0.5609756097560976,1.5121951219512195,3.1951219512195124,7.975609756097561,1.5853658536585367,1.853658536585366
Terance Mann,LAC,SG,67,18.850746268656717,7.044776119402985,3.611940298507463,1.5522388059701493,0.43283582089552236,0.19402985074626866,0.5671641791044776,2.656716417910448,5.223880597014926,1.164179104477612,1.4029850746268657
Terence Davis,2TM,SG,61,17.60655737704918,8.737704918032787,2.5245901639344264,1.360655737704918,0.7213114754098361,0.22950819672131148,1.6065573770491803,3.19672131147541,7.475409836065574,0.7377049180327869,0.9016393442622951
Terrance Ferguson,PHI,SG,13,3.769230769230769,0.15384615384615385,0.07692307692307693,0.15384615384615385,0.07692307692307693,0.0,0.0,0.07692307692307693,0.5384615384615384,0.0,0.0
Terrence Ross,ORL,SG,46,29.282608695652176,15.58695652173913,3.4347826086956523,2.347826086956522,1.0217391304347827,0.45652173913043476,1.934782608695652,5.521739130434782,13.391304347826088,2.608695652173913,3.0
Terry Rozier,CHO,SG,69,34.53623188405797,20.391304347826086,4.3768115942028984,4.246376811594203,1.2608695652173914,0.37681159420289856,3.217391304347826,7.391304347826087,16.434782608695652,2.391304347826087,2.927536231884058
Thaddeus Young,CHI,PF,68,24.294117647058822,12.102941176470589,6.220588235294118,4.279411764705882,1.088235294117647,0.5882352941176471,0.17647058823529413,5.4411764705882355,9.735294117647058,1.0441176470588236,1.661764705882353
Thanasis Antetokounmpo,MIL,SF,57,9.666666666666666,2.912280701754386,2.175438596491228,0.8070175438596491,0.38596491228070173,0.17543859649122806,0.12280701754385964,1.1754385964912282,2.4035087719298245,0.43859649122807015,0.8596491228070176
Theo Pinson,NYK,SG,17,2.0,0.11764705882352941,0.29411764705882354,0.058823529411764705,0.0,0.0,0.0,0.058823529411764705,0.5294117647058824,0.0,0.0
Thomas Bryant,WAS,C,10,27.1,14.3,6.1,1.5,0.4,0.8,0.9,5.9,9.1,1.6,2.4
Thon Maker,CLE,C,8,9.5,3.75,2.25,0.5,0.25,0.5,0.0,1.25,2.25,1.25,1.375
Théo Maledon,OKC,PG,65,27.353846153846153,10.123076923076923,3.246153846153846,3.4923076923076923,0.8615384615384616,0.16923076923076924,1.6153846153846154,3.476923076923077,9.446153846153846,1.5538461538461539,2.076923076923077
Tim Frazier,MEM,PG,5,12.4,1.6,1.6,3.2,0.4,0.2,0.0,0.6,4.0,0.4,1.2
Tim Hardaway Jr.,DAL,SG,70,28.357142857142858,16.614285714285714,3.2714285714285714,1.8,0.44285714285714284,0.15714285714285714,2.9571428571428573,5.814285714285714,13.014285714285714,2.0285714285714285,2.4857142857142858
Timothé Luwawu-Cabarrot,BRK,SF,58,18.103448275862068,6.379310344827586,2.2241379310344827,1.1896551724137931,0.5689655172413793,0.10344827586206896,1.293103448275862,2.2413793103448274,6.137931034482759,0.603448275862069,0.7413793103448276
Tobias Harris,PHI,PF,62,32.483870967741936,19.516129032258064,6.758064516129032,3.5483870967741935,0.8870967741935484,0.8225806451612904,1.3225806451612903,7.629032258064516,14.903225806451612,2.935483870967742,3.2903225806451615
Tomáš Satoranský,CHI,SG,58,22.53448275862069,7.706896551724138,2.4482758620689653,4.672413793103448,0.6896551724137931,0.2413793103448276,0.7241379310344828,2.913793103448276,5.672413793103448,1.1551724137931034,1.3620689655172413
Tony Bradley,2TM,C,42,16.285714285714285,7.142857142857143,5.690476190476191,0.8809523809523809,0.35714285714285715,0.7142857142857143,0.0,3.119047619047619,4.690476190476191,0.9047619047619048,1.3095238095238095
Tony Snell,ATL,SG,47,21.106382978723403,5.297872340425532,2.382978723404255,1.2553191489361701,0.2765957446808511,0.23404255319148937,1.3191489361702127,1.872340425531915,3.6382978723404253,0.23404255319148937,0.23404255319148937
Torrey Craig,2TM,SF,50,16.06,5.48,3.94,0.98,0.56,0.52,0.78,2.18,4.54,0.34,0.44
Trae Young,ATL,PG,63,33.73015873015873,25.3015873015873,3.888888888888889,9.428571428571429,0.8412698412698413,0.19047619047619047,2.1587301587301586,7.73015873015873,17.650793650793652,7.682539682539683,8.666666666666666
Tre Jones,SAS,PG,37,7.27027027027027,2.5405405405405403,0.5675675675675675,1.054054054054054,0.21621621621621623,0.0,0.08108108108108109,1.0,2.108108108108108,0.4594594594594595,0.5135135135135135
Tremont Waters,BOS,PG,26,9.153846153846153,3.8076923076923075,0.8076923076923077,2.3846153846153846,0.5769230769230769,0.038461538461538464,0.5769230769230769,1.3076923076923077,3.230769230769231,0.6153846153846154,0.6538461538461539
Trent Forrest,UTA,PG,30,10.066666666666666,2.933333333333333,1.4666666666666666,1.5,0.3,0.13333333333333333,0.16666666666666666,1.0666666666666667,2.3666666666666667,0.6333333333333333,0.6333333333333333
Trevor Ariza,MIA,SF,30,28.033333333333335,9.4,4.8,1.8333333333333333,1.0333333333333334,0.6,1.6666666666666667,3.3,8.033333333333333,1.1333333333333333,1.4666666666666666
Trey Burke,DAL,PG,62,14.693548387096774,6.629032258064516,0.8709677419354839,1.3064516129032258,0.5806451612903226,0.11290322580645161,0.9354838709677419,2.435483870967742,5.693548387096774,0.8225806451612904,0.9193548387096774
Trey Lyles,SAS,PF,23,15.565217391304348,5.0,3.739130434782609,0.6086956521739131,0.2608695652173913,0.043478260869565216,0.6086956521739131,1.8695652173913044,3.9130434782608696,0.6521739130434783,1.0
Tristan Thompson,BOS,C,54,23.833333333333332,7.574074074074074,8.12962962962963,1.2407407407407407,0.4444444444444444,0.6111111111111112,0.0,3.1296296296296298,6.037037037037037,1.3148148148148149,2.2222222222222223
Troy Brown Jr.,2TM,SF,34,15.411764705882353,4.735294117647059,3.088235294117647,0.8529411764705882,0.29411764705882354,0.17647058823529413,0.6470588235294118,1.8235294117647058,4.235294117647059,0.4411764705882353,0.6176470588235294
Ty Jerome,OKC,SG,33,23.87878787878788,10.696969696969697,2.757575757575758,3.6363636363636362,0.6060606060606061,0.18181818181818182,2.1515151515151514,3.878787878787879,8.696969696969697,0.7878787878787878,1.0303030303030303
Ty-Shon Alexander,PHO,SG,15,3.1333333333333333,0.6,0.6666666666666666,0.4,0.0,0.06666666666666667,0.13333333333333333,0.2,0.8,0.06666666666666667,0.13333333333333333
Tyler Bey,DAL,SF,18,3.9444444444444446,1.0,1.0555555555555556,0.16666666666666666,0.0,0.05555555555555555,0.05555555555555555,0.3888888888888889,1.2222222222222223,0.16666666666666666,0.2777777777777778
Tyler Cook,2TM,SF,32,13.6875,4.875,2.96875,0.53125,0.25,0.0625,0.03125,2.15625,3.21875,0.53125,1.09375
Tyler Herro,MIA,SG,54,30.27777777777778,15.092592592592593,4.962962962962963,3.4074074074074074,0.6481481481481481,0.3148148148148148,1.9814814814814814,5.685185185185185,12.944444444444445,1.7407407407407407,2.1666666666666665
Tyler Johnson,BRK,SG,39,17.53846153846154,5.384615384615385,1.9743589743589745,1.205128205128205,0.358974358974359,0.0,1.2307692307692308,1.8461538461538463,4.6923076923076925,0.46153846153846156,0.5384615384615384
Tyrell Terry,DAL,PG,11,5.090909090909091,1.0,0.5454545454545454,0.5454545454545454,0.45454545454545453,0.0,0.0,0.45454545454545453,1.4545454545454546,0.09090909090909091,0.2727272727272727
Tyrese Haliburton,SAC,PG,58,30.103448275862068,12.982758620689655,2.9827586206896552,5.327586206896552,1.3275862068965518,0.4827586206896552,2.086206896551724,5.0344827586206895,10.672413793103448,0.8275862068965517,0.9655172413793104
Tyrese Maxey,PHI,SG,61,15.327868852459016,8.0,1.7049180327868851,1.9672131147540983,0.4262295081967213,0.21311475409836064,0.5081967213114754,3.2459016393442623,7.032786885245901,1.0,1.1475409836065573
Tyus Jones,MEM,PG,70,17.457142857142856,6.314285714285714,2.0,3.7,0.9142857142857143,0.08571428571428572,0.6428571428571429,2.5428571428571427,5.9,0.5857142857142857,0.6428571428571429
Udoka Azubuike,UTA,C,15,3.8,1.0666666666666667,0.8666666666666667,0.0,0.06666666666666667,0.26666666666666666,0.0,0.26666666666666666,0.6,0.5333333333333333,0.6666666666666666
Udonis Haslem,MIA,C,1,3.0,4.0,1.0,0.0,0.0,0.0,0.0,2.0,2.0,0.0,0.0
Vernon Carey Jr.,CHO,C,19,6.052631578947368,2.4210526315789473,1.4210526315789473,0.10526315789473684,0.05263157894736842,0.2631578947368421,0.05263157894736842,0.9473684210526315,1.894736842105263,0.47368421052631576,0.5789473684210527
Victor Oladipo,3TM,SG,33,32.72727272727273,19.757575757575758,4.848484848484849,4.575757575757576,1.393939393939394,0.42424242424242425,2.3636363636363638,7.121212121212121,17.454545454545453,3.1515151515151514,4.181818181818182
Vincent Poirier,PHI,C,10,3.9,0.8,1.4,0.2,0.0,0.3,0.0,0.3,1.2,0.2,0.6
Vlatko Čančar,DEN,PF,41,6.853658536585366,2.073170731707317,1.2195121951219512,0.34146341463414637,0.2682926829268293,0.04878048780487805,0.21951219512195122,0.8048780487804879,1.7560975609756098,0.24390243902439024,0.3170731707317073
Wayne Ellington,DET,SG,46,22.0,9.608695652173912,1.8478260869565217,1.4565217391304348,0.391304347826087,0.1956521739130435,2.5217391304347827,3.239130434782609,7.3478260869565215,0.6086956521739131,0.7608695652173914
Wendell Carter Jr.,2TM,C,54,25.462962962962962,11.222222222222221,8.203703703703704,1.9259259259259258,0.6481481481481481,0.7777777777777778,0.2777777777777778,4.2592592592592595,8.462962962962964,2.425925925925926,3.314814814814815
Wenyen Gabriel,NOP,PF,21,11.476190476190476,3.4285714285714284,2.5714285714285716,0.5238095238095238,0.42857142857142855,0.38095238095238093,0.6190476190476191,1.1428571428571428,2.857142857142857,0.5238095238095238,0.8095238095238095
Wes Iwundu,2TM,SF,41,13.146341463414634,2.4146341463414633,2.1951219512195124,0.43902439024390244,0.36585365853658536,0.0975609756097561,0.12195121951219512,0.8292682926829268,2.4878048780487805,0.6341463414634146,0.7560975609756098
Wesley Matthews,LAL,SG,58,19.482758620689655,4.810344827586207,1.603448275862069,0.9310344827586207,0.6551724137931034,0.29310344827586204,1.1379310344827587,1.5344827586206897,4.344827586206897,0.603448275862069,0.7068965517241379
Will Barton,DEN,SF,56,31.0,12.696428571428571,4.035714285714286,3.232142857142857,0.8928571428571429,0.4107142857142857,1.75,4.625,10.857142857142858,1.6964285714285714,2.1607142857142856
Will Magnay,NOP,C,1,3.0,0.0,0.0,0.0,0.0,0.0,0.0,0.0,1.0,0.0,0.0
Willie Cauley-Stein,DAL,C,53,17.09433962264151,5.283018867924528,4.452830188679245,0.660377358490566,0.39622641509433965,0.8113207547169812,0.018867924528301886,2.169811320754717,3.4339622641509435,0.9245283018867925,1.471698113207547
Willy Hernangómez,NOP,C,47,18.0,7.76595744680851,7.1063829787234045,1.0638297872340425,0.46808510638297873,0.48936170212765956,0.02127659574468085,3.2127659574468086,5.702127659574468,1.3191489361702127,1.9787234042553192
Xavier Tillman Sr.,MEM,PF,59,18.389830508474578,6.610169491525424,4.338983050847458,1.271186440677966,0.7457627118644068,0.559322033898305,0.3728813559322034,2.830508474576271,5.067796610169491,0.576271186440678,0.8983050847457628
Yogi Ferrell,2TM,PG,10,13.6,5.6,1.9,2.2,0.7,0.3,0.9,2.0,5.7,0.7,0.9
Yuta Watanabe,TOR,SF,50,14.46,4.36,3.18,0.8,0.52,0.38,0.72,1.58,3.6,0.48,0.58
Zach LaVine,CHI,SG,58,35.06896551724138,27.43103448275862,4.982758620689655,4.862068965517241,0.7931034482758621,0.46551724137931033,3.4482758620689653,9.810344827586206,19.362068965517242,4.362068965517241,5.137931034482759
Zeke Nnaji,DEN,PF,42,9.452380952380953,3.238095238095238,1.5476190476190477,0.23809523809523808,0.19047619047619047,0.09523809523809523,0.5714285714285714,1.1904761904761905,2.4761904761904763,0.2857142857142857,0.35714285714285715
Zion Williamson,NOP,PF,61,33.21311475409836,27.0,7.229508196721311,3.7049180327868854,0.9344262295081968,0.639344262295082,0.16393442622950818,10.39344262295082,17.0,6.049180327868853,8.672131147540984
