player,nba_team,positions,games,minutes_pg,pts_pg,reb_pg,ast_pg,stl_pg,blk_pg,fg3m_pg,fgm_pg,fga_pg,ftm_pg,fta_pg
A.J. Green,MIL,SG,56,10.964285714285714,4.5,1.1428571428571428,0.5357142857142857,0.16071428571428573,0.07142857142857142,1.2321428571428572,1.4821428571428572,3.5,0.30357142857142855,0.3392857142857143
A.J. Lawson,DAL,SG,42,7.404761904761905,3.238095238095238,1.1904761904761905,0.47619047619047616,0.23809523809523808,0.07142857142857142,0.30952380952380953,1.2857142857142858,2.880952380952381,0.35714285714285715,0.5476190476190477
AJ Griffin,ATL,SF,20,8.55,2.4,0.9,0.25,0.05,0.1,0.5,0.9,3.1,0.1,0.1
Aaron Gordon,DEN,PF,73,31.465753424657535,13.876712328767123,6.4520547945205475,3.547945205479452,0.7671232876712328,0.6164383561643836,0.547945205479452,5.4520547945205475,9.808219178082192,2.4246575342465753,3.684931506849315
Aaron Holiday,HOU,PG,78,16.26923076923077,6.589743589743589,1.5769230769230769,1.794871794871795,0.5384615384615384,0.07692307692307693,1.0769230769230769,2.3846153846153846,5.346153846153846,0.7435897435897436,0.8076923076923077
Aaron Nesmith,IND,SF,72,27.708333333333332,12.180555555555555,3.8194444444444446,1.5,0.9027777777777778,0.6805555555555556,1.9444444444444444,4.375,8.819444444444445,1.4861111111111112,1.9027777777777777
Aaron Wiggins,OKC,SG,78,15.743589743589743,6.948717948717949,2.3846153846153846,1.1025641025641026,0.717948717948718,0.24358974358974358,0.7948717948717948,2.717948717948718,4.833333333333333,0.717948717948718,0.9102564102564102
Adam Flagler,OKC,SG,2,7.0,1.5,0.0,2.0,0.0,0.0,0.5,0.5,3.5,0.0,0.0
Adama Sanogo,CHI,PF,9,7.333333333333333,4.0,4.0,0.0,0.1111111111111111,0.0,0.0,1.5555555555555556,3.0,0.8888888888888888,1.3333333333333333
Admiral Schofield,ORL,PF,23,3.652173913043478,1.1304347826086956,0.7391304347826086,0.30434782608695654,0.043478260869565216,0.0,0.2608695652173913,0.43478260869565216,1.1304347826086956,0.0,0.08695652173913043
Al Horford,BOS,C,65,26.76923076923077,8.646153846153846,6.3538461538461535,2.5846153846153848,0.5846153846153846,0.9538461538461539,1.6615384615384616,3.292307692307692,6.446153846153846,0.4,0.46153846153846156
Alec Burks,2TM,SG,66,18.363636363636363,10.43939393939394,2.272727272727273,1.3333333333333333,0.42424242424242425,0.18181818181818182,1.878787878787879,3.1818181818181817,8.621212121212121,2.196969696969697,2.5303030303030303
Aleksej Pokusevski,2TM,PF,28,14.464285714285714,5.214285714285714,3.1785714285714284,1.25,0.5357142857142857,0.4642857142857143,0.6428571428571429,1.75,4.321428571428571,1.0714285714285714,1.4642857142857142
Alex Caruso,CHI,SG,71,28.732394366197184,10.070422535211268,3.8450704225352115,3.4788732394366195,1.6901408450704225,0.9859154929577465,1.9154929577464788,3.563380281690141,7.619718309859155,1.028169014084507,1.352112676056338
Alex Fudge,2TM,SF,6,6.666666666666667,2.5,0.8333333333333334,0.0,0.5,0.0,0.16666666666666666,1.0,2.5,0.3333333333333333,0.3333333333333333
Alex Len,SAC,C,48,9.25,2.5,2.6666666666666665,1.0416666666666667,0.22916666666666666,0.6875,0.0,1.0416666666666667,1.6875,0.4166666666666667,0.7083333333333334
Alondes Williams,MIA,SG,7,2.2857142857142856,0.7142857142857143,0.14285714285714285,0.0,0.0,0.14285714285714285,0.0,0.2857142857142857,1.1428571428571428,0.14285714285714285,0.14285714285714285
Alperen Şengün,HOU,C,63,32.476190476190474,21.126984126984127,9.34920634920635,4.9523809523809526,1.2063492063492063,0.7301587301587301,0.5238095238095238,8.365079365079366,15.587301587301587,3.873015873015873,5.587301587301587
Amari Bailey,CHO,PG,10,6.5,2.3,0.9,0.7,0.3,0.0,0.1,0.8,2.4,0.6,0.7
Amen Thompson,HOU,SF,62,22.387096774193548,9.548387096774194,6.596774193548387,2.629032258064516,1.2580645161290323,0.6129032258064516,0.12903225806451613,3.8548387096774195,7.193548387096774,1.7096774193548387,2.5
Amir Coffey,LAC,SF,70,20.857142857142858,6.614285714285714,2.1142857142857143,1.0857142857142856,0.5857142857142857,0.2,1.0,2.3714285714285714,5.0285714285714285,0.8714285714285714,1.0142857142857142
Andre Drummond,CHI,C,79,17.10126582278481,8.39240506329114,8.962025316455696,0.46835443037974683,0.9240506329113924,0.6075949367088608,0.0,3.3797468354430378,6.075949367088608,1.6329113924050633,2.759493670886076
Andre Jackson Jr.,MIL,SG,57,10.035087719298245,2.192982456140351,1.9824561403508771,0.8771929824561403,0.2807017543859649,0.10526315789473684,0.2982456140350877,0.8771929824561403,1.7543859649122806,0.14035087719298245,0.19298245614035087
Andrew Funk,CHI,SG,5,2.6,0.0,0.0,0.0,0.2,0.2,0.0,0.0,0.8,0.0,0.0
Andrew Nembhard,IND,PG,68,24.955882352941178,9.205882352941176,2.073529411764706,4.117647058823529,0.9264705882352942,0.08823529411764706,0.8970588235294118,3.823529411764706,7.676470588235294,0.6617647058823529,0.8235294117647058
Andrew Wiggins,GSW,SF,71,27.04225352112676,13.225352112676056,4.52112676056338,1.676056338028169,0.5915492957746479,0.5774647887323944,1.2816901408450705,4.971830985915493,10.985915492957746,2.0,2.6619718309859155
Anfernee Simons,POR,SG,46,34.391304347826086,22.58695652173913,3.630434782608696,5.543478260869565,0.5,0.10869565217391304,3.391304347826087,7.826086956521739,18.195652173913043,3.5434782608695654,3.869565217391304
Anthony Black,ORL,PG,69,16.869565217391305,4.579710144927536,2.0144927536231885,1.318840579710145,0.5072463768115942,0.30434782608695654,0.5362318840579711,1.6666666666666667,3.579710144927536,0.7101449275362319,1.1594202898550725
Anthony Davis,LAL,C,76,35.526315789473685,24.68421052631579,12.644736842105264,3.5,1.1973684210526316,2.3421052631578947,0.3815789473684211,9.381578947368421,16.88157894736842,5.5394736842105265,6.7894736842105265
Anthony Edwards,MIN,SG,79,35.063291139240505,25.936708860759495,5.443037974683544,5.1265822784810124,1.2784810126582278,0.5316455696202531,2.4050632911392404,9.08860759493671,19.72151898734177,5.3544303797468356,6.405063291139241
Anthony Gill,WAS,PF,50,9.32,3.78,1.88,0.68,0.26,0.22,0.2,1.5,3.2,0.58,0.72
Armoni Brooks,BRK,PG,10,10.4,4.2,1.8,0.5,0.1,0.1,1.1,1.5,4.6,0.1,0.2
Ashton Hagans,POR,PG,19,16.63157894736842,4.2105263157894735,2.3684210526315788,2.8421052631578947,0.5789473684210527,0.47368421052631576,0.42105263157894735,1.5263157894736843,3.736842105263158,0.7368421052631579,0.8947368421052632
Ausar Thompson,DET,SF,63,25.126984126984127,8.825396825396826,6.380952380952381,1.9047619047619047,1.0793650793650793,0.9365079365079365,0.3333333333333333,3.6825396825396823,7.619047619047619,1.126984126984127,1.8888888888888888
Austin Reaves,LAL,SG,82,32.0609756097561,15.853658536585366,4.2926829268292686,5.487804878048781,0.8048780487804879,0.3048780487804878,1.8780487804878048,5.573170731707317,11.463414634146341,2.8292682926829267,3.317073170731707
Ayo Dosunmu,CHI,SG,76,29.105263157894736,12.157894736842104,2.8421052631578947,3.1842105263157894,0.8947368421052632,0.47368421052631576,1.5657894736842106,4.7368421052631575,9.460526315789474,1.118421052631579,1.381578947368421
Bam Adebayo,MIA,C,71,34.028169014084504,19.253521126760564,10.380281690140846,3.915492957746479,1.1408450704225352,0.9295774647887324,0.2112676056338028,7.464788732394366,14.32394366197183,4.112676056338028,5.450704225352113
Ben Sheppard,IND,SG,57,14.280701754385966,4.421052631578948,1.5614035087719298,0.9298245614035088,0.5789473684210527,0.03508771929824561,0.8596491228070176,1.5789473684210527,4.017543859649122,0.40350877192982454,0.45614035087719296
Ben Simmons,BRK,PG,15,23.933333333333334,6.133333333333334,7.933333333333334,5.733333333333333,0.8,0.6,0.0,2.8666666666666667,4.933333333333334,0.4,1.0
Bennedict Mathurin,IND,SF,59,26.06779661016949,14.508474576271187,3.9661016949152543,2.016949152542373,0.5932203389830508,0.23728813559322035,1.3559322033898304,5.016949152542373,11.23728813559322,3.1186440677966103,3.7966101694915255
Bilal Coulibaly,WAS,SF,63,27.22222222222222,8.444444444444445,4.063492063492063,1.746031746031746,0.9047619047619048,0.7619047619047619,1.0158730158730158,2.984126984126984,6.857142857142857,1.4603174603174602,2.0793650793650795
Bismack Biyombo,2TM,C,40,19.775,4.35,5.225,1.325,0.275,0.925,0.0,1.85,3.275,0.65,1.35
Blake Wesley,SAS,SG,61,14.360655737704919,4.39344262295082,1.540983606557377,2.721311475409836,0.47540983606557374,0.14754098360655737,0.19672131147540983,1.6721311475409837,3.5245901639344264,0.8524590163934426,1.278688524590164
Boban Marjanović,HOU,C,14,5.071428571428571,3.2142857142857144,2.2857142857142856,0.42857142857142855,0.07142857142857142,0.14285714285714285,0.0,1.2857142857142858,2.4285714285714284,0.6428571428571429,1.0
Bobby Portis,MIL,PF,82,24.48780487804878,13.78048780487805,7.402439024390244,1.2682926829268293,0.8292682926829268,0.4146341463414634,1.2195121951219512,5.682926829268292,11.195121951219512,1.1951219512195121,1.5121951219512195
Bogdan Bogdanović,ATL,SG,79,30.39240506329114,16.873417721518987,3.4430379746835444,3.1265822784810124,1.2151898734177216,0.3291139240506329,3.037974683544304,5.962025316455696,13.924050632911392,1.9113924050632911,2.0759493670886076
Bojan Bogdanović,2TM,PF,57,25.92982456140351,15.228070175438596,2.6666666666666665,1.7017543859649122,0.5263157894736842,0.08771929824561403,2.3333333333333335,5.421052631578948,11.947368421052632,2.0526315789473686,2.6140350877192984
Bol Bol,PHO,PF,43,10.906976744186046,5.186046511627907,3.186046511627907,0.3953488372093023,0.23255813953488372,0.5813953488372093,0.5116279069767442,2.1627906976744184,3.511627906976744,0.3488372093023256,0.4418604651162791
Bones Hyland,LAC,PG,37,14.594594594594595,6.918918918918919,1.4864864864864864,2.5135135135135136,0.7027027027027027,0.10810810810810811,1.1891891891891893,2.6216216216216215,6.783783783783784,0.4864864864864865,0.6216216216216216
Bradley Beal,PHO,SG,53,33.339622641509436,18.18867924528302,4.377358490566038,5.0,0.9811320754716981,0.5094339622641509,1.9056603773584906,7.113207547169812,13.867924528301886,2.056603773584906,2.5283018867924527
Brandin Podziemski,GSW,SG,74,26.594594594594593,9.216216216216216,5.77027027027027,3.689189189189189,0.8243243243243243,0.1891891891891892,1.2162162162162162,3.6621621621621623,8.067567567567568,0.6756756756756757,1.0675675675675675
Brandon Boston Jr.,LAC,SF,32,10.78125,5.21875,1.625,0.40625,0.34375,0.25,0.4375,2.03125,5.03125,0.71875,1.03125
Brandon Clarke,MEM,PF,6,22.333333333333332,11.333333333333334,5.333333333333333,1.5,0.8333333333333334,1.0,0.16666666666666666,5.5,9.833333333333334,0.16666666666666666,1.1666666666666667
Brandon Ingram,NOP,SF,64,32.859375,20.8125,5.0625,5.671875,0.78125,0.625,1.34375,7.8125,15.890625,3.84375,4.796875
Brandon Miller,CHO,SF,74,32.2027027027027,17.283783783783782,4.256756756756757,2.364864864864865,0.8918918918918919,0.5675675675675675,2.4864864864864864,6.4324324324324325,14.635135135135135,1.9324324324324325,2.3378378378378377
Brandon Williams,DAL,PG,17,6.647058823529412,3.176470588235294,0.7647058823529411,1.0,0.058823529411764705,0.058823529411764705,0.17647058823529413,1.1764705882352942,3.176470588235294,0.6470588235294118,1.0
Braxton Key,DEN,SF,20,3.0,1.1,0.9,0.45,0.1,0.05,0.1,0.35,0.85,0.3,0.4
Brice Sensabaugh,UTA,SF,32,18.25,7.53125,3.1875,1.71875,0.40625,0.1875,1.0625,2.65625,6.8125,1.15625,1.28125
Brook Lopez,MIL,C,79,30.518987341772153,12.531645569620252,5.177215189873418,1.6075949367088607,0.5443037974683544,2.392405063291139,1.8734177215189873,4.632911392405063,9.556962025316455,1.3924050632911393,1.6962025316455696
Bruce Brown,2TM,SG,67,27.850746268656717,10.835820895522389,4.2388059701492535,2.8656716417910446,0.8805970149253731,0.2537313432835821,0.7910447761194029,4.149253731343284,8.686567164179104,1.7462686567164178,2.1194029850746268
Bruno Fernando,ATL,C,45,15.155555555555555,6.266666666666667,4.288888888888889,1.0222222222222221,0.5555555555555556,0.6222222222222222,0.0,2.422222222222222,4.155555555555556,1.4222222222222223,2.1333333333333333
Bryce McGowens,CHO,SG,59,14.94915254237288,5.11864406779661,1.728813559322034,0.864406779661017,0.3559322033898305,0.1694915254237288,0.576271186440678,1.7118644067796611,3.8983050847457625,1.11864406779661,1.4406779661016949
Buddy Boeheim,DET,SF,10,8.4,3.4,1.0,0.3,0.0,0.1,0.8,0.9,2.9,0.8,1.0
Buddy Hield,2TM,SF,84,25.714285714285715,12.05952380952381,3.2023809523809526,2.8095238095238093,0.8333333333333334,0.5,2.607142857142857,4.416666666666667,10.119047619047619,0.6190476190476191,0.7023809523809523
CJ McCollum,NOP,PG,66,32.71212121212121,20.03030303030303,4.333333333333333,4.621212121212121,0.9393939393939394,0.6212121212121212,3.621212121212121,7.333333333333333,15.984848484848484,1.7424242424242424,2.106060606060606
Cade Cunningham,DET,PG,62,33.45161290322581,22.661290322580644,4.32258064516129,7.483870967741935,0.9032258064516129,0.3548387096774194,1.9193548387096775,8.451612903225806,18.822580645161292,3.838709677419355,4.419354838709677
Caleb Houstan,ORL,SF,59,13.813559322033898,4.288135593220339,1.423728813559322,0.4915254237288136,0.2542372881355932,0.06779661016949153,1.2203389830508475,1.3559322033898304,3.4915254237288136,0.3559322033898305,0.4406779661016949
Caleb Martin,MIA,SF,64,27.4375,10.0,4.390625,2.234375,0.734375,0.453125,1.265625,3.765625,8.734375,1.203125,1.546875
Cam Reddish,LAL,SF,48,20.5,5.416666666666667,2.0625,1.0,0.9791666666666666,0.2916666666666667,0.7708333333333334,1.8958333333333333,4.875,0.8541666666666666,1.125
Cam Thomas,BRK,SG,66,31.439393939393938,22.454545454545453,3.242424242424242,2.909090909090909,0.6818181818181818,0.24242424242424243,2.1818181818181817,7.96969696969697,18.03030303030303,4.333333333333333,5.0606060606060606
Cam Whitmore,HOU,SF,47,18.72340425531915,12.319148936170214,3.8297872340425534,0.7021276595744681,0.6382978723404256,0.3617021276595745,1.6808510638297873,4.51063829787234,9.936170212765957,1.6170212765957446,2.382978723404255
Cameron Johnson,BRK,PF,58,27.56896551724138,13.379310344827585,4.327586206896552,2.3793103448275863,0.8448275862068966,0.25862068965517243,2.3793103448275863,4.758620689655173,10.672413793103448,1.4827586206896552,1.8793103448275863
Cameron Payne,2TM,PG,78,16.71794871794872,7.410256410256411,1.5,2.628205128205128,0.5384615384615384,0.14102564102564102,1.3333333333333333,2.6666666666666665,6.166666666666667,0.7435897435897436,0.8589743589743589
Caris LeVert,CLE,SG,68,28.794117647058822,14.0,4.117647058823529,5.088235294117647,1.1176470588235294,0.5,1.588235294117647,5.073529411764706,12.058823529411764,2.264705882352941,2.9558823529411766
Cason Wallace,OKC,SG,82,20.634146341463413,6.841463414634147,2.2804878048780486,1.4634146341463414,0.926829268292683,0.45121951219512196,1.1951219512195121,2.6463414634146343,5.390243902439025,0.35365853658536583,0.45121951219512196
Cedi Osman,SAS,SF,72,17.625,6.791666666666667,2.5,1.6527777777777777,0.5,0.1527777777777778,1.1944444444444444,2.5555555555555554,5.333333333333333,0.4861111111111111,0.7222222222222222
Charles Bassey,SAS,C,19,10.789473684210526,3.3157894736842106,4.0,1.105263157894737,0.42105263157894735,0.8947368421052632,0.0,1.5263157894736843,2.1052631578947367,0.2631578947368421,0.3157894736842105
Charlie Brown Jr.,NYK,SG,8,4.625,0.75,0.25,0.0,0.0,0.25,0.25,0.25,1.25,0.0,0.0
Chet Holmgren,OKC,C,82,29.426829268292682,16.548780487804876,7.902439024390244,2.4390243902439024,0.6463414634146342,2.317073170731707,1.5731707317073171,6.158536585365853,11.621951219512194,2.658536585365854,3.3536585365853657
Chimezie Metu,2TM,C,51,16.84313725490196,6.509803921568627,3.803921568627451,0.9019607843137255,0.8431372549019608,0.3137254901960784,0.5490196078431373,2.411764705882353,4.784313725490196,1.1372549019607843,1.2549019607843137
Chris Boucher,TOR,PF,50,14.1,6.44,4.14,0.46,0.28,0.48,0.62,2.2,4.34,1.42,1.84
Chris Duarte,SAC,SF,59,12.186440677966102,3.8983050847457625,1.7966101694915255,0.7457627118644068,0.4745762711864407,0.13559322033898305,0.7457627118644068,1.3559322033898304,3.559322033898305,0.4406779661016949,0.559322033898305
Chris Livingston,MIL,SF,21,4.285714285714286,1.2380952380952381,1.0,0.23809523809523808,0.09523809523809523,0.0,0.047619047619047616,0.5238095238095238,1.0476190476190477,0.14285714285714285,0.19047619047619047
Chris Paul,GSW,PG,58,26.396551724137932,9.189655172413794,3.8793103448275863,6.775862068965517,1.206896551724138,0.10344827586206896,1.3448275862068966,3.5517241379310347,8.051724137931034,0.7413793103448276,0.896551724137931
Christian Braun,DEN,SG,82,20.182926829268293,7.317073170731708,3.731707317073171,1.6097560975609757,0.5121951219512195,0.4268292682926829,0.7682926829268293,2.707317073170732,5.890243902439025,1.1341463414634145,1.6341463414634145
Christian Wood,LAL,PF,50,17.44,6.94,5.08,0.98,0.32,0.66,0.7,2.46,5.28,1.32,1.88
Chuma Okeke,ORL,SF,47,9.191489361702128,2.276595744680851,1.702127659574468,0.425531914893617,0.19148936170212766,0.14893617021276595,0.48936170212765956,0.851063829787234,2.382978723404255,0.0851063829787234,0.14893617021276595
Clint Capela,ATL,C,73,25.794520547945204,11.452054794520548,10.63013698630137,1.2465753424657535,0.589041095890411,1.452054794520548,0.0,4.835616438356165,8.465753424657533,1.7808219178082192,2.8219178082191783
Coby White,CHI,PG,79,36.46835443037975,19.10126582278481,4.531645569620253,5.1265822784810124,0.6708860759493671,0.22784810126582278,2.6455696202531644,6.848101265822785,15.30379746835443,2.759493670886076,3.2911392405063293
Cody Martin,CHO,SF,28,26.892857142857142,7.535714285714286,3.892857142857143,3.7142857142857144,1.1428571428571428,0.6428571428571429,0.9642857142857143,2.9285714285714284,7.678571428571429,0.7142857142857143,1.1785714285714286
Cody Zeller,NOP,C,43,7.441860465116279,1.7674418604651163,2.604651162790698,0.9069767441860465,0.20930232558139536,0.11627906976744186,0.023255813953488372,0.6046511627906976,1.441860465116279,0.5348837209302325,0.8837209302325582
Colby Jones,SAC,SG,30,6.4,2.1333333333333333,1.3333333333333333,0.6666666666666666,0.23333333333333334,0.16666666666666666,0.06666666666666667,0.9333333333333333,2.3666666666666667,0.2,0.36666666666666664
Cole Anthony,ORL,PG,81,22.432098765432098,11.567901234567902,3.8395061728395063,2.9135802469135803,0.7901234567901234,0.4567901234567901,1.1481481481481481,4.098765432098766,9.419753086419753,2.2222222222222223,2.691358024691358
Cole Swider,MIA,SF,18,4.833333333333333,2.3333333333333335,0.3888888888888889,0.2777777777777778,0.05555555555555555,0.05555555555555555,0.5555555555555556,0.8333333333333334,2.111111111111111,0.1111111111111111,0.1111111111111111
Colin Castleton,LAL,C,16,3.6875,1.5,0.75,0.1875,0.125,0.0,0.0,0.5625,1.0,0.375,0.375
Collin Gillespie,DEN,PG,24,9.375,3.625,0.875,1.125,0.5416666666666666,0.0,0.625,1.3333333333333333,2.875,0.3333333333333333,0.5
Collin Sexton,UTA,SG,78,26.602564102564102,18.692307692307693,2.628205128205128,4.910256410256411,0.7948717948717948,0.23076923076923078,1.641025641025641,6.487179487179487,13.307692307692308,4.076923076923077,4.743589743589744
Corey Kispert,WAS,SF,80,25.8375,13.375,2.8125,1.95,0.5125,0.2,2.3,4.825,9.925,1.425,1.9625
Cory Joseph,GSW,PG,26,11.384615384615385,2.423076923076923,1.1538461538461537,1.6153846153846154,0.15384615384615385,0.11538461538461539,0.5,0.8846153846153846,2.4615384615384617,0.15384615384615385,0.2692307692307692
Craig Porter Jr.,CLE,PG,51,12.72549019607843,5.588235294117647,2.1372549019607843,2.3137254901960786,0.4117647058823529,0.29411764705882354,0.23529411764705882,2.2745098039215685,4.470588235294118,0.803921568627451,1.0980392156862746
D'Angelo Russell,LAL,PG,76,32.68421052631579,18.013157894736842,3.1052631578947367,6.342105263157895,0.9078947368421053,0.47368421052631576,2.973684210526316,6.473684210526316,14.210526315789474,2.0921052631578947,2.526315789473684
D'Moi Hodge,LAL,SG,7,5.857142857142857,2.0,0.0,0.7142857142857143,0.14285714285714285,0.14285714285714285,0.42857142857142855,0.7142857142857143,2.142857142857143,0.14285714285714285,0.2857142857142857
D.J. Carton,TOR,SG,4,9.0,2.75,1.0,0.75,0.25,0.0,0.25,0.75,2.0,1.0,1.25
D.J. Wilson,PHI,PF,2,7.5,5.0,1.0,1.0,0.0,1.0,1.0,2.0,3.0,0.0,0.0
DaQuan Jeffries,NYK,SG,17,2.7058823529411766,0.8235294117647058,0.29411764705882354,0.29411764705882354,0.0,0.058823529411764705,0.11764705882352941,0.35294117647058826,1.0,0.0,0.11764705882352941
Daishen Nix,MIN,PG,15,3.3333333333333335,1.8,0.2,0.4,0.3333333333333333,0.0,0.4,0.6,1.6,0.2,0.4
Dalano Banton,2TM,PG,54,19.38888888888889,10.314814814814815,3.2962962962962963,2.3518518518518516,0.6111111111111112,0.37037037037037035,1.0925925925925926,3.740740740740741,9.25925925925926,1.7407407407407407,2.2222222222222223
Dalen Terry,CHI,SG,59,11.542372881355933,3.0508474576271185,1.9152542372881356,1.3728813559322033,0.4576271186440678,0.3050847457627119,0.288135593220339,1.1694915254237288,2.6610169491525424,0.423728813559322,0.7288135593220338
Damian Jones,CLE,C,39,6.923076923076923,2.7435897435897436,1.5897435897435896,0.38461538461538464,0.1794871794871795,0.3333333333333333,0.07692307692307693,1.1025641025641026,1.8461538461538463,0.46153846153846156,0.5384615384615384
Damian Lillard,MIL,PG,73,35.32876712328767,24.315068493150687,4.383561643835616,6.958904109589041,0.9863013698630136,0.2465753424657534,3.0136986301369864,7.410958904109589,17.493150684931507,6.47945205479452,7.041095890410959
Daniel Gafford,2TM,C,74,24.527027027027028,11.0,7.594594594594595,1.554054054054054,0.8783783783783784,2.0675675675675675,0.0,4.702702702702703,6.486486486486487,1.5945945945945945,2.364864864864865
Daniel Theis,2TM,C,60,16.916666666666668,6.266666666666667,4.066666666666666,1.0166666666666666,0.35,0.85,0.43333333333333335,2.6,4.883333333333334,0.6333333333333333,0.8333333333333334
Danilo Gallinari,3TM,SF,49,12.857142857142858,5.714285714285714,2.204081632653061,1.1224489795918366,0.2857142857142857,0.12244897959183673,0.6122448979591837,1.6938775510204083,3.877551020408163,1.7142857142857142,2.0
Danny Green,PHI,SG,2,9.0,0.0,1.0,0.5,0.5,0.0,0.0,0.0,1.0,0.0,0.0
Danté Exum,DAL,PG,55,19.78181818181818,7.781818181818182,2.709090909090909,2.8545454545454545,0.4,0.09090909090909091,0.9636363636363636,2.9272727272727272,5.490909090909091,0.9636363636363636,1.2363636363636363
Danuel House Jr.,PHI,SF,34,14.970588235294118,4.235294117647059,1.7058823529411764,0.8235294117647058,0.4411764705882353,0.14705882352941177,0.4411764705882353,1.3823529411764706,3.088235294117647,1.0294117647058822,1.3529411764705883
Dario Šarić,GSW,C,64,17.15625,8.046875,4.421875,2.25,0.484375,0.15625,1.15625,2.828125,6.0625,1.234375,1.453125
Dariq Whitehead,BRK,SF,2,12.0,1.5,2.0,1.5,0.0,0.5,0.0,0.5,2.5,0.5,1.0
Darius Bazley,2TM,PF,9,16.88888888888889,5.333333333333333,3.111111111111111,0.7777777777777778,0.6666666666666666,0.7777777777777778,0.2222222222222222,2.0,3.3333333333333335,1.1111111111111112,1.3333333333333333
Darius Garland,CLE,PG,57,33.35087719298246,18.035087719298247,2.6666666666666665,6.543859649122807,1.2982456140350878,0.12280701754385964,2.3157894736842106,6.578947368421052,14.75438596491228,2.56140350877193,3.0701754385964914
David Duke Jr.,SAS,SG,4,12.75,6.5,2.5,1.25,0.5,0.0,0.75,2.5,4.5,0.75,0.75
David Roddy,2TM,PF,65,18.107692307692307,6.538461538461538,3.246153846153846,1.2307692307692308,0.4153846153846154,0.16923076923076924,0.7384615384615385,2.5384615384615383,6.292307692307692,0.7230769230769231,1.0461538461538462
Davion Mitchell,SAC,PG,72,15.291666666666666,5.263888888888889,1.3194444444444444,1.8611111111111112,0.2361111111111111,0.041666666666666664,0.7916666666666666,2.0277777777777777,4.486111111111111,0.4166666666666667,0.5833333333333334
Day'Ron Sharpe,BRK,C,61,15.098360655737705,6.80327868852459,6.377049180327869,1.3934426229508197,0.39344262295081966,0.7213114754098361,0.06557377049180328,2.7540983606557377,4.819672131147541,1.2295081967213115,2.0163934426229506
De'Aaron Fox,SAC,PG,74,35.932432432432435,26.56756756756757,4.594594594594595,5.648648648648648,2.027027027027027,0.4189189189189189,2.891891891891892,9.72972972972973,20.93243243243243,4.216216216216216,5.716216216216216
De'Andre Hunter,ATL,SF,57,29.49122807017544,15.631578947368421,3.8947368421052633,1.5263157894736843,0.7017543859649122,0.2807017543859649,2.0526315789473686,5.333333333333333,11.631578947368421,2.912280701754386,3.43859649122807
De'Anthony Melton,PHI,SG,38,26.92105263157895,11.078947368421053,3.710526315789474,3.0,1.5789473684210527,0.42105263157894735,2.026315789473684,3.6578947368421053,9.473684210526315,1.736842105263158,2.0789473684210527
DeAndre Jordan,DEN,C,36,11.0,3.9444444444444446,4.361111111111111,0.7222222222222222,0.16666666666666666,0.4444444444444444,0.0,1.6111111111111112,2.5833333333333335,0.7222222222222222,1.4722222222222223
DeJon Jarreau,MEM,SG,9,16.666666666666668,4.777777777777778,4.888888888888889,2.888888888888889,0.6666666666666666,0.2222222222222222,0.4444444444444444,1.8888888888888888,5.555555555555555,0.5555555555555556,1.2222222222222223
DeMar DeRozan,CHI,SF,79,37.835443037974684,24.0126582278481,4.30379746835443,5.329113924050633,1.139240506329114,0.569620253164557,0.9493670886075949,8.227848101265822,17.151898734177216,6.6075949367088604,7.746835443037975
Dean Wade,CLE,PF,54,20.51851851851852,5.388888888888889,4.037037037037037,0.7962962962962963,0.7407407407407407,0.46296296296296297,1.462962962962963,1.7777777777777777,4.296296296296297,0.37037037037037035,0.48148148148148145
Deandre Ayton,POR,C,55,32.43636363636364,16.727272727272727,11.072727272727272,1.6363636363636365,1.018181818181818,0.7636363636363637,0.01818181818181818,7.763636363636364,13.618181818181819,1.1818181818181819,1.4363636363636363
Dejounte Murray,ATL,SG,78,35.67948717948718,22.474358974358974,5.333333333333333,6.435897435897436,1.4230769230769231,0.3076923076923077,2.576923076923077,8.615384615384615,18.756410256410255,2.6666666666666665,3.358974358974359
Delon Wright,2TM,PG,47,15.787234042553191,4.468085106382978,1.8297872340425532,2.5319148936170213,1.148936170212766,0.23404255319148937,0.5319148936170213,1.574468085106383,4.0,0.7872340425531915,0.9574468085106383
Deni Avdija,WAS,SF,75,30.093333333333334,14.693333333333333,7.2,3.8133333333333335,0.8,0.48,1.1733333333333333,5.413333333333333,10.706666666666667,2.6933333333333334,3.64
Dennis Schröder,2TM,PG,80,31.075,14.025,3.025,6.1,0.7875,0.2125,1.725,5.0375,11.5875,2.225,2.6625
Dennis Smith Jr.,BRK,PG,56,18.910714285714285,6.589285714285714,2.9285714285714284,3.625,1.2142857142857142,0.21428571428571427,0.5714285714285714,2.625,6.035714285714286,0.7678571428571429,1.0357142857142858
Dereck Lively II,DAL,C,55,23.527272727272727,8.781818181818181,6.872727272727273,1.0909090909090908,0.6545454545454545,1.4,0.0,4.0181818181818185,5.381818181818182,0.7454545454545455,1.4727272727272727
Dereon Seabron,NOP,SG,6,9.166666666666666,2.3333333333333335,1.1666666666666667,0.8333333333333334,0.3333333333333333,0.16666666666666666,0.16666666666666666,0.6666666666666666,2.1666666666666665,0.8333333333333334,1.0
Derrick Jones Jr.,DAL,SF,76,23.460526315789473,8.644736842105264,3.289473684210526,0.9868421052631579,0.6973684210526315,0.6710526315789473,1.0789473684210527,3.1447368421052633,6.5131578947368425,1.2763157894736843,1.7894736842105263
Derrick Rose,MEM,PG,24,16.625,7.958333333333333,1.875,3.25,0.3333333333333333,0.08333333333333333,0.625,3.1666666666666665,6.875,1.0,1.125
Derrick White,BOS,SG,73,32.61643835616438,15.164383561643836,4.2465753424657535,5.164383561643835,1.0136986301369864,1.1917808219178083,2.684931506849315,5.301369863013699,11.493150684931507,1.8767123287671232,2.0821917808219177
Desmond Bane,MEM,SG,42,34.357142857142854,23.738095238095237,4.404761904761905,5.476190476190476,1.0238095238095237,0.5238095238095238,3.261904761904762,8.571428571428571,18.476190476190474,3.3333333333333335,3.8333333333333335
Devin Booker,PHO,PG,68,35.98529411764706,27.073529411764707,4.529411764705882,6.9411764705882355,0.8970588235294118,0.4117647058823529,2.235294117647059,9.441176470588236,19.191176470588236,5.955882352941177,6.720588235294118
Devin Vassell,SAS,SG,68,33.05882352941177,19.455882352941178,3.838235294117647,4.073529411764706,1.0735294117647058,0.3382352941176471,2.4411764705882355,7.323529411764706,15.529411764705882,2.3676470588235294,2.9558823529411766
Devonte' Graham,SAS,PG,23,13.608695652173912,4.956521739130435,1.565217391304348,2.130434782608696,0.391304347826087,0.08695652173913043,1.0869565217391304,1.6521739130434783,4.695652173913044,0.5652173913043478,0.6956521739130435
Dexter Dennis,DAL,SG,4,7.5,5.5,2.25,1.0,0.0,0.25,0.25,2.5,4.75,0.25,0.75
Dillon Brooks,HOU,SF,72,30.930555555555557,12.708333333333334,3.4166666666666665,1.6527777777777777,0.8888888888888888,0.1388888888888889,1.8472222222222223,4.569444444444445,10.666666666666666,1.7222222222222223,2.0416666666666665
Dmytro Skapintsev,NYK,C,2,1.0,0.0,0.0,0.0,0.0,0.0,0.0,0.0,0.5,0.0,0.0
Domantas Sabonis,SAC,C,82,35.707317073170735,19.426829268292682,13.658536585365853,8.207317073170731,0.9024390243902439,0.5853658536585366,0.4024390243902439,7.7317073170731705,13.024390243902438,3.5609756097560976,5.060975609756097
Dominick Barlow,SAS,PF,33,12.727272727272727,4.363636363636363,3.4242424242424243,1.0909090909090908,0.36363636363636365,0.42424242424242425,0.09090909090909091,1.696969696969697,3.4242424242424243,0.8787878787878788,1.2727272727272727
Donovan Mitchell,CLE,SG,55,35.30909090909091,26.6,5.090909090909091,6.054545454545455,1.8363636363636364,0.5454545454545454,3.309090909090909,9.145454545454545,19.8,5.0,5.781818181818182
Donte DiVincenzo,NYK,SG,81,29.135802469135804,15.54320987654321,3.6666666666666665,2.6666666666666665,1.3209876543209877,0.4444444444444444,3.493827160493827,5.493827160493828,12.395061728395062,1.0617283950617284,1.4074074074074074
Dorian Finney-Smith,BRK,PF,68,28.441176470588236,8.529411764705882,4.661764705882353,1.5735294117647058,0.8235294117647058,0.5588235294117647,1.7205882352941178,3.161764705882353,7.514705882352941,0.4852941176470588,0.6764705882352942
Doug McDermott,2TM,SF,64,14.125,5.484375,0.921875,1.09375,0.25,0.03125,1.46875,1.921875,4.4375,0.171875,0.296875
Draymond Green,GSW,PF,55,27.09090909090909,8.636363636363637,7.236363636363636,6.036363636363636,1.0,0.8545454545454545,0.9272727272727272,3.3636363636363638,6.763636363636364,0.9818181818181818,1.3454545454545455
Drew Eubanks,PHO,C,75,15.586666666666666,5.053333333333334,4.293333333333333,0.84,0.36,0.8133333333333334,0.04,2.026666666666667,3.3733333333333335,0.96,1.24
Drew Peterson,BOS,PF,3,7.666666666666667,3.6666666666666665,0.3333333333333333,0.3333333333333333,0.6666666666666666,0.0,1.0,1.3333333333333333,2.0,0.0,0.0
Dru Smith,MIA,SG,9,14.555555555555555,4.333333333333333,1.5555555555555556,1.5555555555555556,1.0,0.3333333333333333,0.7777777777777778,1.6666666666666667,3.6666666666666665,0.2222222222222222,0.2222222222222222
Duncan Robinson,MIA,SF,68,28.014705882352942,12.867647058823529,2.5441176470588234,2.823529411764706,0.6764705882352942,0.23529411764705882,2.75,4.470588235294118,9.926470588235293,1.1764705882352942,1.3235294117647058
Duop Reath,POR,C,68,17.852941176470587,9.073529411764707,3.676470588235294,0.9852941176470589,0.4852941176470588,0.5588235294117647,1.2941176470588236,3.3823529411764706,7.338235294117647,1.0147058823529411,1.3676470588235294
Dwight Powell,DAL,C,63,13.26984126984127,3.3015873015873014,3.3968253968253967,1.3333333333333333,0.4126984126984127,0.31746031746031744,0.015873015873015872,1.1428571428571428,1.6825396825396826,1.0,1.4126984126984128
Dylan Windler,3TM,SF,17,6.352941176470588,2.5294117647058822,0.9411764705882353,0.5882352941176471,0.11764705882352941,0.0,0.7647058823529411,0.8823529411764706,1.7647058823529411,0.0,0.0
Dyson Daniels,NOP,PG,61,22.262295081967213,5.80327868852459,3.8688524590163933,2.6885245901639343,1.3934426229508197,0.4098360655737705,0.6885245901639344,2.278688524590164,5.098360655737705,0.5573770491803278,0.8688524590163934
Dāvis Bertāns,2TM,PF,43,15.674418604651162,6.744186046511628,1.4186046511627908,0.813953488372093,0.6046511627906976,0.27906976744186046,1.7674418604651163,2.13953488372093,5.441860465116279,0.6976744186046512,0.7674418604651163
E.J. Liddell,NOP,PF,8,2.875,0.5,0.625,0.125,0.25,0.25,0.0,0.125,0.75,0.25,0.25
Emoni Bates,CLE,SF,15,8.866666666666667,2.7333333333333334,0.9333333333333333,0.6666666666666666,0.06666666666666667,0.13333333333333333,0.6666666666666666,1.0,3.2666666666666666,0.06666666666666667,0.26666666666666666
Eric Gordon,PHO,SG,68,27.83823529411765,11.014705882352942,1.7941176470588236,2.0441176470588234,0.9705882352941176,0.4411764705882353,2.2058823529411766,4.029411764705882,9.088235294117647,0.75,0.9411764705882353
Eugene Omoruyi,WAS,SF,43,9.13953488372093,4.813953488372093,1.9767441860465116,0.813953488372093,0.627906976744186,0.11627906976744186,0.3023255813953488,1.8837209302325582,3.883720930232558,0.7441860465116279,1.1395348837209303
Evan Fournier,2TM,SG,32,18.125,6.875,1.8125,1.5,0.90625,0.21875,1.03125,2.46875,6.90625,0.90625,1.125
Evan Mobley,CLE,PF,50,30.64,15.7,9.36,3.2,0.9,1.44,0.44,6.4,11.04,2.46,3.42
Filip Petrušev,2TM,C,3,3.3333333333333335,1.0,0.3333333333333333,0.0,0.0,0.0,0.0,0.3333333333333333,0.6666666666666666,0.3333333333333333,0.6666666666666666
Frank Ntilikina,CHO,PG,5,8.6,1.0,1.2,0.8,0.0,0.0,0.2,0.2,1.8,0.4,0.4
Franz Wagner,ORL,SF,72,32.458333333333336,19.73611111111111,5.291666666666667,3.736111111111111,1.0555555555555556,0.3888888888888889,1.3055555555555556,7.333333333333333,15.222222222222221,3.763888888888889,4.430555555555555
Fred VanVleet,HOU,PG,73,36.76712328767123,17.397260273972602,3.808219178082192,8.068493150684931,1.3835616438356164,0.8082191780821918,3.1095890410958904,5.794520547945205,13.945205479452055,2.6986301369863015,3.136986301369863
Furkan Korkmaz,PHI,SG,35,8.571428571428571,2.5142857142857142,0.8571428571428571,0.7142857142857143,0.4,0.08571428571428572,0.4,0.8571428571428571,2.1714285714285713,0.4,0.5714285714285714
GG Jackson II,MEM,PF,48,25.6875,14.5625,4.083333333333333,1.2291666666666667,0.5833333333333334,0.5,2.125,5.020833333333333,11.729166666666666,2.3958333333333335,3.1875
Gabe Vincent,LAL,PG,11,19.818181818181817,3.090909090909091,0.8181818181818182,1.9090909090909092,0.8181818181818182,0.0,0.2727272727272727,1.3636363636363635,4.454545454545454,0.09090909090909091,0.18181818181818182
Garrett Temple,TOR,SG,27,10.703703703703704,3.259259259259259,1.6666666666666667,1.037037037037037,0.4444444444444444,0.1111111111111111,0.4444444444444444,1.0740740740740742,2.888888888888889,0.6666666666666666,0.8148148148148148
Garrison Mathews,ATL,SG,66,15.030303030303031,4.924242424242424,1.393939393939394,0.5606060606060606,0.30303030303030304,0.12121212121212122,1.2878787878787878,1.5606060606060606,3.4242424242424243,0.5151515151515151,0.6363636363636364
Gary Harris,ORL,SG,54,24.01851851851852,6.888888888888889,1.6851851851851851,1.6111111111111112,0.9074074074074074,0.25925925925925924,1.4074074074074074,2.425925925925926,5.5,0.6296296296296297,0.8333333333333334
Gary Payton II,GSW,SG,44,15.454545454545455,5.454545454545454,2.5681818181818183,1.0909090909090908,0.8863636363636364,0.4090909090909091,0.45454545454545453,2.340909090909091,4.159090909090909,0.3181818181818182,0.5227272727272727
Gary Trent Jr.,TOR,SG,71,28.08450704225352,13.71830985915493,2.647887323943662,1.676056338028169,1.0845070422535212,0.14084507042253522,2.507042253521127,5.084507042253521,11.929577464788732,1.0422535211267605,1.352112676056338
Georges Niang,CLE,PF,82,22.329268292682926,9.365853658536585,3.3902439024390243,1.1951219512195121,0.36585365853658536,0.21951219512195122,1.8170731707317074,3.4634146341463414,7.7073170731707314,0.6219512195121951,0.7317073170731707
Giannis Antetokounmpo,MIL,PF,73,35.16438356164384,30.438356164383563,11.520547945205479,6.52054794520548,1.1917808219178083,1.082191780821918,0.4657534246575342,11.465753424657533,18.753424657534246,7.041095890410959,10.712328767123287
Goga Bitadze,ORL,C,62,15.435483870967742,5.016129032258065,4.612903225806452,1.2741935483870968,0.5161290322580645,1.1612903225806452,0.03225806451612903,2.032258064516129,3.370967741935484,0.9193548387096774,1.403225806451613
Gordon Hayward,2TM,SF,51,24.41176470588235,9.803921568627452,3.549019607843137,3.0980392156862746,0.7843137254901961,0.2549019607843137,0.7254901960784313,3.6666666666666665,7.901960784313726,1.7450980392156863,2.3529411764705883
Gradey Dick,TOR,SG,60,21.133333333333333,8.5,2.2,1.1333333333333333,0.5666666666666667,0.03333333333333333,1.4666666666666666,3.15,7.416666666666667,0.7333333333333333,0.85
Grant Williams,2TM,PF,76,28.026315789473685,10.31578947368421,4.184210526315789,2.289473684210526,0.5789473684210527,0.5131578947368421,1.6578947368421053,3.6315789473684212,7.9605263157894735,1.394736842105263,1.8421052631578947
Grayson Allen,PHO,SG,75,33.50666666666667,13.52,3.933333333333333,3.026666666666667,0.92,0.6,2.7333333333333334,4.533333333333333,9.093333333333334,1.72,1.96
Greg Brown III,DAL,PF,6,6.666666666666667,2.5,1.5,0.6666666666666666,0.0,0.6666666666666666,0.16666666666666666,0.8333333333333334,1.8333333333333333,0.6666666666666666,1.5
Gui Santos,GSW,PF,23,8.347826086956522,3.5652173913043477,2.130434782608696,0.6086956521739131,0.17391304347826086,0.08695652173913043,0.43478260869565216,1.2173913043478262,2.391304347826087,0.6956521739130435,0.7391304347826086
Hamidou Diallo,WAS,SG,2,2.5,1.0,1.0,0.5,1.0,0.0,0.0,0.5,1.0,0.0,0.0
Harrison Barnes,SAC,PF,82,29.036585365853657,12.195121951219512,3.0365853658536586,1.2073170731707317,0.6585365853658537,0.14634146341463414,1.8170731707317074,4.2317073170731705,8.926829268292684,1.9146341463414633,2.3902439024390243
Harry Giles,2TM,C,23,4.3478260869565215,2.4347826086956523,1.3043478260869565,0.2608695652173913,0.08695652173913043,0.13043478260869565,0.13043478260869565,1.0,2.1739130434782608,0.30434782608695654,0.5652173913043478
Haywood Highsmith,MIA,PF,66,20.696969696969695,6.136363636363637,3.1818181818181817,1.0606060606060606,0.803030303030303,0.45454545454545453,1.1515151515151516,2.3181818181818183,4.984848484848484,0.3484848484848485,0.5454545454545454
Henri Drell,CHI,SF,4,7.5,2.75,1.0,1.0,0.5,0.25,0.5,1.0,2.5,0.25,0.5
Herbert Jones,NOP,SF,76,30.539473684210527,11.013157894736842,3.5789473684210527,2.6184210526315788,1.381578947368421,0.8157894736842105,1.5,3.8552631578947367,7.7368421052631575,1.8026315789473684,2.0789473684210527
Hunter Tyson,DEN,PF,18,2.6666666666666665,1.1111111111111112,0.5,0.1111111111111111,0.05555555555555555,0.0,0.2222222222222222,0.4444444444444444,1.1111111111111112,0.0,0.0
Ibou Badji,POR,C,22,10.272727272727273,1.5454545454545454,2.3181818181818183,0.5909090909090909,0.13636363636363635,0.9090909090909091,0.0,0.6363636363636364,1.0,0.2727272727272727,0.5454545454545454
Immanuel Quickley,2TM,SG,68,29.191176470588236,17.0,3.8088235294117645,4.867647058823529,0.7352941176470589,0.14705882352941177,2.514705882352941,5.705882352941177,13.147058823529411,3.073529411764706,3.6029411764705883
Isaac Okoro,CLE,SF,69,27.347826086956523,9.376811594202898,2.9855072463768115,1.9130434782608696,0.8260869565217391,0.4927536231884058,1.2173913043478262,3.4057971014492754,6.956521739130435,1.3478260869565217,1.9855072463768115
Isaiah Hartenstein,NYK,C,75,25.28,7.76,8.346666666666666,2.506666666666667,1.16,1.1333333333333333,0.013333333333333334,3.1333333333333333,4.866666666666666,1.48,2.0933333333333333
Isaiah Jackson,IND,C,59,13.067796610169491,6.491525423728813,4.033898305084746,0.847457627118644,0.576271186440678,1.0338983050847457,0.0,2.6271186440677967,3.9491525423728815,1.2372881355932204,1.728813559322034
Isaiah Joe,OKC,SG,78,18.525641025641026,8.153846153846153,2.3076923076923075,1.2692307692307692,0.5897435897435898,0.28205128205128205,1.8846153846153846,2.8461538461538463,6.217948717948718,0.5769230769230769,0.6666666666666666
Isaiah Livers,DET,PF,23,20.391304347826086,4.956521739130435,2.0869565217391304,1.0869565217391304,0.5652173913043478,0.21739130434782608,0.9565217391304348,1.7391304347826086,5.043478260869565,0.5217391304347826,0.782608695652174
Isaiah Mobley,CLE,PF,10,7.2,2.3,1.0,0.6,0.2,0.0,0.3,1.0,2.4,0.0,0.1
Isaiah Stewart,DET,PF,46,30.934782608695652,10.934782608695652,6.630434782608695,1.5869565217391304,0.3695652173913043,0.8260869565217391,1.4565217391304348,4.043478260869565,8.304347826086957,1.391304347826087,1.8478260869565217
Isaiah Thomas,PHO,PG,6,3.1666666666666665,1.3333333333333333,0.0,0.5,0.0,0.0,0.3333333333333333,0.5,1.6666666666666667,0.0,0.0
Isaiah Wong,IND,SG,1,4.0,2.0,0.0,0.0,0.0,0.0,0.0,1.0,3.0,0.0,0.0
Ish Smith,CHO,PG,43,17.232558139534884,3.2325581395348837,1.7674418604651163,3.372093023255814,0.3953488372093023,0.09302325581395349,0.09302325581395349,1.5348837209302326,3.6744186046511627,0.06976744186046512,0.09302325581395349
Ish Wainright,2TM,SF,11,5.636363636363637,2.090909090909091,1.2727272727272727,0.09090909090909091,0.36363636363636365,0.09090909090909091,0.6363636363636364,0.6363636363636364,2.1818181818181817,0.18181818181818182,0.18181818181818182
Ivica Zubac,LAC,C,68,26.38235294117647,11.676470588235293,9.205882352941176,1.3676470588235294,0.3235294117647059,1.2205882352941178,0.0,4.955882352941177,7.632352941176471,1.7647058823529411,2.4411764705882355
Izaiah Brockington,NOP,PG,1,3.0,4.0,2.0,0.0,0.0,0.0,0.0,2.0,5.0,0.0,0.0
JD Davison,BOS,SG,8,4.875,2.0,1.25,1.25,0.125,0.125,0.375,0.625,1.5,0.375,0.5
JT Thor,CHO,PF,63,12.396825396825397,3.1587301587301586,2.3174603174603177,0.4603174603174603,0.1746031746031746,0.42857142857142855,0.4444444444444444,1.2698412698412698,2.9047619047619047,0.1746031746031746,0.31746031746031744
Ja Morant,MEM,PG,9,35.333333333333336,25.11111111111111,5.555555555555555,8.11111111111111,0.7777777777777778,0.5555555555555556,1.5555555555555556,8.88888888888889,18.88888888888889,5.777777777777778,7.111111111111111
JaVale McGee,SAC,C,46,7.369565217391305,4.021739130434782,2.739130434782609,0.3695652173913043,0.30434782608695654,0.43478260869565216,0.021739130434782608,1.7173913043478262,2.869565217391304,0.5652173913043478,0.9782608695652174
Jabari Smith Jr.,HOU,PF,76,31.894736842105264,13.736842105263158,8.105263157894736,1.5921052631578947,0.6842105263157895,0.8026315789473685,1.8157894736842106,4.973684210526316,10.960526315789474,1.9736842105263157,2.4342105263157894
Jabari Walker,POR,PF,72,23.61111111111111,8.86111111111111,7.055555555555555,0.9861111111111112,0.5833333333333334,0.3055555555555556,0.5694444444444444,3.25,7.069444444444445,1.7916666666666667,2.375
Jack White,MEM,SF,4,16.0,1.5,3.0,0.25,1.0,0.25,0.5,0.5,4.0,0.0,0.0
Jacob Gilyard,2TM,PG,41,17.048780487804876,4.219512195121951,1.1219512195121952,3.341463414634146,0.8048780487804879,0.12195121951219512,1.2439024390243902,1.4634146341463414,3.658536585365854,0.04878048780487805,0.04878048780487805
Jacob Toppin,NYK,SF,9,4.222222222222222,1.4444444444444444,0.7777777777777778,0.3333333333333333,0.0,0.1111111111111111,0.1111111111111111,0.5555555555555556,1.0,0.2222222222222222,0.2222222222222222
Jaden Hardy,DAL,SG,73,13.547945205479452,7.260273972602739,1.7945205479452055,1.4931506849315068,0.3013698630136986,0.0547945205479452,1.1095890410958904,2.671232876712329,6.561643835616438,0.8082191780821918,1.0410958904109588
Jaden Ivey,DET,SG,77,28.792207792207794,15.38961038961039,3.4285714285714284,3.844155844155844,0.7402597402597403,0.5324675324675324,1.6103896103896105,5.415584415584416,12.636363636363637,2.948051948051948,3.935064935064935
Jaden McDaniels,MIN,SF,72,29.23611111111111,10.51388888888889,3.111111111111111,1.4027777777777777,0.875,0.5833333333333334,1.1944444444444444,4.263888888888889,8.722222222222221,0.7916666666666666,1.0972222222222223
Jaden Springer,2TM,SG,49,10.346938775510203,3.326530612244898,1.5918367346938775,0.8979591836734694,0.7346938775510204,0.30612244897959184,0.20408163265306123,1.2040816326530612,3.020408163265306,0.7142857142857143,0.8571428571428571
Jae Crowder,MIL,PF,50,23.12,6.24,3.22,1.32,0.76,0.18,1.16,2.28,5.4,0.52,0.72
Jae'Sean Tate,HOU,SF,65,15.861538461538462,4.076923076923077,3.0307692307692307,0.9846153846153847,0.6461538461538462,0.23076923076923078,0.35384615384615387,1.6615384615384616,3.523076923076923,0.4,0.6
Jahmi'us Ramsey,TOR,SG,7,17.285714285714285,6.714285714285714,3.142857142857143,1.1428571428571428,1.0,0.0,0.8571428571428571,2.5714285714285716,5.857142857142857,0.7142857142857143,0.8571428571428571
Jaime Jaquez Jr.,MIA,SF,75,28.173333333333332,11.853333333333333,3.8,2.6,1.0266666666666666,0.26666666666666666,0.8666666666666667,4.546666666666667,9.293333333333333,1.8933333333333333,2.3333333333333335
Jake LaRavia,MEM,PF,35,23.02857142857143,10.82857142857143,3.657142857142857,1.6571428571428573,0.8285714285714286,0.34285714285714286,1.5142857142857142,3.3714285714285714,8.657142857142857,2.5714285714285716,3.1142857142857143
Jakob Poeltl,TOR,C,50,26.38,11.1,8.58,2.54,0.7,1.52,0.0,4.96,7.56,1.18,2.14
Jalen Brunson,NYK,PG,77,35.4025974025974,28.727272727272727,3.6103896103896105,6.740259740259741,0.9090909090909091,0.16883116883116883,2.74025974025974,10.25974025974026,21.4025974025974,5.467532467532467,6.454545454545454
Jalen Crutcher,NOP,PG,1,3.0,0.0,0.0,0.0,0.0,0.0,0.0,0.0,1.0,0.0,0.0
Jalen Duren,DET,C,61,29.131147540983605,13.78688524590164,11.62295081967213,2.4098360655737703,0.5409836065573771,0.7704918032786885,0.0,5.721311475409836,9.245901639344263,2.3442622950819674,2.9672131147540983
Jalen Green,HOU,SG,82,31.71951219512195,19.634146341463413,5.158536585365853,3.548780487804878,0.8048780487804879,0.34146341463414637,2.451219512195122,6.865853658536586,16.24390243902439,3.451219512195122,4.2926829268292686
Jalen Hood-Schifino,LAL,SG,21,5.190476190476191,1.619047619047619,0.6190476190476191,0.38095238095238093,0.14285714285714285,0.09523809523809523,0.09523809523809523,0.47619047619047616,2.142857142857143,0.5714285714285714,0.9523809523809523
Jalen Johnson,ATL,SF,56,33.732142857142854,16.0,8.714285714285714,3.625,1.1964285714285714,0.8392857142857143,1.2678571428571428,6.410714285714286,12.535714285714286,1.9107142857142858,2.625
Jalen McDaniels,TOR,SF,50,10.76,3.38,1.58,0.74,0.38,0.12,0.24,1.3,3.78,0.54,0.74
Jalen Pickett,DEN,SG,27,4.518518518518518,1.5555555555555556,0.5185185185185185,0.7777777777777778,0.14814814814814814,0.0,0.3333333333333333,0.5555555555555556,1.2962962962962963,0.1111111111111111,0.14814814814814814
Jalen Slawson,SAC,SF,12,3.0833333333333335,0.6666666666666666,0.5833333333333334,0.16666666666666666,0.08333333333333333,0.08333333333333333,0.0,0.3333333333333333,0.5,0.0,0.0
Jalen Smith,IND,C,61,17.16393442622951,9.852459016393443,5.524590163934426,1.0327868852459017,0.2786885245901639,0.6229508196721312,1.0,3.8360655737704916,6.475409836065574,1.180327868852459,1.7049180327868851
Jalen Suggs,ORL,SG,75,27.0,12.573333333333334,3.0533333333333332,2.7333333333333334,1.4133333333333333,0.6266666666666667,2.04,4.48,9.52,1.5733333333333333,2.08
Jalen Williams,OKC,PF,71,31.309859154929576,19.08450704225352,3.971830985915493,4.535211267605634,1.1267605633802817,0.6338028169014085,1.4507042253521127,7.549295774647887,13.985915492957746,2.535211267605634,3.112676056338028
Jalen Wilson,BRK,PF,43,15.44186046511628,4.976744186046512,3.046511627906977,1.0465116279069768,0.2558139534883721,0.09302325581395349,0.5581395348837209,1.7674418604651163,4.162790697674419,0.8837209302325582,1.069767441860465
Jamal Cain,MIA,PF,26,9.961538461538462,3.730769230769231,1.4230769230769231,0.38461538461538464,0.38461538461538464,0.19230769230769232,0.4230769230769231,1.3076923076923077,3.0384615384615383,0.6923076923076923,0.8846153846153846
Jamal Murray,DEN,PG,59,31.54237288135593,21.1864406779661,4.101694915254237,6.508474576271187,0.9661016949152542,0.6610169491525424,2.457627118644068,8.033898305084746,16.71186440677966,2.6610169491525424,3.1186440677966103
Jamaree Bouyea,2TM,PG,9,10.555555555555555,2.3333333333333335,2.111111111111111,1.2222222222222223,0.1111111111111111,0.0,0.1111111111111111,1.1111111111111112,3.111111111111111,0.0,0.0
James Bouknight,CHO,SG,14,5.785714285714286,3.5714285714285716,0.6428571428571429,0.42857142857142855,0.07142857142857142,0.07142857142857142,0.9285714285714286,1.2857142857142858,2.9285714285714284,0.07142857142857142,0.14285714285714285
James Harden,LAC,PG,72,34.30555555555556,16.555555555555557,5.125,8.527777777777779,1.0694444444444444,0.7916666666666666,2.5833333333333335,4.888888888888889,11.416666666666666,4.194444444444445,4.777777777777778
James Johnson,IND,PF,9,5.222222222222222,0.8888888888888888,0.4444444444444444,0.8888888888888888,0.5555555555555556,0.1111111111111111,0.0,0.3333333333333333,1.1111111111111112,0.2222222222222222,0.2222222222222222
James Wiseman,DET,C,63,17.317460317460316,7.079365079365079,5.333333333333333,0.8571428571428571,0.19047619047619047,0.6190476190476191,0.0,2.9682539682539684,4.841269841269841,1.1428571428571428,1.619047619047619
Jarace Walker,IND,PF,33,10.303030303030303,3.6363636363636362,1.9090909090909092,1.2121212121212122,0.45454545454545453,0.3333333333333333,0.6666666666666666,1.3636363636363635,3.3333333333333335,0.24242424242424243,0.2727272727272727
Jared Butler,WAS,SG,40,14.15,6.275,1.45,3.15,0.725,0.2,0.6,2.45,5.025,0.775,0.9
Jared Rhoden,DET,SG,17,14.411764705882353,4.882352941176471,1.9411764705882353,0.8235294117647058,0.17647058823529413,0.7647058823529411,0.7058823529411765,1.9411764705882353,3.8823529411764706,0.29411764705882354,0.47058823529411764
Jaren Jackson Jr.,MEM,C,66,32.18181818181818,22.515151515151516,5.53030303030303,2.3333333333333335,1.2121212121212122,1.606060606060606,1.7727272727272727,7.818181818181818,17.606060606060606,5.106060606060606,6.318181818181818
Jarred Vanderbilt,LAL,PF,29,20.03448275862069,5.172413793103448,4.758620689655173,1.2413793103448276,1.2413793103448276,0.1724137931034483,0.27586206896551724,2.0344827586206895,3.9310344827586206,0.8275862068965517,1.2413793103448276
Jarrett Allen,CLE,C,77,31.714285714285715,16.506493506493506,10.532467532467532,2.727272727272727,0.6883116883116883,1.051948051948052,0.0,6.740259740259741,10.636363636363637,3.0259740259740258,4.077922077922078
Jason Preston,UTA,PG,7,10.142857142857142,1.7142857142857142,2.4285714285714284,2.2857142857142856,0.2857142857142857,0.14285714285714285,0.0,0.8571428571428571,2.7142857142857144,0.0,0.0
Javon Freeman-Liberty,TOR,PG,22,18.318181818181817,6.954545454545454,3.1818181818181817,1.8181818181818181,0.45454545454545453,0.18181818181818182,0.45454545454545453,2.5,5.636363636363637,1.5,1.6363636363636365
Javonte Green,CHI,SF,9,25.555555555555557,12.222222222222221,7.444444444444445,0.5555555555555556,1.1111111111111112,0.8888888888888888,1.1111111111111112,5.0,8.333333333333334,1.1111111111111112,1.4444444444444444
Javonte Smart,PHI,PG,1,1.0,0.0,0.0,0.0,0.0,0.0,0.0,0.0,0.0,0.0,0.0
Jaxson Hayes,LAL,C,70,12.528571428571428,4.328571428571428,3.0142857142857142,0.4714285714285714,0.4857142857142857,0.4142857142857143,0.0,1.8,2.5,0.7285714285714285,1.1714285714285715
Jay Huff,DEN,C,20,2.45,1.15,0.55,0.1,0.1,0.15,0.15,0.45,0.75,0.1,0.1
Jaylen Brown,BOS,SF,70,33.47142857142857,23.0,5.5285714285714285,3.557142857142857,1.1857142857142857,0.5285714285714286,2.0714285714285716,8.957142857142857,17.942857142857143,3.0142857142857142,4.285714285714286
Jaylen Nowell,2TM,SG,13,16.46153846153846,6.230769230769231,1.8461538461538463,1.4615384615384615,0.3076923076923077,0.15384615384615385,0.46153846153846156,2.6153846153846154,6.0,0.5384615384615384,0.6923076923076923
Jaylin Williams,OKC,C,69,13.0,4.0,3.391304347826087,1.5942028985507246,0.4057971014492754,0.391304347826087,0.7681159420289855,1.3768115942028984,3.3043478260869565,0.4782608695652174,0.5942028985507246
Jayson Tatum,BOS,PF,74,35.74324324324324,26.85135135135135,8.121621621621621,4.918918918918919,1.0135135135135136,0.581081081081081,3.0945945945945947,9.08108108108108,19.27027027027027,5.594594594594595,6.716216216216216
Jeff Dowtin Jr.,PHI,PG,12,11.833333333333334,4.333333333333333,1.6666666666666667,2.25,0.5833333333333334,0.08333333333333333,0.75,1.6666666666666667,3.0,0.25,0.3333333333333333
Jeff Green,HOU,PF,78,16.756410256410255,6.5256410256410255,2.282051282051282,0.8974358974358975,0.20512820512820512,0.3974358974358974,0.6794871794871795,2.141025641025641,4.6923076923076925,1.564102564102564,1.9102564102564104
Jerami Grant,POR,PF,54,33.888888888888886,20.962962962962962,3.537037037037037,2.814814814814815,0.8333333333333334,0.6296296296296297,2.0555555555555554,7.092592592592593,15.74074074074074,4.722222222222222,5.777777777777778
Jeremiah Robinson-Earl,NOP,PF,39,8.564102564102564,2.948717948717949,1.9487179487179487,0.5384615384615384,0.2564102564102564,0.10256410256410256,0.3333333333333333,1.1538461538461537,2.4358974358974357,0.3076923076923077,0.41025641025641024
Jeremy Sochan,SAS,PF,74,29.635135135135137,11.635135135135135,6.4324324324324325,3.364864864864865,0.8378378378378378,0.5405405405405406,0.9459459459459459,4.594594594594595,10.486486486486486,1.5,1.945945945945946
Jericho Sims,NYK,C,45,13.0,2.0444444444444443,3.2666666666666666,0.5555555555555556,0.17777777777777778,0.4222222222222222,0.0,0.8444444444444444,1.2222222222222223,0.35555555555555557,0.5333333333333333
Jermaine Samuels,HOU,SF,14,4.285714285714286,1.4285714285714286,0.9285714285714286,0.21428571428571427,0.07142857142857142,0.14285714285714285,0.0,0.6428571428571429,1.0,0.14285714285714285,0.14285714285714285
Jerome Robinson,GSW,SG,22,3.6818181818181817,1.4090909090909092,0.2727272727272727,0.22727272727272727,0.045454545454545456,0.13636363636363635,0.09090909090909091,0.5,1.5,0.3181818181818182,0.5
Jett Howard,ORL,SF,18,3.7222222222222223,1.6111111111111112,0.3888888888888889,0.3333333333333333,0.1111111111111111,0.1111111111111111,0.3888888888888889,0.5555555555555556,1.6666666666666667,0.1111111111111111,0.2222222222222222
Jevon Carter,CHI,PG,72,13.944444444444445,4.958333333333333,0.8333333333333334,1.3055555555555556,0.5138888888888888,0.2222222222222222,1.0694444444444444,1.9166666666666667,5.069444444444445,0.05555555555555555,0.09722222222222222
Jimmy Butler,MIA,PF,60,34.03333333333333,20.766666666666666,5.3,4.966666666666667,1.3166666666666667,0.2833333333333333,1.0,6.6,13.216666666666667,6.566666666666666,7.65
Jock Landale,HOU,C,56,13.625,4.892857142857143,3.0714285714285716,1.1607142857142858,0.35714285714285715,0.5892857142857143,0.17857142857142858,1.8928571428571428,3.6785714285714284,0.9285714285714286,1.1607142857142858
Joe Harris,DET,SG,16,10.625,2.4375,0.8125,0.625,0.1875,0.125,0.625,0.875,2.4375,0.0625,0.125
Joe Ingles,ORL,SF,68,17.191176470588236,4.352941176470588,2.088235294117647,2.985294117647059,0.6323529411764706,0.07352941176470588,1.0294117647058822,1.4558823529411764,3.338235294117647,0.4117647058823529,0.5
Joel Embiid,PHI,C,39,33.56410256410256,34.69230769230769,11.025641025641026,5.615384615384615,1.1794871794871795,1.6923076923076923,1.3846153846153846,11.538461538461538,21.82051282051282,10.23076923076923,11.58974358974359
John Collins,UTA,PF,68,27.955882352941178,15.102941176470589,8.455882352941176,1.1323529411764706,0.5882352941176471,0.8970588235294118,1.2647058823529411,5.838235294117647,10.970588235294118,2.161764705882353,2.7205882352941178
John Konchar,MEM,SF,55,21.327272727272728,4.2727272727272725,4.672727272727273,2.0,0.9272727272727272,0.9272727272727272,0.6909090909090909,1.6,3.7818181818181817,0.38181818181818183,0.45454545454545453
Johnny Davis,WAS,SG,50,12.26,3.04,1.44,0.64,0.36,0.2,0.28,1.24,3.08,0.28,0.48
Johnny Juzang,UTA,SG,20,18.6,7.2,1.8,1.15,0.2,0.1,1.6,2.55,5.5,0.5,0.7
Jonas Valančiūnas,NOP,C,82,23.475609756097562,12.21951219512195,8.792682926829269,2.1097560975609757,0.3902439024390244,0.8292682926829268,0.45121951219512196,4.902439024390244,8.768292682926829,1.9634146341463414,2.5
Jonathan Isaac,ORL,PF,58,15.758620689655173,6.775862068965517,4.482758620689655,0.5172413793103449,0.7413793103448276,1.206896551724138,0.7241379310344828,2.5172413793103448,4.931034482758621,1.0172413793103448,1.4137931034482758
Jonathan Kuminga,GSW,PF,74,26.33783783783784,16.054054054054053,4.797297297297297,2.2027027027027026,0.7432432432432432,0.4864864864864865,0.7162162162162162,6.162162162162162,11.64864864864865,3.0135135135135136,4.04054054054054
Jontay Porter,TOR,PF,26,13.846153846153847,4.423076923076923,3.1538461538461537,2.3076923076923075,0.7692307692307693,0.7692307692307693,0.7692307692307693,1.5384615384615385,4.0,0.5769230769230769,0.6923076923076923
Jordan Clarkson,UTA,SG,55,30.581818181818182,17.12727272727273,3.418181818181818,5.036363636363636,0.6363636363636364,0.10909090909090909,1.6545454545454545,6.127272727272727,14.836363636363636,3.2181818181818183,3.6545454545454548
Jordan Ford,SAC,PG,6,3.6666666666666665,2.0,0.3333333333333333,0.3333333333333333,0.0,0.0,0.3333333333333333,0.6666666666666666,1.1666666666666667,0.3333333333333333,0.3333333333333333
Jordan Goodwin,2TM,PG,57,18.50877192982456,6.456140350877193,4.43859649122807,2.719298245614035,0.8421052631578947,0.3157894736842105,0.7368421052631579,2.473684210526316,6.701754385964913,0.7719298245614035,1.0350877192982457
Jordan Hawkins,NOP,SG,67,17.313432835820894,7.82089552238806,2.208955223880597,1.044776119402985,0.2835820895522388,0.1044776119402985,1.626865671641791,2.5970149253731343,6.8059701492537314,1.0,1.1940298507462686
Jordan McLaughlin,MIN,PG,56,11.178571428571429,3.482142857142857,1.2857142857142858,1.9642857142857142,0.625,0.125,0.75,1.25,2.5892857142857144,0.23214285714285715,0.32142857142857145
Jordan Miller,LAC,SF,8,3.5,1.625,0.625,0.0,0.0,0.0,0.125,0.625,1.125,0.25,0.25
Jordan Nwora,2TM,SF,52,13.692307692307692,7.0,2.8653846153846154,1.1923076923076923,0.5,0.25,0.8461538461538461,2.6538461538461537,5.75,0.8461538461538461,1.0192307692307692
Jordan Poole,WAS,SG,78,30.076923076923077,17.384615384615383,2.717948717948718,4.397435897435898,1.1025641025641026,0.32051282051282054,2.358974358974359,6.282051282051282,15.205128205128204,2.4615384615384617,2.8076923076923075
Jordan Walsh,BOS,SF,9,9.222222222222221,1.6666666666666667,2.2222222222222223,0.5555555555555556,0.5555555555555556,0.1111111111111111,0.2222222222222222,0.6666666666666666,1.6666666666666667,0.1111111111111111,0.2222222222222222
Jose Alvarado,NOP,PG,56,18.357142857142858,7.089285714285714,2.2857142857142856,2.0892857142857144,1.0535714285714286,0.26785714285714285,1.3928571428571428,2.5357142857142856,6.160714285714286,0.625,0.9285714285714286
Josh Giddey,OKC,SG,80,25.1375,12.325,6.425,4.825,0.6375,0.55,1.025,5.025,10.5875,1.25,1.55
Josh Green,DAL,SG,57,26.403508771929825,8.228070175438596,3.2280701754385963,2.280701754385965,0.8245614035087719,0.15789473684210525,1.263157894736842,3.1403508771929824,6.56140350877193,0.6842105263157895,1.0
Josh Hart,NYK,SF,81,33.41975308641975,9.395061728395062,8.333333333333334,4.08641975308642,0.9259259259259259,0.2839506172839506,0.9876543209876543,3.6419753086419755,8.382716049382717,1.123456790123457,1.4197530864197532
Josh Minott,MIN,SF,32,2.84375,1.5625,0.53125,0.25,0.15625,0.15625,0.125,0.53125,1.125,0.375,0.4375
Josh Okogie,PHO,SG,60,16.0,4.616666666666666,2.566666666666667,1.0666666666666667,0.8,0.4,0.48333333333333334,1.4333333333333333,3.433333333333333,1.2666666666666666,1.7
Josh Richardson,MIA,SG,43,25.651162790697676,9.883720930232558,2.813953488372093,2.441860465116279,0.5581395348837209,0.32558139534883723,1.5348837209302326,3.5813953488372094,8.069767441860465,1.186046511627907,1.255813953488372
Joshua Primo,LAC,SG,2,5.0,1.0,0.5,0.0,0.0,0.5,0.0,0.5,1.5,0.0,0.0
Jrue Holiday,BOS,PG,69,32.79710144927536,12.46376811594203,5.405797101449275,4.826086956521739,0.8840579710144928,0.7681159420289855,2.0,4.797101449275362,9.985507246376812,0.8695652173913043,1.0434782608695652
Juan Toscano-Anderson,SAC,SF,11,4.818181818181818,0.6363636363636364,1.2727272727272727,0.36363636363636365,0.09090909090909091,0.09090909090909091,0.09090909090909091,0.2727272727272727,1.0909090909090908,0.0,0.0
Jules Bernard,WAS,SG,19,7.842105263157895,3.8947368421052633,1.368421052631579,0.8421052631578947,0.15789473684210525,0.05263157894736842,0.5789473684210527,1.5263157894736843,3.3684210526315788,0.2631578947368421,0.47368421052631576
Julian Champagnie,SAS,SF,74,19.83783783783784,6.8108108108108105,2.7837837837837838,1.3918918918918919,0.6486486486486487,0.5675675675675675,1.364864864864865,2.2162162162162162,5.4324324324324325,1.0135135135135136,1.2432432432432432
Julian Phillips,CHI,SF,40,8.075,2.225,0.9,0.325,0.175,0.175,0.3,0.8,1.925,0.325,0.475
Julian Strawther,DEN,SF,50,10.9,4.54,1.22,0.94,0.34,0.14,0.82,1.64,4.44,0.44,0.62
Julius Randle,NYK,PF,46,35.43478260869565,23.956521739130434,9.195652173913043,4.978260869565218,0.5434782608695652,0.2608695652173913,1.6521739130434783,8.58695652173913,18.17391304347826,5.130434782608695,6.565217391304348
Justin Champagnie,WAS,SF,15,15.666666666666666,5.933333333333334,3.533333333333333,1.2666666666666666,0.6666666666666666,0.6,0.8666666666666667,2.1333333333333333,5.2,0.8,1.0
Justin Holiday,DEN,SG,58,14.862068965517242,4.0344827586206895,1.2241379310344827,1.1551724137931034,0.6206896551724138,0.15517241379310345,0.9482758620689655,1.5172413793103448,3.3448275862068964,0.05172413793103448,0.06896551724137931
Justin Jackson,MIN,SF,2,0.5,0.0,0.0,0.0,0.0,0.0,0.0,0.0,0.0,0.0,0.0
Justin Minaya,POR,SF,34,11.205882352941176,1.7941176470588236,1.6470588235294117,0.6176470588235294,0.2647058823529412,0.29411764705882354,0.35294117647058826,0.6470588235294118,2.176470588235294,0.14705882352941177,0.2647058823529412
Jusuf Nurkić,PHO,C,76,27.342105263157894,10.907894736842104,11.013157894736842,3.960526315789474,1.0657894736842106,1.0526315789473684,0.2894736842105263,4.2105263157894735,8.25,2.1973684210526314,3.4342105263157894
KJ Martin,2TM,SF,60,12.433333333333334,3.7333333333333334,2.183333333333333,0.85,0.36666666666666664,0.2,0.13333333333333333,1.6166666666666667,3.0166666666666666,0.36666666666666664,0.6833333333333333
Kaiser Gates,NOP,SF,1,7.0,0.0,1.0,0.0,0.0,0.0,0.0,0.0,4.0,0.0,0.0
Karl-Anthony Towns,MIN,PF,62,32.67741935483871,21.758064516129032,8.306451612903226,3.0483870967741935,0.6935483870967742,0.6612903225806451,2.193548387096774,7.725806451612903,15.338709677419354,4.112903225806452,4.709677419354839
Kawhi Leonard,LAC,SF,68,34.26470588235294,23.720588235294116,6.117647058823529,3.588235294117647,1.6323529411764706,0.8676470588235294,2.0588235294117645,8.970588235294118,17.08823529411765,3.7205882352941178,4.205882352941177
Keegan Murray,SAC,SF,77,33.61038961038961,15.220779220779221,5.454545454545454,1.6753246753246753,1.025974025974026,0.7662337662337663,2.3766233766233764,5.753246753246753,12.662337662337663,1.3376623376623376,1.6103896103896105
Keita Bates-Diop,2TM,SF,53,12.547169811320755,3.7169811320754715,2.0754716981132075,0.7169811320754716,0.4716981132075472,0.41509433962264153,0.39622641509433965,1.3584905660377358,3.1320754716981134,0.6037735849056604,0.7924528301886793
Keldon Johnson,SAS,SF,69,29.536231884057973,15.710144927536232,5.463768115942029,2.8260869565217392,0.7391304347826086,0.2898550724637681,1.8405797101449275,5.666666666666667,12.492753623188406,2.536231884057971,3.2028985507246377
Kelly Olynyk,2TM,C,78,22.55128205128205,9.76923076923077,5.269230769230769,4.448717948717949,0.9487179487179487,0.38461538461538464,0.7692307692307693,3.5384615384615383,6.371794871794871,1.9230769230769231,2.3076923076923075
Kelly Oubre Jr.,PHI,SF,68,30.220588235294116,15.426470588235293,5.014705882352941,1.4852941176470589,1.1323529411764706,0.6911764705882353,1.4852941176470589,5.6911764705882355,12.911764705882353,2.5588235294117645,3.411764705882353
Kendall Brown,IND,SG,15,4.2,1.4,0.3333333333333333,0.3333333333333333,0.0,0.0,0.0,0.5333333333333333,1.0,0.3333333333333333,0.5333333333333333
Kenneth Lofton Jr.,3TM,PF,21,9.476190476190476,4.571428571428571,1.8095238095238095,1.5714285714285714,0.2857142857142857,0.23809523809523808,0.3333333333333333,1.7142857142857142,3.7142857142857144,0.8095238095238095,1.2380952380952381
Kenrich Williams,OKC,PF,69,14.91304347826087,4.7101449275362315,3.028985507246377,1.3478260869565217,0.5507246376811594,0.13043478260869565,0.8115942028985508,1.8985507246376812,4.057971014492754,0.10144927536231885,0.2028985507246377
Kentavious Caldwell-Pope,DEN,SG,76,31.605263157894736,10.078947368421053,2.4078947368421053,2.4078947368421053,1.2894736842105263,0.5526315789473685,1.644736842105263,3.5526315789473686,7.723684210526316,1.3289473684210527,1.486842105263158
Keon Ellis,SAC,SG,57,17.157894736842106,5.43859649122807,2.175438596491228,1.4912280701754386,0.8947368421052632,0.5087719298245614,1.2280701754385965,1.8771929824561404,4.0701754385964914,0.45614035087719296,0.6140350877192983
Keon Johnson,BRK,SG,5,12.2,6.2,1.4,0.6,0.6,0.2,0.8,1.6,4.2,2.2,2.4
Kessler Edwards,SAC,SF,54,5.092592592592593,1.7222222222222223,0.7777777777777778,0.2777777777777778,0.18518518518518517,0.07407407407407407,0.37037037037037035,0.6296296296296297,1.5185185185185186,0.09259259259259259,0.16666666666666666
Kevin Durant,PHO,PF,75,37.21333333333333,27.093333333333334,6.6,5.04,0.92,1.2133333333333334,2.24,10.013333333333334,19.14666666666667,4.826666666666667,5.64
Kevin Huerter,SAC,SG,64,24.40625,10.234375,3.5,2.59375,0.703125,0.359375,1.921875,3.875,8.75,0.5625,0.734375
Kevin Knox,DET,SF,31,18.06451612903226,7.193548387096774,2.4193548387096775,0.7419354838709677,0.41935483870967744,0.22580645161290322,1.0,2.774193548387097,6.0,0.6451612903225806,0.7096774193548387
Kevin Love,MIA,PF,55,16.8,8.818181818181818,6.1454545454545455,2.090909090909091,0.32727272727272727,0.18181818181818182,1.5272727272727273,2.8727272727272726,6.527272727272727,1.5454545454545454,1.9636363636363636
Kevon Harris,ORL,SG,2,3.0,2.0,1.0,0.5,0.0,0.0,0.0,1.0,1.5,0.0,0.0
Kevon Looney,GSW,C,74,16.14864864864865,4.513513513513513,5.662162162162162,1.7972972972972974,0.3783783783783784,0.3918918918918919,0.0,1.8783783783783783,3.1486486486486487,0.7567567567567568,1.1216216216216217
Keyontae Johnson,OKC,SF,9,7.333333333333333,1.2222222222222223,1.1111111111111112,0.4444444444444444,0.1111111111111111,0.0,0.1111111111111111,0.5555555555555556,1.7777777777777777,0.0,0.0
Keyonte George,UTA,PG,75,26.973333333333333,12.986666666666666,2.8133333333333335,4.426666666666667,0.48,0.09333333333333334,1.96,4.253333333333333,10.866666666666667,2.52,2.973333333333333
Khris Middleton,MIL,SF,55,27.036363636363635,15.054545454545455,4.672727272727273,5.3090909090909095,0.9272727272727272,0.2727272727272727,1.709090909090909,5.763636363636364,11.690909090909091,1.8181818181818181,2.1818181818181817
Killian Hayes,DET,PG,42,24.0,6.880952380952381,2.8333333333333335,4.880952380952381,0.8571428571428571,0.47619047619047616,0.5238095238095238,2.7857142857142856,6.738095238095238,0.7857142857142857,1.1904761904761905
Kira Lewis Jr.,3TM,PG,28,9.464285714285714,3.1785714285714284,0.9285714285714286,1.3214285714285714,0.32142857142857145,0.07142857142857142,0.14285714285714285,1.2142857142857142,3.2857142857142856,0.6071428571428571,0.7142857142857143
Klay Thompson,GSW,SF,77,29.662337662337663,17.857142857142858,3.2987012987012987,2.2857142857142856,0.6493506493506493,0.45454545454545453,3.4805194805194803,6.363636363636363,14.714285714285714,1.6493506493506493,1.7792207792207793
Kobe Brown,LAC,PF,44,8.954545454545455,2.022727272727273,1.4090909090909092,0.5681818181818182,0.2727272727272727,0.13636363636363635,0.3181818181818182,0.8409090909090909,2.0454545454545454,0.022727272727272728,0.045454545454545456
Kobe Bufkin,ATL,SG,17,11.529411764705882,4.764705882352941,1.9411764705882353,1.588235294117647,0.4117647058823529,0.29411764705882354,0.5294117647058824,2.0,5.411764705882353,0.23529411764705882,0.47058823529411764
Kobi Simmons,TOR,PG,4,16.75,5.0,1.75,3.0,1.5,0.5,0.5,2.25,5.25,0.0,0.0
Kris Dunn,UTA,PG,66,18.924242424242426,5.409090909090909,2.8636363636363638,3.8484848484848486,1.0303030303030303,0.42424242424242425,0.6212121212121212,2.227272727272727,4.742424242424242,0.3333333333333333,0.48484848484848486
Kris Murray,POR,SF,62,21.741935483870968,6.064516129032258,3.6129032258064515,1.2903225806451613,0.8548387096774194,0.3387096774193548,0.7903225806451613,2.338709677419355,5.903225806451613,0.5967741935483871,0.9032258064516129
Kristaps Porziņģis,BOS,C,57,29.649122807017545,20.087719298245613,7.175438596491228,2.017543859649123,0.7368421052631579,1.9473684210526316,1.9298245614035088,6.807017543859649,13.192982456140351,4.543859649122807,5.298245614035087
Kyle Anderson,MIN,PF,79,22.556962025316455,6.405063291139241,3.4556962025316458,4.189873417721519,0.8987341772151899,0.5949367088607594,0.13924050632911392,2.518987341772152,5.481012658227848,1.2278481012658229,1.7341772151898733
Kyle Kuzma,WAS,PF,70,32.58571428571429,22.185714285714287,6.628571428571429,4.228571428571429,0.5285714285714286,0.7,2.157142857142857,8.685714285714285,18.757142857142856,2.657142857142857,3.4285714285714284
Kyle Lowry,2TM,PG,60,28.166666666666668,8.116666666666667,3.2333333333333334,4.216666666666667,0.9833333333333333,0.35,1.6333333333333333,2.716666666666667,6.283333333333333,1.05,1.25
Kyrie Irving,DAL,SG,58,35.0,25.637931034482758,5.0,5.155172413793103,1.2758620689655173,0.4827586206896552,2.9827586206896552,9.689655172413794,19.5,3.2758620689655173,3.6206896551724137
LaMelo Ball,CHO,PG,22,32.31818181818182,23.90909090909091,5.136363636363637,8.0,1.8181818181818181,0.18181818181818182,3.1818181818181817,8.318181818181818,19.227272727272727,4.090909090909091,4.7272727272727275
Lamar Stevens,2TM,PF,38,14.710526315789474,7.157894736842105,3.3421052631578947,0.7368421052631579,0.6052631578947368,0.5789473684210527,0.3684210526315789,2.8421052631578947,6.315789473684211,1.105263157894737,1.4210526315789473
Landry Shamet,WAS,SG,46,15.782608695652174,7.108695652173913,1.3478260869565217,1.173913043478261,0.5434782608695652,0.21739130434782608,1.1521739130434783,2.5652173913043477,5.956521739130435,0.8260869565217391,1.0
Larry Nance Jr.,NOP,C,61,19.934426229508198,5.737704918032787,5.032786885245901,1.8524590163934427,1.0,0.3114754098360656,0.4426229508196721,2.262295081967213,3.9508196721311477,0.7704918032786885,1.0
Lauri Markkanen,UTA,PF,55,33.09090909090909,23.236363636363638,8.163636363636364,2.0,0.9090909090909091,0.4727272727272727,3.1818181818181817,7.763636363636364,16.181818181818183,4.527272727272727,5.036363636363636
LeBron James,LAL,PF,71,35.267605633802816,25.661971830985916,7.295774647887324,8.295774647887324,1.2535211267605635,0.5352112676056338,2.0985915492957745,9.647887323943662,17.87323943661972,4.267605633802817,5.690140845070423
Leaky Black,CHO,SF,26,10.923076923076923,2.6538461538461537,1.8461538461538463,0.9230769230769231,0.3076923076923077,0.4230769230769231,0.34615384615384615,0.9615384615384616,2.0,0.38461538461538464,0.5769230769230769
Leonard Miller,MIN,SF,17,3.0588235294117645,1.7058823529411764,1.1764705882352942,0.47058823529411764,0.11764705882352941,0.058823529411764705,0.11764705882352941,0.7647058823529411,1.1764705882352942,0.058823529411764705,0.11764705882352941
Lester Quiñones,GSW,SG,37,10.64864864864865,4.4324324324324325,1.945945945945946,0.972972972972973,0.16216216216216217,0.05405405405405406,0.8648648648648649,1.5135135135135136,3.810810810810811,0.5405405405405406,0.7837837837837838
Lindell Wigginton,MIL,PG,3,2.6666666666666665,2.0,0.0,0.0,0.0,0.0,0.0,0.6666666666666666,1.6666666666666667,0.6666666666666666,0.6666666666666666
Lindy Waters III,OKC,SG,38,7.368421052631579,3.6052631578947367,1.0526315789473684,0.631578947368421,0.13157894736842105,0.18421052631578946,0.9736842105263158,1.2894736842105263,2.736842105263158,0.05263157894736842,0.05263157894736842
Lonnie Walker IV,BRK,SG,58,17.43103448275862,9.741379310344827,2.189655172413793,1.2758620689655173,0.5517241379310345,0.3448275862068966,1.793103448275862,3.586206896551724,8.482758620689655,0.7758620689655172,1.0172413793103448
Luguentz Dort,OKC,SF,79,28.430379746835442,10.886075949367088,3.5949367088607596,1.4303797468354431,0.9113924050632911,0.5949367088607594,1.9746835443037976,3.6455696202531644,8.316455696202532,1.620253164556962,1.9620253164556962
Luka Dončić,DAL,PG,70,37.48571428571429,33.857142857142854,9.242857142857142,9.8,1.4142857142857144,0.5428571428571428,4.057142857142857,11.485714285714286,23.6,6.828571428571428,8.685714285714285
Luka Garza,MIN,C,25,4.88,3.96,1.24,0.16,0.16,0.04,0.36,1.44,3.0,0.72,1.0
Luka Šamanić,UTA,PF,43,9.395348837209303,4.116279069767442,2.372093023255814,0.4418604651162791,0.11627906976744186,0.16279069767441862,0.3023255813953488,1.3953488372093024,3.6744186046511627,1.0232558139534884,1.302325581395349
Luke Kennard,MEM,SG,39,25.615384615384617,11.0,2.8974358974358974,3.4871794871794872,0.5128205128205128,0.05128205128205128,2.7435897435897436,3.6153846153846154,8.076923076923077,1.0256410256410255,1.1538461538461537
Luke Kornet,BOS,C,63,15.603174603174603,5.301587301587301,4.142857142857143,1.0634920634920635,0.36507936507936506,0.9682539682539683,0.015873015873015872,2.253968253968254,3.2222222222222223,0.7777777777777778,0.8571428571428571
Malachi Flynn,3TM,PG,69,12.695652173913043,5.507246376811594,1.6521739130434783,1.8840579710144927,0.5507246376811594,0.11594202898550725,0.8115942028985508,1.9710144927536233,4.7101449275362315,0.7536231884057971,1.0289855072463767
Malaki Branham,SAS,PG,75,21.253333333333334,9.2,1.9733333333333334,2.08,0.36,0.10666666666666667,1.24,3.6133333333333333,8.373333333333333,0.7333333333333333,0.84
Malcolm Brogdon,POR,PG,39,28.743589743589745,15.717948717948717,3.7948717948717947,5.487179487179487,0.6923076923076923,0.20512820512820512,2.1025641025641026,5.589743589743589,12.717948717948717,2.4358974358974357,2.9743589743589745
Malcolm Cazalon,DET,SG,1,3.0,0.0,0.0,0.0,0.0,0.0,0.0,0.0,0.0,0.0,0.0
Malik Beasley,MIL,SG,79,29.582278481012658,11.253164556962025,3.670886075949367,1.3670886075949367,0.7468354430379747,0.11392405063291139,2.8354430379746836,4.050632911392405,9.139240506329115,0.31645569620253167,0.4430379746835443
Malik Monk,SAC,SG,72,26.0,15.416666666666666,2.9444444444444446,5.138888888888889,0.625,0.5416666666666666,2.0555555555555554,5.5,12.402777777777779,2.361111111111111,2.8472222222222223
Malik Williams,TOR,C,7,15.285714285714286,2.7142857142857144,5.428571428571429,0.2857142857142857,0.42857142857142855,0.5714285714285714,0.14285714285714285,1.2857142857142858,4.857142857142857,0.0,0.2857142857142857
Mamadi Diakite,2TM,PF,6,4.0,2.0,0.6666666666666666,0.3333333333333333,0.16666666666666666,0.16666666666666666,0.0,0.6666666666666666,1.0,0.6666666666666666,1.0
MarJon Beauchamp,MIL,SF,48,12.666666666666666,4.395833333333333,2.0625,0.6458333333333334,0.2708333333333333,0.14583333333333334,0.625,1.6875,3.4583333333333335,0.3958333333333333,0.5833333333333334
Marcus Morris,2TM,PF,49,16.6734693877551,6.448979591836735,2.7346938775510203,0.7346938775510204,0.30612244897959184,0.2653061224489796,0.9795918367346939,2.36734693877551,5.387755102040816,0.7346938775510204,0.8979591836734694
Marcus Sasser,DET,PG,71,19.028169014084508,8.253521126760564,1.7605633802816902,3.323943661971831,0.6197183098591549,0.16901408450704225,1.267605633802817,3.084507042253521,7.211267605633803,0.8169014084507042,0.9295774647887324
Marcus Smart,MEM,PG,20,30.25,14.45,2.65,4.3,2.05,0.25,2.1,5.1,11.85,2.15,2.8
Mark Williams,CHO,C,19,26.736842105263158,12.736842105263158,9.68421052631579,1.1578947368421053,0.8421052631578947,1.0526315789473684,0.0,5.157894736842105,7.947368421052632,2.4210526315789473,3.3684210526315788
Markelle Fultz,ORL,PG,43,21.162790697674417,7.790697674418604,3.2093023255813953,2.7906976744186047,0.9767441860465116,0.3488372093023256,0.09302325581395349,3.5813953488372094,7.5813953488372094,0.5348837209302325,0.7674418604651163
Markieff Morris,DAL,PF,26,8.307692307692308,2.5384615384615383,1.5,0.6153846153846154,0.19230769230769232,0.11538461538461539,0.5769230769230769,0.8846153846153846,2.6153846153846154,0.19230769230769232,0.23076923076923078
Markquis Nowell,TOR,SG,1,4.0,2.0,2.0,2.0,1.0,0.0,0.0,0.0,1.0,2.0,2.0
Marques Bolden,2TM,C,11,11.0,3.3636363636363638,3.090909090909091,0.36363636363636365,0.2727272727272727,0.6363636363636364,0.0,1.5454545454545454,2.272727272727273,0.2727272727272727,0.36363636363636365
Marvin Bagley III,2TM,C,50,21.06,11.66,6.24,1.1,0.4,0.66,0.18,4.78,8.16,1.92,2.52
Mason Jones,SAC,SG,5,5.6,1.4,1.0,1.0,0.2,0.0,0.4,0.4,1.6,0.2,0.4
Mason Plumlee,LAC,C,46,14.652173913043478,5.304347826086956,5.086956521739131,1.1956521739130435,0.30434782608695654,0.3695652173913043,0.0,1.891304347826087,3.3260869565217392,1.5217391304347827,2.152173913043478
Matisse Thybulle,POR,SF,65,22.876923076923077,5.446153846153846,2.0923076923076924,1.3846153846153846,1.7384615384615385,0.7538461538461538,1.2307692307692308,1.9384615384615385,4.876923076923077,0.3384615384615385,0.4461538461538462
Matt Ryan,NOP,SF,28,13.928571428571429,5.428571428571429,1.4285714285714286,0.6428571428571429,0.21428571428571427,0.03571428571428571,1.4642857142857142,1.75,4.035714285714286,0.4642857142857143,0.5
Matthew Hurt,MEM,PF,8,14.125,4.0,2.0,0.5,0.375,0.375,0.625,1.5,4.25,0.375,0.375
Max Christie,LAL,SG,67,14.08955223880597,4.2388059701492535,2.1194029850746268,0.8955223880597015,0.29850746268656714,0.2537313432835821,0.6268656716417911,1.537313432835821,3.5970149253731343,0.5373134328358209,0.6865671641791045
Max Strus,CLE,SF,70,31.985714285714284,12.185714285714285,4.828571428571428,4.042857142857143,0.9142857142857143,0.4142857142857143,2.4,4.3428571428571425,10.4,1.1,1.3857142857142857
Maxi Kleber,DAL,C,43,20.25581395348837,4.441860465116279,3.3255813953488373,1.5813953488372092,0.3953488372093023,0.6976744186046512,0.7441860465116279,1.4651162790697674,3.395348837209302,0.7674418604651163,1.0930232558139534
Maxwell Lewis,LAL,SF,34,3.0294117647058822,0.3235294117647059,0.11764705882352941,0.17647058823529413,0.058823529411764705,0.029411764705882353,0.029411764705882353,0.11764705882352941,0.6176470588235294,0.058823529411764705,0.08823529411764706
Micah Potter,UTA,PF,16,11.625,3.3125,2.6875,0.375,0.25,0.375,0.5625,1.1875,2.5,0.375,0.5
Michael Porter Jr.,DEN,SF,81,31.666666666666668,16.74074074074074,6.9753086419753085,1.5061728395061729,0.5185185185185185,0.654320987654321,2.7160493827160495,6.444444444444445,13.320987654320987,1.1358024691358024,1.3580246913580247
Mikal Bridges,BRK,SF,82,34.80487804878049,19.585365853658537,4.536585365853658,3.6463414634146343,0.9878048780487805,0.36585365853658536,2.682926829268293,6.878048780487805,15.78048780487805,3.1463414634146343,3.8658536585365852
Mike Conley,MIN,PG,76,28.855263157894736,11.43421052631579,2.8684210526315788,5.907894736842105,1.1578947368421053,0.2236842105263158,2.3552631578947367,3.8684210526315788,8.473684210526315,1.3421052631578947,1.4736842105263157
Mike Muscala,3TM,C,53,11.320754716981131,2.9622641509433962,2.358490566037736,0.6792452830188679,0.16981132075471697,0.24528301886792453,0.5283018867924528,1.0566037735849056,2.943396226415094,0.32075471698113206,0.4716981132075472
Miles Bridges,CHO,SF,69,37.405797101449274,21.0,7.318840579710145,3.347826086956522,0.9420289855072463,0.4782608695652174,2.2753623188405796,8.101449275362318,17.536231884057973,2.5217391304347827,3.0579710144927534
Miles McBride,NYK,PG,68,19.529411764705884,8.264705882352942,1.4705882352941178,1.6764705882352942,0.7352941176470589,0.10294117647058823,1.6029411764705883,3.014705882352941,6.676470588235294,0.6323529411764706,0.7352941176470589
Mitchell Robinson,NYK,C,31,24.774193548387096,5.580645161290323,8.483870967741936,0.5806451612903226,1.1935483870967742,1.1290322580645162,0.0,2.3548387096774195,4.096774193548387,0.8709677419354839,2.129032258064516
Mo Bamba,PHI,C,57,12.982456140350877,4.43859649122807,4.175438596491228,0.7192982456140351,0.38596491228070173,1.0526315789473684,0.43859649122807015,1.7017543859649122,3.473684210526316,0.5964912280701754,0.8771929824561403
Monte Morris,2TM,PG,33,14.424242424242424,4.96969696969697,1.7272727272727273,2.090909090909091,0.5757575757575758,0.2727272727272727,0.8181818181818182,1.878787878787879,4.636363636363637,0.3939393939393939,0.5757575757575758
Moritz Wagner,ORL,C,80,17.6875,10.85,4.3375,1.2,0.4875,0.2625,0.475,4.15,6.9,2.075,2.55
Moses Brown,POR,C,22,9.090909090909092,3.409090909090909,3.909090909090909,0.3181818181818182,0.22727272727272727,0.3181818181818182,0.0,1.5,2.9545454545454546,0.4090909090909091,1.4090909090909092
Moses Moody,GSW,SG,66,17.515151515151516,8.075757575757576,2.9696969696969697,0.8636363636363636,0.6363636363636364,0.36363636363636365,1.0909090909090908,2.9393939393939394,6.363636363636363,1.106060606060606,1.4090909090909092
Mouhamadou Gueye,TOR,PF,11,10.909090909090908,2.3636363636363638,2.090909090909091,0.45454545454545453,0.2727272727272727,1.6363636363636365,0.0,1.0,3.4545454545454546,0.36363636363636365,0.8181818181818182
Mouhamed Gueye,ATL,PF,6,12.166666666666666,4.0,3.6666666666666665,0.6666666666666666,0.8333333333333334,0.6666666666666666,0.5,1.3333333333333333,3.8333333333333335,0.8333333333333334,1.0
Moussa Diabaté,LAC,C,11,5.818181818181818,2.6363636363636362,2.1818181818181817,0.36363636363636365,0.45454545454545453,0.09090909090909091,0.0,0.9090909090909091,1.7272727272727273,0.8181818181818182,1.2727272727272727
Myles Turner,IND,C,77,26.961038961038962,17.051948051948052,6.922077922077922,1.2987012987012987,0.5064935064935064,1.87012987012987,1.5064935064935066,6.181818181818182,11.805194805194805,3.1818181818181817,4.116883116883117
Mãozinha Pereira,MEM,SF,7,17.428571428571427,6.857142857142857,5.285714285714286,0.2857142857142857,0.8571428571428571,0.5714285714285714,0.7142857142857143,2.5714285714285716,5.0,1.0,1.4285714285714286
Naji Marshall,NOP,SF,66,19.045454545454547,7.0606060606060606,3.6363636363636362,1.9393939393939394,0.7424242424242424,0.18181818181818182,0.8787878787878788,2.5757575757575757,5.5606060606060606,1.0303030303030303,1.303030303030303
Nassir Little,PHO,SF,45,10.177777777777777,3.3777777777777778,1.6666666666666667,0.4666666666666667,0.2222222222222222,0.2222222222222222,0.4666666666666667,1.2666666666666666,2.7555555555555555,0.37777777777777777,0.4444444444444444
Nate Hinton,HOU,SG,15,5.0,2.2,1.4666666666666666,0.6666666666666666,0.2,0.13333333333333333,0.4666666666666667,0.7333333333333333,1.7333333333333334,0.26666666666666666,0.3333333333333333
Nate Williams,HOU,SG,22,5.863636363636363,2.8636363636363638,1.0454545454545454,0.3181818181818182,0.18181818181818182,0.045454545454545456,0.09090909090909091,1.2272727272727273,2.272727272727273,0.3181818181818182,0.5909090909090909
Nathan Mensah,CHO,C,25,12.28,1.32,2.6,0.36,0.24,0.56,0.0,0.48,1.12,0.36,0.48
Naz Reid,MIN,PF,81,24.246913580246915,13.45679012345679,5.222222222222222,1.308641975308642,0.7777777777777778,0.9012345679012346,2.0864197530864197,5.012345679012346,10.506172839506172,1.345679012345679,1.8271604938271604
Neemias Queta,BOS,C,28,11.892857142857142,5.5,4.357142857142857,0.7142857142857143,0.4642857142857143,0.75,0.0,2.392857142857143,3.7142857142857144,0.7142857142857143,1.0
Nic Claxton,BRK,C,71,29.802816901408452,11.845070422535212,9.943661971830986,2.0704225352112675,0.647887323943662,2.056338028169014,0.014084507042253521,5.154929577464789,8.19718309859155,1.5211267605633803,2.76056338028169
Nick Richards,CHO,C,67,26.253731343283583,9.73134328358209,8.044776119402986,0.8059701492537313,0.3880597014925373,1.1044776119402986,0.0,3.8805970149253732,5.611940298507463,1.9701492537313432,2.671641791044776
Nick Smith Jr.,CHO,SG,51,14.294117647058824,5.921568627450981,1.411764705882353,1.1568627450980393,0.19607843137254902,0.13725490196078433,1.2352941176470589,2.215686274509804,5.666666666666667,0.2549019607843137,0.29411764705882354
Nickeil Alexander-Walker,MIN,SG,82,23.426829268292682,7.987804878048781,2.0365853658536586,2.4878048780487805,0.7804878048780488,0.5121951219512195,1.5975609756097562,2.8780487804878048,6.560975609756097,0.6341463414634146,0.7926829268292683
Nicolas Batum,2TM,PF,60,25.483333333333334,5.333333333333333,4.133333333333334,2.1333333333333333,0.8,0.6333333333333333,1.2166666666666666,1.9333333333333333,4.266666666666667,0.25,0.35
Nikola Jokić,DEN,C,79,34.64556962025316,26.39240506329114,12.354430379746836,8.962025316455696,1.3670886075949367,0.8607594936708861,1.0506329113924051,10.405063291139241,17.860759493670887,4.531645569620253,5.544303797468355
Nikola Jović,MIA,PF,46,19.47826086956522,7.6521739130434785,4.173913043478261,1.9565217391304348,0.5434782608695652,0.30434782608695654,1.4130434782608696,2.760869565217391,6.108695652173913,0.717391304347826,1.0217391304347827
Nikola Vučević,CHI,C,76,34.3421052631579,18.026315789473685,10.539473684210526,3.3421052631578947,0.6578947368421053,0.7894736842105263,1.2105263157894737,7.7105263157894735,15.93421052631579,1.394736842105263,1.6973684210526316
Noah Clowney,BRK,PF,23,16.08695652173913,5.782608695652174,3.5217391304347827,0.782608695652174,0.34782608695652173,0.6956521739130435,0.5217391304347826,2.1739130434782608,4.043478260869565,0.9130434782608695,1.3043478260869565
Norman Powell,LAC,SG,76,26.18421052631579,13.894736842105264,2.5657894736842106,1.0789473684210527,0.5657894736842105,0.2894736842105263,2.1973684210526314,4.907894736842105,10.105263157894736,1.881578947368421,2.263157894736842
OG Anunoby,2TM,SF,50,34.04,14.66,4.16,2.14,1.36,0.72,2.04,5.64,11.54,1.34,1.78
Obi Toppin,IND,PF,82,21.097560975609756,10.28048780487805,3.902439024390244,1.5609756097560976,0.573170731707317,0.524390243902439,1.2439024390243902,4.048780487804878,7.060975609756097,0.9390243902439024,1.2195121951219512
Ochai Agbaji,2TM,SG,78,21.03846153846154,5.833333333333333,2.769230769230769,1.064102564102564,0.6025641025641025,0.5641025641025641,0.7948717948717948,2.282051282051282,5.551282051282051,0.47435897435897434,0.717948717948718
Olivier Sarr,OKC,C,15,6.533333333333333,2.2666666666666666,2.4,0.13333333333333333,0.0,0.4666666666666667,0.13333333333333333,0.7333333333333333,1.2666666666666666,0.6666666666666666,1.0
Olivier-Maxence Prosper,DAL,PF,40,8.4,3.025,1.975,0.55,0.175,0.1,0.325,1.0,2.6,0.7,1.025
Omer Yurtseven,UTA,C,48,11.354166666666666,4.625,4.333333333333333,0.6041666666666666,0.16666666666666666,0.375,0.10416666666666667,2.0625,3.8333333333333335,0.3958333333333333,0.5833333333333334
Onuralp Bitim,CHI,SG,23,11.652173913043478,3.4782608695652173,1.391304347826087,0.5652173913043478,0.13043478260869565,0.08695652173913043,0.5217391304347826,1.391304347826087,3.652173913043478,0.17391304347826086,0.21739130434782608
Onyeka Okongwu,ATL,C,55,25.545454545454547,10.2,6.836363636363636,1.3454545454545455,0.4727272727272727,1.0909090909090908,0.41818181818181815,4.054545454545455,6.636363636363637,1.6727272727272726,2.109090909090909
Orlando Robinson,MIA,C,36,8.444444444444445,2.75,2.3333333333333335,0.9444444444444444,0.19444444444444445,0.2222222222222222,0.2222222222222222,1.0,2.0,0.5277777777777778,0.6944444444444444
Oscar Tshiebwe,IND,PF,8,5.25,3.25,2.0,0.25,0.25,0.125,0.0,1.25,2.5,0.75,1.0
Oshae Brissett,BOS,SF,55,11.454545454545455,3.6545454545454548,2.909090909090909,0.8,0.34545454545454546,0.14545454545454545,0.2727272727272727,1.2363636363636363,2.7818181818181817,0.9090909090909091,1.509090909090909
Otto Porter Jr.,TOR,SF,15,11.6,2.6,1.9333333333333333,0.5333333333333333,0.3333333333333333,0.3333333333333333,0.5333333333333333,0.9333333333333333,2.2,0.2,0.2
Ousmane Dieng,OKC,PF,33,11.06060606060606,4.03030303030303,1.5454545454545454,1.121212121212121,0.24242424242424243,0.15151515151515152,0.6363636363636364,1.4848484848484849,3.515151515151515,0.42424242424242425,0.48484848484848486
P.J. Tucker,2TM,PF,31,15.67741935483871,1.6774193548387097,2.7419354838709675,0.5161290322580645,0.5161290322580645,0.22580645161290322,0.41935483870967744,0.5806451612903226,1.6129032258064515,0.0967741935483871,0.0967741935483871
P.J. Washington,2TM,PF,73,30.424657534246574,12.863013698630137,5.63013698630137,1.9315068493150684,0.9863013698630136,0.8082191780821918,1.8082191780821917,4.8493150684931505,11.10958904109589,1.356164383561644,1.9863013698630136
Paolo Banchero,ORL,PF,80,34.9875,22.55,6.925,5.3875,0.8875,0.5875,1.4875,8.0,17.5875,5.0625,6.9875
Pascal Siakam,2TM,PF,80,33.2125,21.7125,7.0625,4.275,0.7875,0.3125,1.0625,8.5125,15.8875,3.625,4.95
Pat Connaughton,MIL,SF,76,22.05263157894737,5.631578947368421,3.1447368421052633,2.1184210526315788,0.5263157894736842,0.25,1.0789473684210527,1.986842105263158,4.565789473684211,0.5789473684210527,0.7631578947368421
Pat Spencer,GSW,PG,6,4.333333333333333,0.6666666666666666,0.6666666666666666,0.8333333333333334,0.0,0.0,0.0,0.3333333333333333,0.6666666666666666,0.0,0.0
Patrick Baldwin Jr.,WAS,SF,38,12.973684210526315,4.421052631578948,3.236842105263158,0.7631578947368421,0.47368421052631576,0.39473684210526316,0.8157894736842105,1.5526315789473684,4.078947368421052,0.5,0.7368421052631579
Patrick Beverley,2TM,PG,73,20.027397260273972,6.178082191780822,3.2739726027397262,2.904109589041096,0.589041095890411,0.4246575342465753,0.8356164383561644,2.164383561643836,5.191780821917808,1.0136986301369864,1.2328767123287672
Patrick Williams,CHI,PF,43,27.302325581395348,9.976744186046512,3.86046511627907,1.5348837209302326,0.9302325581395349,0.7674418604651163,1.372093023255814,3.697674418604651,8.348837209302326,1.2093023255813953,1.5348837209302326
Patty Mills,2TM,PG,32,12.96875,3.96875,1.09375,1.0625,0.625,0.03125,0.75,1.4375,4.09375,0.34375,0.34375
Paul George,LAC,PF,74,33.810810810810814,22.58108108108108,5.243243243243243,3.5405405405405403,1.527027027027027,0.5,3.2837837837837838,7.864864864864865,16.7027027027027,3.5675675675675675,3.9324324324324325
Paul Reed,PHI,C,82,19.390243902439025,7.317073170731708,5.951219512195122,1.329268292682927,0.8170731707317073,1.024390243902439,0.25609756097560976,3.158536585365854,5.853658536585366,0.7439024390243902,1.0365853658536586
Payton Pritchard,BOS,PG,82,22.25609756097561,9.597560975609756,3.231707317073171,3.426829268292683,0.47560975609756095,0.07317073170731707,1.7926829268292683,3.6219512195121952,7.7439024390243905,0.5609756097560976,0.6829268292682927
Pete Nance,CLE,PF,8,3.375,0.375,0.375,0.0,0.125,0.0,0.125,0.125,0.75,0.0,0.25
Peyton Watson,DEN,SF,80,18.6,6.65,3.225,1.075,0.525,1.1,0.5625,2.6,5.5875,0.8875,1.325
Precious Achiuwa,2TM,C,74,21.945945945945947,7.635135135135135,6.581081081081081,1.3108108108108107,0.6216216216216216,0.918918918918919,0.35135135135135137,3.175675675675676,6.337837837837838,0.9324324324324325,1.5135135135135136
Quentin Grimes,2TM,SG,51,20.098039215686274,7.03921568627451,1.9607843137254901,1.2941176470588236,0.6862745098039216,0.13725490196078433,1.588235294117647,2.392156862745098,6.431372549019608,0.6666666666666666,0.8823529411764706
Quenton Jackson,IND,PG,3,3.6666666666666665,0.6666666666666666,1.3333333333333333,0.6666666666666666,0.3333333333333333,0.0,0.0,0.0,0.3333333333333333,0.6666666666666666,0.6666666666666666
R.J. Hampton,MIA,PG,8,9.5,1.25,0.75,1.0,0.0,0.0,0.125,0.5,1.75,0.125,0.25
RJ Barrett,2TM,SG,58,31.689655172413794,20.17241379310345,5.431034482758621,3.3275862068965516,0.5344827586206896,0.3793103448275862,1.5517241379310345,7.517241379310345,15.172413793103448,3.586206896551724,5.017241379310345
RaiQuan Gray,SAS,PF,3,13.0,7.666666666666667,2.3333333333333335,2.0,0.3333333333333333,0.3333333333333333,1.0,3.3333333333333335,5.666666666666667,0.0,0.0
Rayan Rupert,POR,SG,39,16.23076923076923,3.9743589743589745,2.358974358974359,1.5897435897435896,0.3076923076923077,0.07692307692307693,0.717948717948718,1.3846153846153846,4.128205128205129,0.48717948717948717,0.6410256410256411
Reggie Bullock,HOU,SF,44,9.477272727272727,2.1818181818181817,1.6590909090909092,0.3409090909090909,0.2727272727272727,0.11363636363636363,0.6136363636363636,0.7727272727272727,1.8636363636363635,0.022727272727272728,0.022727272727272728
Reggie Jackson,DEN,PG,82,22.158536585365855,10.158536585365853,1.8902439024390243,3.7560975609756095,0.5365853658536586,0.15853658536585366,1.2439024390243902,3.975609756097561,9.21951219512195,0.9634146341463414,1.1951219512195121
Richaun Holmes,2TM,C,40,13.875,4.975,4.55,0.625,0.275,0.475,0.025,2.05,3.675,0.85,1.175
Ricky Council IV,PHI,SG,32,9.03125,5.40625,1.4375,0.5,0.25,0.03125,0.375,1.6875,3.5,1.65625,2.21875
Robert Covington,2TM,SF,29,16.82758620689655,4.379310344827586,3.3448275862068964,0.8275862068965517,1.3448275862068966,0.6206896551724138,0.6551724137931034,1.4827586206896552,3.3793103448275863,0.7586206896551724,0.896551724137931
Robert Williams,POR,C,6,19.833333333333332,6.833333333333333,6.333333333333333,0.8333333333333334,1.1666666666666667,1.1666666666666667,0.0,2.8333333333333335,4.333333333333333,1.1666666666666667,1.5
Robin Lopez,MIL,C,16,4.0625,1.125,0.3125,0.25,0.0625,0.1875,0.125,0.4375,1.1875,0.125,0.125
Ron Harper Jr.,TOR,PF,1,4.0,0.0,0.0,1.0,0.0,0.0,0.0,0.0,0.0,0.0,0.0
Royce O'Neale,2TM,SF,79,24.734177215189874,7.69620253164557,4.772151898734177,2.7721518987341773,0.7468354430379747,0.5569620253164557,1.9746835443037976,2.7088607594936707,6.822784810126582,0.3037974683544304,0.4430379746835443
Rudy Gobert,MIN,C,76,34.11842105263158,13.960526315789474,12.921052631578947,1.3421052631578947,0.6842105263157895,2.1315789473684212,0.0,5.342105263157895,8.078947368421053,3.276315789473684,5.131578947368421
Rui Hachimura,LAL,PF,68,26.852941176470587,13.573529411764707,4.323529411764706,1.1911764705882353,0.6029411764705882,0.36764705882352944,1.4411764705882353,5.338235294117647,9.941176470588236,1.4558823529411764,1.9705882352941178
Russell Westbrook,LAC,PG,68,22.485294117647058,11.088235294117647,5.044117647058823,4.5,1.088235294117647,0.3382352941176471,0.6176470588235294,4.426470588235294,9.75,1.6176470588235294,2.3529411764705883
Ryan Arcidiacono,NYK,PG,20,2.25,0.0,0.4,0.2,0.1,0.0,0.0,0.0,0.3,0.0,0.0
Ryan Rollins,2TM,PG,13,6.0,3.3846153846153846,1.0,1.0769230769230769,0.7692307692307693,0.23076923076923078,0.23076923076923078,1.0769230769230769,2.076923076923077,1.0,1.3076923076923077
Saben Lee,PHO,PG,24,7.708333333333333,2.9583333333333335,1.2916666666666667,1.25,0.2916666666666667,0.125,0.08333333333333333,0.8333333333333334,2.2916666666666665,1.2083333333333333,1.625
Saddiq Bey,ATL,SF,63,32.73015873015873,13.698412698412698,6.523809523809524,1.4603174603174602,0.8095238095238095,0.1746031746031746,1.7936507936507937,4.603174603174603,11.063492063492063,2.6984126984126986,3.2222222222222223
Sam Hauser,BOS,SF,79,22.037974683544302,9.012658227848101,3.4936708860759493,1.0379746835443038,0.5063291139240507,0.31645569620253167,2.4936708860759493,3.151898734177215,7.063291139240507,0.21518987341772153,0.24050632911392406
Sam Merrill,CLE,SG,61,17.524590163934427,7.950819672131147,1.9672131147540983,1.7704918032786885,0.3114754098360656,0.06557377049180328,2.3442622950819674,2.5901639344262297,6.442622950819672,0.4262295081967213,0.45901639344262296
Sandro Mamukelashvili,SAS,C,46,9.804347826086957,4.130434782608695,3.1956521739130435,1.065217391304348,0.15217391304347827,0.2608695652173913,0.41304347826086957,1.5869565217391304,3.369565217391304,0.5434782608695652,0.7391304347826086
Santi Aldama,MEM,PF,61,26.524590163934427,10.721311475409836,5.770491803278689,2.262295081967213,0.7049180327868853,0.8852459016393442,1.7377049180327868,4.049180327868853,9.311475409836065,0.8852459016393442,1.4262295081967213
Sasha Vezenkov,SAC,PF,42,12.166666666666666,5.357142857142857,2.2857142857142856,0.4523809523809524,0.47619047619047616,0.16666666666666666,1.0714285714285714,2.0,4.5476190476190474,0.2857142857142857,0.35714285714285715
Scoot Henderson,POR,PG,62,28.467741935483872,14.0,3.129032258064516,5.419354838709677,0.7741935483870968,0.20967741935483872,1.403225806451613,4.951612903225806,12.85483870967742,2.693548387096774,3.2903225806451615
Scottie Barnes,TOR,SG,60,34.9,19.85,8.233333333333333,6.05,1.25,1.4666666666666666,1.6833333333333333,7.45,15.7,3.2666666666666666,4.183333333333334
Scotty Pippen Jr.,MEM,PG,21,25.095238095238095,12.904761904761905,3.1904761904761907,4.666666666666667,1.7142857142857142,0.47619047619047616,1.4285714285714286,4.761904761904762,9.666666666666666,1.9523809523809523,2.619047619047619
Seth Curry,2TM,SG,44,14.0,5.136363636363637,1.5454545454545454,1.0,0.5,0.13636363636363635,0.8636363636363636,1.8181818181818181,4.636363636363637,0.6363636363636364,0.7045454545454546
Seth Lundy,ATL,SF,9,5.777777777777778,1.5555555555555556,0.7777777777777778,0.0,0.0,0.0,0.3333333333333333,0.4444444444444444,1.8888888888888888,0.3333333333333333,0.4444444444444444
Shaedon Sharpe,POR,SG,32,33.09375,15.9375,5.0,2.9375,0.875,0.375,1.875,5.5,13.5625,3.0625,3.71875
Shai Gilgeous-Alexander,OKC,PG,75,34.04,30.053333333333335,5.533333333333333,6.2,2.0,0.8933333333333333,1.2666666666666666,10.613333333333333,19.826666666666668,7.56,8.653333333333334
Shake Milton,3TM,SG,48,12.104166666666666,4.5,1.5625,1.25,0.3958333333333333,0.125,0.375,1.6458333333333333,4.0625,0.8333333333333334,1.0208333333333333
Shaquille Harrison,MEM,SG,3,2.0,0.6666666666666666,0.6666666666666666,0.0,0.0,0.3333333333333333,0.0,0.3333333333333333,0.6666666666666666,0.0,0.0
Sidy Cissoko,SAS,SF,12,11.75,3.75,1.8333333333333333,0.8333333333333334,0.5833333333333334,0.25,0.08333333333333333,1.3333333333333333,2.75,1.0,1.25
Simone Fontecchio,2TM,SF,66,24.90909090909091,10.484848484848484,3.727272727272727,1.5303030303030303,0.6666666666666666,0.3484848484848485,2.0303030303030303,3.8181818181818183,8.303030303030303,0.8181818181818182,1.0
Skylar Mays,2TM,PG,38,11.394736842105264,4.078947368421052,1.131578947368421,2.236842105263158,0.5526315789473685,0.10526315789473684,0.42105263157894735,1.6578947368421053,4.184210526315789,0.34210526315789475,0.4473684210526316
Spencer Dinwiddie,2TM,PG,76,28.31578947368421,10.460526315789474,2.6973684210526314,4.684210526315789,0.6710526315789473,0.2894736842105263,1.631578947368421,3.3026315789473686,8.421052631578947,2.223684210526316,2.763157894736842
Stanley Umude,DET,SG,24,12.791666666666666,5.291666666666667,2.125,0.4583333333333333,0.3333333333333333,0.2916666666666667,1.0,1.5416666666666667,3.5,1.2083333333333333,1.3333333333333333
Stephen Curry,GSW,PG,74,32.71621621621622,26.43243243243243,4.45945945945946,5.121621621621622,0.7297297297297297,0.3783783783783784,4.824324324324325,8.783783783783784,19.527027027027028,4.04054054054054,4.378378378378378
Svi Mykhailiuk,BOS,SF,41,10.073170731707316,3.951219512195122,1.2439024390243902,0.8536585365853658,0.2682926829268293,0.024390243902439025,1.024390243902439,1.3902439024390243,3.341463414634146,0.14634146341463414,0.21951219512195122
T.J. McConnell,IND,PG,71,18.183098591549296,10.23943661971831,2.6901408450704225,5.492957746478873,1.0140845070422535,0.11267605633802817,0.2535211267605634,4.647887323943662,8.352112676056338,0.6901408450704225,0.8732394366197183
T.J. Warren,MIN,SF,11,11.363636363636363,3.727272727272727,2.0,0.8181818181818182,0.36363636363636365,0.09090909090909091,0.18181818181818182,1.6363636363636365,3.727272727272727,0.2727272727272727,0.36363636363636365
Taj Gibson,2TM,PF,20,10.2,1.7,1.85,0.55,0.15,0.35,0.1,0.75,1.85,0.1,0.1
Talen Horton-Tucker,UTA,PG,51,19.784313725490197,10.117647058823529,2.372549019607843,3.4705882352941178,0.8823529411764706,0.37254901960784315,1.1764705882352942,3.607843137254902,9.117647058823529,1.7254901960784315,2.1372549019607843
Tari Eason,HOU,PF,22,21.818181818181817,9.772727272727273,6.954545454545454,1.2272727272727273,1.4090909090909092,0.8636363636363636,0.8181818181818182,4.0,8.590909090909092,0.9545454545454546,1.5
Taurean Prince,LAL,PF,78,27.025641025641026,8.935897435897436,2.948717948717949,1.5256410256410255,0.7435897435897436,0.44871794871794873,1.8076923076923077,3.2435897435897436,7.333333333333333,0.6410256410256411,0.8717948717948718
Taylor Hendricks,UTA,PF,40,21.4,7.3,4.625,0.8,0.7,0.75,1.325,2.7,6.0,0.575,0.725
Taze Moore,POR,SG,4,10.0,4.5,2.0,1.25,0.5,0.0,0.25,2.0,4.75,0.25,0.5
Terance Mann,LAC,SG,75,24.973333333333333,8.773333333333333,3.3866666666666667,1.5866666666666667,0.5733333333333334,0.2,0.9466666666666667,3.3866666666666667,6.573333333333333,1.0533333333333332,1.2666666666666666
Terquavion Smith,PHI,PG,16,5.25,3.25,0.25,0.75,0.5,0.0,0.8125,1.125,2.875,0.1875,0.3125
Terry Rozier,2TM,SG,61,33.442622950819676,19.75409836065574,4.049180327868853,5.60655737704918,1.0327868852459017,0.3442622950819672,2.442622950819672,7.245901639344262,16.360655737704917,2.819672131147541,3.2459016393442623
Terry Taylor,CHI,PF,31,6.064516129032258,1.4838709677419355,1.1935483870967742,0.3225806451612903,0.16129032258064516,0.06451612903225806,0.06451612903225806,0.6451612903225806,1.2580645161290323,0.12903225806451613,0.16129032258064516
Thaddeus Young,2TM,PF,33,13.303030303030303,4.151515151515151,3.121212121212121,1.7272727272727273,0.696969696969697,0.15151515151515152,0.030303030303030304,1.9696969696969697,3.272727272727273,0.18181818181818182,0.45454545454545453
Thanasis Antetokounmpo,MIL,PF,34,4.5588235294117645,0.9411764705882353,0.38235294117647056,0.5,0.20588235294117646,0.11764705882352941,0.0,0.47058823529411764,0.8823529411764706,0.0,0.058823529411764705
Thomas Bryant,MIA,C,38,11.605263157894736,5.7105263157894735,3.710526315789474,0.6052631578947368,0.2631578947368421,0.42105263157894735,0.10526315789473684,2.263157894736842,3.9210526315789473,1.0789473684210527,1.236842105263158
Théo Maledon,2TM,PG,17,12.529411764705882,3.4705882352941178,1.411764705882353,1.6470588235294117,0.4117647058823529,0.0,0.29411764705882354,1.1764705882352942,4.117647058823529,0.8235294117647058,0.8823529411764706
Tim Hardaway Jr.,DAL,SF,79,26.835443037974684,14.417721518987342,3.2151898734177213,1.759493670886076,0.5316455696202531,0.0759493670886076,2.670886075949367,4.962025316455696,12.354430379746836,1.8227848101265822,2.1392405063291138
Timmy Allen,MEM,SF,5,25.0,2.6,3.4,1.0,0.8,0.0,0.0,1.2,4.6,0.2,0.4
Tobias Harris,PHI,PF,70,33.82857142857143,17.2,6.4714285714285715,3.1,1.0,0.6571428571428571,1.3,6.614285714285714,13.585714285714285,2.6714285714285713,3.0428571428571427
Torrey Craig,CHI,SF,53,19.79245283018868,5.716981132075472,4.09433962264151,1.0943396226415094,0.5660377358490566,0.39622641509433965,1.1320754716981132,2.0377358490566038,4.735849056603773,0.5094339622641509,0.6792452830188679
Tosan Evbuomwan,2TM,SF,17,21.58823529411765,5.9411764705882355,3.5294117647058822,0.9411764705882353,0.35294117647058826,0.29411764705882354,0.7058823529411765,2.1176470588235294,4.176470588235294,1.0,1.4705882352941178
Toumani Camara,POR,PF,70,24.84285714285714,7.5285714285714285,4.9,1.2428571428571429,0.9428571428571428,0.4714285714285714,0.8285714285714286,2.8142857142857145,6.257142857142857,1.0714285714285714,1.4142857142857144
Trae Young,ATL,PG,54,35.96296296296296,25.72222222222222,2.759259259259259,10.796296296296296,1.3333333333333333,0.2037037037037037,3.240740740740741,8.018518518518519,18.666666666666668,6.444444444444445,7.537037037037037
Trayce Jackson-Davis,GSW,PF,68,16.61764705882353,7.9411764705882355,5.014705882352941,1.2058823529411764,0.4264705882352941,1.1176470588235294,0.0,3.426470588235294,4.882352941176471,1.088235294117647,1.9411764705882353
Tre Jones,SAS,PG,77,27.766233766233768,10.012987012987013,3.7532467532467533,6.207792207792208,1.0129870129870129,0.11688311688311688,0.8311688311688312,3.935064935064935,7.792207792207792,1.3116883116883118,1.5324675324675325
Tre Mann,2TM,PG,41,24.073170731707318,9.317073170731707,3.6341463414634148,4.024390243902439,1.2439024390243902,0.07317073170731707,1.146341463414634,3.5365853658536586,7.7073170731707314,1.0975609756097562,1.4390243902439024
Trendon Watford,BRK,PF,63,13.587301587301587,6.857142857142857,3.0793650793650795,1.2857142857142858,0.36507936507936506,0.30158730158730157,0.42857142857142855,2.6031746031746033,4.936507936507937,1.2222222222222223,1.5396825396825398
Trent Forrest,ATL,SG,38,10.894736842105264,2.1842105263157894,1.3421052631578947,2.4210526315789473,0.2894736842105263,0.07894736842105263,0.05263157894736842,0.8947368421052632,2.3684210526315788,0.34210526315789475,0.4473684210526316
Trevelin Queen,ORL,SG,14,11.785714285714286,2.857142857142857,1.4285714285714286,1.2857142857142858,0.5,0.35714285714285715,0.21428571428571427,1.0,2.7142857142857144,0.6428571428571429,0.8571428571428571
Trey Jemison,2TM,C,25,22.92,6.84,5.36,1.08,0.48,1.12,0.0,3.0,5.44,0.84,1.0
Trey Lyles,SAC,PF,58,19.96551724137931,7.224137931034483,4.431034482758621,1.2413793103448276,0.29310344827586204,0.3275862068965517,1.4482758620689655,2.4655172413793105,5.5344827586206895,0.8448275862068966,1.206896551724138
Trey Murphy III,NOP,SF,57,29.649122807017545,14.771929824561404,4.912280701754386,2.175438596491228,0.8947368421052632,0.49122807017543857,2.9649122807017543,4.824561403508772,10.894736842105264,2.1578947368421053,2.6491228070175437
Tristan Thompson,CLE,C,49,11.204081632653061,3.2857142857142856,3.5510204081632653,1.0408163265306123,0.24489795918367346,0.2857142857142857,0.0,1.489795918367347,2.4489795918367347,0.30612244897959184,1.0612244897959184
Tristan Vukcevic,WAS,C,10,15.3,8.5,3.6,1.3,0.5,0.7,1.0,2.9,6.7,1.7,2.2
Troy Brown Jr.,2TM,SF,59,14.016949152542374,4.186440677966102,2.440677966101695,1.0169491525423728,0.4067796610169492,0.05084745762711865,0.7966101694915254,1.423728813559322,3.830508474576271,0.5423728813559322,0.6271186440677966
Ty Jerome,CLE,SG,2,7.5,2.0,0.5,1.5,0.0,0.0,0.0,1.0,2.0,0.0,0.0
TyTy Washington Jr.,MIL,PG,11,5.090909090909091,1.2727272727272727,0.45454545454545453,0.45454545454545453,0.2727272727272727,0.0,0.18181818181818182,0.5454545454545454,1.8181818181818181,0.0,0.0
Tyler Herro,MIA,SG,42,33.5,20.833333333333332,5.285714285714286,4.476190476190476,0.7142857142857143,0.07142857142857142,3.142857142857143,7.714285714285714,17.5,2.261904761904762,2.642857142857143
Tyrese Haliburton,IND,PG,69,32.231884057971016,20.130434782608695,3.927536231884058,10.898550724637682,1.2028985507246377,0.6956521739130435,2.8260869565217392,7.246376811594203,15.18840579710145,2.8115942028985508,3.289855072463768
Tyrese Maxey,PHI,PG,70,37.51428571428571,25.942857142857143,3.6857142857142855,6.185714285714286,0.9857142857142858,0.4714285714285714,3.0285714285714285,9.114285714285714,20.271428571428572,4.685714285714286,5.4
Tyus Jones,WAS,PG,66,29.28787878787879,11.969696969696969,2.712121212121212,7.348484848484849,1.0757575757575757,0.2727272727272727,1.606060606060606,4.9393939393939394,10.090909090909092,0.48484848484848486,0.6060606060606061
Udoka Azubuike,PHO,C,16,7.0625,2.1875,2.0,0.1875,0.0625,0.375,0.0,1.0,1.4375,0.1875,0.8125
Usman Garuba,GSW,PF,6,3.0,0.5,1.1666666666666667,0.16666666666666666,0.16666666666666666,0.5,0.0,0.16666666666666666,1.0,0.16666666666666666,0.3333333333333333
Vasilije Micić,2TM,PG,60,19.6,7.033333333333333,1.4666666666666666,4.366666666666666,0.5166666666666667,0.11666666666666667,0.7166666666666667,2.65,6.166666666666667,1.0166666666666666,1.25
Victor Wembanyama,SAS,C,71,29.661971830985916,21.43661971830986,10.633802816901408,3.859154929577465,1.2394366197183098,3.5774647887323945,1.8028169014084507,7.76056338028169,16.704225352112676,4.112676056338028,5.169014084507042
Vince Williams Jr.,MEM,SG,52,27.615384615384617,10.01923076923077,5.576923076923077,3.3653846153846154,0.9038461538461539,0.6538461538461539,1.5192307692307692,3.25,7.288461538461538,2.0,2.5
Vít Krejčí,ATL,PG,22,24.59090909090909,6.136363636363637,2.3636363636363638,2.272727272727273,0.5909090909090909,0.2727272727272727,1.2727272727272727,2.3181818181818183,4.7272727272727275,0.22727272727272727,0.2727272727272727
Walker Kessler,UTA,C,64,23.328125,8.09375,7.515625,0.9375,0.46875,2.40625,0.0625,3.578125,5.46875,0.875,1.453125
Wendell Carter Jr.,ORL,C,55,25.563636363636363,10.963636363636363,6.927272727272728,1.7272727272727273,0.6363636363636364,0.509090909090909,1.1636363636363636,4.054545454545455,7.7272727272727275,1.690909090909091,2.4363636363636365
Wendell Moore Jr.,MIN,SG,25,3.0,0.72,0.48,0.24,0.2,0.04,0.0,0.36,0.72,0.0,0.0
Wenyen Gabriel,MEM,PF,5,16.2,3.4,5.0,0.6,0.4,0.4,0.2,1.6,4.4,0.0,1.0
Wesley Matthews,ATL,SG,36,11.472222222222221,3.0555555555555554,1.4722222222222223,0.6388888888888888,0.4444444444444444,0.3055555555555556,0.6666666666666666,0.9444444444444444,2.6944444444444446,0.5,0.6666666666666666
Xavier Moon,LAC,SG,14,8.5,2.357142857142857,1.2857142857142858,1.5,0.21428571428571427,0.21428571428571427,0.14285714285714285,1.0714285714285714,3.2857142857142856,0.07142857142857142,0.14285714285714285
Xavier Tillman Sr.,2TM,PF,54,18.037037037037038,5.2592592592592595,3.9074074074074074,1.4259259259259258,0.9444444444444444,0.8148148148148148,0.37037037037037035,2.240740740740741,5.166666666666667,0.4074074074074074,0.9259259259259259
Yuta Watanabe,2TM,SF,34,13.647058823529411,3.4411764705882355,1.588235294117647,0.4411764705882353,0.35294117647058826,0.20588235294117646,0.7352941176470589,1.2058823529411764,3.411764705882353,0.29411764705882354,0.5
Zach Collins,SAS,C,69,22.115942028985508,11.246376811594203,5.36231884057971,2.8115942028985508,0.4927536231884058,0.7536231884057971,0.8405797101449275,4.318840579710145,8.927536231884059,1.7681159420289856,2.347826086956522
Zach LaVine,CHI,SG,25,34.88,19.48,5.16,3.92,0.84,0.32,2.36,6.8,15.04,3.52,4.12
Zavier Simpson,MEM,PG,7,23.0,6.0,2.857142857142857,3.5714285714285716,1.0,0.42857142857142855,0.7142857142857143,2.4285714285714284,7.714285714285714,0.42857142857142855,0.5714285714285714
Zeke Nnaji,DEN,PF,58,9.931034482758621,3.206896551724138,2.1724137931034484,0.5517241379310345,0.25862068965517243,0.6551724137931034,0.10344827586206896,1.1896551724137931,2.5689655172413794,0.7241379310344828,1.0689655172413792
Ziaire Williams,MEM,SF,51,20.352941176470587,8.235294117647058,3.5294117647058822,1.4705882352941178,0.7058823529411765,0.17647058823529413,1.1372549019607843,2.9411764705882355,7.411764705882353,1.2156862745098038,1.4705882352941178
Zion Williamson,NOP,PF,70,31.52857142857143,22.87142857142857,5.8,5.0285714285714285,1.1,0.6714285714285714,0.08571428571428572,8.914285714285715,15.628571428571428,4.957142857142857,7.057142857142857
