player,nba_team,positions,games,minutes_pg,pts_pg,reb_pg,ast_pg,stl_pg,blk_pg,fg3m_pg,fgm_pg,fga_pg,ftm_pg,fta_pg
A.J. Green,MIL,SG,35,9.857142857142858,4.4,1.2857142857142858,0.6285714285714286,0.17142857142857143,0.0,1.2571428571428571,1.5142857142857142,3.5714285714285716,0.11428571428571428,0.11428571428571428
A.J. Lawson,2TM,SG,15,7.2,3.7333333333333334,1.4,0.13333333333333333,0.13333333333333333,0.0,0.6666666666666666,1.4666666666666666,2.933333333333333,0.13333333333333333,0.5333333333333333
AJ Griffin,ATL,SF,72,19.458333333333332,8.875,2.125,1.0138888888888888,0.5833333333333334,0.16666666666666666,1.4027777777777777,3.4444444444444446,7.402777777777778,0.5833333333333334,0.6527777777777778
Aaron Gordon,DEN,PF,68,30.220588235294116,16.308823529411764,6.5588235294117645,2.985294117647059,0.7941176470588235,0.75,0.8823529411764706,6.3088235294117645,11.191176470588236,2.8088235294117645,4.617647058823529
Aaron Holiday,ATL,PG,63,13.412698412698413,3.9206349206349205,1.1746031746031746,1.4126984126984128,0.5873015873015873,0.19047619047619047,0.5714285714285714,1.4603174603174602,3.492063492063492,0.42857142857142855,0.5079365079365079
Aaron Nesmith,IND,SF,73,24.876712328767123,10.10958904109589,3.7945205479452055,1.3424657534246576,0.7534246575342466,0.4657534246575342,1.5753424657534247,3.452054794520548,8.082191780821917,1.63013698630137,1.9452054794520548
Aaron Wiggins,OKC,SG,70,18.52857142857143,6.8428571428571425,3.0,1.1428571428571428,0.5571428571428572,0.21428571428571427,0.6857142857142857,2.657142857142857,5.185714285714286,0.8428571428571429,1.0142857142857142
Admiral Schofield,ORL,PF,37,12.18918918918919,4.1891891891891895,1.6756756756756757,0.8378378378378378,0.21621621621621623,0.13513513513513514,0.6486486486486487,1.4864864864864864,3.2972972972972974,0.5675675675675675,0.6216216216216216
Al Horford,BOS,C,63,30.50793650793651,9.777777777777779,6.190476190476191,3.0,0.47619047619047616,0.9682539682539683,2.3015873015873014,3.619047619047619,7.603174603174603,0.23809523809523808,0.3333333333333333
Alec Burks,DET,SG,51,22.0,12.784313725490197,3.0980392156862746,2.235294117647059,0.7450980392156863,0.1568627450980392,1.9411764705882353,3.9215686274509802,9.0,3.0,3.6862745098039214
Aleksej Pokusevski,OKC,PF,34,20.61764705882353,8.117647058823529,4.676470588235294,1.8823529411764706,0.5882352941176471,1.2647058823529411,1.1176470588235294,3.176470588235294,7.323529411764706,0.6470588235294118,1.0294117647058822
Alex Caruso,CHI,PG,67,23.507462686567163,5.582089552238806,2.925373134328358,2.8805970149253732,1.462686567164179,0.6865671641791045,0.8208955223880597,1.9402985074626866,4.268656716417911,0.8805970149253731,1.0895522388059702
Alex Len,SAC,C,26,6.1923076923076925,1.6538461538461537,2.3076923076923075,0.46153846153846156,0.15384615384615385,0.4230769230769231,0.0,0.6153846153846154,1.1538461538461537,0.4230769230769231,0.6153846153846154
Alize Johnson,SAS,PF,4,7.5,1.75,2.5,0.25,0.25,0.0,0.0,0.75,1.5,0.25,0.5
Alondes Williams,BRK,SG,1,5.0,0.0,1.0,0.0,0.0,0.0,0.0,0.0,0.0,0.0,0.0
Alperen Şengün,HOU,C,75,28.946666666666665,14.786666666666667,9.04,3.88,0.9333333333333333,0.9333333333333333,0.25333333333333335,5.8933333333333335,10.653333333333334,2.7466666666666666,3.84
Amir Coffey,LAC,SF,50,12.5,3.44,1.06,1.06,0.14,0.1,0.22,1.12,2.9,0.98,1.26
Andre Drummond,CHI,C,67,12.671641791044776,5.955223880597015,6.626865671641791,0.4925373134328358,0.6716417910447762,0.40298507462686567,0.0,2.4776119402985075,4.08955223880597,1.0,1.8656716417910448
Andre Iguodala,GSW,PF,8,14.125,2.125,2.125,2.375,0.5,0.375,0.125,0.875,1.875,0.25,0.375
Andrew Nembhard,IND,SG,75,27.64,9.453333333333333,2.6533333333333333,4.546666666666667,0.9333333333333333,0.17333333333333334,1.2266666666666666,3.7866666666666666,8.586666666666666,0.6533333333333333,0.8266666666666667
Andrew Wiggins,GSW,SF,37,32.16216216216216,17.10810810810811,5.027027027027027,2.2972972972972974,1.2162162162162162,0.7567567567567568,2.4054054054054053,6.756756756756757,14.297297297297296,1.1891891891891893,1.945945945945946
Anfernee Simons,POR,SG,62,35.016129032258064,21.06451612903226,2.596774193548387,4.080645161290323,0.6774193548387096,0.22580645161290322,3.4193548387096775,7.532258064516129,16.85483870967742,2.5806451612903225,2.8870967741935485
Anthony Davis,LAL,C,56,34.0,25.910714285714285,12.535714285714286,2.642857142857143,1.0535714285714286,2.0357142857142856,0.3392857142857143,9.678571428571429,17.178571428571427,6.214285714285714,7.928571428571429
Anthony Edwards,MIN,SG,79,35.9746835443038,24.632911392405063,5.7974683544303796,4.430379746835443,1.5822784810126582,0.7341772151898734,2.6962025316455698,8.949367088607595,19.50632911392405,4.037974683544304,5.341772151898734
Anthony Gill,WAS,PF,59,10.576271186440678,3.305084745762712,1.6779661016949152,0.576271186440678,0.11864406779661017,0.2033898305084746,0.06779661016949153,1.2033898305084745,2.23728813559322,0.8305084745762712,1.1355932203389831
Anthony Lamb,GSW,SF,62,19.274193548387096,6.693548387096774,3.467741935483871,1.5483870967741935,0.45161290322580644,0.3225806451612903,1.1774193548387097,2.3870967741935485,5.064516129032258,0.7419354838709677,0.967741935483871
Austin Reaves,LAL,SG,64,28.796875,13.015625,3.015625,3.359375,0.515625,0.296875,1.34375,4.046875,7.65625,3.578125,4.140625
Austin Rivers,MIN,SG,52,19.53846153846154,4.903846153846154,1.5961538461538463,1.4423076923076923,0.5384615384615384,0.07692307692307693,0.8269230769230769,1.75,4.019230769230769,0.5769230769230769,0.75
Ayo Dosunmu,CHI,SG,80,26.225,8.5875,2.75,2.575,0.775,0.325,0.7375,3.5125,7.125,0.825,1.025
Bam Adebayo,MIA,C,75,34.64,20.386666666666667,9.173333333333334,3.2,1.1733333333333333,0.8133333333333334,0.013333333333333334,8.026666666666667,14.853333333333333,4.32,5.36
Ben Simmons,BRK,PG,42,26.30952380952381,6.928571428571429,6.261904761904762,6.095238095238095,1.2857142857142858,0.5714285714285714,0.0,3.1666666666666665,5.595238095238095,0.5952380952380952,1.3571428571428572
Bennedict Mathurin,IND,SG,78,28.487179487179485,16.692307692307693,4.076923076923077,1.4871794871794872,0.6153846153846154,0.16666666666666666,1.2820512820512822,5.294871794871795,12.192307692307692,4.82051282051282,5.82051282051282
Bismack Biyombo,PHO,C,61,14.327868852459016,4.311475409836065,4.262295081967213,0.9180327868852459,0.29508196721311475,1.4426229508196722,0.0,1.9508196721311475,3.377049180327869,0.4098360655737705,1.1475409836065573
Blake Griffin,BOS,C,41,13.878048780487806,4.146341463414634,3.7804878048780486,1.4878048780487805,0.34146341463414637,0.21951219512195122,0.5609756097560976,1.5365853658536586,3.1707317073170733,0.5121951219512195,0.7804878048780488
Blake Wesley,SAS,SG,37,18.08108108108108,4.972972972972973,2.189189189189189,2.6486486486486487,0.6756756756756757,0.13513513513513514,0.5405405405405406,1.864864864864865,5.8108108108108105,0.7027027027027027,1.1891891891891893
Boban Marjanović,HOU,C,31,5.516129032258065,3.2903225806451615,1.935483870967742,0.2903225806451613,0.16129032258064516,0.06451612903225806,0.0,1.3225806451612903,1.935483870967742,0.6451612903225806,0.8709677419354839
Bobby Portis,MIL,PF,70,25.97142857142857,14.1,9.6,1.5,0.4142857142857143,0.22857142857142856,1.3571428571428572,5.685714285714286,11.471428571428572,1.3714285714285714,1.7857142857142858
Bogdan Bogdanović,ATL,SG,54,27.925925925925927,14.0,3.0555555555555554,2.7777777777777777,0.7962962962962963,0.3333333333333333,2.7037037037037037,5.055555555555555,11.314814814814815,1.1851851851851851,1.4259259259259258
Bojan Bogdanović,DET,PF,59,32.08474576271186,21.576271186440678,3.7796610169491527,2.5762711864406778,0.576271186440678,0.13559322033898305,2.457627118644068,7.288135593220339,14.94915254237288,4.5423728813559325,5.135593220338983
Bol Bol,ORL,PF,70,21.5,9.057142857142857,5.785714285714286,0.9857142857142858,0.42857142857142855,1.2142857142857142,0.42857142857142855,3.7285714285714286,6.828571428571428,1.1714285714285715,1.542857142857143
Bones Hyland,2TM,PG,56,19.375,11.767857142857142,2.4107142857142856,3.0714285714285716,0.6964285714285714,0.26785714285714285,2.0892857142857144,4.071428571428571,10.196428571428571,1.5357142857142858,1.8214285714285714
Bradley Beal,WAS,SG,50,33.46,23.2,3.92,5.42,0.9,0.66,1.6,8.88,17.56,3.84,4.56
Brandon Boston Jr.,LAC,SF,22,11.272727272727273,6.5,1.3636363636363635,0.9090909090909091,0.4090909090909091,0.0,0.5454545454545454,2.3181818181818183,5.545454545454546,1.3181818181818181,1.7272727272727273
Brandon Clarke,MEM,PF,56,19.464285714285715,9.964285714285714,5.535714285714286,1.2857142857142858,0.6071428571428571,0.6607142857142857,0.017857142857142856,4.089285714285714,6.232142857142857,1.7678571428571428,2.4464285714285716
Brandon Ingram,NOP,SF,45,34.17777777777778,24.711111111111112,5.466666666666667,5.822222222222222,0.7111111111111111,0.4222222222222222,1.4222222222222223,8.977777777777778,18.555555555555557,5.333333333333333,6.044444444444444
Braxton Key,DET,SF,3,3.0,1.3333333333333333,0.3333333333333333,0.0,0.0,0.0,0.0,0.3333333333333333,0.3333333333333333,0.6666666666666666,0.6666666666666666
Brook Lopez,MIL,C,78,30.423076923076923,15.884615384615385,6.666666666666667,1.2692307692307692,0.47435897435897434,2.4743589743589745,1.7435897435897436,6.115384615384615,11.525641025641026,1.9102564102564104,2.4358974358974357
Bruce Brown,DEN,SF,80,28.5,11.5375,4.1,3.35,1.0875,0.6375,1.1375,4.475,9.2625,1.45,1.9125
Bruno Fernando,2TM,C,39,10.384615384615385,3.923076923076923,3.5128205128205128,0.7948717948717948,0.15384615384615385,0.8717948717948718,0.0,1.5128205128205128,2.871794871794872,0.8974358974358975,1.2820512820512822
Bryce McGowens,CHO,SG,46,17.108695652173914,5.3478260869565215,2.0217391304347827,1.173913043478261,0.32608695652173914,0.13043478260869565,0.5652173913043478,1.7391304347826086,4.391304347826087,1.3043478260869565,1.7391304347826086
Bryn Forbes,MIN,SG,25,10.72,3.56,0.6,0.68,0.28,0.08,0.56,1.2,3.32,0.6,0.6
Buddy Boeheim,DET,SF,10,9.0,1.6,0.6,0.4,0.2,0.0,0.4,0.5,2.7,0.2,0.2
Buddy Hield,IND,SF,80,31.025,16.8,5.0,2.8125,1.15,0.325,3.6,5.9375,12.975,1.325,1.6125
CJ McCollum,NOP,PG,75,35.32,20.906666666666666,4.373333333333333,5.72,0.9333333333333333,0.5066666666666667,2.8133333333333335,7.826666666666667,17.92,2.44,3.1733333333333333
Cade Cunningham,DET,PG,12,33.333333333333336,19.916666666666668,6.166666666666667,6.0,0.8333333333333334,0.5833333333333334,1.4166666666666667,7.75,18.666666666666668,3.0,3.5833333333333335
Caleb Houstan,ORL,SF,51,15.92156862745098,3.784313725490196,1.9411764705882353,0.5882352941176471,0.23529411764705882,0.13725490196078433,0.9019607843137255,1.2941176470588236,3.5686274509803924,0.29411764705882354,0.35294117647058826
Caleb Martin,MIA,SF,71,29.253521126760564,9.619718309859154,4.845070422535211,1.647887323943662,1.0,0.43661971830985913,1.1830985915492958,3.5774647887323945,7.71830985915493,1.2816901408450705,1.591549295774648
Cam Reddish,2TM,SF,40,24.75,9.675,2.2,1.425,0.975,0.35,1.125,3.475,7.8,1.6,1.875
Cam Thomas,BRK,SG,57,16.63157894736842,10.596491228070175,1.6666666666666667,1.368421052631579,0.3508771929824561,0.12280701754385964,0.8947368421052632,3.526315789473684,8.0,2.6491228070175437,3.0526315789473686
Cameron Johnson,2TM,PF,42,28.547619047619047,15.476190476190476,4.404761904761905,1.8571428571428572,1.1904761904761905,0.3333333333333333,2.4523809523809526,5.309523809523809,11.285714285714286,2.4047619047619047,2.857142857142857
Cameron Payne,PHO,PG,48,20.166666666666668,10.270833333333334,2.2083333333333335,4.458333333333333,0.6875,0.16666666666666666,1.4166666666666667,3.9166666666666665,9.4375,1.0208333333333333,1.3333333333333333
Caris LeVert,CLE,SG,74,30.22972972972973,12.121621621621621,3.810810810810811,3.8783783783783785,0.972972972972973,0.32432432432432434,1.7162162162162162,4.324324324324325,10.027027027027026,1.7567567567567568,2.4324324324324325
Carlik Jones,CHI,PG,7,8.0,2.857142857142857,0.7142857142857143,0.8571428571428571,0.2857142857142857,0.0,0.42857142857142855,0.8571428571428571,2.142857142857143,0.7142857142857143,1.1428571428571428
Cedi Osman,CLE,SF,77,20.103896103896105,8.688311688311689,2.2857142857142856,1.4935064935064934,0.45454545454545453,0.14285714285714285,1.5064935064935066,3.103896103896104,6.883116883116883,0.974025974025974,1.4025974025974026
Chance Comanche,POR,C,1,21.0,7.0,3.0,0.0,0.0,1.0,0.0,3.0,5.0,1.0,4.0
Charles Bassey,SAS,C,35,14.514285714285714,5.685714285714286,5.514285714285714,1.3714285714285714,0.45714285714285713,0.9428571428571428,0.08571428571428572,2.4857142857142858,3.857142857142857,0.6285714285714286,1.0571428571428572
Chima Moneke,SAC,SF,2,4.0,1.0,1.0,0.5,0.0,0.0,0.0,0.5,1.0,0.0,1.0
Chimezie Metu,SAC,PF,66,10.43939393939394,4.863636363636363,3.0,0.6060606060606061,0.3333333333333333,0.3181818181818182,0.13636363636363635,1.9545454545454546,3.3181818181818183,0.8181818181818182,1.106060606060606
Chris Boucher,TOR,PF,76,20.039473684210527,9.368421052631579,5.5394736842105265,0.3815789473684211,0.618421052631579,0.8421052631578947,0.8157894736842105,3.4342105263157894,6.9605263157894735,1.6842105263157894,2.210526315789474
Chris Duarte,IND,SF,46,19.5,7.869565217391305,2.5,1.391304347826087,0.5434782608695652,0.1956521739130435,1.1956521739130435,2.6739130434782608,7.239130434782608,1.326086956521739,1.565217391304348
Chris Paul,PHO,PG,59,32.016949152542374,13.88135593220339,4.254237288135593,8.88135593220339,1.5423728813559323,0.3728813559322034,1.6610169491525424,4.983050847457627,11.322033898305085,2.2542372881355934,2.711864406779661
Chris Silva,DAL,PF,1,3.0,2.0,0.0,0.0,0.0,0.0,0.0,1.0,1.0,0.0,0.0
Christian Braun,DEN,SG,76,15.539473684210526,4.7368421052631575,2.3815789473684212,0.7763157894736842,0.5394736842105263,0.2236842105263158,0.4473684210526316,1.881578947368421,3.8026315789473686,0.5263157894736842,0.8421052631578947
Christian Koloko,TOR,C,58,13.827586206896552,3.1379310344827585,2.9482758620689653,0.5344827586206896,0.3620689655172414,0.9827586206896551,0.017241379310344827,1.2413793103448276,2.586206896551724,0.6379310344827587,1.0172413793103448
Christian Wood,DAL,C,67,25.940298507462686,16.62686567164179,7.3283582089552235,1.8059701492537314,0.44776119402985076,1.0746268656716418,1.5671641791044777,5.91044776119403,11.477611940298507,3.2388059701492535,4.1940298507462686
Chuma Okeke,ORL,SF,27,19.185185185185187,4.7407407407407405,3.5555555555555554,1.3703703703703705,0.7037037037037037,0.4074074074074074,0.9629629629629629,1.5925925925925926,4.518518518518518,0.5925925925925926,0.7777777777777778
Clint Capela,ATL,C,65,26.615384615384617,11.984615384615385,11.03076923076923,0.8923076923076924,0.6923076923076923,1.2153846153846153,0.0,5.384615384615385,8.246153846153845,1.2153846153846153,2.0153846153846153
Coby White,CHI,SG,74,23.37837837837838,9.662162162162161,2.864864864864865,2.7567567567567566,0.7297297297297297,0.08108108108108109,1.7297297297297298,3.554054054054054,8.027027027027026,0.8243243243243243,0.9459459459459459
Cody Martin,CHO,SF,7,19.142857142857142,5.0,3.4285714285714284,1.5714285714285714,0.5714285714285714,0.14285714285714285,0.42857142857142855,2.0,5.142857142857143,0.5714285714285714,1.0
Cody Zeller,MIA,C,15,14.466666666666667,6.533333333333333,4.266666666666667,0.6666666666666666,0.2,0.26666666666666666,0.0,2.466666666666667,3.933333333333333,1.6,2.3333333333333335
Cole Anthony,ORL,PG,60,25.866666666666667,13.016666666666667,4.8,3.9166666666666665,0.6166666666666667,0.5166666666666667,1.25,4.616666666666666,10.166666666666666,2.533333333333333,2.8333333333333335
Cole Swider,LAL,SF,7,5.857142857142857,1.2857142857142858,1.0,0.5714285714285714,0.0,0.0,0.42857142857142855,0.42857142857142855,1.2857142857142858,0.0,0.0
Collin Sexton,UTA,PG,48,23.854166666666668,14.270833333333334,2.1875,2.875,0.5625,0.125,1.0,4.9375,9.75,3.3958333333333335,4.145833333333333
Corey Kispert,WAS,SF,74,28.283783783783782,11.08108108108108,2.7972972972972974,1.1756756756756757,0.43243243243243246,0.12162162162162163,2.2027027027027026,3.9324324324324325,7.905405405405405,1.0135135135135136,1.1891891891891893
Cory Joseph,DET,PG,62,19.79032258064516,6.887096774193548,1.7096774193548387,3.5,0.5483870967741935,0.14516129032258066,1.1290322580645162,2.4193548387096775,5.661290322580645,0.9193548387096774,1.1612903225806452
D'Angelo Russell,2TM,PG,71,32.45070422535211,17.788732394366196,3.028169014084507,6.154929577464789,0.9859154929577465,0.4084507042253521,2.732394366197183,6.267605633802817,13.352112676056338,2.5211267605633805,3.0422535211267605
Daishen Nix,HOU,PG,57,16.035087719298247,3.9649122807017543,1.719298245614035,2.3157894736842106,0.543859649122807,0.12280701754385964,0.7017543859649122,1.4210526315789473,4.157894736842105,0.42105263157894735,0.631578947368421
Dalano Banton,TOR,PG,31,9.0,4.580645161290323,1.4516129032258065,1.1612903225806452,0.41935483870967744,0.41935483870967744,0.4838709677419355,1.7741935483870968,4.193548387096774,0.5483870967741935,0.7741935483870968
Dalen Terry,CHI,SG,38,5.631578947368421,2.236842105263158,0.9736842105263158,0.5789473684210527,0.2894736842105263,0.13157894736842105,0.18421052631578946,0.8421052631578947,1.894736842105263,0.3684210526315789,0.5526315789473685
Damian Jones,2TM,C,41,11.634146341463415,3.4634146341463414,2.975609756097561,0.36585365853658536,0.1951219512195122,0.5121951219512195,0.24390243902439024,1.3414634146341464,2.097560975609756,0.5365853658536586,0.7073170731707317
Damian Lillard,POR,PG,58,36.327586206896555,32.172413793103445,4.775862068965517,7.327586206896552,0.8620689655172413,0.3103448275862069,4.206896551724138,9.586206896551724,20.724137931034484,8.793103448275861,9.620689655172415
Damion Lee,PHO,SG,74,20.35135135135135,8.162162162162161,3.0405405405405403,1.337837837837838,0.40540540540540543,0.0945945945945946,1.4864864864864864,2.7027027027027026,6.108108108108108,1.2702702702702702,1.4054054054054055
Daniel Gafford,WAS,C,78,20.564102564102566,9.038461538461538,5.551282051282051,1.0769230769230769,0.4230769230769231,1.2692307692307692,0.0,3.7051282051282053,5.064102564102564,1.6282051282051282,2.3974358974358974
Daniel Theis,IND,C,7,15.571428571428571,7.0,3.142857142857143,1.2857142857142858,0.2857142857142857,0.8571428571428571,0.2857142857142857,3.0,6.285714285714286,0.7142857142857143,1.7142857142857142
Danny Green,2TM,SG,11,12.545454545454545,5.545454545454546,1.2727272727272727,0.5454545454545454,0.5454545454545454,0.2727272727272727,1.4545454545454546,2.0,4.454545454545454,0.09090909090909091,0.09090909090909091
Danuel House Jr.,PHI,SF,56,14.410714285714286,4.785714285714286,1.6785714285714286,0.7857142857142857,0.25,0.16071428571428573,0.6607142857142857,1.6607142857142858,3.517857142857143,0.8035714285714286,1.0714285714285714
Dario Šarić,2TM,C,57,14.140350877192983,6.350877192982456,3.6315789473684212,1.2982456140350878,0.3508771929824561,0.12280701754385964,0.7894736842105263,2.2280701754385963,4.859649122807017,1.105263157894737,1.3333333333333333
Darius Bazley,2TM,C,43,14.325581395348838,5.209302325581396,3.2093023255813953,0.8837209302325582,0.5116279069767442,0.7906976744186046,0.46511627906976744,1.930232558139535,4.255813953488372,0.8837209302325582,1.627906976744186
Darius Days,HOU,SF,4,6.25,3.75,1.5,0.25,0.0,0.25,0.75,1.25,3.0,0.5,0.5
Darius Garland,CLE,PG,69,35.46376811594203,21.594202898550726,2.681159420289855,7.797101449275362,1.2318840579710144,0.13043478260869565,2.449275362318841,7.565217391304348,16.36231884057971,4.0144927536231885,4.6521739130434785
David Duke Jr.,BRK,SG,23,9.91304347826087,3.6956521739130435,1.2608695652173914,0.9130434782608695,0.43478260869565216,0.043478260869565216,0.043478260869565216,1.565217391304348,3.391304347826087,0.5217391304347826,0.7391304347826086
David Roddy,MEM,PF,70,17.97142857142857,6.6571428571428575,2.757142857142857,0.8428571428571429,0.4142857142857143,0.2714285714285714,0.9285714285714286,2.5714285714285716,6.0,0.5857142857142857,0.9285714285714286
Davion Mitchell,SAC,PG,80,18.0875,5.625,1.3125,2.3125,0.55,0.1875,0.7875,2.2625,4.9875,0.3125,0.3875
Davon Reed,2TM,SG,43,7.953488372093023,2.0697674418604652,1.372093023255814,0.5348837209302325,0.3488372093023256,0.09302325581395349,0.3953488372093023,0.6511627906976745,1.9534883720930232,0.37209302325581395,0.5581395348837209
Day'Ron Sharpe,BRK,C,48,11.5,4.729166666666667,4.166666666666667,0.7708333333333334,0.3125,0.6666666666666666,0.125,1.9375,3.5625,0.7291666666666666,1.1458333333333333
De'Aaron Fox,SAC,PG,73,33.35616438356164,25.013698630136986,4.191780821917808,6.123287671232877,1.1369863013698631,0.3150684931506849,1.63013698630137,9.342465753424657,18.232876712328768,4.698630136986301,6.027397260273973
De'Andre Hunter,ATL,SF,67,31.73134328358209,15.35820895522388,4.2388059701492535,1.4029850746268657,0.5223880597014925,0.2537313432835821,1.492537313432836,5.656716417910448,12.26865671641791,2.5522388059701493,3.08955223880597
De'Anthony Melton,PHI,SG,77,27.92207792207792,10.12987012987013,4.0519480519480515,2.5584415584415585,1.6363636363636365,0.5324675324675324,2.038961038961039,3.5974025974025974,8.454545454545455,0.8961038961038961,1.12987012987013
DeAndre Jordan,DEN,C,39,15.025641025641026,5.102564102564102,5.17948717948718,0.8717948717948718,0.3076923076923077,0.5897435897435898,0.02564102564102564,2.2564102564102564,2.948717948717949,0.5641025641025641,1.2307692307692308
DeMar DeRozan,CHI,SF,74,36.24324324324324,24.54054054054054,4.635135135135135,5.094594594594595,1.1216216216216217,0.4864864864864865,0.6216216216216216,8.878378378378379,17.60810810810811,6.162162162162162,7.0675675675675675
Dean Wade,CLE,PF,44,20.25,4.681818181818182,3.409090909090909,0.8409090909090909,0.6363636363636364,0.4772727272727273,1.0227272727272727,1.6590909090909092,4.0227272727272725,0.3409090909090909,0.5227272727272727
Deandre Ayton,PHO,C,67,30.37313432835821,17.955223880597014,9.955223880597014,1.7164179104477613,0.5522388059701493,0.7910447761194029,0.1044776119402985,7.791044776119403,13.238805970149254,2.2686567164179103,2.985074626865672
Dejounte Murray,ATL,SG,74,36.391891891891895,20.472972972972972,5.256756756756757,6.054054054054054,1.5135135135135136,0.25675675675675674,1.7972972972972974,8.27027027027027,17.824324324324323,2.135135135135135,2.5675675675675675
Delon Wright,WAS,PG,50,24.42,7.38,3.6,3.88,1.84,0.34,0.82,2.76,5.82,1.04,1.2
Deni Avdija,WAS,SF,76,26.57894736842105,9.171052631578947,6.407894736842105,2.776315789473684,0.8552631578947368,0.3815789473684211,0.9078947368421053,3.3289473684210527,7.618421052631579,1.605263157894737,2.1710526315789473
Dennis Schröder,LAL,PG,66,30.09090909090909,12.575757575757576,2.5,4.515151515151516,0.7575757575757576,0.15151515151515152,1.121212121212121,4.090909090909091,9.848484848484848,3.272727272727273,3.8181818181818183
Dennis Smith Jr.,CHO,PG,54,25.74074074074074,8.777777777777779,3.0925925925925926,4.833333333333333,1.3888888888888888,0.46296296296296297,0.4444444444444444,3.4444444444444446,8.37037037037037,1.4444444444444444,1.962962962962963
Deonte Burton,SAC,PF,2,3.0,0.0,0.0,0.0,0.0,0.0,0.0,0.0,1.0,0.0,0.0
Dereon Seabron,NOP,SG,5,2.4,0.8,0.2,0.0,0.0,0.0,0.0,0.4,1.0,0.0,0.0
Derrick Jones Jr.,CHI,PF,64,13.953125,4.984375,2.390625,0.53125,0.453125,0.578125,0.421875,1.796875,3.59375,0.96875,1.3125
Derrick Rose,NYK,PG,27,12.518518518518519,5.62962962962963,1.4814814814814814,1.7037037037037037,0.25925925925925924,0.18518518518518517,0.7037037037037037,2.259259259259259,5.888888888888889,0.4074074074074074,0.4444444444444444
Derrick White,BOS,SG,82,28.28048780487805,12.402439024390244,3.573170731707317,3.9146341463414633,0.6585365853658537,0.926829268292683,1.8170731707317074,4.2682926829268295,9.24390243902439,2.048780487804878,2.341463414634146
Desmond Bane,MEM,SG,58,31.74137931034483,21.5,5.017241379310345,4.379310344827586,0.9655172413793104,0.3793103448275862,2.8620689655172415,7.758620689655173,16.189655172413794,3.1206896551724137,3.5344827586206895
Devin Booker,PHO,SG,53,34.62264150943396,27.754716981132077,4.528301886792453,5.528301886792453,0.9622641509433962,0.33962264150943394,2.0943396226415096,9.943396226415095,20.132075471698112,5.773584905660377,6.754716981132075
Devin Vassell,SAS,SG,38,31.0,18.5,3.8947368421052633,3.5789473684210527,1.131578947368421,0.4473684210526316,2.710526315789474,6.868421052631579,15.657894736842104,2.0526315789473686,2.6315789473684212
Devon Dotson,WAS,PG,6,8.833333333333334,0.5,1.6666666666666667,1.3333333333333333,0.8333333333333334,0.0,0.16666666666666666,0.16666666666666666,1.6666666666666667,0.0,0.0
Devonte' Graham,2TM,PG,73,18.328767123287673,7.383561643835616,1.6712328767123288,2.684931506849315,0.6164383561643836,0.2191780821917808,1.63013698630137,2.2054794520547945,5.904109589041096,1.3424657534246576,1.7945205479452055
Dewayne Dedmon,2TM,C,38,11.210526315789474,5.2368421052631575,3.526315789473684,0.6842105263157895,0.23684210526315788,0.5,0.3157894736842105,2.026315789473684,3.973684210526316,0.868421052631579,1.2894736842105263
Dillon Brooks,MEM,SF,73,30.328767123287673,14.342465753424657,3.3424657534246576,2.589041095890411,0.8904109589041096,0.2191780821917808,1.9589041095890412,5.36986301369863,13.575342465753424,1.643835616438356,2.1095890410958904
Domantas Sabonis,SAC,C,79,34.63291139240506,19.11392405063291,12.316455696202532,7.253164556962025,0.8227848101265823,0.4936708860759494,0.3924050632911392,7.30379746835443,11.873417721518987,4.113924050632911,5.544303797468355
Dominick Barlow,SAS,PF,28,14.571428571428571,3.9285714285714284,3.642857142857143,0.8571428571428571,0.35714285714285715,0.6785714285714286,0.0,1.6428571428571428,3.0714285714285716,0.6428571428571429,0.8928571428571429
Donovan Mitchell,CLE,SG,68,35.76470588235294,28.264705882352942,4.25,4.426470588235294,1.4558823529411764,0.39705882352941174,3.6029411764705883,9.985294117647058,20.61764705882353,4.6911764705882355,5.411764705882353
Donovan Williams,ATL,SG,2,2.0,2.0,1.0,0.0,0.0,0.0,0.0,1.0,2.5,0.0,0.0
Donte DiVincenzo,GSW,SG,72,26.305555555555557,9.416666666666666,4.513888888888889,3.5,1.3472222222222223,0.1388888888888889,2.0833333333333335,3.263888888888889,7.5,0.8055555555555556,0.9861111111111112
Dorian Finney-Smith,2TM,PF,66,30.439393939393938,8.348484848484848,4.787878787878788,1.5151515151515151,0.8333333333333334,0.5454545454545454,1.7272727272727273,2.9696969696969697,7.590909090909091,0.6818181818181818,0.8939393939393939
Doug McDermott,SAS,SF,64,20.53125,10.21875,2.171875,1.421875,0.203125,0.09375,1.921875,3.734375,8.171875,0.828125,1.09375
Draymond Green,GSW,PF,73,31.465753424657535,8.452054794520548,7.191780821917808,6.8493150684931505,1.0136986301369864,0.821917808219178,0.547945205479452,3.4246575342465753,6.493150684931507,1.0547945205479452,1.4794520547945205
Drew Eubanks,POR,C,78,20.307692307692307,6.641025641025641,5.358974358974359,1.3205128205128205,0.5128205128205128,1.3076923076923077,0.08974358974358974,2.7435897435897436,4.282051282051282,1.064102564102564,1.6025641025641026
Dru Smith,2TM,SG,15,10.533333333333333,2.933333333333333,1.6,1.4666666666666666,0.6666666666666666,0.26666666666666666,0.3333333333333333,1.2,3.0,0.2,0.2
Duane Washington Jr.,PHO,SG,31,12.709677419354838,7.870967741935484,1.1612903225806452,2.032258064516129,0.1935483870967742,0.12903225806451613,1.2903225806451613,3.032258064516129,8.258064516129032,0.5161290322580645,0.7741935483870968
Duncan Robinson,MIA,SF,42,16.452380952380953,6.380952380952381,1.6428571428571428,1.0952380952380953,0.3333333333333333,0.0,1.5,2.0952380952380953,5.642857142857143,0.6904761904761905,0.7619047619047619
Dwight Powell,DAL,C,76,19.18421052631579,6.657894736842105,4.131578947368421,0.9078947368421053,0.631578947368421,0.34210526315789475,0.0,2.5921052631578947,3.539473684210526,1.4736842105263157,2.210526315789474
Dylan Windler,CLE,SF,3,3.3333333333333335,1.6666666666666667,0.0,0.3333333333333333,0.3333333333333333,0.0,0.3333333333333333,0.6666666666666666,1.0,0.0,0.0
Dyson Daniels,NOP,PG,59,17.661016949152543,3.847457627118644,3.1864406779661016,2.2711864406779663,0.7288135593220338,0.1864406779661017,0.4576271186440678,1.4745762711864407,3.5254237288135593,0.4406779661016949,0.6779661016949152
Dāvis Bertāns,DAL,PF,45,10.933333333333334,4.5777777777777775,1.1777777777777778,0.4666666666666667,0.24444444444444444,0.17777777777777778,1.2222222222222223,1.5333333333333334,3.5555555555555554,0.28888888888888886,0.3333333333333333
Edmond Sumner,BRK,SG,53,13.88679245283019,7.132075471698113,1.490566037735849,1.2830188679245282,0.5849056603773585,0.18867924528301888,0.5849056603773585,2.339622641509434,5.0754716981132075,1.8679245283018868,2.0377358490566038
Eric Gordon,2TM,SG,69,28.47826086956522,12.405797101449275,1.9420289855072463,2.652173913043478,0.6231884057971014,0.36231884057971014,1.9130434782608696,4.217391304347826,9.46376811594203,2.0579710144927534,2.5072463768115942
Eugene Omoruyi,2TM,SF,40,16.125,6.95,2.775,0.7,0.7,0.075,0.625,2.525,5.7,1.275,1.875
Evan Fournier,NYK,SG,27,17.0,6.111111111111111,1.8148148148148149,1.3333333333333333,0.5925925925925926,0.1111111111111111,1.2962962962962963,2.074074074074074,6.148148148148148,0.6666666666666666,0.7777777777777778
Evan Mobley,CLE,PF,79,34.36708860759494,16.164556962025316,9.0,2.8354430379746836,0.759493670886076,1.5063291139240507,0.27848101265822783,6.6455696202531644,11.987341772151899,2.5949367088607596,3.848101265822785
Facundo Campazzo,DAL,PG,8,6.5,1.25,0.25,1.125,0.75,0.0,0.375,0.375,1.625,0.125,0.25
Frank Jackson,UTA,PG,1,5.0,0.0,2.0,1.0,0.0,0.0,0.0,0.0,3.0,0.0,0.0
Frank Kaminsky,2TM,C,36,6.527777777777778,2.4722222222222223,1.4444444444444444,0.8888888888888888,0.16666666666666666,0.1111111111111111,0.3611111111111111,0.8611111111111112,1.75,0.3888888888888889,0.4444444444444444
Frank Ntilikina,DAL,SG,47,12.914893617021276,2.872340425531915,1.3191489361702127,1.2340425531914894,0.3404255319148936,0.14893617021276595,0.3617021276595745,1.0212765957446808,2.8085106382978724,0.46808510638297873,0.7021276595744681
Franz Wagner,ORL,SF,80,32.6125,18.5625,4.1125,3.5375,0.9625,0.2125,1.625,6.775,13.975,3.3875,4.025
Fred VanVleet,TOR,PG,69,36.73913043478261,19.347826086956523,4.057971014492754,7.173913043478261,1.7826086956521738,0.5507246376811594,3.0,6.333333333333333,16.115942028985508,3.681159420289855,4.101449275362318
Furkan Korkmaz,PHI,SG,37,9.54054054054054,3.7837837837837838,1.135135135135135,0.5945945945945946,0.2702702702702703,0.08108108108108109,0.4864864864864865,1.2972972972972974,3.0,0.7027027027027027,0.972972972972973
Gabe Vincent,MIA,PG,68,25.86764705882353,9.426470588235293,2.1323529411764706,2.4558823529411766,0.9117647058823529,0.07352941176470588,1.7205882352941178,3.3529411764705883,8.338235294117647,1.0,1.1470588235294117
Gabe York,IND,SG,3,18.666666666666668,8.0,2.0,1.6666666666666667,0.6666666666666666,0.0,2.0,2.6666666666666665,7.0,0.6666666666666666,0.6666666666666666
Garrett Temple,NOP,SG,25,6.48,2.0,0.68,0.52,0.36,0.08,0.44,0.72,1.8,0.12,0.16
Garrison Mathews,2TM,SG,54,12.703703703703704,4.7592592592592595,1.3518518518518519,0.48148148148148145,0.4444444444444444,0.09259259259259259,1.1666666666666667,1.3518518518518519,3.7222222222222223,0.8888888888888888,0.9814814814814815
Gary Harris,ORL,SG,48,24.666666666666668,8.270833333333334,2.0416666666666665,1.2291666666666667,0.9375,0.25,1.9583333333333333,2.875,6.395833333333333,0.5625,0.625
Gary Payton II,2TM,SG,22,16.681818181818183,4.590909090909091,3.1363636363636362,1.3636363636363635,1.0,0.22727272727272727,0.5909090909090909,1.8636363636363635,3.1363636363636362,0.2727272727272727,0.3181818181818182
Gary Trent Jr.,TOR,SG,66,32.09090909090909,17.393939393939394,2.621212121212121,1.606060606060606,1.5757575757575757,0.21212121212121213,2.515151515151515,6.136363636363637,14.166666666666666,2.606060606060606,3.106060606060606
George Hill,2TM,SG,46,18.130434782608695,5.043478260869565,1.8478260869565217,2.391304347826087,0.5652173913043478,0.13043478260869565,0.7391304347826086,1.6956521739130435,3.608695652173913,0.9130434782608695,1.1956521739130435
Georges Niang,PHI,PF,78,19.384615384615383,8.166666666666666,2.371794871794872,0.9871794871794872,0.38461538461538464,0.1794871794871795,1.9743589743589745,2.8461538461538463,6.435897435897436,0.5,0.5769230769230769
Giannis Antetokounmpo,MIL,PF,63,32.12698412698413,31.095238095238095,11.777777777777779,5.698412698412699,0.8253968253968254,0.8095238095238095,0.746031746031746,11.222222222222221,20.285714285714285,7.904761904761905,12.253968253968255
Goga Bitadze,2TM,C,38,12.026315789473685,4.394736842105263,3.6052631578947367,1.0263157894736843,0.42105263157894735,0.6842105263157895,0.15789473684210525,1.8157894736842106,3.289473684210526,0.6052631578947368,1.105263157894737
Goran Dragić,2TM,PG,58,15.0,6.293103448275862,1.396551724137931,2.603448275862069,0.22413793103448276,0.06896551724137931,0.896551724137931,2.4310344827586206,5.775862068965517,0.5344827586206896,0.7758620689655172
Gordon Hayward,CHO,SF,50,31.54,14.66,4.3,4.12,0.84,0.24,1.04,5.52,11.62,2.58,3.18
Gorgui Dieng,SAS,C,31,11.548387096774194,3.903225806451613,3.4516129032258065,1.7096774193548387,0.12903225806451613,0.45161290322580644,0.6774193548387096,1.4516129032258065,3.774193548387097,0.3225806451612903,0.41935483870967744
Grant Williams,BOS,PF,79,25.88607594936709,8.113924050632912,4.594936708860759,1.6582278481012658,0.5189873417721519,0.3924050632911392,1.4556962025316456,2.7341772151898733,6.025316455696203,1.1898734177215189,1.5443037974683544
Grayson Allen,MIL,SG,72,27.38888888888889,10.416666666666666,3.2916666666666665,2.263888888888889,0.8611111111111112,0.19444444444444445,2.0277777777777777,3.4027777777777777,7.736111111111111,1.5833333333333333,1.75
Greg Brown III,POR,PF,16,5.8125,1.75,1.1875,0.1875,0.25,0.3125,0.0625,0.6875,1.75,0.3125,0.75
Hamidou Diallo,DET,SF,56,17.785714285714285,9.321428571428571,3.4642857142857144,0.9821428571428571,0.9464285714285714,0.2857142857142857,0.08928571428571429,3.8392857142857144,6.696428571428571,1.5535714285714286,2.642857142857143
Harrison Barnes,SAC,PF,82,32.46341463414634,15.0,4.463414634146342,1.5609756097560976,0.6951219512195121,0.12195121951219512,1.6097560975609757,4.560975609756097,9.646341463414634,4.2682926829268295,5.036585365853658
Haywood Highsmith,MIA,PF,54,17.944444444444443,4.37037037037037,3.4814814814814814,0.7962962962962963,0.6666666666666666,0.3148148148148148,0.6851851851851852,1.7222222222222223,4.0,0.24074074074074073,0.5185185185185185
Herbert Jones,NOP,PF,66,29.560606060606062,9.833333333333334,4.075757575757576,2.4545454545454546,1.5606060606060606,0.6363636363636364,0.8484848484848485,3.5606060606060606,7.590909090909091,1.8636363636363635,2.4393939393939394
Immanuel Quickley,NYK,SG,81,28.938271604938272,14.925925925925926,4.160493827160494,3.4444444444444446,0.9876543209876543,0.1728395061728395,2.074074074074074,5.172839506172839,11.555555555555555,2.506172839506173,3.0617283950617282
Isaac Okoro,CLE,SF,76,21.736842105263158,6.447368421052632,2.460526315789474,1.144736842105263,0.7368421052631579,0.39473684210526316,0.8157894736842105,2.3026315789473686,4.657894736842105,1.0263157894736843,1.355263157894737
Isaiah Hartenstein,NYK,C,82,19.829268292682926,4.951219512195122,6.536585365853658,1.2439024390243902,0.6463414634146342,0.7804878048780488,0.0975609756097561,2.1341463414634148,3.9878048780487805,0.5853658536585366,0.8658536585365854
Isaiah Jackson,IND,C,63,16.53968253968254,7.222222222222222,4.476190476190476,0.8095238095238095,0.49206349206349204,1.4761904761904763,0.031746031746031744,2.8412698412698414,5.0476190476190474,1.507936507936508,2.3174603174603177
Isaiah Joe,OKC,SG,73,19.10958904109589,9.465753424657533,2.3972602739726026,1.2054794520547945,0.6575342465753424,0.1095890410958904,2.2054794520547945,3.0684931506849313,6.958904109589041,1.1232876712328768,1.36986301369863
Isaiah Livers,DET,PF,52,23.057692307692307,6.653846153846154,2.75,0.7884615384615384,0.5384615384615384,0.5384615384615384,1.4230769230769231,2.3076923076923075,5.538461538461538,0.6153846153846154,0.75
Isaiah Mobley,CLE,PF,12,7.0,2.5833333333333335,1.6666666666666667,0.25,0.3333333333333333,0.25,0.25,1.0,2.3333333333333335,0.3333333333333333,0.3333333333333333
Isaiah Roby,SAS,PF,42,11.285714285714286,4.095238095238095,2.5476190476190474,0.9047619047619048,0.42857142857142855,0.16666666666666666,0.42857142857142855,1.5952380952380953,3.6904761904761907,0.47619047619047616,0.9761904761904762
Isaiah Stewart,DET,C,50,28.28,11.34,8.06,1.4,0.4,0.68,1.34,3.9,8.82,2.2,2.98
Isaiah Todd,WAS,PF,6,10.166666666666666,1.5,2.0,0.6666666666666666,0.16666666666666666,0.0,0.16666666666666666,0.5,3.1666666666666665,0.3333333333333333,0.3333333333333333
Ish Smith,DEN,PG,43,9.255813953488373,2.511627906976744,1.255813953488372,2.3255813953488373,0.18604651162790697,0.16279069767441862,0.046511627906976744,1.2093023255813953,3.046511627906977,0.046511627906976744,0.09302325581395349
Ish Wainright,PHO,SF,60,15.25,4.183333333333334,2.316666666666667,0.8833333333333333,0.6333333333333333,0.36666666666666664,0.95,1.4,3.783333333333333,0.43333333333333335,0.5166666666666667
Ivica Zubac,LAC,C,76,28.55263157894737,10.763157894736842,9.947368421052632,1.013157894736842,0.3815789473684211,1.2894736842105263,0.0,4.2894736842105265,6.7631578947368425,2.1842105263157894,3.1315789473684212
JD Davison,BOS,SG,12,5.5,1.5833333333333333,0.75,0.9166666666666666,0.16666666666666666,0.16666666666666666,0.16666666666666666,0.6666666666666666,1.5833333333333333,0.08333333333333333,0.16666666666666666
JT Thor,CHO,PF,69,14.043478260869565,3.7971014492753623,2.2028985507246377,0.5217391304347826,0.3188405797101449,0.3333333333333333,0.5652173913043478,1.3768115942028984,3.449275362318841,0.4782608695652174,0.6811594202898551
Ja Morant,MEM,PG,61,31.934426229508198,26.16393442622951,5.852459016393443,8.081967213114755,1.0819672131147542,0.26229508196721313,1.5081967213114753,9.278688524590164,19.901639344262296,6.098360655737705,8.147540983606557
JaMychal Green,GSW,PF,57,13.982456140350877,6.421052631578948,3.5964912280701755,0.8947368421052632,0.43859649122807015,0.40350877192982454,0.7368421052631579,2.3859649122807016,4.421052631578948,0.9122807017543859,1.1754385964912282
JaVale McGee,DAL,C,42,8.452380952380953,4.428571428571429,2.5476190476190474,0.2619047619047619,0.09523809523809523,0.6190476190476191,0.047619047619047616,1.9047619047619047,2.9761904761904763,0.5714285714285714,0.9761904761904762
Jabari Smith Jr.,HOU,PF,79,31.025316455696203,12.784810126582279,7.2025316455696204,1.2784810126582278,0.5443037974683544,0.9367088607594937,1.518987341772152,4.6075949367088604,11.291139240506329,2.050632911392405,2.607594936708861
Jabari Walker,POR,PF,56,11.053571428571429,3.857142857142857,2.3392857142857144,0.6071428571428571,0.17857142857142858,0.23214285714285715,0.2857142857142857,1.4821428571428572,3.5357142857142856,0.6071428571428571,0.8035714285714286
Jack White,DEN,SF,17,3.8823529411764706,1.2352941176470589,1.0,0.23529411764705882,0.17647058823529413,0.11764705882352941,0.17647058823529413,0.47058823529411764,1.1176470588235294,0.11764705882352941,0.17647058823529413
Jacob Gilyard,MEM,PG,1,41.0,3.0,4.0,7.0,3.0,0.0,1.0,1.0,3.0,0.0,0.0
Jaden Hardy,DAL,SG,48,14.75,8.75,1.8541666666666667,1.3541666666666667,0.3541666666666667,0.14583333333333334,1.3125,3.0416666666666665,6.9375,1.3541666666666667,1.6458333333333333
Jaden Ivey,DET,SG,74,31.135135135135137,16.27027027027027,3.891891891891892,5.22972972972973,0.8243243243243243,0.22972972972972974,1.6216216216216217,5.527027027027027,13.283783783783784,3.5945945945945947,4.8108108108108105
Jaden McDaniels,MIN,SF,79,30.582278481012658,12.063291139240507,3.8860759493670884,1.8734177215189873,0.9367088607594937,0.9620253164556962,1.3544303797468353,4.6835443037974684,9.063291139240507,1.3417721518987342,1.8227848101265822
Jaden Springer,PHI,SG,16,5.5625,2.625,0.875,0.5,0.4375,0.1875,0.125,1.0625,2.1875,0.375,0.5
Jae Crowder,MIL,PF,18,18.88888888888889,6.888888888888889,3.8333333333333335,1.5,0.6666666666666666,0.3333333333333333,1.3333333333333333,2.5,5.222222222222222,0.5555555555555556,0.6666666666666666
Jae'Sean Tate,HOU,SF,31,21.838709677419356,9.129032258064516,3.806451612903226,2.7096774193548385,0.6774193548387096,0.22580645161290322,0.41935483870967744,3.5483870967741935,7.387096774193548,1.6129032258064515,2.225806451612903
Jake LaRavia,MEM,PF,35,11.82857142857143,3.0,1.8,0.6,0.34285714285714286,0.11428571428571428,0.6857142857142857,1.0571428571428572,2.7142857142857144,0.2,0.2571428571428571
Jakob Poeltl,2TM,C,72,26.47222222222222,12.458333333333334,9.069444444444445,2.736111111111111,0.9166666666666666,1.1944444444444444,0.0,5.402777777777778,8.583333333333334,1.6527777777777777,2.7916666666666665
Jalen Brunson,NYK,PG,68,34.98529411764706,24.014705882352942,3.5441176470588234,6.1911764705882355,0.8970588235294118,0.22058823529411764,1.9705882352941178,8.632352941176471,17.573529411764707,4.779411764705882,5.764705882352941
Jalen Duren,DET,C,67,24.925373134328357,9.134328358208956,8.880597014925373,1.1194029850746268,0.6567164179104478,0.8805970149253731,0.0,3.8507462686567164,5.940298507462686,1.4328358208955223,2.343283582089552
Jalen Green,HOU,SG,76,34.23684210526316,22.144736842105264,3.736842105263158,3.6973684210526314,0.7763157894736842,0.23684210526315788,2.460526315789474,7.447368421052632,17.88157894736842,4.7894736842105265,6.092105263157895
Jalen Johnson,ATL,SF,70,14.885714285714286,5.642857142857143,4.0285714285714285,1.1857142857142857,0.5428571428571428,0.4857142857142857,0.42857142857142855,2.257142857142857,4.6,0.7,1.1142857142857143
Jalen McDaniels,2TM,SF,80,23.9125,9.4375,4.325,1.625,1.0375,0.425,0.9625,3.5125,7.7125,1.45,1.725
Jalen Smith,IND,C,68,18.808823529411764,9.441176470588236,5.794117647058823,0.9705882352941176,0.3088235294117647,0.8823529411764706,0.7941176470588235,3.5588235294117645,7.470588235294118,1.5294117647058822,2.014705882352941
Jalen Suggs,ORL,SG,53,23.50943396226415,9.88679245283019,3.0377358490566038,2.9245283018867925,1.2641509433962264,0.5094339622641509,1.2452830188679245,3.509433962264151,8.377358490566039,1.6226415094339623,2.2452830188679247
Jalen Williams,OKC,SG,75,30.346666666666668,14.08,4.493333333333333,3.3066666666666666,1.3733333333333333,0.4666666666666667,0.9733333333333334,5.52,10.586666666666666,2.066666666666667,2.546666666666667
Jamal Cain,MIA,PF,18,13.333333333333334,5.444444444444445,2.888888888888889,0.6666666666666666,0.6111111111111112,0.05555555555555555,0.3888888888888889,2.0555555555555554,3.6666666666666665,0.9444444444444444,1.2222222222222223
Jamal Murray,DEN,PG,65,32.815384615384616,19.96923076923077,3.953846153846154,6.153846153846154,1.0153846153846153,0.24615384615384617,2.646153846153846,7.276923076923077,16.015384615384615,2.769230769230769,3.3230769230769233
Jamaree Bouyea,2TM,PG,5,14.2,3.0,1.2,0.8,0.8,0.4,0.4,1.2,2.8,0.2,0.4
James Bouknight,CHO,SG,34,15.147058823529411,5.617647058823529,2.1176470588235294,1.2058823529411764,0.4117647058823529,0.14705882352941177,0.9705882352941176,2.0294117647058822,5.676470588235294,0.5882352941176471,0.8823529411764706
James Harden,PHI,PG,58,36.810344827586206,20.96551724137931,6.103448275862069,10.655172413793103,1.2241379310344827,0.5344827586206896,2.7758620689655173,6.396551724137931,14.517241379310345,5.396551724137931,6.224137931034483
James Johnson,IND,PF,18,9.0,2.8333333333333335,1.6666666666666667,0.8333333333333334,0.3888888888888889,0.3333333333333333,0.16666666666666666,1.2222222222222223,2.7222222222222223,0.2222222222222222,0.4444444444444444
James Wiseman,2TM,C,45,19.266666666666666,10.0,5.933333333333334,0.6666666666666666,0.15555555555555556,0.6,0.08888888888888889,4.2,7.533333333333333,1.511111111111111,2.1555555555555554
Jared Butler,OKC,PG,6,12.833333333333334,6.166666666666667,0.6666666666666666,1.3333333333333333,0.8333333333333334,0.0,1.1666666666666667,2.5,5.333333333333333,0.0,0.0
Jared Rhoden,DET,SG,14,14.142857142857142,3.2142857142857144,2.642857142857143,0.2857142857142857,0.2857142857142857,0.07142857142857142,0.35714285714285715,1.2142857142857142,3.142857142857143,0.42857142857142855,0.42857142857142855
Jaren Jackson Jr.,MEM,C,63,28.365079365079364,18.61904761904762,6.761904761904762,0.9523809523809523,1.0317460317460319,3.0,1.5873015873015872,6.603174603174603,13.047619047619047,3.8253968253968256,4.857142857142857
Jarred Vanderbilt,2TM,PF,78,24.08974358974359,7.935897435897436,7.461538461538462,2.358974358974359,1.064102564102564,0.2692307692307692,0.3717948717948718,3.1666666666666665,5.782051282051282,1.2307692307692308,1.7820512820512822
Jarrell Brantley,UTA,PF,4,9.75,5.5,1.5,0.75,0.0,0.5,1.0,2.0,3.5,0.5,0.5
Jarrett Allen,CLE,C,68,32.64705882352941,14.25,9.794117647058824,1.661764705882353,0.7941176470588235,1.2352941176470589,0.014705882352941176,5.926470588235294,9.205882352941176,2.3823529411764706,3.25
Jarrett Culver,ATL,SF,10,13.7,4.4,3.8,0.6,0.6,0.2,0.1,1.7,4.3,0.9,1.3
Jason Preston,LAC,PG,14,8.857142857142858,2.9285714285714284,1.5714285714285714,1.9285714285714286,0.14285714285714285,0.0,0.35714285714285715,1.2857142857142858,2.9285714285714284,0.0,0.14285714285714285
Javonte Green,CHI,SF,32,15.0,5.15625,2.75,0.71875,0.75,0.65625,0.40625,1.90625,3.375,0.9375,1.40625
Jaxson Hayes,NOP,C,47,12.97872340425532,4.957446808510638,2.8085106382978724,0.723404255319149,0.425531914893617,0.40425531914893614,0.06382978723404255,1.8297872340425532,3.3191489361702127,1.2340425531914894,1.7659574468085106
Jay Huff,WAS,C,7,13.571428571428571,7.285714285714286,3.0,1.4285714285714286,0.42857142857142855,0.5714285714285714,0.8571428571428571,2.142857142857143,3.5714285714285716,2.142857142857143,2.2857142857142856
Jay Scrubb,ORL,SG,2,15.0,6.5,3.0,0.5,1.0,0.0,1.0,2.5,3.5,0.5,1.0
Jaylen Brown,BOS,SF,67,35.8955223880597,26.62686567164179,6.850746268656716,3.462686567164179,1.1194029850746268,0.3880597014925373,2.4328358208955225,10.134328358208956,20.64179104477612,3.925373134328358,5.134328358208955
Jaylen Nowell,MIN,SG,65,19.26153846153846,10.830769230769231,2.6153846153846154,2.0307692307692307,0.6461538461538462,0.07692307692307693,1.0307692307692307,4.3076923076923075,9.615384615384615,1.1846153846153846,1.523076923076923
Jaylin Williams,OKC,C,49,18.653061224489797,5.877551020408164,4.918367346938775,1.5510204081632653,0.5714285714285714,0.24489795918367346,0.9387755102040817,2.0816326530612246,4.775510204081633,0.7755102040816326,1.1020408163265305
Jayson Tatum,BOS,SF,74,36.91891891891892,30.06756756756757,8.77027027027027,4.621621621621622,1.054054054054054,0.6891891891891891,3.2432432432432434,9.824324324324325,21.06756756756757,7.175675675675675,8.405405405405405
Jeff Dowtin Jr.,TOR,PG,25,10.36,2.44,0.92,1.24,0.36,0.12,0.2,1.0,2.28,0.24,0.36
Jeff Green,DEN,PF,56,19.482142857142858,7.803571428571429,2.5714285714285716,1.2321428571428572,0.32142857142857145,0.30357142857142855,0.5357142857142857,2.857142857142857,5.857142857142857,1.5535714285714286,2.0892857142857144
Jerami Grant,POR,PF,63,35.65079365079365,20.476190476190474,4.492063492063492,2.380952380952381,0.8095238095238095,0.8412698412698413,2.2857142857142856,6.888888888888889,14.492063492063492,4.412698412698413,5.428571428571429
Jeremiah Robinson-Earl,OKC,PF,43,18.930232558139537,6.790697674418604,4.186046511627907,1.0,0.5581395348837209,0.2558139534883721,0.8604651162790697,2.558139534883721,5.767441860465116,0.813953488372093,0.9767441860465116
Jeremy Sochan,SAS,PF,56,26.035714285714285,10.964285714285714,5.267857142857143,2.5357142857142856,0.7678571428571429,0.4107142857142857,0.5892857142857143,4.464285714285714,9.857142857142858,1.4464285714285714,2.0714285714285716
Jericho Sims,NYK,C,52,15.615384615384615,3.423076923076923,4.653846153846154,0.4807692307692308,0.28846153846153844,0.5384615384615384,0.0,1.5961538461538463,2.0576923076923075,0.23076923076923078,0.3076923076923077
Jevon Carter,MIL,PG,81,22.34567901234568,8.037037037037036,2.493827160493827,2.432098765432099,0.8148148148148148,0.35802469135802467,1.7530864197530864,2.950617283950617,6.9753086419753085,0.38271604938271603,0.4691358024691358
Jimmy Butler,MIA,PF,64,33.40625,22.90625,5.859375,5.3125,1.828125,0.328125,0.5625,7.484375,13.875,7.375,8.671875
Jock Landale,PHO,C,69,14.18840579710145,6.608695652173913,4.057971014492754,0.9855072463768116,0.2318840579710145,0.43478260869565216,0.30434782608695654,2.579710144927536,4.884057971014493,1.144927536231884,1.5217391304347827
Joe Harris,BRK,SF,74,20.635135135135137,7.594594594594595,2.2162162162162162,1.364864864864865,0.4594594594594595,0.17567567567567569,1.9189189189189189,2.7162162162162162,5.945945945945946,0.24324324324324326,0.3783783783783784
Joe Ingles,MIL,SF,46,22.695652173913043,6.891304347826087,2.782608695652174,3.260869565217391,0.717391304347826,0.13043478260869565,1.8043478260869565,2.347826086956522,5.391304347826087,0.391304347826087,0.45652173913043476
Joe Wieskamp,TOR,SF,9,5.555555555555555,1.0,0.4444444444444444,0.3333333333333333,0.0,0.0,0.3333333333333333,0.3333333333333333,1.5555555555555556,0.0,0.0
Joel Embiid,PHI,C,66,34.60606060606061,33.07575757575758,10.151515151515152,4.151515151515151,1.0,1.696969696969697,1.0,11.030303030303031,20.12121212121212,10.015151515151516,11.681818181818182
John Butler,POR,C,19,11.631578947368421,2.3684210526315788,0.8947368421052632,0.5789473684210527,0.3684210526315789,0.47368421052631576,0.42105263157894735,0.8947368421052632,2.789473684210526,0.15789473684210525,0.21052631578947367
John Collins,ATL,PF,71,30.0,13.112676056338028,6.507042253521127,1.1971830985915493,0.5915492957746479,1.028169014084507,0.9859154929577465,5.056338028169014,9.95774647887324,2.0140845070422535,2.507042253521127
John Konchar,MEM,SF,72,20.75,5.055555555555555,4.305555555555555,1.3888888888888888,1.0694444444444444,0.3472222222222222,0.8333333333333334,1.9166666666666667,4.444444444444445,0.3888888888888889,0.5
John Wall,LAC,PG,34,22.205882352941178,11.352941176470589,2.7058823529411766,5.235294117647059,0.7941176470588235,0.35294117647058826,0.9705882352941176,4.0588235294117645,9.941176470588236,2.264705882352941,3.323529411764706
Johnny Davis,WAS,SG,28,15.107142857142858,5.821428571428571,2.3214285714285716,1.0,0.35714285714285715,0.2857142857142857,0.6071428571428571,2.357142857142857,6.107142857142857,0.5,0.9642857142857143
Johnny Juzang,UTA,SG,18,12.88888888888889,4.833333333333333,2.1666666666666665,0.4444444444444444,0.2222222222222222,0.16666666666666666,0.8333333333333334,1.9444444444444444,5.777777777777778,0.1111111111111111,0.2222222222222222
Jonas Valančiūnas,NOP,C,79,24.911392405063292,14.113924050632912,10.177215189873417,1.7721518987341771,0.25316455696202533,0.6582278481012658,0.4810126582278481,5.6455696202531644,10.329113924050633,2.3417721518987342,2.8354430379746836
Jonathan Isaac,ORL,PF,11,11.272727272727273,5.0,4.0,0.5454545454545454,1.2727272727272727,0.36363636363636365,0.5454545454545454,2.0,4.818181818181818,0.45454545454545453,0.8181818181818182
Jonathan Kuminga,GSW,PF,67,20.80597014925373,9.940298507462687,3.4477611940298507,1.8656716417910448,0.6119402985074627,0.4626865671641791,0.8059701492537313,3.8955223880597014,7.417910447761194,1.3432835820895523,2.0597014925373136
Jordan Clarkson,UTA,SG,61,32.59016393442623,20.83606557377049,4.032786885245901,4.426229508196721,0.5409836065573771,0.21311475409836064,2.540983606557377,7.508196721311475,16.901639344262296,3.278688524590164,4.016393442622951
Jordan Goodwin,WAS,PG,62,17.838709677419356,6.564516129032258,3.306451612903226,2.7096774193548385,0.9354838709677419,0.41935483870967744,0.6129032258064516,2.5483870967741935,5.693548387096774,0.8548387096774194,1.1129032258064515
Jordan Hall,SAS,SF,9,9.222222222222221,3.111111111111111,1.3333333333333333,1.2222222222222223,0.1111111111111111,0.0,0.3333333333333333,1.0,3.111111111111111,0.7777777777777778,1.0
Jordan McLaughlin,MIN,PG,43,15.767441860465116,3.744186046511628,1.441860465116279,3.441860465116279,0.7441860465116279,0.09302325581395349,0.5581395348837209,1.4186046511627908,3.372093023255814,0.3488372093023256,0.4186046511627907
Jordan Nwora,2TM,SF,62,19.161290322580644,8.741935483870968,3.693548387096774,1.4193548387096775,0.3870967741935484,0.22580645161290322,1.3870967741935485,3.129032258064516,7.17741935483871,1.096774193548387,1.3870967741935485
Jordan Poole,GSW,PG,82,29.975609756097562,20.426829268292682,2.7439024390243905,4.5,0.7682926829268293,0.25609756097560976,2.6097560975609757,6.7073170731707314,15.585365853658537,4.402439024390244,5.060975609756097
Jordan Schakel,WAS,SF,2,3.0,1.5,0.0,0.5,0.5,0.0,0.5,0.5,1.0,0.0,0.0
Jose Alvarado,NOP,PG,61,21.475409836065573,9.01639344262295,2.3114754098360657,3.0491803278688523,1.098360655737705,0.16393442622950818,1.360655737704918,3.2950819672131146,8.01639344262295,1.0655737704918034,1.3114754098360655
Josh Christopher,HOU,SG,64,12.28125,5.8125,1.109375,1.140625,0.515625,0.234375,0.328125,2.390625,5.140625,0.703125,0.9375
Josh Giddey,OKC,PF,76,31.144736842105264,16.57894736842105,7.881578947368421,6.171052631578948,0.75,0.40789473684210525,1.0,7.092105263157895,14.710526315789474,1.394736842105263,1.9078947368421053
Josh Green,DAL,SG,60,25.65,9.1,3.033333333333333,1.7166666666666666,0.7,0.08333333333333333,1.1333333333333333,3.4166666666666665,6.366666666666666,1.1333333333333333,1.5666666666666667
Josh Hart,2TM,SF,76,32.28947368421053,9.776315789473685,7.802631578947368,3.8157894736842106,1.1578947368421053,0.27631578947368424,0.8026315789473685,3.6184210526315788,6.842105263157895,1.736842105263158,2.3157894736842106
Josh Minott,MIN,SF,15,6.4,3.066666666666667,1.6666666666666667,0.3333333333333333,0.26666666666666666,0.4,0.13333333333333333,1.2,2.4,0.5333333333333333,0.5333333333333333
Josh Okogie,PHO,SG,72,18.75,7.347222222222222,3.486111111111111,1.4583333333333333,0.7777777777777778,0.4722222222222222,0.9166666666666666,2.25,5.75,1.9305555555555556,2.6666666666666665
Josh Richardson,2TM,SG,65,23.53846153846154,10.061538461538461,2.6923076923076925,2.6769230769230767,1.0615384615384615,0.3076923076923077,1.646153846153846,3.6769230769230767,8.523076923076923,1.0615384615384615,1.2461538461538462
Joshua Primo,SAS,SG,4,23.25,7.0,3.25,4.5,0.25,0.5,0.75,2.25,6.5,1.75,2.25
Jrue Holiday,MIL,PG,67,32.582089552238806,19.253731343283583,5.08955223880597,7.388059701492537,1.1791044776119404,0.373134328358209,2.3582089552238807,7.313432835820896,15.26865671641791,2.2686567164179103,2.6417910447761193
Juan Toscano-Anderson,2TM,SF,52,13.461538461538462,2.980769230769231,2.3846153846153846,1.25,0.3076923076923077,0.19230769230769232,0.15384615384615385,1.2307692307692308,2.75,0.36538461538461536,0.46153846153846156
Juancho Hernangómez,TOR,PF,42,14.619047619047619,2.9047619047619047,2.9285714285714284,0.5952380952380952,0.38095238095238093,0.14285714285714285,0.40476190476190477,1.1428571428571428,2.7142857142857144,0.21428571428571427,0.38095238095238093
Julian Champagnie,2TM,SF,17,18.823529411764707,9.705882352941176,3.5294117647058822,0.5882352941176471,0.35294117647058826,0.29411764705882354,1.9411764705882353,3.4705882352941178,7.647058823529412,0.8235294117647058,1.0
Julius Randle,NYK,PF,77,35.54545454545455,25.142857142857142,9.96103896103896,4.103896103896104,0.6363636363636364,0.2727272727272727,2.831168831168831,8.545454545454545,18.5974025974026,5.220779220779221,6.896103896103896
Justin Champagnie,2TM,SF,5,6.8,2.2,1.6,0.8,0.2,0.0,0.2,1.0,3.0,0.0,0.0
Justin Holiday,2TM,SF,46,15.347826086956522,4.456521739130435,1.1956521739130435,0.8913043478260869,0.41304347826086957,0.41304347826086957,1.0,1.673913043478261,4.434782608695652,0.10869565217391304,0.17391304347826086
Justin Jackson,BOS,SF,23,4.6521739130434785,0.8695652173913043,0.7391304347826086,0.391304347826087,0.17391304347826086,0.17391304347826086,0.21739130434782608,0.30434782608695654,1.173913043478261,0.043478260869565216,0.08695652173913043
Justin Minaya,POR,SF,4,22.25,4.25,3.75,1.0,0.5,1.25,0.75,1.75,5.75,0.0,0.25
Justise Winslow,POR,PF,29,26.75862068965517,6.758620689655173,5.0,3.3793103448275863,1.0344827586206897,0.3793103448275862,0.4827586206896552,2.793103448275862,6.827586206896552,0.6896551724137931,0.9655172413793104
Jusuf Nurkić,POR,C,52,26.75,13.346153846153847,9.057692307692308,2.8653846153846154,0.8269230769230769,0.8461538461538461,0.8269230769230769,5.038461538461538,9.711538461538462,2.4423076923076925,3.6923076923076925
KJ Martin,HOU,SF,82,27.951219512195124,12.670731707317072,5.512195121951219,1.5,0.5,0.36585365853658536,0.8292682926829268,5.0,8.78048780487805,1.8414634146341464,2.707317073170732
KZ Okpala,SAC,PF,35,7.085714285714285,1.3142857142857143,0.9714285714285714,0.37142857142857144,0.2,0.2,0.2,0.45714285714285713,1.0857142857142856,0.2,0.22857142857142856
Kai Jones,CHO,C,46,11.956521739130435,3.4130434782608696,2.6739130434782608,0.32608695652173914,0.3695652173913043,0.6521739130434783,0.08695652173913043,1.4565217391304348,2.608695652173913,0.41304347826086957,0.5652173913043478
Karl-Anthony Towns,MIN,PF,29,33.0,20.75862068965517,8.137931034482758,4.827586206896552,0.6896551724137931,0.5862068965517241,2.0689655172413794,7.310344827586207,14.758620689655173,4.068965517241379,4.655172413793103
Kawhi Leonard,LAC,SF,52,33.61538461538461,23.826923076923077,6.5,3.923076923076923,1.3846153846153846,0.5384615384615384,2.0,8.576923076923077,16.75,4.673076923076923,5.365384615384615
Keegan Murray,SAC,SF,80,29.775,12.2,4.6375,1.225,0.7625,0.525,2.575,4.425,9.775,0.775,1.0125
Keita Bates-Diop,SAS,PF,67,21.671641791044777,9.656716417910447,3.701492537313433,1.537313432835821,0.6865671641791045,0.29850746268656714,0.835820895522388,3.5223880597014925,6.940298507462686,1.7761194029850746,2.2388059701492535
Keldon Johnson,SAS,SF,63,32.74603174603175,21.984126984126984,5.0476190476190474,2.9047619047619047,0.7301587301587301,0.1746031746031746,2.126984126984127,7.984126984126984,17.666666666666668,3.888888888888889,5.190476190476191
Kelly Olynyk,UTA,C,68,28.558823529411764,12.455882352941176,6.176470588235294,3.7058823529411766,0.8823529411764706,0.5441176470588235,1.3676470588235294,4.088235294117647,8.191176470588236,2.911764705882353,3.411764705882353
Kelly Oubre Jr.,CHO,SF,48,32.25,20.25,5.1875,1.125,1.4166666666666667,0.375,2.25,7.354166666666667,17.0625,3.2916666666666665,4.333333333333333
Kemba Walker,DAL,PG,9,16.0,8.0,1.7777777777777777,2.111111111111111,0.2222222222222222,0.2222222222222222,0.7777777777777778,2.6666666666666665,6.333333333333333,1.8888888888888888,2.3333333333333335
Kendall Brown,IND,SG,6,6.666666666666667,1.5,1.0,0.5,0.6666666666666666,0.0,0.0,0.6666666666666666,1.1666666666666667,0.16666666666666666,0.3333333333333333
Kendrick Nunn,2TM,SG,70,13.771428571428572,7.085714285714285,1.5571428571428572,1.2857142857142858,0.4,0.1,1.1285714285714286,2.7285714285714286,6.428571428571429,0.5,0.5857142857142857
Kennedy Chandler,MEM,PG,36,7.805555555555555,2.1666666666666665,1.0555555555555556,1.6111111111111112,0.3333333333333333,0.1388888888888889,0.05555555555555555,0.9722222222222222,2.3055555555555554,0.16666666666666666,0.3611111111111111
Kenneth Lofton Jr.,MEM,PF,24,7.333333333333333,5.0,2.125,0.8333333333333334,0.20833333333333334,0.08333333333333333,0.25,2.0416666666666665,3.875,0.6666666666666666,1.125
Kenrich Williams,OKC,PF,53,22.754716981132077,8.018867924528301,4.9245283018867925,1.9811320754716981,0.8490566037735849,0.2641509433962264,0.9433962264150944,3.3773584905660377,6.528301886792453,0.32075471698113206,0.7358490566037735
Kentavious Caldwell-Pope,DEN,SG,76,31.32894736842105,10.81578947368421,2.736842105263158,2.4078947368421053,1.4736842105263157,0.4605263157894737,1.7763157894736843,3.8421052631578947,8.31578947368421,1.355263157894737,1.644736842105263
Keon Ellis,SAC,SG,16,4.4375,1.5,0.5,0.375,0.3125,0.0625,0.375,0.4375,1.0,0.25,0.4375
Keon Johnson,POR,SG,40,10.4,4.725,1.1,1.475,0.475,0.15,0.7,1.675,4.45,0.675,1.025
Kessler Edwards,2TM,SF,36,10.694444444444445,2.7777777777777777,1.6944444444444444,0.6388888888888888,0.3888888888888889,0.16666666666666666,0.4722222222222222,1.0,2.5833333333333335,0.3055555555555556,0.4166666666666667
Kevin Durant,2TM,PF,47,35.57446808510638,29.06382978723404,6.659574468085107,5.0,0.723404255319149,1.425531914893617,1.9787234042553192,10.27659574468085,18.340425531914892,6.531914893617022,7.1063829787234045
Kevin Huerter,SAC,SG,75,29.373333333333335,15.2,3.3466666666666667,2.9466666666666668,1.0666666666666667,0.32,2.7333333333333334,5.6,11.546666666666667,1.2666666666666666,1.7466666666666666
Kevin Knox,2TM,SF,63,15.11111111111111,6.587301587301587,2.8095238095238093,0.5238095238095238,0.38095238095238093,0.19047619047619047,1.0317460317460319,2.4126984126984126,5.26984126984127,0.7301587301587301,0.9523809523809523
Kevin Love,2TM,PF,62,20.0,8.209677419354838,6.435483870967742,1.8709677419354838,0.25806451612903225,0.1935483870967742,1.596774193548387,2.661290322580645,6.838709677419355,1.2903225806451613,1.467741935483871
Kevin Porter Jr.,HOU,PG,59,34.30508474576271,19.152542372881356,5.322033898305085,5.728813559322034,1.3898305084745763,0.288135593220339,2.389830508474576,6.627118644067797,14.983050847457626,3.5084745762711864,4.47457627118644
Kevon Harris,ORL,SG,34,13.441176470588236,4.147058823529412,2.0588235294117645,0.47058823529411764,0.5,0.14705882352941177,0.47058823529411764,1.3823529411764706,3.1470588235294117,0.9117647058823529,1.2058823529411764
Kevon Looney,GSW,C,82,23.878048780487806,7.048780487804878,9.268292682926829,2.524390243902439,0.6341463414634146,0.6097560975609756,0.0,2.951219512195122,4.682926829268292,1.146341463414634,1.8902439024390243
Khem Birch,TOR,C,20,8.1,2.15,1.25,0.35,0.25,0.25,0.05,0.95,1.6,0.2,0.25
Khris Middleton,MIL,SF,33,24.272727272727273,15.06060606060606,4.242424242424242,4.9393939393939394,0.696969696969697,0.15151515151515152,1.5454545454545454,5.363636363636363,12.303030303030303,2.787878787878788,3.090909090909091
Killian Hayes,DET,PG,76,28.342105263157894,10.342105263157896,2.9078947368421053,6.184210526315789,1.368421052631579,0.3684210526315789,1.0526315789473684,4.0394736842105265,10.723684210526315,1.2105263157894737,1.4736842105263157
Kira Lewis Jr.,NOP,PG,25,9.4,4.56,1.32,0.92,0.4,0.08,0.6,1.6,3.52,0.76,0.88
Klay Thompson,GSW,SF,69,33.028985507246375,21.869565217391305,4.144927536231884,2.36231884057971,0.7101449275362319,0.42028985507246375,4.36231884057971,7.913043478260869,18.144927536231883,1.681159420289855,1.9130434782608696
Kobi Simmons,CHO,SG,5,5.6,1.0,0.8,1.0,0.0,0.4,0.2,0.2,1.2,0.4,0.4
Kris Dunn,UTA,PG,22,25.818181818181817,13.181818181818182,4.545454545454546,5.636363636363637,1.1363636363636365,0.45454545454545453,0.7727272727272727,5.2727272727272725,9.818181818181818,1.8636363636363635,2.409090909090909
Kristaps Porziņģis,WAS,C,65,32.61538461538461,23.153846153846153,8.4,2.6769230769230767,0.8923076923076924,1.5384615384615385,2.1076923076923078,7.8,15.661538461538461,5.446153846153846,6.4
Kyle Anderson,MIN,PF,69,28.36231884057971,9.376811594202898,5.333333333333333,4.855072463768116,1.1304347826086956,0.9130434782608695,0.6231884057971014,3.652173913043478,7.173913043478261,1.4492753623188406,1.9710144927536233
Kyle Kuzma,WAS,PF,64,34.984375,21.203125,7.234375,3.734375,0.5625,0.453125,2.5,8.0,17.84375,2.703125,3.703125
Kyle Lowry,MIA,PG,55,31.236363636363638,11.181818181818182,4.090909090909091,5.109090909090909,1.0363636363636364,0.38181818181818183,1.9454545454545455,3.5636363636363635,8.818181818181818,2.109090909090909,2.4545454545454546
Kyrie Irving,2TM,SG,60,37.35,27.05,5.066666666666666,5.516666666666667,1.1,0.75,3.1333333333333333,9.9,20.05,4.116666666666666,4.55
LaMelo Ball,CHO,PG,36,35.22222222222222,23.27777777777778,6.416666666666667,8.444444444444445,1.2777777777777777,0.3055555555555556,4.0,8.222222222222221,20.02777777777778,2.8333333333333335,3.388888888888889
Lamar Stevens,CLE,SF,62,18.06451612903226,5.290322580645161,3.338709677419355,0.532258064516129,0.43548387096774194,0.3064516129032258,0.4838709677419355,2.0806451612903225,4.645161290322581,0.6451612903225806,0.9193548387096774
Landry Shamet,PHO,SG,40,20.175,8.65,1.675,2.325,0.65,0.125,1.875,2.825,7.5,1.125,1.275
Larry Nance Jr.,NOP,C,65,21.246153846153845,6.7846153846153845,5.446153846153846,1.8307692307692307,0.8615384615384616,0.5692307692307692,0.2153846153846154,2.8615384615384616,4.6923076923076925,0.8461538461538461,1.2153846153846153
Lauri Markkanen,UTA,PF,66,34.43939393939394,25.62121212121212,8.636363636363637,1.8636363636363635,0.6363636363636364,0.5757575757575758,3.0303030303030303,8.651515151515152,17.348484848484848,5.287878787878788,6.045454545454546
LeBron James,LAL,PF,55,35.527272727272724,28.90909090909091,8.309090909090909,6.818181818181818,0.9090909090909091,0.5818181818181818,2.2,11.072727272727272,22.163636363636364,4.5636363636363635,5.945454545454545
Leandro Bolmaro,UTA,SF,14,4.857142857142857,0.42857142857142855,0.5,0.5,0.21428571428571427,0.07142857142857142,0.0,0.21428571428571427,1.4285714285714286,0.0,0.0
Lester Quiñones,GSW,SG,4,4.5,2.5,0.75,0.5,0.25,0.0,0.5,0.5,1.25,1.0,1.5
Lindell Wigginton,MIL,PG,7,12.428571428571429,7.142857142857143,1.0,2.0,0.0,0.2857142857142857,0.8571428571428571,2.5714285714285716,5.285714285714286,1.1428571428571428,1.2857142857142858
Lindy Waters III,OKC,SG,41,12.951219512195122,5.219512195121951,1.829268292682927,0.6829268292682927,0.34146341463414637,0.2682926829268293,1.4146341463414633,1.7073170731707317,4.341463414634147,0.3902439024390244,0.4878048780487805
Lonnie Walker IV,LAL,SG,56,23.160714285714285,11.678571428571429,1.9464285714285714,1.1428571428571428,0.5357142857142857,0.30357142857142855,1.625,4.214285714285714,9.410714285714286,1.625,1.8928571428571428
Louis King,PHI,PF,1,29.0,20.0,4.0,2.0,1.0,0.0,4.0,8.0,13.0,0.0,1.0
Luguentz Dort,OKC,SF,74,30.7027027027027,13.68918918918919,4.648648648648648,2.081081081081081,1.0135135135135136,0.3108108108108108,1.8243243243243243,4.581081081081081,11.797297297297296,2.7027027027027026,3.5
Luka Dončić,DAL,PG,66,36.22727272727273,32.39393939393939,8.621212121212121,8.015151515151516,1.3636363636363635,0.5,2.803030303030303,10.893939393939394,21.954545454545453,7.803030303030303,10.515151515151516
Luka Garza,MIN,C,28,8.678571428571429,6.464285714285714,2.25,0.6428571428571429,0.10714285714285714,0.07142857142857142,0.5,2.25,4.142857142857143,1.4642857142857142,1.8571428571428572
Luka Šamanić,UTA,PF,7,23.0,9.857142857142858,4.285714285714286,2.142857142857143,0.8571428571428571,0.2857142857142857,1.1428571428571428,3.7142857142857144,8.142857142857142,1.2857142857142858,1.8571428571428572
Luke Kennard,2TM,SG,59,22.28813559322034,9.254237288135593,2.6779661016949152,1.5423728813559323,0.5423728813559322,0.0847457627118644,2.2542372881355934,3.1864406779661016,6.47457627118644,0.6271186440677966,0.6610169491525424
Luke Kornet,BOS,C,69,11.652173913043478,3.782608695652174,2.8550724637681157,0.7681159420289855,0.15942028985507245,0.6666666666666666,0.043478260869565216,1.6376811594202898,2.463768115942029,0.463768115942029,0.5652173913043478
Mac McClung,PHI,SG,2,20.5,12.5,5.0,4.5,0.0,0.0,2.0,4.5,10.0,1.5,2.5
Malachi Flynn,TOR,PG,53,13.037735849056604,4.6415094339622645,1.4339622641509433,1.320754716981132,0.39622641509433965,0.07547169811320754,0.8867924528301887,1.6415094339622642,4.566037735849057,0.4716981132075472,0.6226415094339622
Malaki Branham,SAS,SG,66,23.484848484848484,10.196969696969697,2.742424242424242,1.9242424242424243,0.5,0.10606060606060606,1.1666666666666667,4.075757575757576,9.257575757575758,0.8787878787878788,1.0606060606060606
Malcolm Brogdon,BOS,PG,67,26.029850746268657,14.925373134328359,4.17910447761194,3.701492537313433,0.6716417910447762,0.26865671641791045,1.9701492537313432,5.2835820895522385,10.925373134328359,2.388059701492537,2.746268656716418
Malcolm Hill,CHI,SF,5,1.8,1.0,0.6,0.0,0.0,0.0,0.2,0.4,0.8,0.0,0.0
Malik Beasley,2TM,SG,81,25.839506172839506,12.654320987654321,3.493827160493827,1.5308641975308641,0.8024691358024691,0.1111111111111111,2.9012345679012346,4.567901234567901,11.567901234567902,0.6172839506172839,0.8024691358024691
Malik Monk,SAC,SG,77,22.324675324675326,13.519480519480519,2.6363636363636362,3.8701298701298703,0.6363636363636364,0.2597402597402597,1.8571428571428572,4.636363636363637,10.337662337662337,2.3896103896103895,2.688311688311688
Mamadi Diakite,CLE,C,22,8.0,2.590909090909091,1.3636363636363635,0.36363636363636365,0.18181818181818182,0.4090909090909091,0.3181818181818182,1.0909090909090908,2.272727272727273,0.09090909090909091,0.09090909090909091
MarJon Beauchamp,MIL,SF,52,13.48076923076923,5.115384615384615,2.2115384615384617,0.6730769230769231,0.40384615384615385,0.1346153846153846,0.9038461538461539,1.8461538461538463,4.673076923076923,0.5192307692307693,0.7115384615384616
Marcus Morris,LAC,PF,65,28.076923076923077,11.2,3.9692307692307693,1.7538461538461538,0.6461538461538462,0.3230769230769231,1.7230769230769232,4.2153846153846155,9.892307692307693,1.0461538461538462,1.3384615384615384
Marcus Smart,BOS,PG,61,32.08196721311475,11.524590163934427,3.1311475409836067,6.262295081967213,1.5245901639344261,0.3770491803278688,1.8852459016393444,4.098360655737705,9.868852459016393,1.4426229508196722,1.9344262295081966
Mark Williams,CHO,C,43,19.25581395348837,9.0,7.069767441860465,0.4186046511627907,0.6511627906976745,1.0465116279069768,0.0,3.7209302325581395,5.837209302325581,1.558139534883721,2.255813953488372
Markelle Fultz,ORL,PG,60,29.633333333333333,13.95,3.9,5.683333333333334,1.45,0.43333333333333335,0.45,5.816666666666666,11.316666666666666,1.8666666666666667,2.3833333333333333
Markieff Morris,2TM,PF,35,10.142857142857142,3.7714285714285714,2.0285714285714285,0.8857142857142857,0.2571428571428571,0.14285714285714285,0.8,1.3428571428571427,3.2857142857142856,0.2857142857142857,0.2857142857142857
Marko Simonovic,CHI,C,7,2.857142857142857,0.8571428571428571,0.2857142857142857,0.0,0.0,0.0,0.14285714285714285,0.2857142857142857,1.0,0.14285714285714285,0.2857142857142857
Marvin Bagley III,DET,C,42,23.571428571428573,12.0,6.404761904761905,0.8571428571428571,0.4523809523809524,0.7142857142857143,0.4523809523809524,4.809523809523809,9.095238095238095,1.9285714285714286,2.5714285714285716
Mason Plumlee,2TM,C,79,26.0,10.848101265822784,8.860759493670885,3.1012658227848102,0.5822784810126582,0.5949367088607594,0.0,4.1645569620253164,6.1265822784810124,2.518987341772152,3.962025316455696
Matisse Thybulle,2TM,SG,71,16.901408450704224,4.126760563380282,1.971830985915493,0.7464788732394366,1.1690140845070423,0.4507042253521127,0.7605633802816901,1.5492957746478873,3.563380281690141,0.2676056338028169,0.39436619718309857
Matt Ryan,2TM,SF,34,9.117647058823529,3.588235294117647,0.7647058823529411,0.47058823529411764,0.14705882352941177,0.029411764705882353,0.9411764705882353,1.1764705882352942,3.176470588235294,0.29411764705882354,0.35294117647058826
Matthew Dellavedova,SAC,PG,32,6.65625,1.46875,0.40625,1.28125,0.21875,0.0,0.28125,0.53125,1.5625,0.125,0.21875
Max Christie,LAL,SG,41,12.487804878048781,3.1219512195121952,1.829268292682927,0.5121951219512195,0.21951219512195122,0.17073170731707318,0.6341463414634146,1.0731707317073171,2.5853658536585367,0.34146341463414637,0.3902439024390244
Max Strus,MIA,SF,80,28.4,11.5375,3.225,2.1375,0.525,0.15,2.4625,4.05,9.875,0.975,1.1125
Maxi Kleber,DAL,PF,37,25.135135135135137,5.945945945945946,3.6486486486486487,1.4054054054054055,0.32432432432432434,0.8108108108108109,1.054054054054054,2.081081081081081,4.5675675675675675,0.7297297297297297,1.027027027027027
McKinley Wright IV,DAL,PG,27,12.407407407407407,4.222222222222222,1.7407407407407407,2.1481481481481484,0.2962962962962963,0.18518518518518517,0.3333333333333333,1.7037037037037037,3.6296296296296298,0.48148148148148145,0.7037037037037037
Meyers Leonard,MIL,C,9,12.666666666666666,4.777777777777778,3.7777777777777777,0.1111111111111111,0.2222222222222222,0.0,0.7777777777777778,1.5555555555555556,3.2222222222222223,0.8888888888888888,1.0
Mfiondu Kabengele,BOS,PF,4,9.0,1.5,2.5,0.0,0.5,0.0,0.0,0.5,1.75,0.5,0.5
Micah Potter,UTA,PF,7,7.428571428571429,3.4285714285714284,2.2857142857142856,0.5714285714285714,0.14285714285714285,0.0,0.5714285714285714,1.4285714285714286,2.142857142857143,0.0,0.0
Michael Carter-Williams,ORL,PG,4,11.0,4.25,1.25,1.75,0.25,0.25,0.25,1.5,3.5,1.0,1.75
Michael Foster Jr.,PHI,PF,1,1.0,0.0,0.0,0.0,0.0,0.0,0.0,0.0,0.0,0.0,0.0
Michael Porter Jr.,DEN,SF,62,29.0,17.419354838709676,5.5,1.0483870967741935,0.5967741935483871,0.46774193548387094,3.032258064516129,6.419354838709677,13.17741935483871,1.5483870967741935,1.935483870967742
Mikal Bridges,2TM,SG,83,35.69879518072289,20.132530120481928,4.385542168674699,3.289156626506024,1.0963855421686748,0.7349397590361446,2.036144578313253,7.144578313253012,15.265060240963855,3.8072289156626504,4.253012048192771
Mike Conley,2TM,PG,67,30.28358208955224,11.91044776119403,2.716417910447761,6.7164179104477615,1.0895522388059702,0.208955223880597,2.014925373134328,3.8955223880597014,9.104477611940299,2.1044776119402986,2.5223880597014925
Mike Muscala,2TM,C,63,15.0,6.079365079365079,3.2222222222222223,0.7936507936507936,0.23809523809523808,0.38095238095238093,1.2857142857142858,2.0793650793650795,4.634920634920635,0.6349206349206349,0.8253968253968254
Miles McBride,NYK,PG,64,11.875,3.46875,0.78125,1.125,0.578125,0.125,0.625,1.203125,3.359375,0.4375,0.65625
Mitchell Robinson,NYK,C,59,26.966101694915253,7.372881355932203,9.40677966101695,0.8983050847457628,0.9491525423728814,1.847457627118644,0.0,3.1864406779661016,4.745762711864407,1.0,2.0677966101694913
Mo Bamba,2TM,C,49,15.693877551020408,6.591836734693878,4.591836734693878,0.9387755102040817,0.2653061224489796,0.8775510204081632,0.9795918367346939,2.3877551020408165,4.918367346938775,0.8367346938775511,1.2653061224489797
Monte Morris,WAS,PG,62,27.338709677419356,10.258064516129032,3.3870967741935485,5.258064516129032,0.6935483870967742,0.20967741935483872,1.2580645161290323,3.9838709677419355,8.306451612903226,1.032258064516129,1.2419354838709677
Montrezl Harrell,PHI,C,57,11.947368421052632,5.614035087719298,2.789473684210526,0.5789473684210527,0.2982456140350877,0.43859649122807015,0.0,2.192982456140351,3.6666666666666665,1.2280701754385965,1.7719298245614035
Moritz Wagner,ORL,C,57,19.45614035087719,10.526315789473685,4.543859649122807,1.4736842105263157,0.6491228070175439,0.22807017543859648,0.8947368421052632,3.473684210526316,6.947368421052632,2.6842105263157894,3.192982456140351
Moses Brown,2TM,C,36,8.166666666666666,4.305555555555555,3.861111111111111,0.1111111111111111,0.1111111111111111,0.3888888888888889,0.0,1.6944444444444444,2.6666666666666665,0.9166666666666666,2.0
Moses Moody,GSW,SG,63,12.968253968253968,4.7936507936507935,1.6666666666666667,0.8095238095238095,0.2857142857142857,0.1111111111111111,0.7777777777777778,1.7142857142857142,3.6031746031746033,0.5873015873015873,0.8412698412698413
Moussa Diabaté,LAC,C,22,8.863636363636363,2.6818181818181817,2.272727272727273,0.18181818181818182,0.3181818181818182,0.36363636363636365,0.045454545454545456,1.0909090909090908,2.1363636363636362,0.45454545454545453,0.7272727272727273
Myles Turner,IND,C,62,29.43548387096774,17.951612903225808,7.516129032258065,1.435483870967742,0.5806451612903226,2.2580645161290325,1.5,6.483870967741935,11.82258064516129,3.4838709677419355,4.451612903225806
Naji Marshall,NOP,SF,77,23.272727272727273,9.064935064935066,3.6233766233766236,2.4545454545454546,0.7012987012987013,0.18181818181818182,0.8571428571428571,3.207792207792208,7.415584415584416,1.7922077922077921,2.272727272727273
Nassir Little,POR,SF,54,18.074074074074073,6.648148148148148,2.611111111111111,0.9259259259259259,0.37037037037037035,0.37037037037037035,1.0740740740740742,2.4814814814814814,5.611111111111111,0.6111111111111112,0.8518518518518519
Nate Williams,POR,SG,5,25.4,10.6,3.0,2.0,0.6,0.4,0.6,4.8,7.8,0.4,0.6
Nathan Knight,MIN,C,38,7.657894736842105,3.6578947368421053,1.4736842105263157,0.34210526315789475,0.2631578947368421,0.15789473684210525,0.21052631578947367,1.2105263157894737,2.1315789473684212,1.0263157894736843,1.5
Naz Reid,MIN,C,68,18.397058823529413,11.485294117647058,4.897058823529412,1.1323529411764706,0.6176470588235294,0.7794117647058824,1.1029411764705883,4.5588235294117645,8.485294117647058,1.2647058823529411,1.8676470588235294
Neemias Queta,SAC,C,5,5.8,2.4,2.2,0.2,0.0,0.4,0.0,1.2,1.8,0.0,0.4
Nerlens Noel,2TM,C,17,11.470588235294118,2.0588235294117645,2.7058823529411766,0.5882352941176471,0.9411764705882353,0.5882352941176471,0.058823529411764705,0.7647058823529411,2.1176470588235294,0.47058823529411764,0.7058823529411765
Nic Claxton,BRK,C,76,29.88157894736842,12.644736842105264,9.236842105263158,1.894736842105263,0.8552631578947368,2.486842105263158,0.0,5.447368421052632,7.723684210526316,1.75,3.236842105263158
Nick Richards,CHO,C,65,18.723076923076924,8.184615384615384,6.4,0.5846153846153846,0.16923076923076924,1.0923076923076922,0.015384615384615385,3.0307692307692307,4.815384615384615,2.1076923076923078,2.8153846153846156
Nickeil Alexander-Walker,2TM,SG,59,14.983050847457626,6.1525423728813555,1.7118644067796611,1.8305084745762712,0.5423728813559322,0.3559322033898305,1.0338983050847457,2.2203389830508473,5.0,0.6779661016949152,1.0169491525423728
Nicolas Batum,LAC,PF,78,21.91025641025641,6.128205128205129,3.8333333333333335,1.5512820512820513,0.6923076923076923,0.5641025641025641,1.5897435897435896,2.051282051282051,4.884615384615385,0.4358974358974359,0.6153846153846154
Nikola Jokić,DEN,C,69,33.666666666666664,24.492753623188406,11.840579710144928,9.826086956521738,1.2608695652173914,0.6811594202898551,0.8260869565217391,9.36231884057971,14.81159420289855,4.942028985507246,6.0144927536231885
Nikola Jović,MIA,PF,15,13.6,5.466666666666667,2.066666666666667,0.6666666666666666,0.4666666666666667,0.13333333333333333,0.5333333333333333,1.8666666666666667,4.6,1.2,1.2666666666666666
Nikola Vučević,CHI,C,82,33.48780487804878,17.646341463414632,11.012195121951219,3.231707317073171,0.7317073170731707,0.6951219512195121,1.475609756097561,7.280487804878049,14.0,1.6097560975609757,1.9268292682926829
Noah Vonleh,BOS,C,23,7.434782608695652,1.0869565217391304,2.0869565217391304,0.30434782608695654,0.08695652173913043,0.34782608695652173,0.043478260869565216,0.4782608695652174,1.0434782608695652,0.08695652173913043,0.08695652173913043
Norman Powell,LAC,SG,60,26.116666666666667,16.983333333333334,2.9166666666666665,1.8166666666666667,0.8333333333333334,0.3,1.9,5.666666666666667,11.833333333333334,3.75,4.616666666666666
OG Anunoby,TOR,SF,67,35.61194029850746,16.776119402985074,4.955223880597015,1.955223880597015,1.9104477611940298,0.746268656716418,2.1194029850746268,6.2835820895522385,13.208955223880597,2.08955223880597,2.4925373134328357
Obi Toppin,NYK,PF,67,15.671641791044776,7.417910447761194,2.791044776119403,0.9850746268656716,0.34328358208955223,0.1791044776119403,1.2686567164179106,2.791044776119403,6.253731343283582,0.5671641791044776,0.7014925373134329
Ochai Agbaji,UTA,SG,59,20.491525423728813,7.915254237288136,2.0508474576271185,1.1355932203389831,0.2711864406779661,0.2542372881355932,1.3728813559322033,2.7966101694915255,6.5423728813559325,0.9491525423728814,1.1694915254237288
Olivier Sarr,OKC,C,9,12.666666666666666,4.0,3.4444444444444446,0.4444444444444444,0.1111111111111111,0.5555555555555556,0.1111111111111111,1.6666666666666667,3.3333333333333335,0.5555555555555556,0.7777777777777778
Omer Yurtseven,MIA,C,9,9.222222222222221,4.444444444444445,2.5555555555555554,0.2222222222222222,0.2222222222222222,0.2222222222222222,0.3333333333333333,1.7777777777777777,3.0,0.5555555555555556,0.6666666666666666
Onyeka Okongwu,ATL,C,80,23.1125,9.8875,7.2,1.0125,0.7,1.3375,0.05,3.9625,6.2125,1.9125,2.45
Orlando Robinson,MIA,C,31,13.709677419354838,3.7419354838709675,4.064516129032258,0.8064516129032258,0.3870967741935484,0.3870967741935484,0.0,1.5161290322580645,2.870967741935484,0.7096774193548387,1.0
Oshae Brissett,IND,PF,65,16.661538461538463,6.123076923076923,3.353846153846154,0.676923076923077,0.5076923076923077,0.2,0.7384615384615385,1.8923076923076922,4.907692307692308,1.6,2.230769230769231
Otto Porter Jr.,TOR,SF,8,18.25,5.5,2.375,1.0,1.375,0.0,0.75,1.875,3.75,1.0,1.0
Ousmane Dieng,OKC,PF,39,14.58974358974359,4.948717948717949,2.6923076923076925,1.1794871794871795,0.358974358974359,0.1794871794871795,0.6666666666666666,1.9487179487179487,4.641025641025641,0.38461538461538464,0.5897435897435898
P.J. Tucker,PHI,PF,75,25.6,3.546666666666667,3.933333333333333,0.8,0.52,0.2,0.7333333333333333,1.28,3.0,0.25333333333333335,0.30666666666666664
P.J. Washington,CHO,PF,73,32.602739726027394,15.67123287671233,4.904109589041096,2.3972602739726026,0.9041095890410958,1.082191780821918,2.041095890410959,5.945205479452055,13.397260273972602,1.7397260273972603,2.3835616438356166
PJ Dozier,SAC,SF,16,4.9375,1.375,0.875,0.625,0.375,0.0625,0.125,0.625,2.0625,0.0,0.0
Paolo Banchero,ORL,PF,72,33.75,19.958333333333332,6.902777777777778,3.736111111111111,0.8333333333333334,0.5416666666666666,1.1805555555555556,6.652777777777778,15.583333333333334,5.472222222222222,7.416666666666667
Pascal Siakam,TOR,PF,71,37.352112676056336,24.225352112676056,7.830985915492958,5.845070422535211,0.9154929577464789,0.5070422535211268,1.3098591549295775,8.873239436619718,18.492957746478872,5.169014084507042,6.676056338028169
Pat Connaughton,MIL,SF,61,23.65573770491803,7.639344262295082,4.639344262295082,1.2622950819672132,0.6065573770491803,0.18032786885245902,1.7868852459016393,2.7049180327868854,6.901639344262295,0.4426229508196721,0.6721311475409836
Patrick Baldwin Jr.,GSW,SF,31,7.290322580645161,3.935483870967742,1.2903225806451613,0.3548387096774194,0.1935483870967742,0.12903225806451613,1.032258064516129,1.3870967741935485,3.5161290322580645,0.12903225806451613,0.1935483870967742
Patrick Beverley,2TM,SG,67,27.104477611940297,6.1940298507462686,3.6865671641791047,2.8955223880597014,0.9402985074626866,0.6119402985074627,1.1940298507462686,2.1492537313432836,5.373134328358209,0.7014925373134329,0.9701492537313433
Patrick Williams,CHI,PF,82,28.329268292682926,10.158536585365853,3.9878048780487805,1.2195121951219512,0.8780487804878049,0.8536585365853658,1.4024390243902438,3.8292682926829267,8.25609756097561,1.0975609756097562,1.2804878048780488
Patty Mills,BRK,PG,40,14.175,6.15,1.1,1.4,0.375,0.075,1.225,2.15,5.225,0.625,0.75
Paul George,LAC,SF,56,34.625,23.785714285714285,6.107142857142857,5.142857142857143,1.4821428571428572,0.35714285714285715,2.8214285714285716,8.196428571428571,17.928571428571427,4.571428571428571,5.25
Paul Reed,PHI,C,69,10.942028985507246,4.159420289855072,3.7971014492753623,0.391304347826087,0.6666666666666666,0.7391304347826086,0.014492753623188406,1.7971014492753623,3.028985507246377,0.5507246376811594,0.7391304347826086
Payton Pritchard,BOS,PG,48,13.395833333333334,5.625,1.8333333333333333,1.3333333333333333,0.2916666666666667,0.020833333333333332,1.1666666666666667,2.1041666666666665,5.104166666666667,0.25,0.3333333333333333
Peyton Watson,DEN,SG,23,8.08695652173913,3.260869565217391,1.608695652173913,0.4782608695652174,0.08695652173913043,0.4782608695652174,0.2608695652173913,1.2608695652173914,2.5652173913043477,0.4782608695652174,0.8695652173913043
Precious Achiuwa,TOR,C,55,20.727272727272727,9.236363636363636,5.963636363636364,0.9090909090909091,0.5636363636363636,0.5454545454545454,0.5272727272727272,3.5636363636363635,7.345454545454546,1.5818181818181818,2.2545454545454544
Quentin Grimes,NYK,SG,71,29.87323943661972,11.253521126760564,3.2253521126760565,2.112676056338028,0.6619718309859155,0.36619718309859156,2.211267605633803,3.971830985915493,8.47887323943662,1.0985915492957747,1.380281690140845
Quenton Jackson,WAS,PG,9,15.0,6.222222222222222,0.8888888888888888,1.6666666666666667,0.4444444444444444,0.1111111111111111,0.1111111111111111,2.111111111111111,4.666666666666667,1.8888888888888888,2.4444444444444446
R.J. Hampton,2TM,SG,47,15.957446808510639,6.425531914893617,1.851063829787234,1.148936170212766,0.574468085106383,0.19148936170212766,0.8723404255319149,2.1702127659574466,5.042553191489362,1.2127659574468086,1.6170212765957446
RJ Barrett,NYK,SG,73,33.9041095890411,19.602739726027398,5.041095890410959,2.7534246575342465,0.4246575342465753,0.2054794520547945,1.6575342465753424,6.986301369863014,16.10958904109589,3.9726027397260273,5.36986301369863
RaiQuan Gray,BRK,PF,1,35.0,16.0,9.0,7.0,0.0,1.0,2.0,6.0,12.0,2.0,2.0
Raul Neto,CLE,PG,48,10.520833333333334,3.2708333333333335,0.9583333333333334,1.6458333333333333,0.3541666666666667,0.08333333333333333,0.25,1.1875,2.2916666666666665,0.6458333333333334,0.7083333333333334
Reggie Bullock,DAL,SF,78,30.307692307692307,7.1923076923076925,3.628205128205128,1.3846153846153846,0.6923076923076923,0.16666666666666666,1.935897435897436,2.4615384615384617,6.0256410256410255,0.3333333333333333,0.47435897435897434
Reggie Jackson,2TM,PG,68,24.36764705882353,10.191176470588236,2.1176470588235294,3.426470588235294,0.6911764705882353,0.08823529411764706,1.411764705882353,3.8676470588235294,9.411764705882353,1.0441176470588236,1.1470588235294117
Richaun Holmes,SAC,C,42,8.285714285714286,3.0952380952380953,1.9047619047619047,0.21428571428571427,0.07142857142857142,0.2619047619047619,0.11904761904761904,1.3095238095238095,2.119047619047619,0.35714285714285715,0.4523809523809524
Ricky Rubio,CLE,PG,33,17.151515151515152,5.181818181818182,2.121212121212121,3.484848484848485,0.7878787878787878,0.18181818181818182,0.6363636363636364,1.8484848484848484,5.393939393939394,0.8484848484848485,1.0606060606060606
Robert Covington,LAC,PF,48,16.229166666666668,6.0,3.4583333333333335,1.1875,0.7916666666666666,0.6875,1.125,2.125,4.770833333333333,0.625,0.8333333333333334
Robert Williams,BOS,C,35,23.542857142857144,7.9714285714285715,8.342857142857143,1.4285714285714286,0.6285714285714286,1.3714285714285714,0.0,3.6285714285714286,4.857142857142857,0.7142857142857143,1.1714285714285715
Robin Lopez,CLE,C,37,8.08108108108108,3.027027027027027,1.3783783783783783,0.5135135135135135,0.05405405405405406,0.21621621621621623,0.05405405405405406,1.2972972972972974,2.027027027027027,0.3783783783783784,0.4864864864864865
Rodney McGruder,DET,SG,32,16.375,5.71875,2.3125,0.875,0.5,0.03125,1.28125,1.9375,4.75,0.5625,0.6875
Romeo Langford,SAS,SG,43,19.627906976744185,6.906976744186046,2.6511627906976742,1.1627906976744187,0.5581395348837209,0.3023255813953488,0.37209302325581395,2.813953488372093,6.023255813953488,0.9069767441860465,1.302325581395349
Ron Harper Jr.,TOR,PF,9,5.333333333333333,2.2222222222222223,0.7777777777777778,0.4444444444444444,0.0,0.1111111111111111,0.3333333333333333,0.8888888888888888,1.7777777777777777,0.1111111111111111,0.1111111111111111
Royce O'Neale,BRK,SF,76,31.69736842105263,8.828947368421053,5.052631578947368,3.723684210526316,0.8552631578947368,0.6447368421052632,2.1447368421052633,3.013157894736842,7.802631578947368,0.6578947368421053,0.9078947368421053
Rudy Gay,UTA,PF,56,14.571428571428571,5.232142857142857,2.9107142857142856,1.0178571428571428,0.3392857142857143,0.32142857142857145,0.5892857142857143,1.9464285714285714,5.125,0.75,0.875
Rudy Gobert,MIN,C,70,30.685714285714287,13.414285714285715,11.628571428571428,1.2428571428571429,0.8,1.3571428571428572,0.0,5.142857142857143,7.8,3.1285714285714286,4.857142857142857
Rui Hachimura,2TM,PF,63,23.26984126984127,11.222222222222221,4.492063492063492,0.9206349206349206,0.30158730158730157,0.4126984126984127,0.8095238095238095,4.507936507936508,9.26984126984127,1.3968253968253967,1.8888888888888888
Russell Westbrook,2TM,PG,73,29.123287671232877,15.876712328767123,5.794520547945205,7.5479452054794525,1.0410958904109588,0.4520547945205479,1.2191780821917808,5.917808219178082,13.575342465753424,2.8219178082191783,4.301369863013699
Ryan Arcidiacono,2TM,PG,20,8.6,1.3,0.75,1.15,0.25,0.0,0.4,0.45,1.85,0.0,0.0
Ryan Rollins,GSW,PG,12,5.166666666666667,1.9166666666666667,1.0,0.5,0.08333333333333333,0.08333333333333333,0.25,0.5833333333333334,1.6666666666666667,0.5,0.5
Saben Lee,2TM,PG,25,14.92,6.04,1.8,2.68,0.76,0.04,0.44,1.96,4.84,1.68,2.28
Saddiq Bey,2TM,SF,77,27.649350649350648,13.792207792207792,4.701298701298701,1.5324675324675325,0.9090909090909091,0.16883116883116883,1.9610389610389611,4.584415584415584,10.857142857142858,2.6623376623376624,3.090909090909091
Sam Hauser,BOS,SF,80,16.125,6.4,2.55,0.8875,0.3625,0.2625,1.75,2.25,4.95,0.15,0.2125
Sam Merrill,CLE,SG,5,11.8,5.0,1.8,1.0,0.8,0.0,1.0,1.8,4.4,0.4,0.4
Sandro Mamukelashvili,2TM,C,43,15.348837209302326,6.116279069767442,4.3023255813953485,1.441860465116279,0.32558139534883723,0.27906976744186046,0.6976744186046512,2.255813953488372,5.348837209302325,0.9069767441860465,1.3255813953488371
Santi Aldama,MEM,PF,77,21.844155844155843,9.03896103896104,4.818181818181818,1.2597402597402598,0.5844155844155844,0.6233766233766234,1.2207792207792207,3.207792207792208,6.818181818181818,1.4025974025974026,1.87012987012987
Scottie Barnes,TOR,SF,77,34.77922077922078,15.311688311688311,6.64935064935065,4.818181818181818,1.077922077922078,0.7922077922077922,0.8181818181818182,6.012987012987013,13.194805194805195,2.4675324675324677,3.1948051948051948
Scotty Pippen Jr.,LAL,PG,6,5.333333333333333,2.3333333333333335,0.6666666666666666,0.3333333333333333,0.3333333333333333,0.16666666666666666,0.16666666666666666,0.6666666666666666,2.0,0.8333333333333334,1.5
Serge Ibaka,MIL,C,16,11.5625,4.125,2.75,0.25,0.125,0.4375,0.375,1.625,3.375,0.5,0.8125
Seth Curry,BRK,SG,61,19.852459016393443,9.19672131147541,1.639344262295082,1.6229508196721312,0.5901639344262295,0.11475409836065574,1.540983606557377,3.4098360655737703,7.360655737704918,0.8360655737704918,0.9016393442622951
Shaedon Sharpe,POR,SG,80,22.2375,9.8625,2.95,1.175,0.475,0.3,1.275,3.825,8.1,0.9375,1.3125
Shai Gilgeous-Alexander,OKC,PG,68,35.529411764705884,31.397058823529413,4.838235294117647,5.455882352941177,1.6470588235294117,0.9558823529411765,0.8529411764705882,10.352941176470589,20.308823529411764,9.838235294117647,10.867647058823529
Shake Milton,PHI,SG,76,20.61842105263158,8.381578947368421,2.513157894736842,3.1578947368421053,0.32894736842105265,0.17105263157894737,0.7368421052631579,3.1710526315789473,6.618421052631579,1.3026315789473684,1.5263157894736843
Shaquille Harrison,POR,SG,5,24.0,8.8,4.4,6.0,2.2,0.4,0.6,3.0,7.2,2.2,3.0
Simone Fontecchio,UTA,SF,52,14.73076923076923,6.3076923076923075,1.6538461538461537,0.8076923076923077,0.28846153846153844,0.15384615384615385,1.2115384615384615,2.2115384615384617,6.0,0.6730769230769231,0.8461538461538461
Skylar Mays,POR,PG,6,31.5,15.333333333333334,3.1666666666666665,8.333333333333334,1.0,0.16666666666666666,2.0,5.666666666666667,11.333333333333334,2.0,2.1666666666666665
Spencer Dinwiddie,2TM,SG,79,34.49367088607595,17.329113924050635,3.4177215189873418,6.518987341772152,0.8481012658227848,0.3037974683544304,2.2911392405063293,5.822784810126582,13.291139240506329,3.392405063291139,4.177215189873418
Stanley Johnson,SAS,SF,30,15.633333333333333,5.8,3.1666666666666665,2.2333333333333334,0.5333333333333333,0.2,0.6,2.1666666666666665,4.066666666666666,0.8666666666666667,1.3
Stanley Umude,DET,SG,1,2.0,2.0,0.0,0.0,1.0,1.0,0.0,0.0,1.0,2.0,2.0
Stephen Curry,GSW,PG,56,34.660714285714285,29.428571428571427,6.089285714285714,6.285714285714286,0.9285714285714286,0.35714285714285715,4.875,9.982142857142858,20.232142857142858,4.589285714285714,5.017857142857143
Sterling Brown,LAL,SF,4,6.0,0.0,2.0,0.5,0.75,0.0,0.0,0.0,1.0,0.0,0.0
Steven Adams,MEM,C,42,26.976190476190474,8.595238095238095,11.547619047619047,2.3095238095238093,0.8571428571428571,1.0952380952380953,0.0,3.738095238095238,6.261904761904762,1.119047619047619,3.0714285714285716
Svi Mykhailiuk,2TM,SF,32,14.625,6.9375,1.65625,1.65625,0.46875,0.125,1.3125,2.40625,5.40625,0.8125,1.21875
T.J. McConnell,IND,PG,75,20.346666666666668,8.666666666666666,3.12,5.293333333333333,1.08,0.13333333333333333,0.3466666666666667,3.7733333333333334,6.946666666666666,0.7733333333333333,0.9066666666666666
T.J. Warren,2TM,PF,42,16.357142857142858,7.476190476190476,2.880952380952381,0.9523809523809523,0.5238095238095238,0.2857142857142857,0.5238095238095238,3.142857142857143,6.428571428571429,0.6666666666666666,0.8333333333333334
Taj Gibson,WAS,C,49,9.795918367346939,3.4285714285714284,1.8979591836734695,0.6938775510204082,0.30612244897959184,0.24489795918367346,0.16326530612244897,1.3265306122448979,2.5510204081632653,0.6122448979591837,0.8571428571428571
Talen Horton-Tucker,UTA,SG,65,20.2,10.738461538461538,3.230769230769231,3.7846153846153845,0.6307692307692307,0.4461538461538462,0.8923076923076924,3.953846153846154,9.430769230769231,1.9384615384615385,2.5846153846153848
Tari Eason,HOU,PF,82,21.548780487804876,9.268292682926829,6.048780487804878,1.0731707317073171,1.170731707317073,0.573170731707317,0.7195121951219512,3.6097560975609757,8.048780487804878,1.329268292682927,1.7682926829268293
Taurean Prince,MIN,PF,54,22.074074074074073,9.12962962962963,2.4444444444444446,1.5555555555555556,0.5185185185185185,0.2777777777777778,1.3703703703703705,3.2777777777777777,7.018518518518518,1.2037037037037037,1.4259259259259258
Terance Mann,LAC,SG,81,23.11111111111111,8.802469135802468,3.4074074074074074,2.271604938271605,0.5185185185185185,0.2716049382716049,0.9506172839506173,3.3580246913580245,6.469135802469136,1.1358024691358024,1.4567901234567902
Terence Davis,SAC,SG,64,13.140625,6.734375,2.171875,1.046875,0.671875,0.1875,1.390625,2.40625,5.6875,0.53125,0.671875
Terrence Ross,2TM,SG,63,21.11111111111111,8.285714285714286,2.4444444444444446,1.507936507936508,0.5555555555555556,0.15873015873015872,1.507936507936508,3.1746031746031744,7.380952380952381,0.42857142857142855,0.5396825396825397
Terry Rozier,CHO,SG,63,35.25396825396825,21.095238095238095,4.111111111111111,5.063492063492063,1.1746031746031746,0.25396825396825395,2.619047619047619,7.825396825396825,18.857142857142858,2.8253968253968256,3.492063492063492
Terry Taylor,2TM,PF,31,8.516129032258064,2.870967741935484,1.5161290322580645,0.3225806451612903,0.0967741935483871,0.1935483870967742,0.16129032258064516,1.2580645161290323,2.4193548387096775,0.1935483870967742,0.3548387096774194
Thaddeus Young,TOR,PF,54,14.722222222222221,4.444444444444445,3.074074074074074,1.3888888888888888,1.0,0.09259259259259259,0.1111111111111111,2.0,3.6666666666666665,0.3333333333333333,0.48148148148148145
Thanasis Antetokounmpo,MIL,PF,37,5.5675675675675675,1.3783783783783783,1.1891891891891893,0.40540540540540543,0.08108108108108109,0.08108108108108109,0.0,0.5405405405405406,1.2432432432432432,0.2972972972972973,0.5945945945945946
Theo Pinson,DAL,SG,40,8.075,2.375,1.575,1.15,0.15,0.025,0.55,0.775,2.175,0.275,0.325
Thomas Bryant,2TM,C,59,18.322033898305083,9.813559322033898,5.745762711864407,0.5254237288135594,0.2711864406779661,0.5084745762711864,0.4406779661016949,3.8983050847457625,6.254237288135593,1.576271186440678,2.135593220338983
Théo Maledon,CHO,PG,44,19.40909090909091,6.704545454545454,2.7954545454545454,3.4545454545454546,0.8409090909090909,0.2727272727272727,0.6363636363636364,2.3181818181818183,5.7727272727272725,1.4318181818181819,1.6818181818181819
Tim Hardaway Jr.,DAL,SF,71,30.309859154929576,14.352112676056338,3.535211267605634,1.8169014084507042,0.6901408450704225,0.16901408450704225,2.9859154929577465,4.788732394366197,11.929577464788732,1.7887323943661972,2.323943661971831
Tobias Harris,PHI,SF,74,32.91891891891892,14.662162162162161,5.72972972972973,2.5135135135135136,0.918918918918919,0.5405405405405406,1.7027027027027026,5.716216216216216,11.41891891891892,1.527027027027027,1.7432432432432432
Tony Bradley,CHI,C,12,2.75,1.5833333333333333,0.9166666666666666,0.08333333333333333,0.08333333333333333,0.08333333333333333,0.25,0.5,1.0,0.3333333333333333,0.3333333333333333
Torrey Craig,PHO,PF,79,24.658227848101266,7.443037974683544,5.3924050632911396,1.481012658227848,0.6329113924050633,0.7848101265822784,1.2658227848101267,2.8860759493670884,6.329113924050633,0.4050632911392405,0.569620253164557
Trae Young,ATL,PG,73,34.80821917808219,26.21917808219178,2.9726027397260273,10.150684931506849,1.095890410958904,0.1232876712328767,2.1095890410958904,8.178082191780822,19.041095890410958,7.7534246575342465,8.753424657534246
Tre Jones,SAS,PG,68,29.176470588235293,12.867647058823529,3.6029411764705883,6.588235294117647,1.3088235294117647,0.1323529411764706,0.6617647058823529,5.014705882352941,10.926470588235293,2.176470588235294,2.5294117647058822
Tre Mann,OKC,PG,67,17.65671641791045,7.7164179104477615,2.3134328358208953,1.791044776119403,0.5970149253731343,0.16417910447761194,1.208955223880597,2.9402985074626864,7.477611940298507,0.6268656716417911,0.8208955223880597
Trendon Watford,POR,PF,62,19.06451612903226,7.403225806451613,3.838709677419355,2.096774193548387,0.5161290322580645,0.1935483870967742,0.4032258064516129,2.9193548387096775,5.209677419354839,1.1612903225806452,1.6129032258064515
Trent Forrest,ATL,SG,23,12.043478260869565,2.260869565217391,1.608695652173913,1.6521739130434783,0.30434782608695654,0.08695652173913043,0.0,1.0869565217391304,2.608695652173913,0.08695652173913043,0.13043478260869565
Trevelin Queen,IND,SG,7,10.0,3.0,2.4285714285714284,0.8571428571428571,0.2857142857142857,0.7142857142857143,0.2857142857142857,1.0,4.142857142857143,0.7142857142857143,0.7142857142857143
Trevor Hudgins,HOU,PG,5,5.6,1.8,0.0,0.6,0.0,0.0,0.4,0.4,1.8,0.6,0.6
Trevor Keels,NYK,SG,3,2.6666666666666665,1.0,0.6666666666666666,0.0,0.0,0.0,0.3333333333333333,0.3333333333333333,1.3333333333333333,0.0,0.0
Trey Lyles,SAC,PF,74,16.85135135135135,7.594594594594595,4.054054054054054,0.8918918918918919,0.36486486486486486,0.4189189189189189,1.1756756756756757,2.527027027027027,5.513513513513513,1.364864864864865,1.6756756756756757
Trey Murphy III,NOP,SF,79,30.9873417721519,14.531645569620252,3.5569620253164556,1.4177215189873418,1.1265822784810127,0.5443037974683544,2.5569620253164556,4.89873417721519,10.126582278481013,2.1772151898734178,2.4050632911392404
Troy Brown Jr.,LAL,SF,76,24.473684210526315,7.118421052631579,4.052631578947368,1.25,0.7763157894736842,0.21052631578947367,1.4078947368421053,2.6315789473684212,6.118421052631579,0.4473684210526316,0.5131578947368421
Ty Jerome,GSW,SG,45,18.133333333333333,6.866666666666666,1.7333333333333334,3.0,0.5111111111111111,0.1111111111111111,0.7777777777777778,2.6222222222222222,5.377777777777778,0.8444444444444444,0.9111111111111111
TyTy Washington Jr.,HOU,PG,31,13.96774193548387,4.67741935483871,1.4516129032258065,1.5161290322580645,0.4838709677419355,0.06451612903225806,0.6129032258064516,1.8709677419354838,5.161290322580645,0.3225806451612903,0.5806451612903226
Tyler Dorsey,DAL,SF,3,2.6666666666666665,3.0,0.6666666666666666,0.0,0.0,0.0,0.3333333333333333,1.3333333333333333,1.6666666666666667,0.0,0.0
Tyler Herro,MIA,SG,67,34.88059701492537,20.104477611940297,5.373134328358209,4.17910447761194,0.7611940298507462,0.23880597014925373,3.029850746268657,7.268656716417911,16.55223880597015,2.537313432835821,2.716417910447761
Tyrese Haliburton,IND,PG,56,33.625,20.714285714285715,3.6607142857142856,10.446428571428571,1.625,0.44642857142857145,2.875,7.357142857142857,15.017857142857142,3.125,3.5892857142857144
Tyrese Martin,ATL,SG,16,4.125,1.3125,0.75,0.125,0.0625,0.0,0.0625,0.5625,1.4375,0.125,0.125
Tyrese Maxey,PHI,SG,60,33.6,20.3,2.933333333333333,3.533333333333333,0.8166666666666667,0.13333333333333333,2.6666666666666665,7.316666666666666,15.216666666666667,3.0,3.55
Tyus Jones,MEM,PG,80,24.25,10.2875,2.5,5.2125,1.0375,0.075,1.5125,3.8875,8.875,1.0,1.25
Udoka Azubuike,UTA,C,36,9.972222222222221,3.4722222222222223,3.3055555555555554,0.3055555555555556,0.16666666666666666,0.4166666666666667,0.0,1.6388888888888888,2.0,0.19444444444444445,0.5555555555555556
Udonis Haslem,MIA,C,7,10.142857142857142,3.857142857142857,1.5714285714285714,0.0,0.14285714285714285,0.2857142857142857,0.42857142857142855,1.4285714285714286,4.142857142857143,0.5714285714285714,0.7142857142857143
Usman Garuba,HOU,C,75,12.933333333333334,3.0,4.093333333333334,0.8533333333333334,0.5866666666666667,0.38666666666666666,0.32,1.1466666666666667,2.36,0.38666666666666666,0.6266666666666667
Vernon Carey Jr.,WAS,C,11,2.5454545454545454,0.5454545454545454,1.0,0.2727272727272727,0.18181818181818182,0.18181818181818182,0.0,0.18181818181818182,0.7272727272727273,0.18181818181818182,0.18181818181818182
Victor Oladipo,MIA,SG,42,26.333333333333332,10.69047619047619,3.0476190476190474,3.4761904761904763,1.3571428571428572,0.2857142857142857,1.6666666666666667,3.8095238095238093,9.595238095238095,1.4047619047619047,1.880952380952381
Vince Williams Jr.,MEM,SG,15,7.0,2.0,1.0,0.26666666666666666,0.4,0.13333333333333333,0.26666666666666666,0.8,2.6666666666666665,0.13333333333333333,0.13333333333333333
Vlatko Čančar,DEN,PF,60,14.816666666666666,4.95,2.1333333333333333,1.3333333333333333,0.36666666666666664,0.23333333333333334,0.7166666666666667,1.8,3.783333333333333,0.6333333333333333,0.6833333333333333
Vít Krejčí,ATL,PG,29,5.689655172413793,1.2413793103448276,0.896551724137931,0.5862068965517241,0.1724137931034483,0.034482758620689655,0.1724137931034483,0.5172413793103449,1.2758620689655173,0.034482758620689655,0.06896551724137931
Walker Kessler,UTA,C,74,23.013513513513512,9.175675675675675,8.378378378378379,0.9324324324324325,0.35135135135135137,2.3378378378378377,0.013513513513513514,4.027027027027027,5.594594594594595,1.1081081081081081,2.1486486486486487
Wendell Carter Jr.,ORL,C,57,29.649122807017545,15.228070175438596,8.719298245614034,2.3157894736842106,0.5263157894736842,0.5789473684210527,1.4035087719298245,5.649122807017544,10.75438596491228,2.526315789473684,3.4210526315789473
Wendell Moore Jr.,MIN,SG,29,5.275862068965517,1.4482758620689655,0.6206896551724138,0.6206896551724138,0.27586206896551724,0.1724137931034483,0.06896551724137931,0.6206896551724138,1.4827586206896552,0.13793103448275862,0.1724137931034483
Wenyen Gabriel,LAL,C,68,15.058823529411764,5.470588235294118,4.205882352941177,0.5294117647058824,0.38235294117647056,0.5147058823529411,0.14705882352941177,2.2794117647058822,3.823529411764706,0.7647058823529411,1.2352941176470589
Wesley Matthews,MIL,SF,52,15.76923076923077,3.4423076923076925,2.173076923076923,0.6538461538461539,0.38461538461538464,0.25,0.75,1.1153846153846154,3.076923076923077,0.46153846153846156,0.5384615384615384
Will Barton,2TM,SG,56,17.732142857142858,6.767857142857143,2.4464285714285716,2.0,0.5,0.23214285714285715,1.1785714285714286,2.4642857142857144,6.5,0.6607142857142857,0.8392857142857143
Willy Hernangómez,NOP,C,38,12.052631578947368,6.894736842105263,4.7368421052631575,0.868421052631579,0.4473684210526316,0.34210526315789475,0.07894736842105263,2.3421052631578947,4.447368421052632,2.1315789473684212,2.736842105263158
Xavier Cooks,WAS,PF,10,12.6,3.8,3.8,0.6,0.6,0.4,0.0,1.7,2.8,0.4,1.0
Xavier Moon,LAC,SG,4,5.0,1.75,0.75,1.25,0.0,0.0,0.25,0.75,2.25,0.0,0.0
Xavier Sneed,CHO,SF,4,12.0,4.25,1.25,1.25,0.0,0.25,0.75,1.25,2.5,1.0,1.0
Xavier Tillman Sr.,MEM,C,61,19.34426229508197,7.032786885245901,5.032786885245901,1.5737704918032787,0.9508196721311475,0.47540983606557374,0.06557377049180328,3.081967213114754,5.016393442622951,0.8032786885245902,1.459016393442623
Yuta Watanabe,BRK,SF,58,16.0,5.551724137931035,2.4310344827586206,0.8275862068965517,0.43103448275862066,0.29310344827586204,1.0344827586206897,1.9655172413793103,4.0,0.5862068965517241,0.8103448275862069
Zach Collins,SAS,C,63,22.873015873015873,11.603174603174603,6.380952380952381,2.857142857142857,0.5873015873015873,0.7777777777777778,0.873015873015873,4.507936507936508,8.698412698412698,1.7142857142857142,2.253968253968254
Zach LaVine,CHI,SG,77,35.94805194805195,24.844155844155843,4.48051948051948,4.246753246753247,0.8961038961038961,0.23376623376623376,2.6493506493506493,8.74025974025974,18.025974025974026,4.714285714285714,5.558441558441558
Zeke Nnaji,DEN,PF,53,13.735849056603774,5.226415094339623,2.6037735849056602,0.33962264150943394,0.32075471698113206,0.4339622641509434,0.32075471698113206,2.0754716981132075,3.69811320754717,0.7547169811320755,1.169811320754717
Ziaire Williams,MEM,SF,37,15.162162162162161,5.675675675675675,2.135135135135135,0.9459459459459459,0.3783783783783784,0.16216216216216217,0.6756756756756757,2.27027027027027,5.297297297297297,0.4594594594594595,0.5945945945945946
Zion Williamson,NOP,PF,29,32.96551724137931,26.0,6.9655172413793105,4.586206896551724,1.103448275862069,0.5517241379310345,0.2413793103448276,9.827586206896552,16.17241379310345,6.103448275862069,8.551724137931034
