player,nba_team,positions,games,minutes_pg,pts_pg,reb_pg,ast_pg,stl_pg,blk_pg,fg3m_pg,fgm_pg,fga_pg,ftm_pg,fta_pg
Aaron Gordon,ORL,PF,62,32.53225806451613,14.419354838709678,7.661290322580645,3.6774193548387095,0.8225806451612904,0.6290322580645161,1.1774193548387097,5.403225806451613,12.370967741935484,2.435483870967742,3.6129032258064515
Aaron Holiday,IND,PG,66,24.5,9.5,2.3636363636363638,3.409090909090909,0.8333333333333334,0.24242424242424243,1.3181818181818181,3.5303030303030303,8.530303030303031,1.121212121212121,1.3181818181818181
Abdel Nader,OKC,SF,55,15.763636363636364,6.2727272727272725,1.8181818181818181,0.6909090909090909,0.41818181818181815,0.36363636363636365,0.8727272727272727,2.2363636363636363,4.781818181818182,0.9272727272727272,1.2
Adam Mokoka,CHI,SF,11,10.181818181818182,2.909090909090909,0.9090909090909091,0.36363636363636365,0.36363636363636365,0.0,0.5454545454545454,1.0909090909090908,2.5454545454545454,0.18181818181818182,0.36363636363636365
Admiral Schofield,WAS,PF,33,11.151515151515152,3.0,1.4242424242424243,0.45454545454545453,0.24242424242424243,0.12121212121212122,0.5757575757575758,1.0606060606060606,2.787878787878788,0.30303030303030304,0.45454545454545453
Al Horford,PHI,C,67,30.223880597014926,11.91044776119403,6.8059701492537314,4.029850746268656,0.7761194029850746,0.9104477611940298,1.4776119402985075,4.7611940298507465,10.582089552238806,0.9104477611940298,1.1940298507462686
Al-Farouq Aminu,ORL,PF,18,21.11111111111111,4.333333333333333,4.833333333333333,1.1666666666666667,1.0,0.4444444444444444,0.5,1.3888888888888888,4.777777777777778,1.0555555555555556,1.6111111111111112
Alec Burks,2TM,SF,66,26.575757575757574,15.045454545454545,4.2727272727272725,2.8636363636363638,0.9393939393939394,0.25757575757575757,1.7575757575757576,4.863636363636363,11.636363636363637,3.5606060606060606,4.015151515151516
Alen Smailagić,GSW,C,14,9.928571428571429,4.214285714285714,1.9285714285714286,0.9285714285714286,0.21428571428571427,0.2857142857142857,0.21428571428571427,1.4285714285714286,2.857142857142857,1.1428571428571428,1.3571428571428572
Alex Caruso,LAL,PG,64,18.359375,5.453125,1.921875,1.9375,1.09375,0.28125,0.625,1.875,4.546875,1.078125,1.46875
Alex Len,2TM,C,55,17.636363636363637,7.963636363636364,5.836363636363636,0.9090909090909091,0.41818181818181815,0.8727272727272727,0.2909090909090909,3.2181818181818183,5.8,1.2363636363636363,1.9090909090909092
Alfonzo McKinnie,CLE,SF,40,14.825,4.55,2.825,0.35,0.575,0.2,0.35,1.825,4.275,0.55,0.775
Alize Johnson,IND,PF,17,6.9411764705882355,2.0,2.823529411764706,0.4117647058823529,0.17647058823529413,0.11764705882352941,0.17647058823529413,0.7058823529411765,1.7058823529411764,0.4117647058823529,0.5882352941176471
Allen Crabbe,2TM,SF,37,17.64864864864865,4.648648648648648,2.081081081081081,0.8918918918918919,0.40540540540540543,0.10810810810810811,0.972972972972973,1.7027027027027026,4.783783783783784,0.2702702702702703,0.3783783783783784
Allonzo Trier,NYK,SG,24,12.125,6.458333333333333,1.2083333333333333,1.1666666666666667,0.125,0.16666666666666666,0.7916666666666666,2.125,4.416666666666667,1.4166666666666667,1.7916666666666667
Amile Jefferson,ORL,PF,18,4.111111111111111,0.8333333333333334,1.2777777777777777,0.2222222222222222,0.05555555555555555,0.16666666666666666,0.0,0.2777777777777778,0.7777777777777778,0.2777777777777778,0.7777777777777778
Amir Coffey,LAC,SG,18,8.833333333333334,3.2222222222222223,0.8888888888888888,0.7777777777777778,0.2777777777777778,0.1111111111111111,0.3333333333333333,1.2777777777777777,3.0,0.3333333333333333,0.6111111111111112
Andre Drummond,2TM,C,57,32.96491228070175,17.719298245614034,15.157894736842104,2.6666666666666665,1.912280701754386,1.631578947368421,0.08771929824561403,7.333333333333333,13.75438596491228,2.9649122807017543,5.157894736842105
Andre Iguodala,MIA,SF,21,19.904761904761905,4.571428571428571,3.7142857142857144,2.4285714285714284,0.6666666666666666,1.0,0.6666666666666666,1.8095238095238095,4.190476190476191,0.2857142857142857,0.7142857142857143
Andre Roberson,OKC,SF,7,12.428571428571429,2.857142857142857,3.857142857142857,0.5714285714285714,0.14285714285714285,0.42857142857142855,0.42857142857142855,1.1428571428571428,4.142857142857143,0.14285714285714285,0.2857142857142857
Andrew Wiggins,2TM,SF,54,34.407407407407405,21.75925925925926,5.074074074074074,3.6666666666666665,0.8333333333333334,0.9814814814814815,2.0555555555555554,8.092592592592593,18.11111111111111,3.5185185185185186,4.962962962962963
Anfernee Simons,POR,SG,70,20.7,8.271428571428572,2.1714285714285713,1.3857142857142857,0.37142857142857144,0.14285714285714285,1.0714285714285714,3.057142857142857,7.6571428571428575,1.0857142857142856,1.3142857142857143
Ante Žižić,CLE,C,22,10.045454545454545,4.363636363636363,3.0,0.2727272727272727,0.3181818181818182,0.22727272727272727,0.0,1.8636363636363635,3.272727272727273,0.6363636363636364,0.8636363636363636
Anthony Davis,LAL,PF,62,34.37096774193548,26.096774193548388,9.306451612903226,3.225806451612903,1.467741935483871,2.306451612903226,1.1612903225806452,8.887096774193548,17.677419354838708,7.161290322580645,8.46774193548387
Anthony Tolliver,3TM,PF,55,15.854545454545455,3.6363636363636362,2.8,0.7636363636363637,0.34545454545454546,0.2,0.8909090909090909,1.1818181818181819,3.309090909090909,0.38181818181818183,0.5272727272727272
Antonius Cleveland,DAL,SG,11,4.181818181818182,1.0,0.6363636363636364,0.09090909090909091,0.09090909090909091,0.2727272727272727,0.0,0.36363636363636365,1.2727272727272727,0.2727272727272727,0.45454545454545453
Anžejs Pasečņiks,WAS,C,27,16.185185185185187,5.777777777777778,3.962962962962963,0.6666666666666666,0.3333333333333333,0.4444444444444444,0.0,2.259259259259259,4.296296296296297,1.2592592592592593,2.1481481481481484
Aron Baynes,PHO,C,42,22.238095238095237,11.452380952380953,5.642857142857143,1.5952380952380953,0.23809523809523808,0.5476190476190477,1.4047619047619047,4.357142857142857,9.071428571428571,1.3333333333333333,1.7857142857142858
Austin Rivers,HOU,SG,68,23.441176470588236,8.764705882352942,2.573529411764706,1.661764705882353,0.7205882352941176,0.14705882352941177,1.411764705882353,3.1029411764705883,7.367647058823529,1.1470588235294117,1.6323529411764706
Avery Bradley,LAL,SG,49,24.20408163265306,8.63265306122449,2.3469387755102042,1.2857142857142858,0.8775510204081632,0.10204081632653061,1.2857142857142858,3.4693877551020407,7.816326530612245,0.40816326530612246,0.4897959183673469
B.J. Johnson,ORL,SF,10,8.3,3.0,1.5,0.3,0.3,0.0,0.3,0.9,3.2,0.9,1.0
Bam Adebayo,MIA,PF,72,33.56944444444444,15.916666666666666,10.208333333333334,5.111111111111111,1.1388888888888888,1.2916666666666667,0.027777777777777776,6.111111111111111,10.972222222222221,3.6666666666666665,5.305555555555555
Ben McLemore,HOU,SF,71,22.802816901408452,10.070422535211268,2.211267605633803,0.8169014084507042,0.6338028169014085,0.22535211267605634,2.5492957746478875,3.408450704225352,7.676056338028169,0.704225352112676,0.9436619718309859
Ben Simmons,PHI,PG,57,35.3859649122807,16.43859649122807,7.7894736842105265,7.982456140350878,2.087719298245614,0.5789473684210527,0.03508771929824561,6.578947368421052,11.350877192982455,3.245614035087719,5.228070175438597
Bismack Biyombo,CHO,C,53,19.41509433962264,7.415094339622642,5.811320754716981,0.9433962264150944,0.18867924528301888,0.9245283018867925,0.0,2.849056603773585,5.245283018867925,1.7169811320754718,2.849056603773585
Blake Griffin,DET,PF,18,28.444444444444443,15.5,4.666666666666667,3.2777777777777777,0.3888888888888889,0.3888888888888889,1.5,4.888888888888889,13.88888888888889,4.222222222222222,5.444444444444445
Boban Marjanović,DAL,C,44,9.590909090909092,6.568181818181818,4.4772727272727275,0.45454545454545453,0.18181818181818182,0.22727272727272727,0.09090909090909091,2.75,4.795454545454546,0.9772727272727273,1.2954545454545454
Bobby Portis,NYK,PF,66,21.106060606060606,10.121212121212121,5.121212121212121,1.4848484848484849,0.48484848484848486,0.2727272727272727,1.0151515151515151,4.015151515151516,8.924242424242424,1.0757575757575757,1.4090909090909092
Bogdan Bogdanović,SAC,SG,61,28.950819672131146,15.147540983606557,3.3934426229508197,3.3934426229508197,1.0491803278688525,0.2459016393442623,2.6885245901639343,5.524590163934426,12.557377049180328,1.4098360655737705,1.901639344262295
Bojan Bogdanović,UTA,SF,63,33.06349206349206,20.238095238095237,4.111111111111111,2.0793650793650795,0.5396825396825397,0.1111111111111111,3.0,6.634920634920635,14.841269841269842,3.9682539682539684,4.396825396825397
Bol Bol,DEN,PF,7,12.428571428571429,5.714285714285714,2.7142857142857144,0.8571428571428571,0.2857142857142857,0.8571428571428571,0.5714285714285714,2.0,4.0,1.1428571428571428,1.4285714285714286
Brad Wanamaker,BOS,PG,71,19.281690140845072,6.859154929577465,2.028169014084507,2.5211267605633805,0.8591549295774648,0.19718309859154928,0.5211267605633803,2.2816901408450705,5.098591549295775,1.7746478873239437,1.9154929577464788
Bradley Beal,WAS,SG,57,36.01754385964912,30.54385964912281,4.245614035087719,6.087719298245614,1.2456140350877194,0.40350877192982454,2.982456140350877,10.403508771929825,22.859649122807017,6.754385964912281,8.017543859649123
Brandon Clarke,MEM,PF,58,22.413793103448278,12.068965517241379,5.948275862068965,1.396551724137931,0.5517241379310345,0.8275862068965517,0.39655172413793105,5.103448275862069,8.258620689655173,1.4655172413793103,1.9310344827586208
Brandon Goodwin,ATL,PG,34,12.647058823529411,6.0588235294117645,2.1176470588235294,1.5,0.35294117647058826,0.11764705882352941,0.7647058823529411,2.235294117647059,5.588235294117647,0.8235294117647058,0.8823529411764706
Brandon Ingram,NOP,PF,62,33.935483870967744,23.822580645161292,6.129032258064516,4.17741935483871,0.9838709677419355,0.6129032258064516,2.4193548387096775,8.17741935483871,17.677419354838708,5.048387096774194,5.935483870967742
Brandon Knight,2TM,SG,25,18.48,7.32,1.64,2.76,0.4,0.12,1.8,2.36,6.68,0.8,1.36
Brian Bowen,IND,SF,6,5.166666666666667,1.0,1.1666666666666667,0.0,0.0,0.16666666666666666,0.0,0.5,1.6666666666666667,0.0,0.0
Brook Lopez,MIL,C,68,26.720588235294116,11.955882352941176,4.588235294117647,1.4558823529411764,0.6764705882352942,2.3970588235294117,1.5,4.294117647058823,9.867647058823529,1.8676470588235294,2.235294117647059
Bruce Brown,DET,PG,58,28.17241379310345,8.913793103448276,4.724137931034483,3.9655172413793105,1.0862068965517242,0.5,0.5689655172413793,3.413793103448276,7.706896551724138,1.5172413793103448,2.0517241379310347
Bruno Caboclo,2TM,C,30,8.133333333333333,3.0,2.0,0.4,0.5,0.5666666666666667,0.2,1.2666666666666666,2.966666666666667,0.26666666666666666,0.3
Bruno Fernando,ATL,C,56,12.732142857142858,4.285714285714286,3.5357142857142856,0.875,0.32142857142857145,0.30357142857142855,0.08928571428571429,1.8392857142857142,3.5535714285714284,0.5178571428571429,0.9107142857142857
Bryn Forbes,SAS,SG,63,25.063492063492063,11.222222222222221,2.0,1.7142857142857142,0.5238095238095238,0.0,2.3492063492063493,3.8412698412698414,9.222222222222221,1.1904761904761905,1.4285714285714286
Buddy Hield,SAC,SG,72,30.77777777777778,19.194444444444443,4.555555555555555,2.9583333333333335,0.9166666666666666,0.2361111111111111,3.763888888888889,6.916666666666667,16.13888888888889,1.5972222222222223,1.8888888888888888
C.J. Miles,WAS,SF,10,16.1,6.4,1.2,1.2,1.0,0.4,1.1,1.9,5.9,1.5,2.0
CJ McCollum,POR,SG,70,36.51428571428571,22.228571428571428,4.242857142857143,4.428571428571429,0.7714285714285715,0.6,2.7714285714285714,8.728571428571428,19.37142857142857,2.0,2.642857142857143
Caleb Martin,CHO,SF,18,17.61111111111111,6.166666666666667,2.111111111111111,1.2777777777777777,0.6666666666666666,0.3888888888888889,1.1111111111111112,2.0555555555555554,4.666666666666667,0.9444444444444444,1.1666666666666667
Caleb Swanigan,2TM,PF,27,10.666666666666666,2.4074074074074074,3.7037037037037037,1.1481481481481481,0.1111111111111111,0.25925925925925924,0.0,1.037037037037037,1.7407407407407407,0.3333333333333333,0.6296296296296297
Cam Reddish,ATL,SF,58,26.74137931034483,10.517241379310345,3.7241379310344827,1.5,1.0689655172413792,0.4827586206896552,1.4310344827586208,3.6724137931034484,9.551724137931034,1.7413793103448276,2.1724137931034484
Cameron Johnson,PHO,PF,57,22.017543859649123,8.842105263157896,3.280701754385965,1.2105263157894737,0.631578947368421,0.3508771929824561,1.8596491228070176,3.087719298245614,7.105263157894737,0.8070175438596491,1.0
Cameron Payne,PHO,SG,8,22.875,10.875,3.875,3.0,1.0,0.25,1.875,4.125,8.5,0.75,0.875
Caris LeVert,BRK,SG,45,29.555555555555557,18.711111111111112,4.2,4.4222222222222225,1.1777777777777778,0.2222222222222222,1.7777777777777777,6.911111111111111,16.266666666666666,3.111111111111111,4.377777777777778
Carmelo Anthony,POR,PF,58,32.793103448275865,15.431034482758621,6.344827586206897,1.4655172413793103,0.8448275862068966,0.46551724137931033,1.5,5.793103448275862,13.482758620689655,2.3448275862068964,2.7758620689655173
Carsen Edwards,BOS,SG,37,9.486486486486486,3.27027027027027,1.2702702702702702,0.6486486486486487,0.32432432432432434,0.10810810810810811,0.6486486486486487,1.135135135135135,3.4594594594594597,0.35135135135135137,0.5135135135135135
Cedi Osman,CLE,SF,65,29.384615384615383,11.046153846153846,3.5538461538461537,2.3692307692307693,0.8307692307692308,0.24615384615384617,1.8923076923076922,4.092307692307692,9.36923076923077,0.9692307692307692,1.4461538461538461
Chandler Hutchison,CHI,SF,28,18.821428571428573,7.785714285714286,3.857142857142857,0.9285714285714286,0.9642857142857143,0.25,0.42857142857142855,2.857142857142857,6.25,1.6428571428571428,2.7857142857142856
Chandler Parsons,ATL,PF,5,10.8,2.8,1.4,0.6,0.8,0.2,0.8,1.0,3.6,0.0,0.0
Charlie Brown Jr.,ATL,SG,10,4.0,2.0,0.4,0.2,0.2,0.2,0.3,0.6,1.9,0.5,0.5
Chasson Randle,GSW,PG,3,13.333333333333334,1.6666666666666667,0.6666666666666666,1.6666666666666667,0.6666666666666666,0.0,0.0,0.0,1.3333333333333333,1.6666666666666667,2.0
Cheick Diallo,PHO,C,47,10.191489361702128,4.659574468085107,2.7872340425531914,0.46808510638297873,0.23404255319148937,0.2553191489361702,0.02127659574468085,1.9574468085106382,3.021276595744681,0.723404255319149,0.8297872340425532
Chimezie Metu,SAS,C,18,5.833333333333333,3.2222222222222223,1.8333333333333333,0.5555555555555556,0.16666666666666666,0.3333333333333333,0.0,1.3333333333333333,2.3333333333333335,0.5555555555555556,0.7222222222222222
Chris Boucher,TOR,C,62,13.209677419354838,6.629032258064516,4.467741935483871,0.41935483870967744,0.3548387096774194,0.9838709677419355,0.6129032258064516,2.274193548387097,4.82258064516129,1.467741935483871,1.8709677419354838
Chris Chiozza,2TM,PG,28,14.321428571428571,5.071428571428571,1.8928571428571428,2.9642857142857144,0.75,0.14285714285714285,0.9642857142857143,1.9642857142857142,5.0,0.17857142857142858,0.17857142857142858
Chris Clemons,HOU,SG,33,8.818181818181818,4.878787878787879,0.9090909090909091,0.8181818181818182,0.2727272727272727,0.18181818181818182,1.121212121212121,1.7272727272727273,4.303030303030303,0.30303030303030304,0.3333333333333333
Chris Paul,OKC,PG,70,31.542857142857144,17.6,4.985714285714286,6.742857142857143,1.5857142857142856,0.15714285714285714,1.5857142857142856,6.2,12.67142857142857,3.6142857142857143,3.9857142857142858
Chris Silva,MIA,PF,44,7.863636363636363,3.022727272727273,2.8636363636363638,0.5227272727272727,0.20454545454545456,0.4772727272727273,0.0,1.0909090909090908,1.7727272727272727,0.8409090909090909,1.25
Christian Wood,DET,PF,62,21.370967741935484,13.064516129032258,6.290322580645161,0.967741935483871,0.5483870967741935,0.8709677419354839,0.8709677419354839,4.645161290322581,8.193548387096774,2.903225806451613,3.903225806451613
Clint Capela,HOU,C,39,32.794871794871796,13.923076923076923,13.76923076923077,1.2307692307692308,0.8461538461538461,1.8461538461538463,0.0,6.256410256410256,9.948717948717949,1.4102564102564104,2.6666666666666665
Coby White,CHI,PG,65,25.753846153846155,13.215384615384615,3.5384615384615383,2.6923076923076925,0.7538461538461538,0.09230769230769231,2.046153846153846,4.8,12.184615384615384,1.5692307692307692,1.9846153846153847
Cody Martin,CHO,SF,48,18.8125,4.958333333333333,3.2916666666666665,1.9791666666666667,0.8125,0.1875,0.375,1.8541666666666667,4.3125,0.875,1.3541666666666667
Cody Zeller,CHO,C,58,23.120689655172413,11.068965517241379,7.086206896551724,1.5172413793103448,0.6896551724137931,0.43103448275862066,0.3103448275862069,4.327586206896552,8.258620689655173,2.103448275862069,3.086206896551724
Collin Sexton,CLE,PG,65,32.96923076923077,20.753846153846155,3.1384615384615384,2.953846153846154,1.0,0.1076923076923077,1.4923076923076923,7.892307692307693,16.70769230769231,3.476923076923077,4.107692307692307
Corey Brewer,SAC,PF,5,6.6,1.0,1.6,0.4,0.8,0.0,0.0,0.4,0.8,0.2,0.6
Cory Joseph,SAC,PG,72,24.430555555555557,6.361111111111111,2.611111111111111,3.486111111111111,0.7361111111111112,0.2916666666666667,0.7777777777777778,2.375,5.722222222222222,0.8333333333333334,0.9722222222222222
Courtney Lee,DAL,SG,24,14.375,4.458333333333333,1.3333333333333333,0.5,0.75,0.25,0.875,1.6666666666666667,3.4166666666666665,0.25,0.2916666666666667
Cristiano Felício,CHI,C,22,17.545454545454547,3.909090909090909,4.636363636363637,0.7272727272727273,0.45454545454545453,0.09090909090909091,0.0,1.5454545454545454,2.4545454545454546,0.8181818181818182,1.0454545454545454
D'Angelo Russell,2TM,PG,45,32.266666666666666,23.08888888888889,3.933333333333333,6.333333333333333,1.0666666666666667,0.28888888888888886,3.511111111111111,8.0,18.8,3.577777777777778,4.4222222222222225
D.J. Augustin,ORL,PG,57,24.912280701754387,10.508771929824562,2.1403508771929824,4.5964912280701755,0.5964912280701754,0.017543859649122806,1.2280701754385965,3.2280701754385963,8.087719298245615,2.824561403508772,3.175438596491228
D.J. Wilson,MIL,PF,37,9.81081081081081,3.5945945945945947,2.4864864864864864,0.6756756756756757,0.08108108108108109,0.13513513513513514,0.4864864864864865,1.4054054054054055,3.5675675675675675,0.2972972972972973,0.4864864864864865
DaQuan Jeffries,SAC,SG,13,10.846153846153847,3.8461538461538463,1.3846153846153846,0.5384615384615384,0.3076923076923077,0.07692307692307693,0.38461538461538464,1.5384615384615385,3.076923076923077,0.38461538461538464,0.46153846153846156
Damian Jones,ATL,C,55,16.12727272727273,5.5636363636363635,3.7454545454545456,0.6363636363636364,0.4727272727272727,0.7272727272727273,0.03636363636363636,2.2,3.2363636363636363,1.1272727272727272,1.5272727272727273
Damian Lillard,POR,PG,66,37.484848484848484,29.96969696969697,4.303030303030303,8.030303030303031,1.0606060606060606,0.3333333333333333,4.090909090909091,9.454545454545455,20.439393939393938,6.96969696969697,7.848484848484849
Damion Lee,GSW,SG,49,29.040816326530614,12.673469387755102,4.877551020408164,2.7142857142857144,1.0204081632653061,0.12244897959183673,1.7346938775510203,4.346938775510204,10.428571428571429,2.2448979591836733,2.5714285714285716
Damyean Dotson,NYK,SG,48,17.416666666666668,6.6875,1.8958333333333333,1.1875,0.4791666666666667,0.08333333333333333,1.2291666666666667,2.5,6.041666666666667,0.4583333333333333,0.6875
Daniel Gafford,CHI,C,43,14.162790697674419,5.116279069767442,2.4651162790697674,0.4883720930232558,0.3023255813953488,1.302325581395349,0.0,2.186046511627907,3.116279069767442,0.7441860465116279,1.3953488372093024
Daniel Theis,BOS,C,65,24.092307692307692,9.246153846153845,6.553846153846154,1.7076923076923076,0.5692307692307692,1.2923076923076924,0.49230769230769234,3.707692307692308,6.553846153846154,1.3384615384615384,1.7538461538461538
Danilo Gallinari,OKC,PF,62,29.580645161290324,18.70967741935484,5.193548387096774,1.9193548387096775,0.6774193548387096,0.08064516129032258,2.870967741935484,5.774193548387097,13.17741935483871,4.290322580645161,4.806451612903226
Danny Green,LAL,SG,68,24.808823529411764,8.044117647058824,3.3088235294117645,1.338235294117647,1.25,0.47058823529411764,1.7647058823529411,2.8970588235294117,6.970588235294118,0.4852941176470588,0.7058823529411765
Danté Exum,2TM,SG,35,13.857142857142858,4.542857142857143,1.9142857142857144,1.1428571428571428,0.37142857142857144,0.22857142857142856,0.42857142857142855,1.6,3.4,0.9142857142857143,1.2285714285714286
Danuel House Jr.,HOU,SF,63,30.365079365079364,10.507936507936508,4.238095238095238,1.3492063492063493,1.0634920634920635,0.5396825396825397,2.0476190476190474,3.6507936507936507,8.555555555555555,1.1587301587301588,1.4285714285714286
Dario Šarić,PHO,PF,66,24.727272727272727,10.666666666666666,6.151515151515151,1.8636363636363635,0.5606060606060606,0.24242424242424243,1.2727272727272727,3.878787878787879,8.151515151515152,1.6363636363636365,1.9393939393939394
Darius Bazley,OKC,PF,61,18.524590163934427,5.60655737704918,4.032786885245901,0.6721311475409836,0.3770491803278688,0.6721311475409836,0.8032786885245902,2.0491803278688523,5.19672131147541,0.7049180327868853,1.0163934426229508
Darius Garland,CLE,SG,59,30.915254237288135,12.338983050847459,1.88135593220339,3.8813559322033897,0.711864406779661,0.06779661016949153,1.7796610169491525,4.745762711864407,11.847457627118644,1.0677966101694916,1.2203389830508475
Daryl Macon,MIA,PG,4,3.5,0.75,0.0,0.25,0.0,0.0,0.25,0.25,0.75,0.0,0.0
David Nwaba,BRK,SF,20,13.4,5.2,2.25,0.4,0.55,0.6,0.6,1.85,3.55,0.9,1.35
De'Aaron Fox,SAC,PG,51,32.03921568627451,21.11764705882353,3.843137254901961,6.823529411764706,1.4509803921568627,0.49019607843137253,1.0588235294117647,7.666666666666667,15.980392156862745,4.7254901960784315,6.705882352941177
De'Andre Hunter,ATL,SF,63,32.03174603174603,12.34920634920635,4.5396825396825395,1.7777777777777777,0.6984126984126984,0.2857142857142857,1.7142857142857142,4.444444444444445,10.841269841269842,1.746031746031746,2.2857142857142856
De'Anthony Melton,MEM,PG,60,19.45,7.583333333333333,3.6666666666666665,2.9166666666666665,1.2833333333333334,0.3333333333333333,0.6666666666666666,2.683333333333333,6.683333333333334,1.55,2.0166666666666666
DeAndre Jordan,BRK,C,56,22.035714285714285,8.303571428571429,10.017857142857142,1.875,0.32142857142857145,0.9285714285714286,0.0,3.4107142857142856,5.125,1.4821428571428572,2.1785714285714284
DeAndre' Bembry,ATL,SG,43,21.27906976744186,5.790697674418604,3.5348837209302326,1.8837209302325582,1.2790697674418605,0.4418604651162791,0.3488372093023256,2.4186046511627906,5.3023255813953485,0.6046511627906976,1.1162790697674418
DeMar DeRozan,SAS,SF,68,34.05882352941177,22.11764705882353,5.514705882352941,5.588235294117647,1.0294117647058822,0.29411764705882354,0.1323529411764706,8.191176470588236,15.426470588235293,5.602941176470588,6.632352941176471
DeMarre Carroll,2TM,C,24,12.083333333333334,3.625,2.2916666666666665,1.0416666666666667,0.3333333333333333,0.20833333333333334,0.3333333333333333,1.0416666666666667,2.75,1.2083333333333333,1.75
Dean Wade,CLE,PF,12,5.916666666666667,1.6666666666666667,1.5833333333333333,0.16666666666666666,0.16666666666666666,0.3333333333333333,0.16666666666666666,0.75,1.0833333333333333,0.0,0.08333333333333333
Deandre Ayton,PHO,C,38,32.526315789473685,18.157894736842106,11.473684210526315,1.894736842105263,0.6842105263157895,1.5263157894736843,0.07894736842105263,8.157894736842104,14.947368421052632,1.763157894736842,2.3421052631578947
Dejounte Murray,SAS,PG,66,25.560606060606062,10.909090909090908,5.803030303030303,4.106060606060606,1.6818181818181819,0.25757575757575757,0.6212121212121212,4.454545454545454,9.651515151515152,1.378787878787879,1.7272727272727273
Delon Wright,DAL,PG,73,21.506849315068493,6.904109589041096,3.835616438356164,3.3424657534246576,1.1643835616438356,0.3013698630136986,0.6438356164383562,2.6027397260273974,5.63013698630137,1.0547945205479452,1.36986301369863
Dennis Schröder,OKC,PG,65,30.753846153846155,18.907692307692308,3.6307692307692307,4.030769230769231,0.6923076923076923,0.2153846153846154,1.9230769230769231,6.969230769230769,14.846153846153847,3.046153846153846,3.6307692307692307
Dennis Smith Jr.,NYK,PG,34,15.794117647058824,5.5,2.2941176470588234,2.8823529411764706,0.8235294117647058,0.23529411764705882,0.47058823529411764,2.1176470588235294,6.205882352941177,0.7941176470588235,1.5588235294117647
Denzel Valentine,CHI,SF,36,13.555555555555555,6.833333333333333,2.0555555555555554,1.1944444444444444,0.7222222222222222,0.16666666666666666,1.2777777777777777,2.6944444444444446,6.583333333333333,0.16666666666666666,0.2222222222222222
Deonte Burton,OKC,SF,39,9.128205128205128,2.6666666666666665,1.4615384615384615,0.4358974358974359,0.1794871794871795,0.2564102564102564,0.2564102564102564,1.1025641025641026,3.2051282051282053,0.20512820512820512,0.358974358974359
Derrick Favors,NOP,C,51,24.372549019607842,9.0,9.823529411764707,1.588235294117647,0.5882352941176471,0.9019607843137255,0.0196078431372549,4.098039215686274,6.647058823529412,0.7843137254901961,1.392156862745098
Derrick Jones Jr.,MIA,SF,59,23.305084745762713,8.474576271186441,3.9491525423728815,1.0508474576271187,0.9830508474576272,0.6440677966101694,0.6271186440677966,3.1186440677966103,5.915254237288136,1.6101694915254237,2.0847457627118646
Derrick Rose,DET,PG,50,25.96,18.08,2.42,5.56,0.8,0.32,0.9,7.38,15.06,2.42,2.78
Derrick Walton,2TM,PG,26,9.538461538461538,2.0384615384615383,0.6153846153846154,1.0384615384615385,0.2692307692307692,0.0,0.38461538461538464,0.6923076923076923,1.5,0.2692307692307692,0.34615384615384615
Derrick White,SAS,SG,68,24.66176470588235,11.25,3.2794117647058822,3.5441176470588234,0.6470588235294118,0.8676470588235294,1.161764705882353,3.7205882352941178,8.117647058823529,2.6470588235294117,3.1029411764705883
Devin Booker,PHO,SG,70,35.885714285714286,26.614285714285714,4.242857142857143,6.514285714285714,0.7,0.2571428571428571,2.0142857142857142,8.957142857142857,18.32857142857143,6.685714285714286,7.271428571428571
Devon Hall,OKC,PG,11,7.363636363636363,1.8181818181818181,0.6363636363636364,1.1818181818181819,0.36363636363636365,0.09090909090909091,0.36363636363636365,0.5454545454545454,2.727272727272727,0.36363636363636365,0.7272727272727273
Devontae Cacok,LAL,C,1,9.0,6.0,5.0,1.0,0.0,0.0,0.0,3.0,6.0,0.0,0.0
Devonte' Graham,CHO,PG,63,35.095238095238095,18.174603174603174,3.365079365079365,7.476190476190476,0.9841269841269841,0.23809523809523808,3.4603174603174605,5.841269841269841,15.285714285714286,3.0317460317460316,3.6984126984126986
Dewan Hernandez,TOR,C,6,4.666666666666667,2.3333333333333335,2.3333333333333335,0.5,0.16666666666666666,0.0,0.16666666666666666,0.8333333333333334,2.3333333333333335,0.5,0.8333333333333334
Dewayne Dedmon,2TM,C,44,17.59090909090909,5.818181818181818,5.659090909090909,0.5,0.5681818181818182,0.9318181818181818,0.5,2.3181818181818183,5.795454545454546,0.6818181818181818,0.8181818181818182
Dillon Brooks,MEM,SG,73,28.931506849315067,16.17808219178082,3.328767123287671,2.0547945205479454,0.863013698630137,0.3698630136986301,2.0136986301369864,5.958904109589041,14.63013698630137,2.2465753424657535,2.780821917808219
Dion Waiters,2TM,SG,10,20.7,11.1,2.4,2.0,0.4,0.6,1.5,4.1,9.9,1.4,1.7
Domantas Sabonis,IND,PF,62,34.82258064516129,18.5,12.435483870967742,5.0,0.7580645161290323,0.4838709677419355,0.27419354838709675,7.387096774193548,13.67741935483871,3.4516129032258065,4.774193548387097
Donovan Mitchell,UTA,SG,69,34.26086956521739,23.985507246376812,4.405797101449275,4.260869565217392,1.0144927536231885,0.2028985507246377,2.5072463768115942,8.72463768115942,19.44927536231884,4.028985507246377,4.666666666666667
Donta Hall,2TM,PF,9,14.777777777777779,4.333333333333333,4.222222222222222,0.4444444444444444,0.3333333333333333,0.6666666666666666,0.0,1.6666666666666667,2.4444444444444446,1.0,2.0
Donte DiVincenzo,MIL,SG,66,23.03030303030303,9.242424242424242,4.818181818181818,2.3333333333333335,1.2878787878787878,0.30303030303030304,1.2575757575757576,3.515151515151515,7.7272727272727275,0.9545454545454546,1.303030303030303
Dorian Finney-Smith,DAL,PF,71,29.859154929577464,9.549295774647888,5.704225352112676,1.6056338028169015,0.6338028169014085,0.5492957746478874,1.6056338028169015,3.4225352112676055,7.352112676056338,1.0985915492957747,1.5211267605633803
Doug McDermott,IND,PF,69,19.884057971014492,10.289855072463768,2.5217391304347827,1.1304347826086956,0.17391304347826086,0.07246376811594203,1.855072463768116,3.869565217391304,7.927536231884058,0.6956521739130435,0.8405797101449275
Dragan Bender,2TM,C,16,17.875,6.6875,4.5625,1.75,0.25,0.5625,0.9375,2.5625,5.75,0.625,0.875
Draymond Green,GSW,PF,43,28.41860465116279,8.023255813953488,6.186046511627907,6.186046511627907,1.372093023255814,0.7674418604651163,0.8372093023255814,2.86046511627907,7.348837209302325,1.4651162790697674,1.930232558139535
Drew Eubanks,SAS,C,22,12.363636363636363,4.863636363636363,3.8636363636363638,0.6818181818181818,0.22727272727272727,0.7727272727272727,0.045454545454545456,1.9545454545454546,3.0454545454545454,0.9090909090909091,1.1818181818181819
Duncan Robinson,MIA,SG,73,29.671232876712327,13.465753424657533,3.1780821917808217,1.3972602739726028,0.4794520547945205,0.2602739726027397,3.6986301369863015,4.424657534246576,9.41095890410959,0.9178082191780822,0.9863013698630136
Dusty Hannahs,MEM,SG,2,6.5,6.0,0.5,0.0,0.0,0.0,1.0,2.0,4.5,1.0,1.0
Dwayne Bacon,CHO,SG,39,17.615384615384617,5.743589743589744,2.5641025641025643,1.3333333333333333,0.5897435897435898,0.05128205128205128,0.48717948717948717,2.1794871794871793,6.256410256410256,0.8974358974358975,1.358974358974359
Dwight Howard,LAL,C,69,18.92753623188406,7.492753623188406,7.3478260869565215,0.6521739130434783,0.4492753623188406,1.144927536231884,0.043478260869565216,2.927536231884058,4.0144927536231885,1.5942028985507246,3.101449275362319
Dwight Powell,DAL,C,40,26.525,9.4,5.675,1.475,0.85,0.55,0.25,3.65,5.725,1.85,2.775
Dāvis Bertāns,WAS,PF,54,29.314814814814813,15.444444444444445,4.537037037037037,1.7037037037037037,0.6851851851851852,0.6111111111111112,3.7037037037037037,4.907407407407407,11.296296296296296,1.9259259259259258,2.259259259259259
Džanan Musa,BRK,SF,40,12.175,4.8,2.15,1.075,0.375,0.025,0.475,1.6,4.3,1.125,1.5
E'Twaun Moore,NOP,SG,56,18.214285714285715,8.321428571428571,2.3392857142857144,1.3928571428571428,0.5714285714285714,0.19642857142857142,1.125,3.3214285714285716,7.803571428571429,0.5535714285714286,0.8035714285714286
Ed Davis,UTA,C,28,10.821428571428571,1.8214285714285714,3.75,0.42857142857142855,0.39285714285714285,0.32142857142857145,0.0,0.7857142857142857,1.6428571428571428,0.25,0.5
Edmond Sumner,IND,SG,31,14.419354838709678,4.903225806451613,1.4838709677419355,1.7741935483870968,0.4838709677419355,0.2903225806451613,0.45161290322580644,1.967741935483871,4.580645161290323,0.5161290322580645,0.9354838709677419
Elfrid Payton,NYK,PG,45,27.68888888888889,9.977777777777778,4.711111111111111,7.177777777777778,1.5555555555555556,0.37777777777777777,0.3111111111111111,4.288888888888889,9.777777777777779,1.0888888888888888,1.9111111111111112
Elie Okobo,PHO,PG,55,13.072727272727272,3.981818181818182,1.6363636363636365,2.090909090909091,0.43636363636363634,0.07272727272727272,0.45454545454545453,1.309090909090909,3.290909090909091,0.9090909090909091,1.290909090909091
Emmanuel Mudiay,UTA,PG,54,15.74074074074074,7.314814814814815,2.3333333333333335,2.1481481481481484,0.4444444444444444,0.18518518518518517,0.5555555555555556,2.7962962962962963,6.055555555555555,1.1666666666666667,1.537037037037037
Enes Freedom,BOS,C,58,16.948275862068964,8.086206896551724,7.431034482758621,0.9655172413793104,0.3793103448275862,0.7068965517241379,0.017241379310344827,3.4310344827586206,6.0,1.206896551724138,1.706896551724138
Eric Bledsoe,MIL,PG,61,26.983606557377048,14.934426229508198,4.622950819672131,5.377049180327869,0.9344262295081968,0.4262295081967213,1.2131147540983607,5.475409836065574,11.524590163934427,2.7704918032786887,3.5081967213114753
Eric Gordon,HOU,SF,36,28.22222222222222,14.444444444444445,1.9722222222222223,1.5,0.6388888888888888,0.3611111111111111,2.6666666666666665,4.75,12.86111111111111,2.2777777777777777,2.9722222222222223
Eric Mika,SAC,C,1,19.0,6.0,7.0,0.0,0.0,0.0,0.0,2.0,3.0,2.0,2.0
Eric Paschall,GSW,PF,60,27.566666666666666,13.95,4.583333333333333,2.1166666666666667,0.5333333333333333,0.21666666666666667,0.6166666666666667,5.3,10.666666666666666,2.7333333333333334,3.533333333333333
Ersan İlyasova,MIL,PF,63,15.65079365079365,6.571428571428571,4.7936507936507935,0.7777777777777778,0.38095238095238093,0.2698412698412698,0.7936507936507936,2.3174603174603177,4.968253968253968,1.1428571428571428,1.380952380952381
Evan Fournier,ORL,SF,66,31.454545454545453,18.5,2.590909090909091,3.1666666666666665,1.0757575757575757,0.22727272727272727,2.621212121212121,6.575757575757576,14.075757575757576,2.727272727272727,3.3333333333333335
Evan Turner,ATL,SG,19,13.210526315789474,3.263157894736842,2.0,2.0,0.47368421052631576,0.42105263157894735,0.0,1.3157894736842106,3.526315789473684,0.631578947368421,0.7368421052631579
Frank Jackson,NOP,PG,59,13.508474576271187,6.288135593220339,1.4067796610169492,1.0338983050847457,0.288135593220339,0.06779661016949153,0.7966101694915254,2.2711864406779663,5.610169491525424,0.9491525423728814,1.271186440677966
Frank Kaminsky,PHO,C,39,19.923076923076923,9.692307692307692,4.512820512820513,1.9230769230769231,0.358974358974359,0.2564102564102564,1.0512820512820513,3.5384615384615383,7.871794871794871,1.564102564102564,2.3076923076923075
Frank Mason III,MIL,PG,9,13.11111111111111,6.888888888888889,2.111111111111111,3.2222222222222223,0.5555555555555556,0.1111111111111111,0.6666666666666666,2.5555555555555554,5.666666666666667,1.1111111111111112,1.8888888888888888
Frank Ntilikina,NYK,PG,57,20.82456140350877,6.2631578947368425,2.1228070175438596,3.017543859649123,0.9473684210526315,0.2807017543859649,0.7719298245614035,2.2982456140350878,5.842105263157895,0.8947368421052632,1.0350877192982457
Fred VanVleet,TOR,SG,54,35.7037037037037,17.62962962962963,3.759259259259259,6.611111111111111,1.8518518518518519,0.3148148148148148,2.7037037037037037,5.907407407407407,14.314814814814815,3.111111111111111,3.6666666666666665
Furkan Korkmaz,PHI,SG,72,21.65277777777778,9.777777777777779,2.3333333333333335,1.0972222222222223,0.5694444444444444,0.2222222222222222,1.9861111111111112,3.361111111111111,7.819444444444445,1.0694444444444444,1.4166666666666667
Gabe Vincent,MIA,PG,9,9.222222222222221,2.4444444444444446,0.5555555555555556,0.6666666666666666,0.5555555555555556,0.0,0.6666666666666666,0.8888888888888888,4.111111111111111,0.0,0.0
Garrett Temple,BRK,SG,62,27.903225806451612,10.338709677419354,3.5161290322580645,2.5161290322580645,0.7903225806451613,0.46774193548387094,2.0483870967741935,3.5806451612903225,9.46774193548387,1.1290322580645162,1.403225806451613
Garrison Mathews,WAS,SG,18,12.61111111111111,5.444444444444445,1.3333333333333333,0.5555555555555556,0.4444444444444444,0.05555555555555555,1.0555555555555556,1.3333333333333333,3.111111111111111,1.7222222222222223,1.8888888888888888
Gary Clark,2TM,PF,42,13.5,3.7142857142857144,2.619047619047619,0.40476190476190477,0.14285714285714285,0.5238095238095238,0.9285714285714286,1.2857142857142858,3.1666666666666665,0.21428571428571427,0.23809523809523808
Gary Harris,DEN,SG,56,31.785714285714285,10.375,2.9107142857142856,2.107142857142857,1.3571428571428572,0.25,1.25,3.892857142857143,9.267857142857142,1.3392857142857142,1.6428571428571428
Gary Payton II,WAS,SF,29,14.89655172413793,3.896551724137931,2.7586206896551726,1.6551724137931034,1.1379310344827587,0.2413793103448276,0.4482758620689655,1.6551724137931034,4.0,0.13793103448275862,0.27586206896551724
Gary Trent Jr.,POR,SF,61,21.83606557377049,8.868852459016393,1.639344262295082,1.0,0.7868852459016393,0.26229508196721313,1.8360655737704918,3.2131147540983607,7.229508196721311,0.6065573770491803,0.7377049180327869
George Hill,MIL,PG,59,21.54237288135593,9.389830508474576,3.0,3.0508474576271185,0.7966101694915254,0.0847457627118644,1.3728813559322033,3.288135593220339,6.372881355932203,1.4406779661016949,1.7118644067796611
Georges Niang,UTA,PF,66,13.984848484848484,5.9393939393939394,1.9242424242424243,0.6666666666666666,0.2727272727272727,0.07575757575757576,1.3636363636363635,2.1363636363636362,4.878787878787879,0.30303030303030304,0.36363636363636365
Giannis Antetokounmpo,MIL,PF,63,30.428571428571427,29.476190476190474,13.587301587301587,5.619047619047619,0.9682539682539683,1.0476190476190477,1.4126984126984128,10.873015873015873,19.650793650793652,6.317460317460317,9.984126984126984
Glenn Robinson III,2TM,SF,62,28.806451612903224,11.725806451612904,4.354838709677419,1.5483870967741935,0.8709677419354839,0.25806451612903225,1.2419354838709677,4.645161290322581,9.548387096774194,1.1935483870967742,1.3870967741935485
Goga Bitadze,IND,C,54,8.722222222222221,3.185185185185185,1.962962962962963,0.42592592592592593,0.18518518518518517,0.6851851851851852,0.14814814814814814,1.2962962962962963,2.7777777777777777,0.4444444444444444,0.6111111111111112
Goran Dragić,MIA,PG,59,28.1864406779661,16.152542372881356,3.169491525423729,5.101694915254237,0.6779661016949152,0.1694915254237288,2.1016949152542375,5.406779661016949,12.271186440677965,3.23728813559322,4.169491525423729
Gordon Hayward,BOS,SF,52,33.46153846153846,17.48076923076923,6.6923076923076925,4.076923076923077,0.7307692307692307,0.4230769230769231,1.6346153846153846,6.730769230769231,13.461538461538462,2.3846153846153846,2.7884615384615383
Gorgui Dieng,2TM,C,63,17.396825396825395,7.365079365079365,5.619047619047619,1.1587301587301588,0.8095238095238095,0.9365079365079365,0.8571428571428571,2.634920634920635,5.777777777777778,1.2380952380952381,1.6031746031746033
Grant Williams,BOS,PF,69,15.115942028985508,3.4347826086956523,2.579710144927536,0.9855072463768116,0.43478260869565216,0.5217391304347826,0.34782608695652173,1.2608695652173914,3.0579710144927534,0.5652173913043478,0.782608695652174
Grayson Allen,MEM,SG,38,18.894736842105264,8.68421052631579,2.236842105263158,1.368421052631579,0.2631578947368421,0.05263157894736842,1.5,3.0789473684210527,6.605263157894737,1.0263157894736843,1.1842105263157894
Hamidou Diallo,OKC,SF,46,19.47826086956522,6.913043478260869,3.630434782608696,0.782608695652174,0.8043478260869565,0.1956521739130435,0.34782608695652173,2.869565217391304,6.434782608695652,0.8260869565217391,1.3695652173913044
Harrison Barnes,SAC,PF,72,34.47222222222222,14.527777777777779,4.930555555555555,2.2083333333333335,0.5972222222222222,0.16666666666666666,1.4166666666666667,5.069444444444445,11.01388888888889,2.9722222222222223,3.7083333333333335
Harry Giles,SAC,C,46,14.5,6.869565217391305,4.086956521739131,1.3043478260869565,0.4782608695652174,0.391304347826087,0.0,3.0217391304347827,5.456521739130435,0.8260869565217391,1.065217391304348
Hassan Whiteside,POR,C,67,29.970149253731343,15.522388059701493,13.507462686567164,1.164179104477612,0.3880597014925373,2.925373134328358,0.05970149253731343,6.507462686567164,10.477611940298507,2.4477611940298507,3.5671641791044775
Henry Ellenson,BRK,C,5,3.0,0.4,1.2,0.2,0.0,0.0,0.0,0.2,1.4,0.0,0.0
Ian Mahinmi,WAS,C,38,21.263157894736842,7.447368421052632,5.7368421052631575,1.2894736842105263,0.8157894736842105,1.1578947368421053,0.13157894736842105,2.736842105263158,5.526315789473684,1.8421052631578947,2.973684210526316
Ignas Brazdeikis,NYK,SF,9,5.888888888888889,1.8888888888888888,0.5555555555555556,0.4444444444444444,0.0,0.1111111111111111,0.1111111111111111,0.6666666666666666,2.4444444444444446,0.4444444444444444,0.5555555555555556
Iman Shumpert,BRK,SF,13,18.53846153846154,4.153846153846154,2.6153846153846154,0.9230769230769231,0.9230769230769231,0.15384615384615385,0.6153846153846154,1.6153846153846154,4.923076923076923,0.3076923076923077,0.5384615384615384
Isaac Bonga,WAS,SF,66,18.939393939393938,5.0,3.3636363636363638,1.1515151515151516,0.6818181818181818,0.3333333333333333,0.3787878787878788,1.7878787878787878,3.5454545454545454,1.0454545454545454,1.2878787878787878
Isaiah Hartenstein,HOU,C,23,11.565217391304348,4.6521739130434785,3.9130434782608696,0.782608695652174,0.391304347826087,0.5217391304347826,0.0,1.9130434782608696,2.9130434782608696,0.8260869565217391,1.2173913043478262
Isaiah Roby,OKC,PF,3,3.6666666666666665,0.0,0.6666666666666666,0.0,0.0,0.0,0.0,0.0,0.3333333333333333,0.0,0.0
Isaiah Thomas,WAS,PG,40,23.125,12.2,1.7,3.65,0.325,0.15,1.95,4.35,10.65,1.55,1.9
Ish Smith,WAS,PG,68,26.279411764705884,10.882352941176471,3.2205882352941178,4.911764705882353,0.8676470588235294,0.4411764705882353,0.9117647058823529,4.529411764705882,10.132352941176471,0.9117647058823529,1.2647058823529411
Ivica Zubac,LAC,C,72,18.416666666666668,8.277777777777779,7.541666666666667,1.1388888888888888,0.2222222222222222,0.9166666666666666,0.0,3.2777777777777777,5.347222222222222,1.7222222222222223,2.3055555555555554
J.J. Barea,DAL,PG,29,15.517241379310345,7.655172413793103,1.8275862068965518,3.8620689655172415,0.1724137931034483,0.06896551724137931,1.103448275862069,2.9310344827586206,7.137931034482759,0.6896551724137931,0.7586206896551724
J.P. Macura,CLE,SG,1,1.0,0.0,0.0,0.0,0.0,0.0,0.0,0.0,0.0,0.0,0.0
J.R. Smith,LAL,SG,6,13.166666666666666,2.8333333333333335,0.8333333333333334,0.5,0.16666666666666666,0.0,0.16666666666666666,1.1666666666666667,3.6666666666666665,0.3333333333333333,0.3333333333333333
JJ Redick,NOP,SG,60,26.35,15.283333333333333,2.5166666666666666,1.9833333333333334,0.3333333333333333,0.16666666666666666,3.0,4.766666666666667,10.516666666666667,2.75,3.0833333333333335
Ja Morant,MEM,PG,67,30.955223880597014,17.80597014925373,3.8656716417910446,7.2835820895522385,0.8656716417910447,0.26865671641791045,0.8955223880597015,6.6716417910447765,13.985074626865671,3.5671641791044775,4.597014925373134
JaKarr Sampson,IND,PF,34,13.852941176470589,4.588235294117647,2.588235294117647,0.6176470588235294,0.47058823529411764,0.35294117647058826,0.058823529411764705,2.0,3.3823529411764706,0.5294117647058824,0.7941176470588235
JaMychal Green,LAC,PF,63,20.746031746031747,6.825396825396825,6.158730158730159,0.7777777777777778,0.4603174603174603,0.38095238095238093,1.4603174603174602,2.3968253968253967,5.587301587301587,0.5714285714285714,0.7619047619047619
JaVale McGee,LAL,C,68,16.61764705882353,6.5588235294117645,5.735294117647059,0.5441176470588235,0.5294117647058824,1.3823529411764706,0.04411764705882353,2.8676470588235294,4.5,0.7794117647058824,1.2058823529411764
Jabari Parker,2TM,PF,38,24.13157894736842,13.973684210526315,5.631578947368421,1.7894736842105263,1.1842105263157894,0.42105263157894735,0.8421052631578947,5.7631578947368425,11.289473684210526,1.605263157894737,2.1315789473684212
Jacob Evans,2TM,SG,29,14.413793103448276,4.413793103448276,1.4137931034482758,1.0689655172413792,0.3793103448275862,0.41379310344827586,0.4482758620689655,1.5517241379310345,4.620689655172414,0.8620689655172413,1.0
Jae Crowder,2TM,SF,65,28.846153846153847,10.523076923076923,5.907692307692308,2.476923076923077,1.1076923076923078,0.36923076923076925,2.076923076923077,3.476923076923077,8.661538461538461,1.4923076923076923,1.9230769230769231
Jahlil Okafor,NOP,C,30,15.566666666666666,8.1,4.233333333333333,1.2333333333333334,0.23333333333333334,0.7333333333333333,0.03333333333333333,3.3666666666666667,5.4,1.3333333333333333,2.066666666666667
Jake Layman,MIN,SF,23,21.956521739130434,9.130434782608695,2.4782608695652173,0.6521739130434783,0.7391304347826086,0.43478260869565216,1.0434782608695652,3.5217391304347827,7.782608695652174,1.0434782608695652,1.391304347826087
Jakob Poeltl,SAS,C,66,17.742424242424242,5.636363636363637,5.681818181818182,1.7575757575757576,0.5606060606060606,1.4393939393939394,0.0,2.515151515151515,4.03030303030303,0.6060606060606061,1.303030303030303
Jalen Brunson,DAL,PG,57,17.92982456140351,8.175438596491228,2.3508771929824563,3.2982456140350878,0.38596491228070173,0.07017543859649122,0.7543859649122807,3.175438596491228,6.807017543859649,1.0701754385964912,1.3157894736842106
Jalen Lecque,PHO,SG,5,6.4,2.0,0.4,0.4,0.0,0.0,0.0,0.8,2.0,0.4,0.4
Jalen McDaniels,CHO,SF,16,18.3125,5.5625,4.0625,0.8125,0.5,0.1875,0.5625,2.0625,4.375,0.875,1.0625
Jamal Crawford,BRK,SG,1,6.0,5.0,0.0,3.0,0.0,0.0,1.0,2.0,4.0,0.0,0.0
Jamal Murray,DEN,PG,59,32.271186440677965,18.491525423728813,4.0,4.813559322033898,1.1355932203389831,0.288135593220339,1.8983050847457628,6.915254237288136,15.152542372881356,2.76271186440678,3.135593220338983
James Ennis III,2TM,SG,69,18.333333333333332,6.579710144927536,3.550724637681159,0.9130434782608695,0.5072463768115942,0.3188405797101449,0.7971014492753623,2.318840579710145,5.202898550724638,1.144927536231884,1.4202898550724639
James Harden,HOU,SG,68,36.51470588235294,34.338235294117645,6.5588235294117645,7.529411764705882,1.838235294117647,0.8823529411764706,4.397058823529412,9.882352941176471,22.264705882352942,10.176470588235293,11.764705882352942
James Johnson,2TM,PF,32,19.34375,8.4375,3.6875,2.3125,0.78125,1.0,1.03125,3.21875,6.71875,0.96875,1.5
Jared Dudley,LAL,PF,45,8.088888888888889,1.511111111111111,1.1555555555555554,0.6222222222222222,0.3333333333333333,0.06666666666666667,0.4,0.5333333333333333,1.3333333333333333,0.044444444444444446,0.044444444444444446
Jared Harper,PHO,PG,3,2.6666666666666665,0.6666666666666666,0.0,0.0,0.0,0.0,0.0,0.3333333333333333,1.3333333333333333,0.0,0.0
Jaren Jackson Jr.,MEM,C,57,28.45614035087719,17.36842105263158,4.5964912280701755,1.368421052631579,0.7017543859649122,1.6140350877192982,2.543859649122807,6.192982456140351,13.210526315789474,2.43859649122807,3.263157894736842
Jarred Vanderbilt,2TM,PF,11,4.181818181818182,1.0909090909090908,0.8181818181818182,0.18181818181818182,0.2727272727272727,0.09090909090909091,0.0,0.45454545454545453,0.7272727272727273,0.18181818181818182,0.18181818181818182
Jarrell Brantley,UTA,PF,9,10.666666666666666,2.6666666666666665,2.2222222222222223,1.2222222222222223,0.3333333333333333,0.5555555555555556,0.3333333333333333,1.1111111111111112,3.111111111111111,0.1111111111111111,0.2222222222222222
Jarrett Allen,BRK,C,70,26.457142857142856,11.071428571428571,9.585714285714285,1.5714285714285714,0.5714285714285714,1.3142857142857143,0.0,4.314285714285714,6.642857142857143,2.442857142857143,3.857142857142857
Jarrett Culver,MIN,SG,63,23.904761904761905,9.206349206349206,3.365079365079365,1.746031746031746,0.9047619047619048,0.6031746031746031,1.0476190476190477,3.6507936507936507,9.031746031746032,0.8571428571428571,1.8571428571428572
Jarrod Uthoff,2TM,PF,7,7.571428571428571,2.7142857142857144,0.8571428571428571,0.0,0.14285714285714285,0.0,0.42857142857142855,1.0,2.5714285714285716,0.2857142857142857,0.2857142857142857
Javonte Green,BOS,SG,48,9.75,3.3958333333333335,1.9375,0.5416666666666666,0.5,0.16666666666666666,0.1875,1.3125,2.625,0.5833333333333334,0.875
Jaxson Hayes,NOP,C,64,16.875,7.375,4.046875,0.875,0.40625,0.859375,0.015625,2.71875,4.046875,1.921875,2.96875
Jaylen Brown,BOS,SG,57,33.92982456140351,20.333333333333332,6.385964912280702,2.0701754385964914,1.1403508771929824,0.3508771929824561,2.263157894736842,7.491228070175438,15.56140350877193,3.087719298245614,4.2631578947368425
Jaylen Hoard,POR,PF,13,7.923076923076923,2.923076923076923,2.4615384615384617,0.3076923076923077,0.38461538461538464,0.0,0.0,1.1538461538461537,2.4615384615384617,0.6153846153846154,1.0
Jaylen Nowell,MIN,SG,15,10.066666666666666,3.8,0.8666666666666667,1.2666666666666666,0.2,0.06666666666666667,0.2,1.2666666666666666,3.533333333333333,1.0666666666666667,1.1333333333333333
Jayson Tatum,BOS,PF,66,34.31818181818182,23.439393939393938,6.96969696969697,3.0303030303030303,1.4090909090909092,0.8636363636363636,2.8636363636363638,8.363636363636363,18.575757575757574,3.8484848484848486,4.742424242424242
Jeff Green,2TM,C,48,20.0,9.4375,2.7708333333333335,1.0416666666666667,0.5416666666666666,0.3958333333333333,1.2916666666666667,3.3125,7.166666666666667,1.5208333333333333,1.8958333333333333
Jeff Teague,2TM,PG,59,24.8135593220339,10.864406779661017,2.406779661016949,5.220338983050848,0.7457627118644068,0.3220338983050847,0.7288135593220338,3.610169491525424,8.288135593220339,2.9152542372881354,3.3389830508474576
Jerami Grant,DEN,PF,71,26.64788732394366,11.985915492957746,3.492957746478873,1.2394366197183098,0.704225352112676,0.8028169014084507,1.380281690140845,4.267605633802817,8.929577464788732,2.0704225352112675,2.76056338028169
Jeremiah Martin,BRK,PG,9,11.0,7.111111111111111,1.1111111111111112,2.0,0.7777777777777778,0.2222222222222222,0.5555555555555556,2.6666666666666665,5.888888888888889,1.2222222222222223,1.5555555555555556
Jeremy Lamb,IND,SG,46,28.065217391304348,12.543478260869565,4.3478260869565215,2.0869565217391304,1.1956521739130435,0.4782608695652174,1.1521739130434783,4.695652173913044,10.41304347826087,2.0,2.391304347826087
Jeremy Pargo,GSW,PG,3,14.666666666666666,8.333333333333334,1.0,2.6666666666666665,0.3333333333333333,0.0,1.0,3.6666666666666665,7.333333333333333,0.0,0.3333333333333333
Jerian Grant,WAS,SG,6,13.333333333333334,4.5,1.0,1.5,0.16666666666666666,0.16666666666666666,0.3333333333333333,1.6666666666666667,4.5,0.8333333333333334,1.1666666666666667
Jerome Robinson,2TM,SG,63,15.53968253968254,5.063492063492063,2.0476190476190474,1.380952380952381,0.4444444444444444,0.2698412698412698,0.7777777777777778,1.8253968253968254,4.920634920634921,0.6349206349206349,0.9047619047619048
Jevon Carter,PHO,PG,58,16.29310344827586,4.948275862068965,2.0344827586206895,1.4482758620689655,0.8103448275862069,0.29310344827586204,1.0689655172413792,1.7413793103448276,4.189655172413793,0.39655172413793105,0.46551724137931033
Jimmy Butler,MIA,SF,58,33.775862068965516,19.948275862068964,6.655172413793103,6.0344827586206895,1.7758620689655173,0.5517241379310345,0.5,5.948275862068965,13.068965517241379,7.551724137931035,9.051724137931034
Joakim Noah,LAC,C,5,10.0,2.8,3.2,1.4,0.2,0.2,0.0,0.8,1.6,1.2,1.6
Joe Chealey,CHO,PG,4,8.25,0.5,0.0,0.25,1.0,0.0,0.0,0.0,1.75,0.5,0.5
Joe Harris,BRK,SF,69,30.768115942028984,14.46376811594203,4.318840579710145,2.0869565217391304,0.5942028985507246,0.2463768115942029,2.4927536231884058,5.521739130434782,11.36231884057971,0.927536231884058,1.289855072463768
Joe Ingles,UTA,PF,72,29.680555555555557,9.819444444444445,3.861111111111111,5.180555555555555,0.9027777777777778,0.1527777777777778,1.9583333333333333,3.4166666666666665,7.680555555555555,1.0277777777777777,1.3055555555555556
Joel Embiid,PHI,C,51,29.529411764705884,22.980392156862745,11.627450980392156,2.980392156862745,0.8823529411764706,1.2745098039215685,1.1176470588235294,7.490196078431373,15.705882352941176,6.882352941176471,8.529411764705882
John Collins,ATL,PF,41,33.24390243902439,21.585365853658537,10.146341463414634,1.4634146341463414,0.7560975609756098,1.6097560975609757,1.4390243902439024,8.609756097560975,14.75609756097561,2.926829268292683,3.658536585365854
John Henson,2TM,C,40,15.0,5.525,4.05,1.35,0.6,1.05,0.2,2.375,4.275,0.575,1.15
John Konchar,MEM,SG,19,9.526315789473685,2.8421052631578947,2.473684210526316,1.1578947368421053,0.3684210526315789,0.15789473684210525,0.2631578947368421,1.263157894736842,1.9473684210526316,0.05263157894736842,0.10526315789473684
Johnathan Motley,LAC,PF,13,3.1538461538461537,2.1538461538461537,0.7692307692307693,0.6153846153846154,0.23076923076923078,0.0,0.07692307692307693,0.8461538461538461,1.1538461538461537,0.38461538461538464,0.5384615384615384
Johnathan Williams,WAS,PF,15,12.0,3.0,4.266666666666667,0.5333333333333333,0.06666666666666667,0.5333333333333333,0.0,1.2666666666666666,2.2666666666666666,0.4666666666666667,0.8666666666666667
Jonah Bolden,2TM,C,7,6.714285714285714,1.4285714285714286,1.2857142857142858,0.0,0.42857142857142855,0.2857142857142857,0.0,0.5714285714285714,1.5714285714285714,0.2857142857142857,0.5714285714285714
Jonas Valančiūnas,MEM,C,70,26.357142857142858,14.914285714285715,11.257142857142858,1.8714285714285714,0.42857142857142855,1.0857142857142856,0.45714285714285713,6.171428571428572,10.557142857142857,2.1142857142857143,2.857142857142857
Jonathan Isaac,ORL,PF,34,28.823529411764707,11.882352941176471,6.794117647058823,1.411764705882353,1.5588235294117647,2.2941176470588234,0.9411764705882353,4.588235294117647,9.764705882352942,1.7647058823529411,2.264705882352941
Jordan Bell,2TM,C,29,8.827586206896552,3.206896551724138,2.793103448275862,0.5517241379310345,0.10344827586206896,0.3448275862068966,0.13793103448275862,1.206896551724138,2.310344827586207,0.6551724137931034,1.0689655172413792
Jordan Bone,DET,PG,10,5.3,1.2,0.4,0.8,0.1,0.0,0.2,0.5,2.0,0.0,0.0
Jordan Clarkson,2TM,SG,71,24.014084507042252,15.183098591549296,2.6338028169014085,1.9154929577464788,0.647887323943662,0.22535211267605634,2.140845070422535,5.549295774647887,12.211267605633802,1.943661971830986,2.323943661971831
Jordan McLaughlin,MIN,PG,30,19.666666666666668,7.633333333333334,1.6333333333333333,4.166666666666667,1.1333333333333333,0.13333333333333333,0.9666666666666667,2.9,5.933333333333334,0.8666666666666667,1.3
Jordan McRae,3TM,SG,37,21.18918918918919,11.513513513513514,3.3513513513513513,2.5135135135135136,0.5675675675675675,0.43243243243243246,1.2162162162162162,4.027027027027027,9.891891891891891,2.2432432432432434,2.945945945945946
Jordan Poole,GSW,SG,57,22.350877192982455,8.824561403508772,2.0701754385964914,2.3508771929824563,0.6140350877192983,0.17543859649122806,1.2982456140350878,2.9298245614035086,8.807017543859649,1.6666666666666667,2.087719298245614
Josh Gray,NOP,PG,2,11.5,1.0,1.0,1.0,0.0,0.0,0.0,0.5,1.0,0.0,0.0
Josh Hart,NOP,SF,65,27.0,10.092307692307692,6.538461538461538,1.6615384615384616,0.9692307692307692,0.35384615384615387,1.8615384615384616,3.4615384615384617,8.184615384615384,1.3076923076923077,1.7692307692307692
Josh Jackson,MEM,SF,22,17.318181818181817,9.0,3.0,1.5909090909090908,0.8181818181818182,0.4090909090909091,1.0454545454545454,3.1818181818181817,7.2272727272727275,1.5909090909090908,2.272727272727273
Josh Magette,ORL,PG,8,4.75,1.5,0.75,0.625,0.375,0.125,0.125,0.625,1.875,0.125,0.25
Josh Okogie,MIN,SG,62,24.951612903225808,8.596774193548388,4.32258064516129,1.596774193548387,1.096774193548387,0.41935483870967744,0.6612903225806451,2.7419354838709675,6.419354838709677,2.4516129032258065,3.0806451612903225
Josh Reaves,DAL,SF,4,7.0,2.0,0.75,0.75,0.0,0.0,0.0,0.75,2.25,0.5,0.5
Josh Richardson,PHI,SG,55,30.78181818181818,13.727272727272727,3.1636363636363636,2.9454545454545453,0.9454545454545454,0.6545454545454545,1.5454545454545454,5.054545454545455,11.745454545454546,2.0727272727272728,2.5636363636363635
Jrue Holiday,NOP,SG,61,34.704918032786885,19.131147540983605,4.80327868852459,6.688524590163935,1.6229508196721312,0.7868852459016393,2.0,7.508196721311475,16.491803278688526,2.1147540983606556,2.9836065573770494
Juan Toscano-Anderson,GSW,SG,13,20.923076923076923,5.3076923076923075,4.0,2.0,1.0,0.38461538461538464,0.6153846153846154,2.230769230769231,4.846153846153846,0.23076923076923078,0.38461538461538464
Juancho Hernangómez,2TM,PF,48,17.354166666666668,6.0,4.104166666666667,0.8333333333333334,0.3958333333333333,0.1875,0.9166666666666666,2.0833333333333335,5.145833333333333,0.9166666666666666,1.4791666666666667
Julius Randle,NYK,PF,64,32.5,19.5,9.71875,3.09375,0.796875,0.34375,1.0,7.234375,15.71875,4.03125,5.5
Justin Anderson,BRK,SG,10,10.7,2.8,2.1,0.8,0.0,0.6,0.6,1.0,3.8,0.2,0.4
Justin Holiday,IND,SF,73,25.013698630136986,8.26027397260274,3.26027397260274,1.273972602739726,1.1917808219178083,0.6301369863013698,1.8356164383561644,2.8493150684931505,6.657534246575342,0.726027397260274,0.9178082191780822
Justin Jackson,DAL,PF,65,16.076923076923077,5.538461538461538,2.3692307692307693,0.8,0.23076923076923078,0.15384615384615385,0.7384615384615385,2.076923076923077,5.246153846153846,0.6461538461538462,0.7692307692307693
Justin James,SAC,SF,36,6.444444444444445,2.4722222222222223,0.8888888888888888,0.5,0.16666666666666666,0.25,0.25,0.9722222222222222,2.3333333333333335,0.2777777777777778,0.5833333333333334
Justin Patton,OKC,C,5,4.8,1.8,1.0,0.4,0.0,0.0,0.2,0.8,2.0,0.0,0.0
Justin Robinson,WAS,PG,9,5.444444444444445,1.4444444444444444,0.5555555555555556,0.7777777777777778,0.0,0.1111111111111111,0.3333333333333333,0.5555555555555556,1.3333333333333333,0.0,0.0
Justin Wright-Foreman,UTA,PG,4,11.25,4.75,1.25,1.75,0.5,0.0,0.5,1.75,5.0,0.75,1.0
Justise Winslow,MIA,SG,11,32.0,11.272727272727273,6.636363636363637,4.0,0.6363636363636364,0.45454545454545453,0.5454545454545454,4.545454545454546,11.727272727272727,1.6363636363636365,2.4545454545454546
Jusuf Nurkić,POR,C,8,31.625,17.625,10.25,4.0,1.375,2.0,0.25,6.75,13.625,3.875,4.375
Juwan Morgan,UTA,PF,21,6.380952380952381,1.7142857142857142,1.380952380952381,0.2857142857142857,0.047619047619047616,0.09523809523809523,0.14285714285714285,0.7142857142857143,1.2380952380952381,0.14285714285714285,0.19047619047619047
KZ Okpala,MIA,PF,5,5.2,1.4,1.0,0.2,0.4,0.2,0.0,0.6,1.0,0.2,0.4
Kadeem Allen,NYK,PG,10,11.7,5.0,0.9,2.1,0.5,0.2,0.5,1.9,4.4,0.7,1.1
Karl-Anthony Towns,MIN,C,35,33.91428571428571,26.457142857142856,10.8,4.371428571428571,0.9428571428571428,1.2,3.257142857142857,9.028571428571428,17.771428571428572,5.142857142857143,6.457142857142857
Kawhi Leonard,LAC,SF,57,32.421052631578945,27.07017543859649,7.052631578947368,4.912280701754386,1.8070175438596492,0.5789473684210527,2.1578947368421053,9.333333333333334,19.87719298245614,6.245614035087719,7.052631578947368
Keita Bates-Diop,2TM,SF,44,16.90909090909091,6.545454545454546,2.8863636363636362,0.6818181818181818,0.4318181818181818,0.5454545454545454,0.7727272727272727,2.272727272727273,5.318181818181818,1.2272727272727273,1.7045454545454546
Kelan Martin,MIN,SF,31,15.96774193548387,6.354838709677419,3.096774193548387,0.7419354838709677,0.22580645161290322,0.2903225806451613,0.8064516129032258,2.2903225806451615,5.838709677419355,0.967741935483871,1.0
Keldon Johnson,SAS,SF,17,17.705882352941178,9.058823529411764,3.3529411764705883,0.8823529411764706,0.8235294117647058,0.11764705882352941,0.7647058823529411,3.1176470588235294,5.235294117647059,2.0588235294117645,2.588235294117647
Kelly Olynyk,MIA,C,67,19.402985074626866,8.194029850746269,4.552238805970149,1.7313432835820894,0.6716417910447762,0.34328358208955223,1.4179104477611941,2.746268656716418,5.940298507462686,1.2835820895522387,1.492537313432836
Kelly Oubre Jr.,PHO,SF,56,34.517857142857146,18.678571428571427,6.446428571428571,1.5178571428571428,1.2678571428571428,0.7142857142857143,1.9285714285714286,6.660714285714286,14.75,3.4285714285714284,4.392857142857143
Kemba Walker,BOS,PG,56,31.107142857142858,20.446428571428573,3.875,4.785714285714286,0.8571428571428571,0.5,3.2142857142857144,6.75,15.875,3.732142857142857,4.321428571428571
Kendrick Nunn,MIA,PG,67,29.28358208955224,15.283582089552239,2.6865671641791047,3.283582089552239,0.835820895522388,0.22388059701492538,2.044776119402985,5.985074626865671,13.64179104477612,1.2686567164179106,1.492537313432836
Kenrich Williams,NOP,PF,39,21.333333333333332,3.4871794871794872,4.769230769230769,1.4615384615384615,0.6923076923076923,0.5384615384615384,0.6410256410256411,1.3076923076923077,3.769230769230769,0.23076923076923078,0.6666666666666666
Kent Bazemore,2TM,SF,68,24.823529411764707,8.779411764705882,4.323529411764706,1.3676470588235294,1.088235294117647,0.5882352941176471,1.2352941176470589,2.9411764705882355,7.852941176470588,1.661764705882353,2.161764705882353
Kentavious Caldwell-Pope,LAL,SG,69,25.536231884057973,9.347826086956522,2.0579710144927534,1.608695652173913,0.8260869565217391,0.2028985507246377,1.3333333333333333,3.4347826086956523,7.3478260869565215,1.144927536231884,1.4782608695652173
Kevin Hervey,OKC,PF,10,5.2,1.7,1.2,0.5,0.1,0.1,0.3,0.7,2.7,0.0,0.0
Kevin Huerter,ATL,SG,56,31.428571428571427,12.214285714285714,4.071428571428571,3.8035714285714284,0.9107142857142857,0.48214285714285715,2.267857142857143,4.5,10.892857142857142,0.9464285714285714,1.1428571428571428
Kevin Knox,NYK,SF,65,17.93846153846154,6.446153846153846,2.830769230769231,0.9384615384615385,0.35384615384615387,0.4307692307692308,1.0,2.2153846153846155,6.1692307692307695,1.0153846153846153,1.5538461538461539
Kevin Love,CLE,PF,56,31.785714285714285,17.625,9.767857142857142,3.1785714285714284,0.5892857142857143,0.3392857142857143,2.607142857142857,5.839285714285714,12.982142857142858,3.3392857142857144,3.9107142857142856
Kevin Porter Jr.,CLE,SF,50,23.24,9.96,3.24,2.18,0.92,0.28,1.06,3.72,8.42,1.46,2.02
Kevon Looney,GSW,C,20,13.1,3.4,3.3,1.0,0.6,0.3,0.05,1.45,3.95,0.45,0.6
Khem Birch,ORL,C,48,19.208333333333332,4.416666666666667,4.583333333333333,1.0416666666666667,0.4166666666666667,0.4791666666666667,0.0,1.5208333333333333,2.9791666666666665,1.375,2.1041666666666665
Khris Middleton,MIL,SF,62,29.887096774193548,20.919354838709676,6.161290322580645,4.274193548387097,0.8548387096774194,0.11290322580645161,2.370967741935484,7.596774193548387,15.274193548387096,3.3548387096774195,3.661290322580645
Khyri Thomas,DET,SG,8,7.625,2.125,0.125,0.375,0.375,0.0,0.625,0.625,2.125,0.25,0.5
Kostas Antetokounmpo,LAL,PF,5,4.0,1.4,0.6,0.4,0.0,0.0,0.0,0.6,0.6,0.2,0.4
Kris Dunn,CHI,PG,51,24.88235294117647,7.313725490196078,3.6470588235294117,3.392156862745098,1.9803921568627452,0.3333333333333333,0.5686274509803921,2.980392156862745,6.705882352941177,0.7843137254901961,1.0588235294117647
Kristaps Porziņģis,DAL,C,57,31.82456140350877,20.42105263157895,9.473684210526315,1.7894736842105263,0.7192982456140351,2.017543859649123,2.491228070175439,6.982456140350878,16.350877192982455,3.9649122807017543,4.964912280701754
Ky Bowman,GSW,PG,45,22.555555555555557,7.444444444444445,2.688888888888889,2.911111111111111,0.9777777777777777,0.2222222222222222,0.7333333333333333,2.977777777777778,7.133333333333334,0.7555555555555555,0.9111111111111111
Kyle Alexander,MIA,C,2,6.5,1.0,1.5,0.0,0.0,0.0,0.0,0.5,1.0,0.0,0.0
Kyle Anderson,MEM,SF,67,19.850746268656717,5.82089552238806,4.253731343283582,2.417910447761194,0.8059701492537313,0.5522388059701493,0.3582089552238806,2.343283582089552,4.940298507462686,0.7761194029850746,1.164179104477612
Kyle Guy,SAC,SG,3,3.3333333333333335,1.3333333333333333,0.3333333333333333,0.3333333333333333,0.0,0.0,0.0,0.6666666666666666,1.6666666666666667,0.0,0.0
Kyle Korver,MIL,SF,58,16.551724137931036,6.655172413793103,2.103448275862069,1.1724137931034482,0.4482758620689655,0.20689655172413793,1.706896551724138,2.1724137931034484,5.051724137931035,0.603448275862069,0.7068965517241379
Kyle Kuzma,LAL,PF,61,25.016393442622952,12.819672131147541,4.475409836065574,1.3114754098360655,0.45901639344262296,0.4262295081967213,1.4098360655737705,4.770491803278689,10.950819672131148,1.8688524590163935,2.540983606557377
Kyle Lowry,TOR,PG,58,36.172413793103445,19.413793103448278,5.0344827586206895,7.4655172413793105,1.4137931034482758,0.4482758620689655,2.8275862068965516,5.758620689655173,13.844827586206897,5.068965517241379,5.913793103448276
Kyle O'Quinn,PHI,C,29,10.793103448275861,3.5172413793103448,4.0,1.7586206896551724,0.2413793103448276,0.8275862068965517,0.2413793103448276,1.4482758620689655,2.9310344827586206,0.3793103448275862,0.6896551724137931
Kyrie Irving,BRK,PG,20,32.9,27.4,5.15,6.4,1.35,0.5,2.8,9.95,20.8,4.7,5.1
LaMarcus Aldridge,SAS,C,53,33.094339622641506,18.88679245283019,7.39622641509434,2.4339622641509435,0.6792452830188679,1.6415094339622642,1.150943396226415,7.377358490566038,14.962264150943396,2.981132075471698,3.6037735849056602
Lance Thomas,BRK,PF,7,14.0,3.4285714285714284,1.8571428571428572,0.8571428571428571,0.0,0.0,0.5714285714285714,1.1428571428571428,3.2857142857142856,0.5714285714285714,0.5714285714285714
Landry Shamet,LAC,SG,53,27.39622641509434,9.283018867924529,1.8867924528301887,1.8679245283018868,0.37735849056603776,0.18867924528301888,2.0943396226415096,2.981132075471698,7.377358490566038,1.2264150943396226,1.4339622641509433
Langston Galloway,DET,SG,66,25.78787878787879,10.257575757575758,2.257575757575758,1.5303030303030303,0.7272727272727273,0.16666666666666666,2.0,3.5757575757575757,8.212121212121213,1.106060606060606,1.2878787878787878
Larry Nance Jr.,CLE,PF,56,26.285714285714285,10.071428571428571,7.303571428571429,2.1964285714285716,1.0,0.39285714285714285,1.0,4.089285714285714,7.696428571428571,0.8928571428571429,1.3214285714285714
Lauri Markkanen,CHI,PF,50,29.84,14.74,6.26,1.48,0.84,0.46,2.18,5.02,11.82,2.52,3.06
LeBron James,LAL,PG,67,34.56716417910448,25.34328358208955,7.835820895522388,10.208955223880597,1.164179104477612,0.5373134328358209,2.208955223880597,9.597014925373134,19.44776119402985,3.9402985074626864,5.686567164179104
Lonnie Walker IV,SAS,SG,61,16.19672131147541,6.377049180327869,2.278688524590164,1.1147540983606556,0.5245901639344263,0.22950819672131148,0.6721311475409836,2.4918032786885247,5.852459016393443,0.7213114754098361,1.0
Lonzo Ball,NOP,PG,63,32.142857142857146,11.825396825396826,6.079365079365079,6.9523809523809526,1.3968253968253967,0.6031746031746031,2.3492063492063493,4.396825396825397,10.904761904761905,0.6825396825396826,1.2063492063492063
Lou Williams,LAC,PG,65,28.676923076923078,18.23076923076923,3.0923076923076924,5.615384615384615,0.6615384615384615,0.18461538461538463,1.7076923076923076,6.015384615384615,14.4,4.492307692307692,5.2153846153846155
Louis King,DET,SF,10,6.2,2.0,1.0,0.5,0.2,0.0,0.4,0.8,2.1,0.0,0.3
Luc Mbah a Moute,HOU,PF,3,8.333333333333334,1.6666666666666667,0.6666666666666666,0.0,0.6666666666666666,0.0,0.0,0.6666666666666666,1.6666666666666667,0.3333333333333333,0.6666666666666666
Luguentz Dort,OKC,SF,36,22.77777777777778,6.777777777777778,2.25,0.75,0.8611111111111112,0.1111111111111111,0.8333333333333334,2.388888888888889,6.055555555555555,1.1666666666666667,1.4722222222222223
Luka Dončić,DAL,PG,61,33.557377049180324,28.83606557377049,9.39344262295082,8.819672131147541,1.0163934426229508,0.22950819672131148,2.80327868852459,9.524590163934427,20.57377049180328,6.983606557377049,9.21311475409836
Luka Šamanić,SAS,PF,3,16.0,5.333333333333333,3.3333333333333335,2.0,0.0,0.6666666666666666,1.0,1.6666666666666667,5.333333333333333,1.0,1.3333333333333333
Luke Kennard,DET,SG,28,32.92857142857143,15.785714285714286,3.5,4.107142857142857,0.42857142857142855,0.21428571428571427,2.607142857142857,5.392857142857143,12.214285714285714,2.392857142857143,2.6785714285714284
Luke Kornet,CHI,C,36,15.527777777777779,5.972222222222222,2.3333333333333335,0.8888888888888888,0.3055555555555556,0.7222222222222222,0.8611111111111112,2.2777777777777777,5.194444444444445,0.5555555555555556,0.7777777777777778
Malcolm Brogdon,IND,PG,54,30.85185185185185,16.537037037037038,4.851851851851852,7.055555555555555,0.6481481481481481,0.18518518518518517,1.3888888888888888,6.037037037037037,13.777777777777779,3.074074074074074,3.4444444444444446
Malcolm Miller,TOR,SF,28,5.785714285714286,1.25,0.5714285714285714,0.39285714285714285,0.17857142857142858,0.07142857142857142,0.2857142857142857,0.42857142857142855,1.0357142857142858,0.10714285714285714,0.2857142857142857
Malik Beasley,2TM,SG,55,21.98181818181818,11.181818181818182,2.690909090909091,1.3636363636363635,0.7272727272727273,0.14545454545454545,1.9454545454545455,4.127272727272727,9.709090909090909,0.9818181818181818,1.2
Malik Monk,CHO,SG,55,21.254545454545454,10.254545454545454,2.8545454545454545,2.0727272727272728,0.45454545454545453,0.2909090909090909,1.0545454545454545,3.8545454545454545,8.872727272727273,1.490909090909091,1.8181818181818181
Malik Newman,CLE,SG,1,4.0,2.0,0.0,0.0,0.0,0.0,0.0,0.0,2.0,2.0,2.0
Marc Gasol,TOR,C,44,26.386363636363637,7.5227272727272725,6.25,3.340909090909091,0.7727272727272727,0.8636363636363636,1.2954545454545454,2.7045454545454546,6.340909090909091,0.8181818181818182,1.1136363636363635
Marco Belinelli,SAS,SG,57,15.491228070175438,6.333333333333333,1.736842105263158,1.2105263157894737,0.21052631578947367,0.017543859649122806,1.1754385964912282,2.1578947368421053,5.508771929824562,0.8421052631578947,1.0175438596491229
Marcus Morris,2TM,PF,62,31.225806451612904,16.661290322580644,5.016129032258065,1.3870967741935485,0.7580645161290323,0.4838709677419355,2.2903225806451615,5.725806451612903,13.064516129032258,2.9193548387096775,3.5483870967741935
Marcus Smart,BOS,SG,60,31.983333333333334,12.933333333333334,3.75,4.85,1.6833333333333333,0.48333333333333334,2.283333333333333,4.266666666666667,11.366666666666667,2.1166666666666667,2.533333333333333
Marial Shayok,PHI,SG,4,7.0,2.75,1.75,0.25,0.0,0.25,0.5,0.75,3.0,0.75,1.0
Mario Hezonja,POR,PF,53,16.433962264150942,4.830188679245283,3.4716981132075473,0.9433962264150944,0.6792452830188679,0.16981132075471697,0.4528301886792453,1.7358490566037736,4.113207547169812,0.9056603773584906,1.1132075471698113
Markelle Fultz,ORL,PG,72,27.72222222222222,12.083333333333334,3.3055555555555554,5.125,1.25,0.1527777777777778,0.5,4.986111111111111,10.722222222222221,1.6111111111111112,2.2083333333333335
Markieff Morris,2TM,PF,58,20.46551724137931,9.655172413793103,3.7586206896551726,1.3275862068965518,0.5344827586206896,0.29310344827586204,1.5172413793103448,3.5,7.896551724137931,1.1379310344827587,1.4655172413793103
Marko Gudurić,MEM,SG,44,11.0,3.9318181818181817,1.6590909090909092,1.0227272727272727,0.2727272727272727,0.18181818181818182,0.5681818181818182,1.4090909090909092,3.5681818181818183,0.5454545454545454,0.5909090909090909
Marques Bolden,CLE,C,1,3.0,0.0,2.0,0.0,1.0,0.0,0.0,0.0,0.0,0.0,0.0
Marquese Chriss,GSW,PF,59,20.271186440677965,9.288135593220339,6.186440677966102,1.9322033898305084,0.6610169491525424,1.0508474576271187,0.13559322033898305,3.559322033898305,6.52542372881356,2.0338983050847457,2.6440677966101696
Marvin Bagley III,SAC,C,13,25.692307692307693,14.23076923076923,7.461538461538462,0.7692307692307693,0.46153846153846156,0.9230769230769231,0.3076923076923077,6.0,12.846153846153847,1.9230769230769231,2.3846153846153846
Marvin Williams,2TM,PF,58,19.46551724137931,5.913793103448276,3.1551724137931036,1.0344827586206897,0.6206896551724138,0.5172413793103449,0.9655172413793104,2.0517241379310347,4.603448275862069,0.8448275862068966,0.9827586206896551
Mason Plumlee,DEN,C,61,17.327868852459016,7.163934426229508,5.19672131147541,2.5245901639344264,0.5409836065573771,0.6229508196721312,0.0,2.901639344262295,4.721311475409836,1.360655737704918,2.540983606557377
Matisse Thybulle,PHI,SG,65,19.8,4.6923076923076925,1.646153846153846,1.2153846153846153,1.4461538461538461,0.7230769230769231,0.8615384615384616,1.7230769230769232,4.076923076923077,0.38461538461538464,0.6307692307692307
Matt Mooney,CLE,SG,4,4.75,0.5,0.75,0.25,0.5,0.25,0.0,0.25,1.0,0.0,0.0
Matt Thomas,TOR,SG,41,10.731707317073171,4.926829268292683,1.4878048780487805,0.5365853658536586,0.24390243902439024,0.024390243902439025,1.146341463414634,1.7804878048780488,3.658536585365854,0.21951219512195122,0.2926829268292683
Matthew Dellavedova,CLE,PG,57,14.403508771929825,3.1052631578947367,1.3157894736842106,3.1578947368421053,0.3508771929824561,0.03508771929824561,0.3684210526315789,1.087719298245614,3.0701754385964914,0.5614035087719298,0.6491228070175439
Maurice Harkless,2TM,PF,62,23.016129032258064,5.758064516129032,3.870967741935484,1.096774193548387,0.9354838709677419,0.532258064516129,0.5483870967741935,2.2903225806451615,4.564516129032258,0.6290322580645161,1.064516129032258
Max Strus,CHI,SF,2,3.0,2.5,0.5,0.0,0.0,0.0,0.0,1.0,1.5,0.5,0.5
Maxi Kleber,DAL,PF,74,25.54054054054054,9.08108108108108,5.243243243243243,1.1891891891891893,0.33783783783783783,1.1216216216216217,1.6081081081081081,3.2027027027027026,6.945945945945946,1.0675675675675675,1.2567567567567568
Melvin Frazier,ORL,SG,19,6.631578947368421,2.1052631578947367,0.5263157894736842,0.15789473684210525,0.47368421052631576,0.10526315789473684,0.42105263157894735,0.7894736842105263,1.7894736842105263,0.10526315789473684,0.21052631578947367
Meyers Leonard,MIA,C,51,20.274509803921568,6.0588235294117645,5.098039215686274,1.0784313725490196,0.27450980392156865,0.29411764705882354,1.0392156862745099,2.3333333333333335,4.588235294117647,0.35294117647058826,0.5490196078431373
Mfiondu Kabengele,LAC,C,12,5.333333333333333,3.5,0.9166666666666666,0.16666666666666666,0.16666666666666666,0.16666666666666666,0.75,1.1666666666666667,2.6666666666666665,0.4166666666666667,0.4166666666666667
Michael Carter-Williams,ORL,SG,45,18.511111111111113,7.177777777777778,3.2666666666666666,2.422222222222222,1.0888888888888888,0.4888888888888889,0.4888888888888889,2.466666666666667,5.777777777777778,1.7555555555555555,2.111111111111111
Michael Frazier,HOU,SG,13,11.153846153846153,2.076923076923077,0.7692307692307693,0.15384615384615385,0.15384615384615385,0.0,0.3076923076923077,0.5384615384615384,2.230769230769231,0.6923076923076923,1.0769230769230769
Michael Kidd-Gilchrist,2TM,PF,25,11.24,2.4,2.68,0.56,0.08,0.24,0.2,0.88,2.64,0.44,0.56
Michael Porter Jr.,DEN,SF,55,16.418181818181818,9.309090909090909,4.709090909090909,0.8363636363636363,0.4909090909090909,0.45454545454545453,1.1272727272727272,3.5454545454545454,6.963636363636364,1.0909090909090908,1.309090909090909
Mikal Bridges,PHO,SF,73,27.972602739726028,9.136986301369863,4.0,1.7671232876712328,1.3972602739726028,0.6301369863013698,0.958904109589041,3.3835616438356166,6.63013698630137,1.4109589041095891,1.6712328767123288
Mike Conley,UTA,PG,47,29.0,14.361702127659575,3.2127659574468086,4.425531914893617,0.7659574468085106,0.10638297872340426,2.0425531914893615,4.9361702127659575,12.063829787234043,2.4468085106382977,2.9574468085106385
Mike Muscala,OKC,C,47,12.170212765957446,4.808510638297872,2.297872340425532,0.851063829787234,0.19148936170212766,0.2553191489361702,1.148936170212766,1.6382978723404256,4.0212765957446805,0.3829787234042553,0.46808510638297873
Mike Scott,PHI,PF,68,17.75,6.0,3.6470588235294117,0.8235294117647058,0.3088235294117647,0.07352941176470588,1.1764705882352942,2.1911764705882355,5.147058823529412,0.4411764705882353,0.5441176470588235
Miles Bridges,CHO,SF,65,30.692307692307693,12.96923076923077,5.569230769230769,1.7538461538461538,0.6153846153846154,0.7384615384615385,1.523076923076923,4.907692307692308,11.584615384615384,1.6307692307692307,2.0153846153846153
Mitchell Robinson,NYK,C,61,23.147540983606557,9.672131147540984,7.016393442622951,0.5901639344262295,0.8524590163934426,1.9508196721311475,0.0,4.147540983606557,5.590163934426229,1.3770491803278688,2.4262295081967213
Miye Oni,UTA,SF,10,10.9,3.5,1.7,0.4,0.4,0.2,0.7,1.2,3.2,0.4,0.5
Mo Bamba,ORL,C,62,14.161290322580646,5.354838709677419,4.870967741935484,0.6774193548387096,0.3709677419354839,1.3870967741935485,0.5967741935483871,2.129032258064516,4.612903225806452,0.5,0.7419354838709677
Monte Morris,DEN,PG,73,22.410958904109588,9.04109589041096,1.8767123287671232,3.493150684931507,0.7534246575342466,0.2328767123287671,0.8904109589041096,3.5616438356164384,7.7534246575342465,1.0273972602739727,1.2191780821917808
Montrezl Harrell,LAC,C,63,27.761904761904763,18.61904761904762,7.063492063492063,1.6984126984126984,0.6190476190476191,1.1428571428571428,0.0,7.476190476190476,12.88888888888889,3.6666666666666665,5.571428571428571
Moritz Wagner,WAS,C,45,18.555555555555557,8.733333333333333,4.866666666666666,1.2444444444444445,0.6222222222222222,0.4222222222222222,0.5555555555555556,3.2222222222222223,5.911111111111111,1.7333333333333334,2.111111111111111
Moses Brown,POR,C,9,3.6666666666666665,1.2222222222222223,1.5555555555555556,0.1111111111111111,0.1111111111111111,0.1111111111111111,0.0,0.4444444444444444,1.1111111111111112,0.3333333333333333,0.8888888888888888
Mychal Mulder,GSW,SF,7,29.142857142857142,11.0,3.2857142857142856,1.1428571428571428,0.2857142857142857,0.14285714285714285,2.2857142857142856,3.7142857142857144,9.571428571428571,1.2857142857142858,1.7142857142857142
Myles Turner,IND,C,62,29.451612903225808,12.080645161290322,6.564516129032258,1.1612903225806452,0.7419354838709677,2.129032258064516,1.3870967741935485,4.32258064516129,9.46774193548387,2.0483870967741935,2.725806451612903
Nassir Little,POR,PF,48,11.9375,3.5833333333333335,2.25,0.4583333333333333,0.2708333333333333,0.2916666666666667,0.2916666666666667,1.3541666666666667,3.1458333333333335,0.5833333333333334,0.9166666666666666
Naz Mitrou-Long,IND,SG,5,9.4,2.8,1.4,1.6,0.2,0.2,0.4,1.2,3.4,0.0,0.0
Naz Reid,MIN,C,30,16.5,8.966666666666667,4.133333333333334,1.1666666666666667,0.6333333333333333,0.7333333333333333,1.0666666666666667,3.3333333333333335,8.1,1.2333333333333334,1.7666666666666666
Nemanja Bjelica,SAC,PF,72,27.930555555555557,11.541666666666666,6.361111111111111,2.8194444444444446,0.8611111111111112,0.5555555555555556,1.8611111111111112,4.361111111111111,9.069444444444445,0.9583333333333334,1.1666666666666667
Nerlens Noel,OKC,C,61,18.475409836065573,7.360655737704918,4.918032786885246,0.9344262295081968,0.9672131147540983,1.4918032786885247,0.01639344262295082,3.0163934426229506,4.409836065573771,1.3114754098360655,1.7377049180327868
Nic Claxton,BRK,C,15,12.466666666666667,4.4,2.933333333333333,1.0666666666666667,0.06666666666666667,0.5333333333333333,0.06666666666666667,1.8,3.2,0.7333333333333333,1.4
Nickeil Alexander-Walker,NOP,SG,47,12.574468085106384,5.680851063829787,1.7872340425531914,1.8936170212765957,0.3617021276595745,0.1702127659574468,0.9787234042553191,2.0851063829787235,5.659574468085107,0.5319148936170213,0.7872340425531915
Nicolas Batum,CHO,SF,22,22.954545454545453,3.590909090909091,4.545454545454546,3.0,0.7727272727272727,0.36363636363636365,0.6363636363636364,1.2727272727272727,3.6818181818181817,0.4090909090909091,0.45454545454545453
Nicolò Melli,NOP,C,60,17.366666666666667,6.583333333333333,3.0,1.3666666666666667,0.5666666666666667,0.38333333333333336,1.15,2.2666666666666666,5.383333333333334,0.9,1.2166666666666666
Nigel Williams-Goss,UTA,PG,10,5.0,1.4,0.6,0.6,0.3,0.1,0.2,0.5,1.6,0.2,0.2
Nikola Jokić,DEN,C,73,32.0,19.945205479452056,9.73972602739726,7.013698630136986,1.1643835616438356,0.6027397260273972,1.095890410958904,7.739726027397261,14.67123287671233,3.3698630136986303,4.123287671232877
Nikola Vučević,ORL,C,62,32.225806451612904,19.596774193548388,10.85483870967742,3.5806451612903225,0.8709677419354839,0.7580645161290323,1.5806451612903225,7.951612903225806,16.661290322580644,2.1129032258064515,2.693548387096774
Noah Vonleh,2TM,C,36,10.472222222222221,3.6666666666666665,3.4444444444444446,0.7777777777777778,0.3055555555555556,0.16666666666666666,0.08333333333333333,1.4444444444444444,2.5555555555555554,0.6944444444444444,0.8888888888888888
Norman Powell,TOR,SG,52,28.442307692307693,15.961538461538462,3.6538461538461537,1.75,1.1538461538461537,0.40384615384615385,2.0961538461538463,5.6923076923076925,11.5,2.480769230769231,2.9423076923076925
Norvel Pelle,PHI,C,24,9.666666666666666,2.375,3.0,0.3333333333333333,0.125,1.2916666666666667,0.0,1.0416666666666667,2.0,0.2916666666666667,0.5833333333333334
OG Anunoby,TOR,SF,69,29.942028985507246,10.623188405797102,5.27536231884058,1.565217391304348,1.391304347826087,0.6521739130434783,1.289855072463768,4.144927536231884,8.202898550724637,1.0434782608695652,1.4782608695652173
Omari Spellman,GSW,C,49,18.081632653061224,7.551020408163265,4.469387755102041,0.9591836734693877,0.673469387755102,0.4897959183673469,0.8775510204081632,2.5918367346938775,6.020408163265306,1.489795918367347,1.8775510204081634
Oshae Brissett,TOR,SF,19,7.105263157894737,1.9473684210526316,1.368421052631579,0.3684210526315789,0.21052631578947367,0.05263157894736842,0.15789473684210525,0.6842105263157895,1.894736842105263,0.42105263157894735,0.5263157894736842
Otto Porter Jr.,CHI,SF,14,23.642857142857142,11.928571428571429,3.4285714285714284,1.7857142857142858,1.0714285714285714,0.42857142857142855,1.7142857142857142,4.428571428571429,10.0,1.3571428571428572,1.9285714285714286
P.J. Tucker,HOU,PF,72,34.263888888888886,6.944444444444445,6.611111111111111,1.5972222222222223,1.0694444444444444,0.5,1.4861111111111112,2.4583333333333335,5.916666666666667,0.5416666666666666,0.6666666666666666
P.J. Washington,CHO,PF,58,30.32758620689655,12.241379310344827,5.448275862068965,2.1206896551724137,0.8793103448275862,0.7586206896551724,1.4827586206896552,4.620689655172414,10.155172413793103,1.5172413793103448,2.3448275862068964
PJ Dozier,DEN,SG,29,14.206896551724139,5.793103448275862,1.896551724137931,2.1724137931034484,0.4827586206896552,0.20689655172413793,0.5862068965517241,2.2413793103448274,5.413793103448276,0.7241379310344828,1.0
Pascal Siakam,TOR,PF,60,35.166666666666664,22.85,7.316666666666666,3.45,1.0166666666666666,0.8833333333333333,2.183333333333333,8.333333333333334,18.4,4.0,5.05
Pat Connaughton,MIL,SG,67,18.55223880597015,5.373134328358209,4.2388059701492535,1.5970149253731343,0.373134328358209,0.4626865671641791,0.8208955223880597,2.044776119402985,4.492537313432836,0.4626865671641791,0.5970149253731343
Patrick Beverley,LAC,PG,51,26.313725490196077,7.9411764705882355,5.215686274509804,3.588235294117647,1.0588235294117647,0.49019607843137253,1.5686274509803921,2.8823529411764706,6.686274509803922,0.6078431372549019,0.9215686274509803
Patrick McCaw,TOR,SF,37,24.54054054054054,4.594594594594595,2.324324324324324,2.135135135135135,1.054054054054054,0.10810810810810811,0.6216216216216216,1.8108108108108107,4.378378378378378,0.35135135135135137,0.4864864864864865
Patrick Patterson,LAC,PF,59,13.152542372881356,4.9491525423728815,2.559322033898305,0.6949152542372882,0.11864406779661017,0.05084745762711865,1.1355932203389831,1.6101694915254237,3.9491525423728815,0.5932203389830508,0.7288135593220338
Patty Mills,SAS,PG,66,22.5,11.621212121212121,1.6363636363636365,1.7878787878787878,0.803030303030303,0.09090909090909091,2.3333333333333335,3.909090909090909,9.06060606060606,1.4696969696969697,1.696969696969697
Paul George,LAC,SF,48,29.5625,21.520833333333332,5.666666666666667,3.8541666666666665,1.4166666666666667,0.4166666666666667,3.2708333333333335,7.145833333333333,16.291666666666668,3.9583333333333335,4.520833333333333
Paul Millsap,DEN,PF,51,24.313725490196077,11.588235294117647,5.745098039215686,1.6274509803921569,0.8627450980392157,0.5882352941176471,1.0588235294117647,4.137254901960785,8.588235294117647,2.2549019607843137,2.764705882352941
Paul Watson,2TM,SF,10,8.7,3.1,1.7,0.8,0.4,0.1,0.4,1.0,2.6,0.7,0.9
Quinn Cook,LAL,PG,44,11.545454545454545,5.090909090909091,1.1590909090909092,1.1136363636363635,0.2727272727272727,0.045454545454545456,0.7045454545454546,2.0681818181818183,4.863636363636363,0.25,0.3181818181818182
Quinndary Weatherspoon,SAS,SG,11,7.090909090909091,1.0909090909090908,0.6363636363636364,1.0,0.2727272727272727,0.09090909090909091,0.09090909090909091,0.45454545454545453,1.5454545454545454,0.09090909090909091,0.18181818181818182
RJ Barrett,NYK,SG,56,30.428571428571427,14.339285714285714,4.982142857142857,2.5535714285714284,0.9821428571428571,0.30357142857142855,1.125,5.214285714285714,12.982142857142858,2.7857142857142856,4.535714285714286
Rajon Rondo,LAL,PG,48,20.5,7.125,2.9583333333333335,5.0,0.8333333333333334,0.041666666666666664,0.8541666666666666,2.8541666666666665,6.833333333333333,0.5625,0.8541666666666666
Raul Neto,PHI,PG,54,12.37037037037037,5.092592592592593,1.1296296296296295,1.7592592592592593,0.4444444444444444,0.1111111111111111,0.6296296296296297,1.8703703703703705,4.111111111111111,0.7222222222222222,0.8703703703703703
Rayjon Tucker,UTA,SG,20,8.05,3.1,1.0,0.25,0.05,0.05,0.15,1.0,2.15,0.95,1.15
Reggie Bullock,NYK,SG,29,23.586206896551722,8.068965517241379,2.3448275862068964,1.4482758620689655,0.8620689655172413,0.10344827586206896,1.2758620689655173,3.103448275862069,7.724137931034483,0.5862068965517241,0.7241379310344828
Reggie Jackson,2TM,PG,31,23.967741935483872,11.935483870967742,2.967741935483871,4.064516129032258,0.41935483870967744,0.16129032258064516,1.8387096774193548,4.32258064516129,10.516129032258064,1.4516129032258065,1.7419354838709677
Richaun Holmes,SAC,C,44,28.227272727272727,12.25,8.136363636363637,0.9545454545454546,0.9318181818181818,1.2727272727272727,0.0,5.068181818181818,7.818181818181818,2.1136363636363638,2.6818181818181817
Ricky Rubio,PHO,PG,65,31.015384615384615,13.03076923076923,4.676923076923077,8.76923076923077,1.4461538461538461,0.16923076923076924,1.2,4.415384615384616,10.646153846153846,3.0,3.476923076923077
Robert Covington,2TM,C,70,30.52857142857143,12.428571428571429,6.614285714285714,1.2571428571428571,1.6428571428571428,1.3285714285714285,2.3,4.357142857142857,10.32857142857143,1.4142857142857144,1.7714285714285714
Robert Williams,BOS,C,29,13.379310344827585,5.172413793103448,4.413793103448276,0.9310344827586207,0.7586206896551724,1.206896551724138,0.0,2.206896551724138,3.0344827586206895,0.7586206896551724,1.1724137931034482
Robin Lopez,MIL,C,66,14.515151515151516,5.409090909090909,2.4393939393939394,0.6818181818181818,0.15151515151515152,0.6818181818181818,0.5303030303030303,2.227272727272727,4.53030303030303,0.42424242424242425,0.803030303030303
Rodions Kurucs,BRK,PF,47,14.553191489361701,4.574468085106383,2.9148936170212765,1.0851063829787233,0.5319148936170213,0.10638297872340426,0.7021276595744681,1.6808510638297873,3.765957446808511,0.5106382978723404,0.8085106382978723
Rodney Hood,POR,SF,21,29.476190476190474,10.952380952380953,3.4285714285714284,1.5238095238095237,0.8095238095238095,0.19047619047619047,1.6666666666666667,4.142857142857143,8.19047619047619,1.0,1.2857142857142858
Rodney McGruder,LAC,SG,56,15.553571428571429,3.3392857142857144,2.6964285714285716,0.6428571428571429,0.4642857142857143,0.14285714285714285,0.42857142857142855,1.2857142857142858,3.232142857142857,0.3392857142857143,0.6071428571428571
Romeo Langford,BOS,SG,32,11.5625,2.46875,1.28125,0.40625,0.25,0.25,0.15625,0.875,2.5,0.5625,0.78125
Rondae Hollis-Jefferson,TOR,PF,60,18.7,6.966666666666667,4.716666666666667,1.7666666666666666,0.7666666666666667,0.38333333333333336,0.05,2.5833333333333335,5.483333333333333,1.75,2.3833333333333333
Royce O'Neale,UTA,SF,71,28.859154929577464,6.338028169014085,5.47887323943662,2.535211267605634,0.8309859154929577,0.4507042253521127,1.295774647887324,2.2253521126760565,5.140845070422535,0.5915492957746479,0.7746478873239436
Rudy Gay,SAS,PF,67,21.80597014925373,10.835820895522389,5.402985074626866,1.7014925373134329,0.5223880597014925,0.4925373134328358,1.1044776119402986,3.970149253731343,8.895522388059701,1.791044776119403,2.029850746268657
Rudy Gobert,UTA,C,68,34.30882352941177,15.088235294117647,13.470588235294118,1.4852941176470589,0.75,1.9852941176470589,0.0,5.676470588235294,8.191176470588236,3.735294117647059,5.926470588235294
Rui Hachimura,WAS,PF,48,30.083333333333332,13.520833333333334,6.125,1.8125,0.7708333333333334,0.16666666666666666,0.5208333333333334,5.291666666666667,11.354166666666666,2.4166666666666665,2.9166666666666665
Russell Westbrook,HOU,PG,57,35.94736842105263,27.24561403508772,7.912280701754386,7.035087719298246,1.631578947368421,0.3508771929824561,0.9649122807017544,10.596491228070175,22.473684210526315,5.087719298245614,6.666666666666667
Ryan Anderson,HOU,C,2,7.0,2.5,3.5,1.0,0.5,0.0,0.5,1.0,3.5,0.0,0.0
Ryan Arcidiacono,CHI,PG,58,16.03448275862069,4.5,1.896551724137931,1.6551724137931034,0.46551724137931033,0.05172413793103448,0.9310344827586207,1.5517241379310345,3.793103448275862,0.46551724137931033,0.6551724137931034
Ryan Broekhoff,DAL,SF,17,10.588235294117647,4.176470588235294,2.5294117647058822,0.6470588235294118,0.29411764705882354,0.23529411764705882,1.1764705882352942,1.2941176470588236,3.4705882352941178,0.4117647058823529,0.47058823529411764
Sekou Doumbouya,DET,PF,38,19.842105263157894,6.394736842105263,3.1052631578947367,0.5,0.5263157894736842,0.21052631578947367,0.7368421052631579,2.4210526315789473,6.2105263157894735,0.8157894736842105,1.2105263157894737
Semi Ojeleye,BOS,PF,69,14.652173913043478,3.420289855072464,2.101449275362319,0.5362318840579711,0.30434782608695654,0.07246376811594203,0.6956521739130435,1.1594202898550725,2.8405797101449277,0.4057971014492754,0.463768115942029
Serge Ibaka,TOR,C,55,27.0,15.363636363636363,8.218181818181819,1.4,0.509090909090909,0.8363636363636363,1.2727272727272727,6.236363636363636,12.181818181818182,1.6181818181818182,2.2545454545454544
Seth Curry,DAL,SG,64,24.625,12.390625,2.265625,1.9375,0.59375,0.140625,2.265625,4.4375,8.96875,1.25,1.515625
Shabazz Napier,2TM,PG,56,24.0,10.321428571428571,2.8214285714285716,4.678571428571429,1.2321428571428572,0.19642857142857142,1.3571428571428572,3.357142857142857,8.142857142857142,2.25,2.732142857142857
Shai Gilgeous-Alexander,OKC,SG,70,34.68571428571428,19.014285714285716,5.885714285714286,3.3142857142857145,1.1285714285714286,0.6714285714285714,1.2428571428571429,6.828571428571428,14.5,4.114285714285714,5.1
Shake Milton,PHI,SG,40,20.125,9.425,2.2,2.6,0.5,0.175,1.45,3.35,6.925,1.275,1.625
Shamorie Ponds,TOR,PG,4,2.75,2.25,0.25,0.5,0.0,0.25,0.25,0.75,1.25,0.5,0.5
Shaquille Harrison,CHI,SG,43,11.255813953488373,4.8604651162790695,2.0,1.1395348837209303,0.7906976744186046,0.4418604651162791,0.37209302325581395,1.7906976744186047,3.8372093023255816,0.9069767441860465,1.1627906976744187
Sindarius Thornwell,NOP,SF,2,17.5,8.0,2.0,2.0,0.5,0.5,1.0,3.0,5.5,1.0,2.0
Skal Labissière,POR,C,33,17.181818181818183,5.757575757575758,5.121212121212121,1.2727272727272727,0.21212121212121213,0.9393939393939394,0.09090909090909091,2.4545454545454546,4.454545454545454,0.7575757575757576,1.0
Solomon Hill,2TM,PF,59,18.440677966101696,5.47457627118644,2.7966101694915255,1.7627118644067796,0.7288135593220338,0.2033898305084746,1.0677966101694916,1.8644067796610169,4.711864406779661,0.6779661016949152,0.9152542372881356
Spencer Dinwiddie,BRK,PG,64,31.15625,20.59375,3.453125,6.75,0.625,0.328125,1.921875,6.625,15.953125,5.421875,6.96875
Stanley Johnson,TOR,PF,25,6.0,2.4,1.48,0.8,0.24,0.16,0.28,0.88,2.36,0.36,0.64
Stanton Kidd,UTA,SG,4,3.75,0.0,0.75,0.25,0.0,0.0,0.0,0.0,0.75,0.0,0.0
Stephen Curry,GSW,PG,5,27.8,20.8,5.2,6.6,1.0,0.4,2.4,6.6,16.4,5.2,5.2
Sterling Brown,MIL,SF,52,14.75,5.115384615384615,3.519230769230769,0.9807692307692307,0.5576923076923077,0.1346153846153846,0.8461538461538461,1.8269230769230769,4.923076923076923,0.6153846153846154,0.7692307692307693
Steven Adams,OKC,C,63,26.666666666666668,10.857142857142858,9.253968253968255,2.3174603174603177,0.8095238095238095,1.0634920634920635,0.015873015873015872,4.492063492063492,7.587301587301587,1.8571428571428572,3.1904761904761907
Svi Mykhailiuk,DET,SF,56,22.589285714285715,9.0,1.8571428571428572,1.8928571428571428,0.7321428571428571,0.07142857142857142,2.0535714285714284,2.9642857142857144,7.232142857142857,1.0178571428571428,1.25
T.J. Leaf,IND,PF,28,7.928571428571429,3.0,2.5357142857142856,0.32142857142857145,0.35714285714285715,0.14285714285714285,0.17857142857142858,1.2857142857142858,3.0714285714285716,0.25,0.5714285714285714
T.J. McConnell,IND,PG,71,18.676056338028168,6.535211267605634,2.6619718309859155,5.0,0.7887323943661971,0.15492957746478872,0.07042253521126761,2.9859154929577465,5.788732394366197,0.49295774647887325,0.5915492957746479
T.J. Warren,IND,SF,67,32.865671641791046,19.791044776119403,4.17910447761194,1.4776119402985075,1.164179104477612,0.5074626865671642,1.3582089552238805,7.970149253731344,14.880597014925373,2.4925373134328357,3.044776119402985
Tacko Fall,BOS,C,7,4.714285714285714,3.2857142857142856,2.142857142857143,0.14285714285714285,0.14285714285714285,0.5714285714285714,0.0,1.5714285714285714,2.0,0.14285714285714285,0.42857142857142855
Taj Gibson,NYK,C,62,16.532258064516128,6.112903225806452,4.306451612903226,0.8387096774193549,0.43548387096774194,0.4838709677419355,0.06451612903225806,2.693548387096774,4.612903225806452,0.6612903225806451,0.9032258064516129
Talen Horton-Tucker,LAL,SG,6,13.5,5.666666666666667,1.1666666666666667,1.0,1.3333333333333333,0.16666666666666666,0.6666666666666666,2.3333333333333335,5.0,0.3333333333333333,0.6666666666666666
Tariq Owens,PHO,PF,3,5.0,1.3333333333333333,1.0,0.0,0.3333333333333333,0.0,0.0,0.3333333333333333,1.6666666666666667,0.6666666666666666,0.6666666666666666
Taurean Prince,BRK,PF,64,29.015625,12.078125,5.953125,1.8125,0.890625,0.390625,2.28125,4.34375,11.546875,1.109375,1.390625
Terance Mann,LAC,SF,41,8.829268292682928,2.4146341463414633,1.3414634146341464,1.2926829268292683,0.2682926829268293,0.12195121951219512,0.17073170731707318,0.9024390243902439,1.9268292682926829,0.43902439024390244,0.6585365853658537
Terence Davis,TOR,SG,72,16.791666666666668,7.541666666666667,3.2916666666666665,1.5972222222222223,0.5416666666666666,0.19444444444444445,1.3055555555555556,2.763888888888889,6.055555555555555,0.7083333333333334,0.8194444444444444
Terrance Ferguson,OKC,SF,56,22.446428571428573,3.9285714285714284,1.3214285714285714,0.9107142857142857,0.48214285714285715,0.30357142857142855,0.875,1.3928571428571428,3.9285714285714284,0.26785714285714285,0.35714285714285715
Terrence Ross,ORL,SG,69,27.3768115942029,14.72463768115942,3.217391304347826,1.1884057971014492,1.1159420289855073,0.34782608695652173,2.5652173913043477,4.942028985507246,12.26086956521739,2.2753623188405796,2.6666666666666665
Terry Rozier,CHO,PG,63,34.34920634920635,18.0,4.380952380952381,4.111111111111111,0.9682539682539683,0.15873015873015872,2.7301587301587302,6.317460317460317,14.936507936507937,2.634920634920635,3.015873015873016
Thabo Sefolosha,HOU,PF,41,10.634146341463415,2.2439024390243905,2.268292682926829,0.6097560975609756,0.5853658536585366,0.2926829268292683,0.36585365853658536,0.9024390243902439,2.2195121951219514,0.07317073170731707,0.1951219512195122
Thaddeus Young,CHI,PF,64,24.859375,10.296875,4.921875,1.828125,1.4375,0.359375,1.234375,4.203125,9.390625,0.65625,1.125
Thanasis Antetokounmpo,MIL,SF,20,6.45,2.75,1.2,0.75,0.35,0.1,0.0,1.2,2.4,0.35,0.85
Theo Pinson,BRK,SG,33,11.06060606060606,3.6363636363636362,1.6363636363636365,1.696969696969697,0.5151515151515151,0.12121212121212122,0.45454545454545453,1.3636363636363635,4.696969696969697,0.45454545454545453,0.48484848484848486
Thomas Bryant,WAS,C,46,24.934782608695652,13.23913043478261,7.195652173913044,1.8043478260869565,0.5434782608695652,1.065217391304348,0.8043478260869565,5.282608695652174,9.08695652173913,1.8695652173913044,2.5217391304347827
Thon Maker,DET,C,60,12.933333333333334,4.683333333333334,2.783333333333333,0.7166666666666667,0.4166666666666667,0.65,0.36666666666666664,1.55,3.216666666666667,1.2166666666666666,1.8333333333333333
Tim Frazier,DET,PG,27,13.148148148148149,3.5925925925925926,1.2222222222222223,3.4444444444444446,0.5185185185185185,0.14814814814814814,0.37037037037037035,1.2592592592592593,3.4814814814814814,0.7037037037037037,0.8888888888888888
Tim Hardaway Jr.,DAL,SG,71,29.450704225352112,15.788732394366198,3.267605633802817,1.9295774647887325,0.5774647887323944,0.07042253521126761,2.8732394366197185,5.408450704225352,12.450704225352112,2.0985915492957745,2.563380281690141
Timothé Luwawu-Cabarrot,BRK,SF,47,18.148936170212767,7.76595744680851,2.702127659574468,0.6170212765957447,0.3829787234042553,0.14893617021276595,1.3191489361702127,2.4893617021276597,5.723404255319149,1.4680851063829787,1.7234042553191489
Tobias Harris,PHI,PF,72,34.291666666666664,19.59722222222222,6.875,3.1527777777777777,0.7361111111111112,0.5555555555555556,1.8194444444444444,7.680555555555555,16.291666666666668,2.4166666666666665,3.0
Tomáš Satoranský,CHI,SG,65,28.892307692307693,9.907692307692308,3.9076923076923076,5.446153846153846,1.2307692307692308,0.1076923076923077,0.9846153846153847,3.646153846153846,8.476923076923077,1.6307692307692307,1.8615384615384616
Tony Bradley,UTA,C,58,11.431034482758621,4.913793103448276,4.603448275862069,0.39655172413793105,0.2413793103448276,0.5689655172413793,0.05172413793103448,2.1724137931034484,3.2586206896551726,0.5172413793103449,0.7931034482758621
Tony Snell,DET,SF,59,27.8135593220339,8.033898305084746,1.88135593220339,2.152542372881356,0.5423728813559322,0.2542372881355932,1.728813559322034,2.8813559322033897,6.47457627118644,0.5423728813559322,0.5423728813559322
Torrey Craig,DEN,SF,58,18.482758620689655,5.431034482758621,3.2586206896551726,0.8103448275862069,0.39655172413793105,0.6206896551724138,0.7758620689655172,2.1379310344827585,4.637931034482759,0.3793103448275862,0.6206896551724138
Trae Young,ATL,PG,60,35.333333333333336,29.633333333333333,4.25,9.333333333333334,1.0833333333333333,0.13333333333333333,3.4166666666666665,9.1,20.816666666666666,8.016666666666667,9.316666666666666
Tremont Waters,BOS,PG,11,10.818181818181818,3.6363636363636362,1.0909090909090908,1.4545454545454546,0.9090909090909091,0.18181818181818182,0.36363636363636365,1.2727272727272727,4.454545454545454,0.7272727272727273,0.7272727272727273
Treveon Graham,2TM,SF,55,16.89090909090909,4.418181818181818,2.727272727272727,0.8181818181818182,0.43636363636363634,0.10909090909090909,0.6,1.5818181818181818,4.4,0.6545454545454545,1.018181818181818
Trevor Ariza,2TM,SF,53,28.169811320754718,7.981132075471698,4.6415094339622645,1.7169811320754718,1.3018867924528301,0.2830188679245283,1.4528301886792452,2.6792452830188678,6.113207547169812,1.169811320754717,1.3962264150943395
Trey Burke,2TM,PG,33,15.757575757575758,7.363636363636363,1.5151515151515151,2.515151515151515,0.48484848484848486,0.06060606060606061,0.9696969696969697,2.8484848484848486,6.333333333333333,0.696969696969697,0.8787878787878788
Trey Lyles,SAS,PF,63,20.174603174603174,6.412698412698413,5.73015873015873,1.0952380952380953,0.4444444444444444,0.4444444444444444,1.0317460317460319,2.4285714285714284,5.444444444444445,0.5238095238095238,0.7142857142857143
Tristan Thompson,CLE,C,57,30.19298245614035,12.0,10.12280701754386,2.1052631578947367,0.5789473684210527,0.8771929824561403,0.15789473684210525,5.052631578947368,9.859649122807017,1.736842105263158,2.824561403508772
Troy Brown Jr.,WAS,SF,69,25.82608695652174,10.376811594202898,5.550724637681159,2.579710144927536,1.2318840579710144,0.10144927536231885,0.8840579710144928,3.9565217391304346,9.014492753623188,1.5797101449275361,2.0144927536231885
Troy Daniels,2TM,SG,47,11.319148936170214,4.25531914893617,1.1063829787234043,0.3617021276595745,0.23404255319148937,0.06382978723404255,0.9787234042553191,1.5319148936170213,3.9574468085106385,0.2127659574468085,0.3404255319148936
Ty Jerome,PHO,SG,31,10.580645161290322,3.2903225806451615,1.4838709677419355,1.4193548387096775,0.4838709677419355,0.0967741935483871,0.45161290322580644,1.2258064516129032,3.6451612903225805,0.3870967741935484,0.5161290322580645
Tyler Cook,2TM,PF,13,4.153846153846154,1.7692307692307692,1.0769230769230769,0.07692307692307693,0.23076923076923078,0.0,0.0,0.6153846153846154,0.9230769230769231,0.5384615384615384,0.6153846153846154
Tyler Herro,MIA,SG,55,27.418181818181818,13.50909090909091,4.072727272727272,2.2,0.6181818181818182,0.16363636363636364,2.109090909090909,4.909090909090909,11.472727272727273,1.5818181818181818,1.8181818181818181
Tyler Johnson,2TM,SG,39,18.17948717948718,7.0256410256410255,1.9487179487179487,1.8974358974358974,0.41025641025641024,0.23076923076923078,0.9743589743589743,2.4871794871794872,6.410256410256411,1.0769230769230769,1.2820512820512822
Tyler Zeller,SAS,C,2,2.0,1.0,2.0,0.0,0.0,0.0,0.0,0.5,2.0,0.0,0.0
Tyrone Wallace,ATL,SG,14,11.428571428571429,2.857142857142857,1.5714285714285714,0.9285714285714286,0.5,0.07142857142857142,0.07142857142857142,1.0,3.142857142857143,0.7857142857142857,1.2142857142857142
Tyson Chandler,HOU,C,26,8.423076923076923,1.3076923076923077,2.5384615384615383,0.23076923076923078,0.23076923076923078,0.3076923076923077,0.0,0.5384615384615384,0.6923076923076923,0.23076923076923078,0.5
Tyus Jones,MEM,PG,65,18.953846153846154,7.446153846153846,1.5846153846153845,4.384615384615385,0.9076923076923077,0.09230769230769231,0.7230769230769231,3.0307692307692307,6.6,0.6615384615384615,0.8923076923076924
Udonis Haslem,MIA,C,4,11.0,3.0,4.0,0.25,0.0,0.0,0.25,1.0,2.75,0.75,1.0
Vic Law,ORL,PF,8,7.75,1.875,1.375,0.375,0.25,0.0,0.125,0.75,2.25,0.25,0.75
Victor Oladipo,IND,SG,19,27.789473684210527,14.473684210526315,3.9473684210526314,2.9473684210526314,0.8947368421052632,0.21052631578947367,1.736842105263158,5.105263157894737,12.947368421052632,2.526315789473684,3.1052631578947367
Vince Carter,ATL,PF,60,14.6,4.966666666666667,2.066666666666667,0.8,0.38333333333333336,0.4166666666666667,1.0166666666666666,1.7833333333333334,5.066666666666666,0.38333333333333336,0.48333333333333334
Vincent Poirier,BOS,C,22,5.909090909090909,1.8636363636363635,1.9545454545454546,0.36363636363636365,0.09090909090909091,0.4090909090909091,0.045454545454545456,0.7727272727272727,1.6363636363636365,0.2727272727272727,0.3181818181818182
Vlatko Čančar,DEN,PF,14,3.2142857142857144,1.2142857142857142,0.7142857142857143,0.21428571428571427,0.07142857142857142,0.07142857142857142,0.07142857142857142,0.42857142857142855,1.0714285714285714,0.2857142857142857,0.2857142857142857
Wayne Ellington,NYK,SG,36,15.5,5.083333333333333,1.8055555555555556,1.2222222222222223,0.3611111111111111,0.1111111111111111,1.3888888888888888,1.6944444444444444,4.833333333333333,0.3055555555555556,0.3611111111111111
Wendell Carter Jr.,CHI,C,43,29.209302325581394,11.255813953488373,9.418604651162791,1.186046511627907,0.7674418604651163,0.8372093023255814,0.13953488372093023,4.255813953488372,7.976744186046512,2.604651162790698,3.5348837209302326
Wenyen Gabriel,2TM,PF,30,7.833333333333333,2.1,1.7333333333333334,0.26666666666666666,0.36666666666666664,0.23333333333333334,0.2,0.7,1.6,0.5,0.7333333333333333
Wes Iwundu,ORL,SF,52,18.326923076923077,5.769230769230769,2.519230769230769,1.1538461538461537,0.4807692307692308,0.25,0.5384615384615384,1.8653846153846154,4.480769230769231,1.5,1.8653846153846154
Wesley Matthews,MIL,SG,67,24.402985074626866,7.373134328358209,2.4776119402985075,1.373134328358209,0.5671641791044776,0.13432835820895522,1.6119402985074627,2.4925373134328357,6.298507462686567,0.7761194029850746,1.0149253731343284
Will Barton,DEN,SF,58,33.03448275862069,15.068965517241379,6.293103448275862,3.6551724137931036,1.0517241379310345,0.5,1.8620689655172413,5.724137931034483,12.724137931034482,1.7586206896551724,2.293103448275862
William Howard,HOU,PF,2,6.5,0.0,1.0,0.5,0.0,0.0,0.0,0.0,2.0,0.0,0.0
Willie Cauley-Stein,2TM,C,54,20.314814814814813,7.222222222222222,5.833333333333333,1.2962962962962963,0.9074074074074074,1.1296296296296295,0.0,3.240740740740741,5.592592592592593,0.7407407407407407,1.2222222222222223
Willy Hernangómez,CHO,C,31,12.096774193548388,6.129032258064516,4.32258064516129,0.9354838709677419,0.3225806451612903,0.22580645161290322,0.16129032258064516,2.3870967741935485,4.483870967741935,1.1935483870967742,1.903225806451613
Wilson Chandler,BRK,PF,35,20.97142857142857,5.857142857142857,4.142857142857143,1.1142857142857143,0.45714285714285713,0.34285714285714286,1.0571428571428572,2.1142857142857143,5.228571428571429,0.5714285714285714,0.6571428571428571
Yogi Ferrell,SAC,PG,50,10.6,4.36,0.98,1.38,0.36,0.08,0.48,1.58,3.76,0.72,0.84
Yuta Watanabe,MEM,SF,18,5.833333333333333,2.0,1.1111111111111112,0.2777777777777778,0.2777777777777778,0.05555555555555555,0.16666666666666666,0.8333333333333334,1.8888888888888888,0.16666666666666666,0.4444444444444444
Zach Collins,POR,PF,11,26.363636363636363,7.0,6.2727272727272725,1.4545454545454546,0.45454545454545453,0.45454545454545453,0.6363636363636364,2.909090909090909,6.181818181818182,0.5454545454545454,0.7272727272727273
Zach LaVine,CHI,SF,60,34.75,25.5,4.816666666666666,4.233333333333333,1.4666666666666666,0.4666666666666667,3.066666666666667,8.983333333333333,19.983333333333334,4.466666666666667,5.566666666666666
Zach Norvell,2TM,SG,5,8.2,2.0,1.2,0.6,0.4,0.0,0.6,0.6,2.4,0.2,0.2
Zhaire Smith,PHI,SF,7,4.571428571428571,1.1428571428571428,0.2857142857142857,0.2857142857142857,0.42857142857142855,0.0,0.0,0.42857142857142855,1.5714285714285714,0.2857142857142857,0.5714285714285714
Zion Williamson,NOP,PF,24,27.833333333333332,22.5,6.25,2.0833333333333335,0.6666666666666666,0.375,0.25,8.75,15.0,4.75,7.416666666666667
Zylan Cheatham,NOP,PF,4,12.75,3.0,2.25,0.75,0.25,0.25,0.0,1.5,2.25,0.0,0.0
