player,nba_team,positions,games,minutes_pg,pts_pg,reb_pg,ast_pg,stl_pg,blk_pg,fg3m_pg,fgm_pg,fga_pg,ftm_pg,fta_pg
Aaron Brooks,MIN,PG,32,5.90625,2.34375,0.53125,0.625,0.1875,0.0,0.34375,0.875,2.15625,0.25,0.34375
Aaron Gordon,ORL,PF,58,32.91379310344828,17.620689655172413,7.879310344827586,2.3448275862068964,1.0172413793103448,0.7758620689655172,1.9827586206896552,6.4655172413793105,14.913793103448276,2.706896551724138,3.8793103448275863
Aaron Harrison,DAL,SG,9,25.88888888888889,6.666666666666667,2.6666666666666665,1.2222222222222223,1.0,0.2222222222222222,1.0,2.111111111111111,7.666666666666667,1.4444444444444444,1.8888888888888888
Aaron Jackson,HOU,PG,1,35.0,8.0,3.0,1.0,0.0,0.0,1.0,3.0,9.0,1.0,2.0
Abdel Nader,BOS,SF,48,10.875,3.0416666666666665,1.4791666666666667,0.5416666666666666,0.3125,0.20833333333333334,0.4791666666666667,1.0416666666666667,3.1041666666666665,0.4791666666666667,0.8125
Adreian Payne,ORL,PF,5,8.6,4.2,1.8,0.0,0.4,0.0,0.4,1.4,2.0,1.0,1.2
Al Horford,BOS,C,72,31.625,12.875,7.361111111111111,4.708333333333333,0.5972222222222222,1.0833333333333333,1.3472222222222223,5.111111111111111,10.458333333333334,1.3055555555555556,1.6666666666666667
Al Jefferson,IND,C,36,13.444444444444445,7.0,3.9722222222222223,0.8333333333333334,0.4444444444444444,0.6388888888888888,0.0,3.0833333333333335,5.777777777777778,0.8333333333333334,1.0
Al-Farouq Aminu,POR,PF,69,30.028985507246375,9.333333333333334,7.608695652173913,1.2173913043478262,1.144927536231884,0.5797101449275363,1.8115942028985508,3.3333333333333335,8.434782608695652,0.855072463768116,1.1594202898550725
Alan Williams,PHO,PF,5,14.0,4.0,4.4,1.6,1.0,0.2,0.0,1.4,3.6,1.2,1.8
Alec Burks,UTA,SG,64,16.546875,7.71875,3.0,1.046875,0.578125,0.125,0.734375,2.65625,6.46875,1.671875,1.9375
Alec Peters,PHO,PF,20,11.25,4.1,1.85,0.6,0.1,0.1,0.9,1.4,3.7,0.4,0.5
Alex Caruso,LAL,PG,37,15.18918918918919,3.6216216216216215,1.7567567567567568,2.027027027027027,0.6216216216216216,0.2702702702702703,0.35135135135135137,1.3513513513513513,3.135135135135135,0.5675675675675675,0.8108108108108109
Alex Len,PHO,C,69,20.217391304347824,8.507246376811594,7.507246376811594,1.1884057971014492,0.391304347826087,0.8840579710144928,0.014492753623188406,3.101449275362319,5.478260869565218,2.289855072463768,3.347826086956522
Alex Poythress,IND,PF,25,4.16,1.04,0.68,0.08,0.12,0.04,0.16,0.44,1.04,0.0,0.0
Alfonzo McKinnie,TOR,SF,14,3.7857142857142856,1.5,0.5,0.07142857142857142,0.07142857142857142,0.07142857142857142,0.21428571428571427,0.5714285714285714,1.0714285714285714,0.14285714285714285,0.21428571428571427
Allen Crabbe,BRK,SG,75,29.293333333333333,13.2,4.32,1.56,0.6266666666666667,0.4666666666666667,2.68,4.493333333333333,11.026666666666667,1.5333333333333334,1.8
Amir Johnson,PHI,C,74,15.824324324324325,4.621621621621622,4.45945945945946,1.5945945945945945,0.6081081081081081,0.5945945945945946,0.13513513513513514,1.8918918918918919,3.5135135135135136,0.7027027027027027,1.1486486486486487
Andre Drummond,DET,C,78,33.65384615384615,15.012820512820513,15.987179487179487,3.0384615384615383,1.4615384615384615,1.6282051282051282,0.0,5.9743589743589745,11.294871794871796,3.0641025641025643,5.064102564102564
Andre Iguodala,GSW,SF,64,25.34375,6.0,3.84375,3.28125,0.84375,0.59375,0.515625,2.3125,5.0,0.859375,1.359375
Andre Ingram,LAL,SG,2,32.0,12.0,3.0,3.5,1.5,1.5,2.5,4.0,8.5,1.5,1.5
Andre Roberson,OKC,SG,39,26.58974358974359,4.9743589743589745,4.743589743589744,1.1794871794871795,1.1538461538461537,0.8974358974358975,0.20512820512820512,2.230769230769231,4.153846153846154,0.3076923076923077,0.9743589743589743
Andrew Bogut,LAL,C,24,9.0,1.5,3.25,0.625,0.16666666666666666,0.5416666666666666,0.0,0.7083333333333334,1.0416666666666667,0.08333333333333333,0.08333333333333333
Andrew Harrison,MEM,PG,56,23.678571428571427,9.517857142857142,2.3392857142857144,3.1607142857142856,0.6785714285714286,0.4642857142857143,0.8392857142857143,3.232142857142857,7.660714285714286,2.2142857142857144,2.8392857142857144
Andrew White,ATL,SF,15,13.933333333333334,4.6,2.2666666666666666,0.4,0.2,0.06666666666666667,1.2,1.6666666666666667,4.866666666666666,0.06666666666666667,0.26666666666666666
Andrew Wiggins,MIN,SF,82,36.329268292682926,17.70731707317073,4.365853658536586,1.951219512195122,1.1097560975609757,0.6219512195121951,1.3658536585365855,6.939024390243903,15.853658536585366,2.4634146341463414,3.8292682926829267
Ante Žižić,CLE,C,32,6.6875,3.71875,1.875,0.15625,0.0625,0.40625,0.0,1.53125,2.09375,0.65625,0.90625
Anthony Brown,MIN,SF,1,4.0,3.0,0.0,1.0,0.0,0.0,1.0,1.0,1.0,0.0,0.0
Anthony Davis,NOP,PF,75,36.36,28.133333333333333,11.093333333333334,2.32,1.5333333333333334,2.5733333333333333,0.7333333333333333,10.4,19.493333333333332,6.6,7.973333333333334
Anthony Tolliver,DET,PF,79,22.240506329113924,8.89873417721519,3.050632911392405,1.139240506329114,0.4050632911392405,0.26582278481012656,2.0126582278481013,2.7721518987341773,5.974683544303797,1.3417721518987342,1.6835443037974684
Antonio Blakeney,CHI,SG,19,16.526315789473685,7.947368421052632,1.736842105263158,1.0526315789473684,0.3684210526315789,0.05263157894736842,0.7894736842105263,2.789473684210526,7.526315789473684,1.5789473684210527,2.0526315789473686
Antonius Cleveland,2TM,SG,17,7.235294117647059,1.3529411764705883,0.8235294117647058,0.11764705882352941,0.4117647058823529,0.29411764705882354,0.17647058823529413,0.47058823529411764,1.2352941176470589,0.23529411764705882,0.35294117647058826
Aron Baynes,BOS,C,81,18.333333333333332,5.950617283950617,5.3580246913580245,1.1481481481481481,0.2716049382716049,0.6296296296296297,0.037037037037037035,2.5925925925925926,5.506172839506172,0.7283950617283951,0.9629629629629629
Arron Afflalo,ORL,SG,53,12.867924528301886,3.3773584905660377,1.2452830188679245,0.5660377358490566,0.07547169811320754,0.16981132075471697,0.5094339622641509,1.2264150943396226,3.056603773584906,0.41509433962264153,0.49056603773584906
Austin Rivers,LAC,SG,61,33.721311475409834,15.081967213114755,2.377049180327869,3.9672131147540983,1.2131147540983607,0.26229508196721313,2.2295081967213113,5.590163934426229,13.19672131147541,1.6721311475409837,2.6065573770491803
Avery Bradley,2TM,SG,46,31.152173913043477,14.26086956521739,2.5217391304347827,2.0434782608695654,1.108695652173913,0.17391304347826086,1.6304347826086956,5.630434782608695,13.58695652173913,1.3695652173913044,1.7826086956521738
Bam Adebayo,MIA,C,69,19.82608695652174,6.913043478260869,5.521739130434782,1.463768115942029,0.463768115942029,0.5942028985507246,0.0,2.5217391304347827,4.927536231884058,1.8695652173913044,2.5942028985507246
Ben McLemore,MEM,SG,56,19.482142857142858,7.535714285714286,2.482142857142857,0.9107142857142857,0.6785714285714286,0.26785714285714285,0.9821428571428571,2.8035714285714284,6.660714285714286,0.9464285714285714,1.1428571428571428
Ben Moore,IND,PF,2,4.5,0.0,0.5,0.5,0.0,0.0,0.0,0.0,0.0,0.0,0.0
Ben Simmons,PHI,PG,81,33.72839506172839,15.790123456790123,8.135802469135802,8.160493827160494,1.728395061728395,0.8641975308641975,0.0,6.716049382716049,12.320987654320987,2.3580246913580245,4.209876543209877
Bismack Biyombo,ORL,C,82,18.23170731707317,5.7073170731707314,5.7073170731707314,0.8048780487804879,0.25609756097560976,1.1585365853658536,0.0,2.231707317073171,4.2926829268292686,1.2439024390243902,1.9146341463414633
Blake Griffin,2TM,PF,58,33.96551724137931,21.413793103448278,7.379310344827586,5.758620689655173,0.7068965517241379,0.3103448275862069,1.9137931034482758,7.517241379310345,17.17241379310345,4.4655172413793105,5.689655172413793
Boban Marjanović,2TM,C,39,8.64102564102564,6.0256410256410255,3.6923076923076925,0.5641025641025641,0.2564102564102564,0.28205128205128205,0.0,2.0256410256410255,3.7948717948717947,1.9743589743589745,2.4871794871794872
Bobby Brown,HOU,PG,20,5.75,2.5,0.35,0.55,0.2,0.0,0.55,0.95,2.9,0.05,0.1
Bobby Portis,CHI,PF,73,22.506849315068493,13.205479452054794,6.821917808219178,1.6849315068493151,0.684931506849315,0.3150684931506849,1.095890410958904,5.232876712328767,11.10958904109589,1.643835616438356,2.136986301369863
Bogdan Bogdanović,SAC,SG,78,27.884615384615383,11.756410256410257,2.858974358974359,3.3076923076923075,0.9230769230769231,0.20512820512820512,1.6538461538461537,4.410256410256411,9.897435897435898,1.2820512820512822,1.5256410256410255
Bojan Bogdanović,IND,SF,80,30.8,14.2625,3.375,1.4875,0.6875,0.1,1.9375,5.05,10.65,2.225,2.5625
Bradley Beal,WAS,SG,82,36.30487804878049,22.646341463414632,4.426829268292683,4.548780487804878,1.170731707317073,0.43902439024390244,2.426829268292683,8.329268292682928,18.097560975609756,3.5609756097560976,4.5
Brandan Wright,2TM,PF,28,13.607142857142858,4.964285714285714,3.392857142857143,0.4642857142857143,0.4642857142857143,0.9285714285714286,0.0,2.107142857142857,3.642857142857143,0.75,1.1785714285714286
Brandon Ingram,LAL,SF,59,33.47457627118644,16.084745762711865,5.322033898305085,3.8983050847457625,0.7627118644067796,0.7288135593220338,0.6949152542372882,6.067796610169491,12.898305084745763,3.2542372881355934,4.779661016949152
Brandon Jennings,MIL,PG,14,14.642857142857142,5.214285714285714,2.2142857142857144,3.142857142857143,0.42857142857142855,0.2857142857142857,0.6428571428571429,1.9285714285714286,5.142857142857143,0.7142857142857143,0.7142857142857143
Brandon Paul,SAS,SG,64,9.0,2.296875,1.0625,0.578125,0.390625,0.109375,0.234375,0.859375,1.984375,0.34375,0.671875
Briante Weber,2TM,PG,18,13.166666666666666,2.7777777777777777,1.9444444444444444,1.2222222222222223,1.0,0.2777777777777778,0.2222222222222222,1.0555555555555556,2.388888888888889,0.4444444444444444,0.5555555555555556
Brice Johnson,2TM,PF,18,5.444444444444445,2.388888888888889,1.7222222222222223,0.1111111111111111,0.5,0.3333333333333333,0.0,1.1111111111111112,2.3333333333333335,0.16666666666666666,0.2777777777777778
Brook Lopez,LAL,C,74,23.445945945945947,12.986486486486486,3.972972972972973,1.7027027027027026,0.40540540540540543,1.3243243243243243,1.5135135135135136,4.986486486486487,10.716216216216216,1.5,2.135135135135135
Bruno Caboclo,2TM,SF,12,8.916666666666666,2.1666666666666665,1.8333333333333333,0.3333333333333333,0.25,0.3333333333333333,0.25,0.75,2.5833333333333335,0.4166666666666667,0.5
Bryn Forbes,SAS,SG,80,18.9625,6.9375,1.375,1.0,0.35,0.025,1.1125,2.6125,6.2125,0.6,0.9
Buddy Hield,SAC,SG,80,25.3,13.4875,3.8375,1.9375,1.0625,0.275,2.2,5.2,11.6625,0.8875,1.0125
C.J. Miles,TOR,SF,70,19.1,9.985714285714286,2.1714285714285713,0.7857142857142857,0.5285714285714286,0.3,2.342857142857143,3.242857142857143,8.557142857142857,1.1571428571428573,1.3857142857142857
C.J. Williams,LAC,SG,38,18.605263157894736,5.5,1.4736842105263157,1.131578947368421,0.8157894736842105,0.34210526315789475,0.5789473684210527,2.289473684210526,5.184210526315789,0.34210526315789475,0.42105263157894735
CJ McCollum,POR,SG,81,36.08641975308642,21.382716049382715,3.962962962962963,3.3580246913580245,0.9506172839506173,0.43209876543209874,2.3333333333333335,8.234567901234568,18.580246913580247,2.580246913580247,3.0864197530864197
Caleb Swanigan,POR,PF,27,7.0,2.259259259259259,2.0,0.5185185185185185,0.18518518518518517,0.1111111111111111,0.037037037037037035,0.8888888888888888,2.2222222222222223,0.4444444444444444,0.6666666666666666
Cameron Payne,CHI,PG,25,23.28,8.84,2.76,4.52,1.04,0.36,1.4,3.48,8.6,0.48,0.64
Caris LeVert,BRK,SF,71,26.253521126760564,12.084507042253522,3.6619718309859155,4.211267605633803,1.1549295774647887,0.30985915492957744,1.1971830985915493,4.507042253521127,10.352112676056338,1.8732394366197183,2.6338028169014085
Carmelo Anthony,OKC,PF,78,32.06410256410256,16.166666666666668,5.8076923076923075,1.3205128205128205,0.6025641025641025,0.6282051282051282,2.1666666666666665,6.051282051282051,14.974358974358974,1.8974358974358974,2.4743589743589745
Cedi Osman,CLE,SF,61,11.01639344262295,3.901639344262295,1.9672131147540983,0.6721311475409836,0.36065573770491804,0.04918032786885246,0.5245901639344263,1.4754098360655739,3.0491803278688523,0.4262295081967213,0.7540983606557377
Chandler Parsons,MEM,SF,36,19.194444444444443,7.888888888888889,2.5,1.9166666666666667,0.5,0.3055555555555556,1.4166666666666667,3.0,6.5,0.4722222222222222,0.75
Channing Frye,2TM,C,53,13.11320754716981,4.981132075471698,2.547169811320755,0.7169811320754716,0.33962264150943394,0.24528301886792453,0.7358490566037735,1.9622641509433962,4.0,0.32075471698113206,0.3584905660377358
Charles Cooke,NOP,SG,13,2.923076923076923,0.46153846153846156,0.15384615384615385,0.07692307692307693,0.07692307692307693,0.0,0.07692307692307693,0.15384615384615385,1.0769230769230769,0.07692307692307693,0.15384615384615385
Cheick Diallo,NOP,PF,52,11.173076923076923,4.884615384615385,4.0576923076923075,0.36538461538461536,0.21153846153846154,0.40384615384615385,0.0,1.9615384615384615,3.3846153846153846,0.9615384615384616,1.2692307692307692
Chinanu Onuaku,HOU,C,1,22.0,4.0,4.0,1.0,0.0,0.0,0.0,2.0,5.0,0.0,0.0
Chris Boucher,GSW,PF,1,1.0,0.0,1.0,0.0,0.0,0.0,0.0,0.0,1.0,0.0,0.0
Chris McCullough,WAS,PF,19,4.7368421052631575,2.4210526315789473,1.3157894736842106,0.21052631578947367,0.0,0.2631578947368421,0.05263157894736842,0.9473684210526315,2.210526315789474,0.47368421052631576,0.7368421052631579
Chris Paul,HOU,PG,58,31.844827586206897,18.637931034482758,5.396551724137931,7.879310344827586,1.6551724137931034,0.2413793103448276,2.4827586206896552,6.327586206896552,13.758620689655173,3.5,3.810344827586207
Clint Capela,HOU,C,74,27.486486486486488,13.864864864864865,10.837837837837839,0.918918918918919,0.7837837837837838,1.8513513513513513,0.0,5.95945945945946,9.135135135135135,1.945945945945946,3.472972972972973
Cody Zeller,CHO,C,33,19.0,7.0606060606060606,5.363636363636363,0.9393939393939394,0.42424242424242425,0.6363636363636364,0.06060606060606061,2.5757575757575757,4.7272727272727275,1.8484848484848484,2.5757575757575757
Cole Aldrich,MIN,C,21,2.3333333333333335,0.5714285714285714,0.7142857142857143,0.14285714285714285,0.09523809523809523,0.047619047619047616,0.0,0.23809523809523808,0.7142857142857143,0.09523809523809523,0.2857142857142857
Corey Brewer,2TM,SG,72,16.77777777777778,5.277777777777778,2.138888888888889,0.9027777777777778,1.0972222222222223,0.19444444444444445,0.4305555555555556,1.9722222222222223,4.388888888888889,0.9027777777777778,1.25
Cory Joseph,IND,PG,82,26.951219512195124,7.914634146341464,3.207317073170732,3.1707317073170733,0.975609756097561,0.21951219512195122,0.8170731707317073,3.1219512195121952,7.365853658536586,0.8536585365853658,1.146341463414634
Courtney Lee,NYK,SG,76,30.394736842105264,12.013157894736842,2.9473684210526314,2.3684210526315788,1.0526315789473684,0.2236842105263158,1.486842105263158,4.5131578947368425,9.93421052631579,1.5,1.631578947368421
Cristiano Felício,CHI,C,55,17.763636363636362,5.6,4.236363636363636,1.0,0.2909090909090909,0.2,0.0,2.309090909090909,3.909090909090909,0.9818181818181818,1.4727272727272727
D'Angelo Russell,BRK,PG,48,25.708333333333332,15.479166666666666,3.9375,5.1875,0.75,0.3541666666666667,1.875,5.791666666666667,14.0,2.0208333333333335,2.7291666666666665
D.J. Augustin,ORL,PG,75,23.466666666666665,10.213333333333333,2.1333333333333333,3.8266666666666667,0.72,0.0,1.52,3.2533333333333334,7.2,2.1866666666666665,2.52
D.J. Wilson,MIL,PF,22,3.227272727272727,0.9545454545454546,0.45454545454545453,0.13636363636363635,0.13636363636363635,0.045454545454545456,0.09090909090909091,0.4090909090909091,0.7272727272727273,0.045454545454545456,0.09090909090909091
Dakari Johnson,OKC,C,31,5.193548387096774,1.7741935483870968,1.096774193548387,0.25806451612903225,0.1935483870967742,0.25806451612903225,0.0,0.7096774193548387,1.2580645161290323,0.3548387096774194,0.6451612903225806
Damian Jones,GSW,C,15,5.933333333333334,1.6666666666666667,0.9333333333333333,0.13333333333333333,0.06666666666666667,0.2,0.0,0.7333333333333333,1.4666666666666666,0.2,0.3333333333333333
Damian Lillard,POR,PG,73,36.57534246575342,26.876712328767123,4.4520547945205475,6.589041095890411,1.0547945205479452,0.3698630136986301,3.1095890410958904,8.506849315068493,19.383561643835616,6.7534246575342465,7.36986301369863
Damien Wilkins,IND,SF,19,8.0,1.736842105263158,0.8421052631578947,0.47368421052631576,0.10526315789473684,0.05263157894736842,0.21052631578947367,0.6842105263157895,2.0526315789473686,0.15789473684210525,0.21052631578947367
Damion Lee,ATL,SG,15,26.933333333333334,10.733333333333333,4.733333333333333,1.9333333333333333,1.2666666666666666,0.06666666666666667,1.0,4.133333333333334,10.133333333333333,1.4666666666666666,1.9333333333333333
Damyean Dotson,NYK,SG,44,10.772727272727273,4.136363636363637,1.9090909090909092,0.7045454545454546,0.2727272727272727,0.045454545454545456,0.5,1.6363636363636365,3.659090909090909,0.36363636363636365,0.5227272727272727
Daniel Hamilton,OKC,SG,6,4.666666666666667,2.0,0.8333333333333334,1.3333333333333333,0.16666666666666666,0.0,0.3333333333333333,0.8333333333333334,1.8333333333333333,0.0,0.0
Daniel Theis,BOS,C,63,14.857142857142858,5.253968253968254,4.349206349206349,0.8888888888888888,0.47619047619047616,0.7619047619047619,0.2857142857142857,2.0,3.6984126984126986,0.9682539682539683,1.2857142857142858
Danilo Gallinari,LAC,SF,21,31.952380952380953,15.285714285714286,4.809523809523809,1.9523809523809523,0.5714285714285714,0.47619047619047616,1.7142857142857142,4.857142857142857,12.19047619047619,3.857142857142857,4.142857142857143
Danny Green,SAS,SG,70,25.585714285714285,8.571428571428571,3.557142857142857,1.5714285714285714,0.9,1.1428571428571428,1.6571428571428573,3.1,8.014285714285714,0.7142857142857143,0.9285714285714286
Dante Cunningham,2TM,SF,73,21.397260273972602,5.712328767123288,4.082191780821918,0.6575342465753424,0.5342465753424658,0.410958904109589,0.7945205479452054,2.2465753424657535,4.986301369863014,0.4246575342465753,0.7123287671232876
Danté Exum,UTA,PG,14,16.785714285714285,8.142857142857142,1.8571428571428572,3.0714285714285716,0.5714285714285714,0.21428571428571427,0.35714285714285715,3.0,6.214285714285714,1.7857142857142858,2.2142857142857144
Danuel House Jr.,PHO,SG,23,17.52173913043478,6.608695652173913,3.3043478260869565,1.0869565217391304,0.30434782608695654,0.2608695652173913,0.6521739130434783,2.4347826086956523,5.608695652173913,1.0869565217391304,1.3478260869565217
Dario Šarić,PHI,PF,78,29.615384615384617,14.628205128205128,6.666666666666667,2.58974358974359,0.6538461538461539,0.2564102564102564,2.0128205128205128,5.166666666666667,11.41025641025641,2.282051282051282,2.6538461538461537
Darius Miller,NOP,SF,82,23.70731707317073,7.7682926829268295,2.0,1.353658536585366,0.34146341463414637,0.2073170731707317,1.7926829268292683,2.6341463414634148,5.939024390243903,0.7073170731707317,0.8170731707317073
Darrell Arthur,DEN,PF,19,7.421052631578948,2.8421052631578947,0.7894736842105263,0.47368421052631576,0.42105263157894735,0.15789473684210525,0.42105263157894735,1.1578947368421053,2.473684210526316,0.10526315789473684,0.15789473684210525
Darren Collison,IND,PG,69,29.246376811594203,12.391304347826088,2.579710144927536,5.333333333333333,1.3333333333333333,0.21739130434782608,1.391304347826087,4.579710144927536,9.246376811594203,1.8405797101449275,2.0869565217391304
Darrun Hilliard,SAS,SG,14,6.785714285714286,1.1428571428571428,0.5,0.7857142857142857,0.14285714285714285,0.0,0.0,0.35714285714285715,1.3571428571428572,0.42857142857142855,0.5
David Nwaba,CHI,SG,70,23.514285714285716,7.928571428571429,4.6571428571428575,1.4857142857142858,0.8428571428571429,0.4142857142857143,0.2571428571428571,2.8857142857142857,6.042857142857143,1.9,2.9
David Stockton,UTA,PG,3,3.0,3.3333333333333335,0.0,0.0,0.0,0.0,0.6666666666666666,0.6666666666666666,1.0,1.3333333333333333,1.3333333333333333
David West,GSW,C,73,13.684931506849315,6.780821917808219,3.26027397260274,1.8904109589041096,0.6438356164383562,1.0273972602739727,0.0410958904109589,2.958904109589041,5.178082191780822,0.821917808219178,1.082191780821918
Davon Reed,PHO,SG,21,11.523809523809524,3.0,1.8571428571428572,0.6190476190476191,0.47619047619047616,0.09523809523809523,0.5238095238095238,1.0476190476190477,3.619047619047619,0.38095238095238093,0.5714285714285714
De'Aaron Fox,SAC,PG,73,27.753424657534246,11.561643835616438,2.7945205479452055,4.383561643835616,0.958904109589041,0.273972602739726,0.6438356164383562,4.493150684931507,10.917808219178083,1.9315068493150684,2.671232876712329
DeAndre Jordan,LAC,C,77,31.48051948051948,12.03896103896104,15.207792207792208,1.5194805194805194,0.5064935064935064,0.922077922077922,0.0,4.8441558441558445,7.5064935064935066,2.3506493506493507,4.0519480519480515
DeAndre Liggins,2TM,SG,58,12.482758620689655,1.7413793103448276,1.293103448275862,0.8275862068965517,0.6379310344827587,0.2413793103448276,0.3275862068965517,0.6896551724137931,1.8275862068965518,0.034482758620689655,0.08620689655172414
DeAndre' Bembry,ATL,SF,26,17.5,5.230769230769231,2.769230769230769,1.8846153846153846,0.8076923076923077,0.46153846153846156,0.4230769230769231,2.0384615384615383,4.923076923076923,0.7307692307692307,1.2692307692307692
DeMar DeRozan,TOR,SG,80,33.8875,23.0,3.9375,5.2125,1.0625,0.275,1.1125,8.0625,17.6625,5.7625,6.9875
DeMarcus Cousins,NOP,C,48,36.1875,25.208333333333332,12.854166666666666,5.354166666666667,1.6458333333333333,1.5833333333333333,2.1666666666666665,8.458333333333334,18.0,6.125,8.208333333333334
DeMarre Carroll,BRK,PF,73,29.863013698630137,13.465753424657533,6.561643835616438,2.0136986301369864,0.8082191780821918,0.410958904109589,1.9863013698630136,4.4520547945205475,10.753424657534246,2.5753424657534247,3.3698630136986303
Dejounte Murray,SAS,PG,81,21.51851851851852,8.074074074074074,5.666666666666667,2.8518518518518516,1.1975308641975309,0.38271604938271603,0.1111111111111111,3.3333333333333335,7.518518518518518,1.2962962962962963,1.8271604938271604
Delon Wright,TOR,PG,69,20.768115942028984,8.043478260869565,2.869565217391304,2.898550724637681,1.0434782608695652,0.4782608695652174,0.8115942028985508,2.9130434782608696,6.260869565217392,1.4057971014492754,1.6956521739130435
Demetrius Jackson,2TM,PG,15,5.333333333333333,1.0666666666666667,0.8,0.6,0.3333333333333333,0.06666666666666667,0.06666666666666667,0.4666666666666667,1.2,0.06666666666666667,0.13333333333333333
Dennis Schröder,ATL,PG,67,31.01492537313433,19.417910447761194,3.1044776119402986,6.223880597014926,1.0746268656716418,0.08955223880597014,1.1343283582089552,7.462686567164179,17.104477611940297,3.3582089552238807,3.955223880597015
Dennis Smith Jr.,DAL,PG,69,29.695652173913043,15.18840579710145,3.7681159420289854,5.188405797101449,1.0289855072463767,0.2608695652173913,1.536231884057971,5.855072463768116,14.840579710144928,1.9420289855072463,2.7971014492753623
Denzel Valentine,CHI,SG,77,27.207792207792206,10.168831168831169,5.103896103896104,3.168831168831169,0.8441558441558441,0.14285714285714285,1.8571428571428572,3.909090909090909,9.363636363636363,0.4935064935064935,0.6623376623376623
Derrick Favors,UTA,C,77,27.961038961038962,12.25974025974026,7.1688311688311686,1.3246753246753247,0.7012987012987013,1.0649350649350648,0.18181818181818182,5.12987012987013,9.116883116883116,1.8181818181818181,2.792207792207792
Derrick Jones Jr.,2TM,SF,20,12.25,3.05,1.9,0.45,0.2,0.65,0.15,1.05,2.65,0.8,1.2
Derrick Rose,2TM,PG,25,16.8,8.36,1.4,1.48,0.28,0.16,0.28,3.24,7.44,1.6,1.84
Derrick Walton,MIA,PG,16,9.1875,1.8125,1.0,1.0,0.4375,0.1875,0.4375,0.5,1.5625,0.375,0.375
Derrick White,SAS,PG,17,8.176470588235293,3.176470588235294,1.5294117647058822,0.5294117647058824,0.23529411764705882,0.17647058823529413,0.47058823529411764,0.9411764705882353,1.9411764705882353,0.8235294117647058,1.1764705882352942
Derrick Williams,LAL,PF,2,4.5,1.0,0.5,0.0,0.0,0.0,0.0,0.5,2.0,0.0,0.0
Devin Booker,PHO,SG,54,34.53703703703704,24.925925925925927,4.518518518518518,4.685185185185185,0.8703703703703703,0.25925925925925924,2.7222222222222223,8.425925925925926,19.51851851851852,5.351851851851852,6.092592592592593
Devin Harris,2TM,PG,71,18.87323943661972,8.380281690140846,1.7887323943661972,2.140845070422535,0.6619718309859155,0.16901408450704225,1.1126760563380282,2.6338028169014085,6.394366197183099,2.0,2.3943661971830985
Devin Robinson,WAS,SF,1,13.0,2.0,5.0,0.0,1.0,0.0,0.0,1.0,3.0,0.0,0.0
Dewayne Dedmon,ATL,C,62,24.870967741935484,9.951612903225806,7.887096774193548,1.4516129032258065,0.6451612903225806,0.8225806451612904,0.8064516129032258,4.032258064516129,7.693548387096774,1.0806451612903225,1.3870967741935485
Deyonta Davis,MEM,C,62,15.209677419354838,5.806451612903226,4.032258064516129,0.6451612903225806,0.24193548387096775,0.6290322580645161,0.0,2.596774193548387,4.274193548387097,0.6129032258064516,0.9193548387096774
Dillon Brooks,MEM,SF,82,28.658536585365855,10.951219512195122,3.1341463414634148,1.646341463414634,0.8902439024390244,0.2073170731707317,1.146341463414634,4.146341463414634,9.414634146341463,1.5121951219512195,2.024390243902439
Dion Waiters,MIA,SG,30,30.6,14.3,2.566666666666667,3.7666666666666666,0.7666666666666667,0.3,1.7333333333333334,5.433333333333334,13.666666666666666,1.7,2.3
Dirk Nowitzki,DAL,C,77,24.675324675324674,12.03896103896104,5.688311688311688,1.5584415584415585,0.5584415584415584,0.5844155844155844,1.7922077922077921,4.4935064935064934,9.844155844155845,1.2597402597402598,1.4025974025974026
Domantas Sabonis,IND,C,74,24.45945945945946,11.635135135135135,7.72972972972973,2.0405405405405403,0.5405405405405406,0.43243243243243246,0.17567567567567569,4.594594594594595,8.932432432432432,2.27027027027027,3.027027027027027
Donovan Mitchell,UTA,SG,79,33.392405063291136,20.455696202531644,3.7468354430379747,3.6835443037974684,1.4936708860759493,0.34177215189873417,2.367088607594937,7.531645569620253,17.240506329113924,3.0253164556962027,3.759493670886076
Dorian Finney-Smith,DAL,PF,21,21.333333333333332,5.857142857142857,3.5714285714285716,1.2380952380952381,0.47619047619047616,0.19047619047619047,0.9523809523809523,2.1904761904761907,5.761904761904762,0.5238095238095238,0.7142857142857143
Doug McDermott,2TM,SF,81,21.82716049382716,7.777777777777778,2.4691358024691357,0.9753086419753086,0.2345679012345679,0.19753086419753085,1.1358024691358024,2.925925925925926,6.271604938271605,0.7901234567901234,1.0
Dragan Bender,PHO,PF,82,25.23170731707317,6.475609756097561,4.402439024390244,1.5853658536585367,0.2682926829268293,0.6463414634146342,1.4390243902439024,2.2804878048780486,5.902439024390244,0.47560975609756095,0.6219512195121951
Draymond Green,GSW,PF,70,32.67142857142857,11.042857142857143,7.642857142857143,7.257142857142857,1.3571428571428572,1.3,1.1,4.014285714285714,8.842857142857143,1.9142857142857144,2.4714285714285715
Dwayne Bacon,CHO,SG,53,13.452830188679245,3.30188679245283,2.339622641509434,0.7169811320754716,0.3018867924528302,0.03773584905660377,0.20754716981132076,1.3584905660377358,3.6226415094339623,0.37735849056603776,0.4716981132075472
Dwight Buycks,DET,PG,29,14.724137931034482,7.413793103448276,1.4137931034482758,2.0344827586206895,0.6551724137931034,0.06896551724137931,0.5172413793103449,2.8275862068965516,6.827586206896552,1.2413793103448276,1.4137931034482758
Dwight Howard,CHO,C,81,30.40740740740741,16.62962962962963,12.493827160493828,1.2962962962962963,0.5925925925925926,1.617283950617284,0.012345679012345678,6.246913580246914,11.246913580246913,4.1234567901234565,7.185185185185185
Dwight Powell,DAL,C,79,21.164556962025316,8.49367088607595,5.620253164556962,1.1518987341772151,0.8481012658227848,0.4050632911392405,0.35443037974683544,3.2278481012658227,5.443037974683544,1.6835443037974684,2.3417721518987342
Dwyane Wade,2TM,SG,67,22.925373134328357,11.417910447761194,3.7611940298507465,3.4029850746268657,0.9104477611940298,0.7014925373134329,0.47761194029850745,4.462686567164179,10.17910447761194,2.014925373134328,2.8208955223880596
Dāvis Bertāns,SAS,PF,77,14.103896103896103,5.922077922077922,1.9870129870129871,0.961038961038961,0.33766233766233766,0.36363636363636365,1.2207792207792207,2.090909090909091,4.753246753246753,0.5194805194805194,0.6363636363636364
E'Twaun Moore,NOP,SG,82,31.536585365853657,12.463414634146341,2.902439024390244,2.2804878048780486,0.9634146341463414,0.14634146341463414,1.5609756097560976,5.158536585365853,10.146341463414634,0.5853658536585366,0.8292682926829268
Ed Davis,POR,C,78,18.858974358974358,5.3076923076923075,7.371794871794871,0.5128205128205128,0.41025641025641024,0.6666666666666666,0.0,2.1794871794871793,3.7435897435897436,0.9487179487179487,1.4230769230769231
Edmond Sumner,IND,PG,1,2.0,2.0,1.0,0.0,0.0,0.0,0.0,1.0,1.0,0.0,0.0
Ekpe Udoh,UTA,C,63,12.857142857142858,2.5714285714285716,2.380952380952381,0.8412698412698413,0.6825396825396826,1.1746031746031746,0.0,0.9523809523809523,1.9047619047619047,0.6666666666666666,0.8888888888888888
Elfrid Payton,2TM,PG,63,28.6984126984127,12.65079365079365,4.349206349206349,6.238095238095238,1.3174603174603174,0.3492063492063492,0.47619047619047616,5.222222222222222,10.587301587301587,1.7301587301587302,2.6666666666666665
Emeka Okafor,NOP,C,26,13.576923076923077,4.384615384615385,4.615384615384615,0.3076923076923077,0.3076923076923077,0.9615384615384616,0.0,1.8461538461538463,3.6538461538461537,0.6923076923076923,0.8461538461538461
Emmanuel Mudiay,2TM,PG,64,19.453125,8.640625,2.375,3.21875,0.640625,0.171875,0.734375,3.1875,8.21875,1.53125,2.015625
Enes Freedom,NYK,C,71,25.774647887323944,14.084507042253522,10.985915492957746,1.4788732394366197,0.5070422535211268,0.5211267605633803,0.0,5.943661971830986,10.04225352112676,2.1971830985915495,2.591549295774648
Eric Bledsoe,2TM,PG,74,31.37837837837838,17.743243243243242,3.8378378378378377,5.0,2.0135135135135136,0.5675675675675675,1.6891891891891893,6.324324324324325,13.364864864864865,3.4054054054054053,4.283783783783784
Eric Gordon,HOU,SG,69,31.217391304347824,18.014492753623188,2.463768115942029,2.2318840579710146,0.6376811594202898,0.391304347826087,3.1594202898550723,6.0144927536231885,14.057971014492754,2.8260869565217392,3.4927536231884058
Eric Moreland,DET,PF,67,12.014925373134329,2.1343283582089554,4.149253731343284,1.164179104477612,0.4626865671641791,0.7611940298507462,0.0,0.9850746268656716,1.8208955223880596,0.16417910447761194,0.43283582089552236
Erik McCree,UTA,SF,4,2.0,0.0,0.25,0.0,0.25,0.0,0.0,0.0,0.5,0.0,0.0
Ersan İlyasova,2TM,PF,69,25.057971014492754,10.869565217391305,5.869565217391305,1.3043478260869565,0.8840579710144928,0.37681159420289856,1.318840579710145,4.0144927536231885,8.884057971014492,1.5217391304347827,1.9565217391304348
Evan Fournier,ORL,SF,57,32.228070175438596,17.771929824561404,3.1578947368421053,2.8947368421052633,0.8245614035087719,0.2807017543859649,2.2280701754385963,6.456140350877193,14.070175438596491,2.6315789473684212,3.0350877192982457
Evan Turner,POR,SF,79,25.746835443037973,8.215189873417721,3.088607594936709,2.189873417721519,0.5949367088607594,0.3670886075949367,0.5316455696202531,3.2658227848101267,7.30379746835443,1.1518987341772151,1.3544303797468353
Frank Kaminsky,CHO,PF,79,23.227848101265824,11.050632911392405,3.6455696202531644,1.6329113924050633,0.45569620253164556,0.24050632911392406,1.3164556962025316,3.8860759493670884,9.063291139240507,1.9620253164556962,2.4556962025316458
Frank Mason III,SAC,PG,52,18.923076923076923,7.9423076923076925,2.5,2.826923076923077,0.6538461538461539,0.19230769230769232,0.5961538461538461,2.769230769230769,7.3076923076923075,1.8076923076923077,2.2115384615384617
Frank Ntilikina,NYK,PG,78,21.871794871794872,5.935897435897436,2.269230769230769,3.2051282051282053,0.8333333333333334,0.23076923076923078,0.6410256410256411,2.3333333333333335,6.410256410256411,0.6282051282051282,0.8717948717948718
Fred VanVleet,TOR,PG,76,20.0,8.631578947368421,2.4210526315789473,3.1973684210526314,0.8947368421052632,0.25,1.4210526315789473,3.0526315789473686,7.171052631578948,1.105263157894737,1.3289473684210527
Furkan Korkmaz,PHI,SG,14,5.714285714285714,1.6428571428571428,0.7857142857142857,0.2857142857142857,0.14285714285714285,0.07142857142857142,0.35714285714285715,0.5714285714285714,2.0,0.14285714285714285,0.2857142857142857
Garrett Temple,SAC,SG,65,24.846153846153847,8.415384615384616,2.3384615384615386,1.9076923076923078,0.8769230769230769,0.4153846153846154,1.3692307692307693,3.0615384615384613,7.323076923076923,0.9230769230769231,1.2
Gary Harris,DEN,SG,67,34.38805970149254,17.46268656716418,2.626865671641791,2.8955223880597014,1.8208955223880596,0.22388059701492538,2.328358208955224,6.567164179104478,13.552238805970148,2.0,2.417910447761194
Gary Payton II,2TM,PG,23,9.608695652173912,3.0,1.9130434782608696,0.9130434782608695,0.30434782608695654,0.13043478260869565,0.2608695652173913,1.3043478260869565,3.217391304347826,0.13043478260869565,0.391304347826087
George Hill,2TM,PG,67,27.044776119402986,9.955223880597014,2.701492537313433,2.7761194029850746,0.9104477611940298,0.40298507462686567,1.2686567164179106,3.5223880597014925,7.656716417910448,1.6417910447761195,2.08955223880597
Georges Niang,UTA,PF,9,3.5555555555555554,1.0,1.0,0.3333333333333333,0.2222222222222222,0.0,0.0,0.4444444444444444,1.2222222222222223,0.1111111111111111,0.2222222222222222
Georgios Papagiannis,2TM,C,17,7.176470588235294,2.1176470588235294,2.176470588235294,0.5294117647058824,0.23529411764705882,0.35294117647058826,0.0,1.0588235294117647,2.4705882352941178,0.0,0.0
Gerald Green,HOU,SG,41,22.658536585365855,12.121951219512194,3.2439024390243905,0.6097560975609756,0.5853658536585366,0.36585365853658536,2.682926829268293,4.097560975609756,10.073170731707316,1.2439024390243902,1.4634146341463414
Gian Clavell,DAL,SG,7,9.142857142857142,2.857142857142857,1.0,0.42857142857142855,0.2857142857142857,0.0,0.8571428571428571,0.8571428571428571,2.5714285714285716,0.2857142857142857,0.2857142857142857
Giannis Antetokounmpo,MIL,PF,75,36.74666666666667,26.85333333333333,10.04,4.8133333333333335,1.4533333333333334,1.4133333333333333,0.5733333333333334,9.893333333333333,18.69333333333333,6.493333333333333,8.546666666666667
Glenn Robinson III,IND,SF,23,14.695652173913043,4.130434782608695,1.608695652173913,0.7391304347826086,0.5652173913043478,0.043478260869565216,0.6086956521739131,1.565217391304348,3.6956521739130435,0.391304347826087,0.4782608695652174
Goran Dragić,MIA,PG,75,31.706666666666667,17.28,4.08,4.786666666666667,0.84,0.16,1.48,6.453333333333333,14.333333333333334,2.8933333333333335,3.6133333333333333
Gordon Hayward,BOS,SF,1,5.0,2.0,1.0,0.0,0.0,0.0,0.0,1.0,2.0,0.0,0.0
Gorgui Dieng,MIN,C,79,16.873417721518987,5.949367088607595,4.556962025316456,0.8987341772151899,0.569620253164557,0.4936708860759494,0.24050632911392406,2.3544303797468356,4.9113924050632916,1.0,1.2911392405063291
Greg Monroe,3TM,C,51,20.392156862745097,10.27450980392157,6.862745098039215,2.235294117647059,0.8627450980392157,0.45098039215686275,0.0,4.2745098039215685,7.568627450980392,1.7254901960784315,2.3333333333333335
Guerschon Yabusele,BOS,PF,33,7.121212121212121,2.393939393939394,1.5757575757575757,0.48484848484848486,0.12121212121212122,0.15151515151515152,0.36363636363636365,0.7878787878787878,1.8484848484848484,0.45454545454545453,0.6666666666666666
Harrison Barnes,DAL,PF,77,34.20779220779221,18.857142857142858,6.077922077922078,1.974025974025974,0.6363636363636364,0.18181818181818182,1.5454545454545454,6.974025974025974,15.688311688311689,3.3636363636363638,4.064935064935065
Hassan Whiteside,MIA,C,54,25.25925925925926,13.962962962962964,11.444444444444445,1.0,0.6851851851851852,1.7407407407407407,0.037037037037037035,5.777777777777778,10.703703703703704,2.3703703703703702,3.3703703703703702
Henry Ellenson,DET,PF,38,8.657894736842104,3.973684210526316,2.1315789473684212,0.5263157894736842,0.13157894736842105,0.0,0.5263157894736842,1.394736842105263,3.8421052631578947,0.6578947368421053,0.7631578947368421
Ian Clark,NOP,SG,74,19.66216216216216,7.445945945945946,1.7162162162162162,1.4864864864864864,0.44594594594594594,0.13513513513513514,0.8378378378378378,3.0,6.6891891891891895,0.6081081081081081,0.7972972972972973
Ian Mahinmi,WAS,C,77,14.87012987012987,4.753246753246753,4.0519480519480515,0.6883116883116883,0.4935064935064935,0.5454545454545454,0.0,1.7922077922077921,3.220779220779221,1.1688311688311688,1.6623376623376624
Ike Anigbogu,IND,C,11,2.727272727272727,1.1818181818181819,0.8181818181818182,0.0,0.09090909090909091,0.2727272727272727,0.0,0.36363636363636365,0.8181818181818182,0.45454545454545453,0.5454545454545454
Iman Shumpert,CLE,SG,14,19.714285714285715,4.428571428571429,2.9285714285714284,1.2142857142857142,0.6428571428571429,0.2857142857142857,0.5,1.5714285714285714,4.142857142857143,0.7857142857142857,1.0714285714285714
Isaiah Canaan,2TM,SG,20,21.1,8.6,2.25,3.8,0.8,0.05,1.1,2.6,6.85,2.3,2.55
Isaiah Hicks,NYK,PF,18,13.333333333333334,4.444444444444445,2.2777777777777777,0.8888888888888888,0.1111111111111111,0.2222222222222222,0.1111111111111111,1.8333333333333333,4.0,0.6666666666666666,1.0
Isaiah Taylor,ATL,PG,67,17.417910447761194,6.641791044776119,1.4029850746268657,3.074626865671642,0.5074626865671642,0.14925373134328357,0.29850746268656714,2.4328358208955225,5.82089552238806,1.4776119402985075,2.1044776119402986
Isaiah Thomas,2TM,PG,32,26.9375,15.1875,2.09375,4.78125,0.46875,0.09375,1.71875,4.90625,13.15625,3.65625,4.09375
Isaiah Whitehead,BRK,PG,16,11.25,6.25,1.625,1.25,0.5,0.125,0.4375,2.5,5.375,0.8125,1.1875
Ish Smith,DET,PG,82,24.914634146341463,10.902439024390244,2.731707317073171,4.390243902439025,0.7804878048780488,0.24390243902439024,0.4268292682926829,4.7439024390243905,9.768292682926829,0.9878048780487805,1.4146341463414633
Ivan Rabb,MEM,PF,36,14.333333333333334,5.583333333333333,4.388888888888889,0.8888888888888888,0.3333333333333333,0.3611111111111111,0.0,2.388888888888889,4.222222222222222,0.8055555555555556,1.0
Ivica Zubac,LAL,C,43,9.534883720930232,3.744186046511628,2.86046511627907,0.5813953488372093,0.18604651162790697,0.3488372093023256,0.0,1.4186046511627908,2.8372093023255816,0.9069767441860465,1.186046511627907
J.J. Barea,DAL,PG,69,23.231884057971016,11.608695652173912,2.9130434782608696,6.2898550724637685,0.5072463768115942,0.043478260869565216,1.6666666666666667,4.391304347826087,10.0,1.1594202898550725,1.4782608695652173
J.R. Smith,CLE,SG,80,28.05,8.275,2.9375,1.7625,0.85,0.1375,1.7875,3.0,7.4375,0.4875,0.7
JJ Redick,PHI,SG,70,30.228571428571428,17.114285714285714,2.5428571428571427,3.0,0.5,0.08571428571428572,2.757142857142857,5.771428571428571,12.557142857142857,2.8142857142857145,3.1142857142857143
JaKarr Sampson,SAC,SF,22,15.636363636363637,4.681818181818182,3.5454545454545454,0.4090909090909091,0.36363636363636365,1.0,0.22727272727272727,2.0,3.6818181818181817,0.45454545454545453,0.7272727272727273
JaMychal Green,MEM,PF,55,28.036363636363635,10.345454545454546,8.436363636363636,1.4363636363636363,0.5818181818181818,0.45454545454545453,0.7818181818181819,4.054545454545455,8.872727272727273,1.4545454545454546,2.018181818181818
JaVale McGee,GSW,C,65,9.461538461538462,4.769230769230769,2.6,0.5076923076923077,0.3230769230769231,0.8769230769230769,0.0,2.0923076923076924,3.3692307692307693,0.5846153846153846,0.8
Jabari Bird,BOS,SG,13,8.846153846153847,3.0,1.4615384615384615,0.6153846153846154,0.23076923076923078,0.07692307692307693,0.23076923076923078,1.1538461538461537,2.0,0.46153846153846156,1.0
Jabari Parker,MIL,PF,31,23.967741935483872,12.612903225806452,4.870967741935484,1.903225806451613,0.8064516129032258,0.3225806451612903,1.0,5.161290322580645,10.709677419354838,1.2903225806451613,1.7419354838709677
Jack Cooley,SAC,PF,7,12.428571428571429,5.714285714285714,4.285714285714286,0.8571428571428571,0.14285714285714285,0.0,0.0,1.8571428571428572,3.857142857142857,2.0,2.7142857142857144
Jacob Pullen,PHI,PG,3,2.0,0.6666666666666666,0.0,0.0,0.0,0.0,0.0,0.3333333333333333,0.6666666666666666,0.0,0.0
Jacob Wiley,BRK,PF,5,6.6,0.8,2.2,0.4,0.2,0.0,0.2,0.2,0.8,0.2,0.4
Jae Crowder,2TM,SF,80,26.125,9.6625,3.4375,1.2375,0.8,0.2625,1.375,3.3875,8.3875,1.5125,1.85
Jahlil Okafor,2TM,C,28,12.607142857142858,6.285714285714286,3.0357142857142856,0.42857142857142855,0.10714285714285714,0.6428571428571429,0.03571428571428571,2.75,4.928571428571429,0.75,1.0357142857142858
Jake Layman,POR,SF,35,4.571428571428571,0.9714285714285714,0.45714285714285713,0.3142857142857143,0.17142857142857143,0.11428571428571428,0.11428571428571428,0.4,1.3428571428571427,0.05714285714285714,0.08571428571428572
Jakob Poeltl,TOR,C,82,18.585365853658537,6.914634146341464,4.7926829268292686,0.6951219512195121,0.47560975609756095,1.2195121951219512,0.012195121951219513,3.0853658536585367,4.682926829268292,0.7317073170731707,1.2317073170731707
Jalen Jones,2TM,SF,16,11.3125,4.625,2.375,0.25,0.3125,0.0625,0.625,1.625,4.25,0.75,1.1875
Jamal Crawford,MIN,SG,80,20.6625,10.275,1.2375,2.3125,0.5,0.1125,1.3,3.85,9.275,1.275,1.4125
Jamal Murray,DEN,PG,81,31.666666666666668,16.691358024691358,3.6666666666666665,3.382716049382716,0.9753086419753086,0.345679012345679,2.037037037037037,5.91358024691358,13.11111111111111,2.8271604938271606,3.123456790123457
Jameel Warney,DAL,PF,3,9.0,5.666666666666667,3.0,0.0,0.0,0.0,0.0,2.3333333333333335,4.0,1.0,1.6666666666666667
Jameer Nelson,2TM,PG,50,20.26,4.94,2.08,3.58,0.54,0.08,0.82,1.9,4.88,0.32,0.4
Jamel Artis,ORL,SG,15,18.6,5.133333333333334,2.533333333333333,1.2,0.13333333333333333,0.2,0.5333333333333333,2.066666666666667,5.266666666666667,0.4666666666666667,0.8
James Ennis III,2TM,SF,72,22.27777777777778,7.111111111111111,3.111111111111111,0.9861111111111112,0.6527777777777778,0.25,0.7083333333333334,2.5277777777777777,5.333333333333333,1.3472222222222223,1.6111111111111112
James Harden,HOU,SG,72,35.43055555555556,30.430555555555557,5.402777777777778,8.75,1.75,0.6944444444444444,3.6805555555555554,9.041666666666666,20.125,8.666666666666666,10.097222222222221
James Johnson,MIA,PF,73,26.616438356164384,10.794520547945206,4.904109589041096,3.835616438356164,0.958904109589041,0.6986301369863014,0.7808219178082192,4.232876712328767,8.41095890410959,1.547945205479452,2.219178082191781
James Michael McAdoo,PHI,PF,3,6.0,2.6666666666666665,0.6666666666666666,0.0,0.0,0.3333333333333333,0.6666666666666666,0.6666666666666666,2.3333333333333335,0.6666666666666666,0.6666666666666666
James Webb III,BRK,SF,10,12.0,1.6,2.4,0.4,0.1,0.0,0.4,0.6,2.4,0.0,0.0
James Young,PHI,SG,6,10.166666666666666,2.8333333333333335,0.3333333333333333,0.3333333333333333,0.0,0.0,0.5,0.8333333333333334,2.3333333333333335,0.6666666666666666,1.0
Jamil Wilson,LAC,SF,15,18.266666666666666,7.0,2.1333333333333333,0.6666666666666666,0.3333333333333333,0.5333333333333333,1.8,2.533333333333333,5.4,0.13333333333333333,0.26666666666666666
Jared Dudley,PHO,PF,48,14.291666666666666,3.1666666666666665,1.9583333333333333,1.625,0.5,0.22916666666666666,0.6041666666666666,1.0,2.5416666666666665,0.5625,0.7291666666666666
Jarell Eddie,2TM,SF,3,3.0,0.0,0.3333333333333333,0.0,0.3333333333333333,0.0,0.0,0.0,0.6666666666666666,0.0,0.0
Jarell Martin,MEM,PF,73,22.753424657534246,7.739726027397261,4.3561643835616435,1.0,0.5342465753424658,0.6712328767123288,0.4657534246575342,3.0273972602739727,6.794520547945205,1.2191780821917808,1.5890410958904109
Jarrett Allen,BRK,C,72,20.01388888888889,8.152777777777779,5.388888888888889,0.6805555555555556,0.3888888888888889,1.2222222222222223,0.06944444444444445,3.25,5.513888888888889,1.5833333333333333,2.0416666666666665
Jarrett Jack,NYK,PG,62,24.967741935483872,7.516129032258065,3.0806451612903225,5.612903225806452,0.5645161290322581,0.06451612903225806,0.4032258064516129,3.0483870967741935,7.145161290322581,1.0161290322580645,1.2096774193548387
Jason Smith,WAS,C,33,8.636363636363637,3.4242424242424243,1.606060606060606,0.42424242424242425,0.09090909090909091,0.3939393939393939,0.12121212121212122,1.3636363636363635,3.484848484848485,0.5757575757575758,0.6363636363636364
Jason Terry,MIL,SG,51,15.96078431372549,3.2549019607843137,0.9411764705882353,1.1568627450980393,0.8235294117647058,0.2549019607843137,0.7843137254901961,1.1568627450980393,3.019607843137255,0.1568627450980392,0.17647058823529413
Jawun Evans,LAC,PG,48,16.208333333333332,4.8125,1.75,2.0833333333333335,0.75,0.125,0.3125,1.8541666666666667,5.270833333333333,0.7916666666666666,1.0208333333333333
Jaylen Brown,BOS,SG,70,30.742857142857144,14.528571428571428,4.942857142857143,1.6285714285714286,1.0,0.37142857142857144,1.7285714285714286,5.328571428571428,11.471428571428572,2.142857142857143,3.3285714285714287
Jaylen Morris,ATL,SG,6,16.333333333333332,4.666666666666667,2.6666666666666665,1.1666666666666667,0.3333333333333333,0.16666666666666666,0.3333333333333333,2.1666666666666665,5.333333333333333,0.0,0.0
Jayson Tatum,BOS,SF,80,30.5375,13.9,5.025,1.6,1.0375,0.725,1.3125,4.9625,10.4375,2.6625,3.225
Jeff Green,CLE,PF,78,23.435897435897434,10.846153846153847,3.1538461538461537,1.2692307692307692,0.5256410256410257,0.4358974358974359,0.6794871794871795,3.782051282051282,7.923076923076923,2.6025641025641026,3.0
Jeff Teague,MIN,PG,70,33.01428571428571,14.2,2.9857142857142858,7.0285714285714285,1.457142857142857,0.32857142857142857,1.2,5.057142857142857,11.342857142857143,2.8857142857142857,3.414285714285714
Jeff Withey,DAL,C,10,3.9,1.5,1.0,0.0,0.0,0.3,0.2,0.6,1.6,0.1,0.2
Jerami Grant,OKC,PF,81,20.333333333333332,8.419753086419753,3.9382716049382718,0.7037037037037037,0.38271604938271603,0.9506172839506173,0.3950617283950617,3.0123456790123457,5.62962962962963,2.0,2.962962962962963
Jeremy Evans,ATL,SF,1,5.0,2.0,1.0,0.0,0.0,0.0,0.0,1.0,1.0,0.0,0.0
Jeremy Lamb,CHO,SG,80,24.5875,12.9125,4.05,2.325,0.7625,0.4,1.175,4.75,10.4,2.2375,2.6
Jeremy Lin,BRK,PG,1,25.0,18.0,0.0,4.0,0.0,0.0,1.0,5.0,12.0,7.0,7.0
Jerian Grant,CHI,PG,74,22.783783783783782,8.364864864864865,2.310810810810811,4.621621621621622,0.8513513513513513,0.10810810810810811,0.8243243243243243,2.824324324324324,6.797297297297297,1.8918918918918919,2.5405405405405403
Jerryd Bayless,PHI,SG,39,23.71794871794872,7.871794871794871,2.051282051282051,1.3846153846153846,0.5897435897435898,0.15384615384615385,1.3846153846153846,2.7948717948717947,6.717948717948718,0.8974358974358975,1.1282051282051282
Jimmy Butler,MIN,SG,59,36.67796610169491,22.152542372881356,5.322033898305085,4.88135593220339,1.9661016949152543,0.4067796610169492,1.1864406779661016,7.406779661016949,15.610169491525424,6.1525423728813555,7.203389830508475
Joakim Noah,NYK,C,7,5.714285714285714,1.7142857142857142,2.0,0.5714285714285714,0.2857142857142857,0.2857142857142857,0.0,0.7142857142857143,1.4285714285714286,0.2857142857142857,0.5714285714285714
Jodie Meeks,WAS,SG,77,14.532467532467532,6.324675324675325,1.6363636363636365,0.9090909090909091,0.37662337662337664,0.05194805194805195,0.935064935064935,2.038961038961039,5.103896103896104,1.3116883116883118,1.5194805194805194
Joe Harris,BRK,SG,78,25.32051282051282,10.846153846153847,3.3333333333333335,1.641025641025641,0.44871794871794873,0.2564102564102564,1.9230769230769231,3.91025641025641,7.961538461538462,1.1025641025641026,1.3333333333333333
Joe Ingles,UTA,SF,82,31.4390243902439,11.463414634146341,4.195121951219512,4.780487804878049,1.0975609756097562,0.24390243902439024,2.4878048780487805,4.085365853658536,8.75609756097561,0.8048780487804879,1.0121951219512195
Joe Johnson,2TM,SF,55,21.90909090909091,6.763636363636364,3.1272727272727274,1.509090909090909,0.32727272727272727,0.12727272727272726,0.7272727272727273,2.6545454545454548,6.545454545454546,0.7272727272727273,0.8181818181818182
Joe Young,IND,PG,53,10.528301886792454,3.9056603773584904,1.1886792452830188,0.7358490566037735,0.2641509433962264,0.018867924528301886,0.4716981132075472,1.509433962264151,3.509433962264151,0.41509433962264153,0.5471698113207547
Joel Bolomboy,MIL,PF,6,6.333333333333333,1.5,1.6666666666666667,0.0,0.3333333333333333,0.0,0.0,0.5,1.0,0.5,1.0
Joel Embiid,PHI,C,63,30.349206349206348,22.936507936507937,10.952380952380953,3.1587301587301586,0.6349206349206349,1.7619047619047619,1.0476190476190477,8.095238095238095,16.761904761904763,5.698412698412699,7.412698412698413
Joffrey Lauvergne,SAS,C,55,9.709090909090909,4.109090909090909,3.109090909090909,0.7454545454545455,0.16363636363636364,0.05454545454545454,0.0,1.7818181818181817,3.4545454545454546,0.5454545454545454,0.8545454545454545
John Collins,ATL,PF,74,24.12162162162162,10.5,7.3108108108108105,1.3243243243243243,0.6351351351351351,1.0810810810810811,0.21621621621621623,4.243243243243243,7.364864864864865,1.7972972972972974,2.5135135135135136
John Henson,MIL,C,76,25.92105263157895,8.75,6.75,1.5,0.5921052631578947,1.4342105263157894,0.013157894736842105,3.776315789473684,6.605263157894737,1.1842105263157894,2.0789473684210527
John Holland,CLE,SF,24,7.25,2.25,1.0,0.20833333333333334,0.2916666666666667,0.08333333333333333,0.4583333333333333,0.7083333333333334,2.4583333333333335,0.375,0.5416666666666666
John Wall,WAS,PG,41,34.390243902439025,19.4390243902439,3.658536585365854,9.585365853658537,1.3902439024390243,1.0975609756097562,1.5121951219512195,6.829268292682927,16.26829268292683,4.2682926829268295,5.878048780487805
Johnathan Motley,DAL,PF,11,16.0,8.727272727272727,4.454545454545454,0.6363636363636364,0.2727272727272727,0.18181818181818182,0.09090909090909091,3.6363636363636362,6.818181818181818,1.3636363636363635,2.5454545454545454
Johnny O'Bryant,CHO,PF,36,10.527777777777779,4.75,2.5833333333333335,0.3888888888888889,0.25,0.16666666666666666,0.3888888888888889,1.8888888888888888,4.75,0.5833333333333334,0.6944444444444444
Jon Leuer,DET,PF,8,17.0,5.375,4.0,0.625,0.125,0.375,0.0,1.875,4.5,1.625,1.875
Jonas Jerebko,UTA,PF,74,15.324324324324325,5.797297297297297,3.324324324324324,0.5675675675675675,0.32432432432432434,0.16216216216216217,0.8783783783783784,2.1486486486486487,4.608108108108108,0.6216216216216216,0.7702702702702703
Jonas Valančiūnas,TOR,C,77,22.428571428571427,12.727272727272727,8.571428571428571,1.051948051948052,0.37662337662337664,0.8961038961038961,0.38961038961038963,5.064935064935065,8.922077922077921,2.207792207792208,2.74025974025974
Jonathan Gibson,BOS,PG,4,10.0,8.5,0.75,1.0,0.0,0.0,1.5,3.5,5.75,0.0,0.0
Jonathan Isaac,ORL,PF,27,19.85185185185185,5.37037037037037,3.6666666666666665,0.6666666666666666,1.2222222222222223,1.1111111111111112,0.5925925925925926,2.037037037037037,5.37037037037037,0.7037037037037037,0.9259259259259259
Jonathon Simmons,ORL,SG,69,29.405797101449274,13.942028985507246,3.463768115942029,2.4782608695652173,0.8405797101449275,0.2318840579710145,1.0,5.130434782608695,11.028985507246377,2.681159420289855,3.4927536231884058
Jordan Bell,GSW,C,57,14.192982456140351,4.5964912280701755,3.6315789473684212,1.7894736842105263,0.6140350877192983,0.9824561403508771,0.0,2.0350877192982457,3.245614035087719,0.5263157894736842,0.7719298245614035
Jordan Clarkson,2TM,SG,81,23.308641975308642,13.876543209876543,2.6790123456790123,2.728395061728395,0.7160493827160493,0.07407407407407407,1.382716049382716,5.308641975308642,11.777777777777779,1.876543209876543,2.345679012345679
Jordan Crawford,NOP,SG,5,10.6,6.6,0.8,2.6,0.2,0.2,1.6,2.4,5.4,0.2,0.2
Jordan Mickey,MIA,PF,23,12.347826086956522,4.043478260869565,3.5217391304347827,0.391304347826087,0.2608695652173913,0.43478260869565216,0.08695652173913043,1.6956521739130435,3.5652173913043477,0.5652173913043478,0.8260869565217391
Josh Gray,PHO,PG,5,17.2,6.4,2.0,2.4,1.6,0.4,0.6,2.2,8.2,1.4,2.2
Josh Hart,LAL,SG,63,23.19047619047619,7.873015873015873,4.174603174603175,1.2698412698412698,0.746031746031746,0.25396825396825395,1.2380952380952381,2.7936507936507935,5.9523809523809526,1.0476190476190477,1.492063492063492
Josh Huestis,OKC,PF,69,14.231884057971014,2.3043478260869565,2.3333333333333335,0.2898550724637681,0.21739130434782608,0.6231884057971014,0.4782608695652174,0.8695652173913043,2.63768115942029,0.08695652173913043,0.2898550724637681
Josh Jackson,PHO,SF,77,25.441558441558442,13.142857142857142,4.558441558441558,1.5454545454545454,1.0389610389610389,0.45454545454545453,0.7402597402597403,5.0519480519480515,12.103896103896103,2.2987012987012987,3.6233766233766236
Josh Magette,ATL,PG,18,12.0,2.5555555555555554,1.0555555555555556,3.1666666666666665,0.4444444444444444,0.05555555555555555,0.4444444444444444,0.8333333333333334,2.5555555555555554,0.4444444444444444,0.4444444444444444
Josh McRoberts,DAL,PF,2,3.0,0.0,0.0,0.0,0.0,0.0,0.0,0.0,0.5,0.0,0.0
Josh Richardson,MIA,SF,81,33.19753086419753,12.901234567901234,3.5185185185185186,2.8518518518518516,1.4938271604938271,0.9259259259259259,1.5679012345679013,4.925925925925926,10.925925925925926,1.4814814814814814,1.7530864197530864
Josh Smith,NOP,PF,3,4.0,0.6666666666666666,1.3333333333333333,0.0,0.0,0.0,0.0,0.3333333333333333,1.3333333333333333,0.0,0.0
José Calderón,CLE,PG,57,16.035087719298247,4.473684210526316,1.4736842105263157,2.0526315789473686,0.47368421052631576,0.03508771929824561,0.7894736842105263,1.631578947368421,3.245614035087719,0.42105263157894735,0.5263157894736842
Jrue Holiday,NOP,SG,81,36.135802469135804,18.97530864197531,4.506172839506172,6.0,1.5185185185185186,0.7901234567901234,1.4814814814814814,7.592592592592593,15.358024691358025,2.308641975308642,2.9382716049382718
Juancho Hernangómez,DEN,PF,25,11.08,3.28,2.16,0.48,0.24,0.12,0.56,1.16,3.0,0.4,0.48
Julius Randle,LAL,C,82,26.70731707317073,16.134146341463413,7.975609756097561,2.5609756097560976,0.524390243902439,0.5487804878048781,0.12195121951219512,6.146341463414634,11.024390243902438,3.7195121951219514,5.182926829268292
Julyan Stone,CHO,SG,23,7.608695652173913,0.8260869565217391,1.2608695652173914,1.1304347826086956,0.17391304347826086,0.08695652173913043,0.2608695652173913,0.2608695652173913,0.5652173913043478,0.043478260869565216,0.08695652173913043
Justin Anderson,PHI,SF,38,13.657894736842104,6.2105263157894735,2.4473684210526314,0.6578947368421053,0.39473684210526316,0.18421052631578946,0.8947368421052632,2.289473684210526,5.315789473684211,0.7368421052631579,1.0
Justin Holiday,CHI,SG,72,31.458333333333332,12.166666666666666,4.041666666666667,2.125,1.1111111111111112,0.4305555555555556,2.236111111111111,4.027777777777778,10.86111111111111,1.875,2.2777777777777777
Justin Jackson,SAC,SF,68,22.147058823529413,6.661764705882353,2.75,1.088235294117647,0.4117647058823529,0.19117647058823528,0.8382352941176471,2.7205882352941178,6.161764705882353,0.38235294117647056,0.5294117647058824
Justin Patton,MIN,C,1,4.0,2.0,0.0,0.0,1.0,0.0,0.0,1.0,2.0,0.0,0.0
Justise Winslow,MIA,PF,68,24.705882352941178,7.779411764705882,5.4411764705882355,2.176470588235294,0.7941176470588235,0.4852941176470588,0.7205882352941176,3.0441176470588234,7.176470588235294,0.9705882352941176,1.5294117647058822
Jusuf Nurkić,POR,C,79,26.430379746835442,14.329113924050633,8.962025316455696,1.8101265822784811,0.810126582278481,1.4050632911392404,0.0,6.075949367088608,12.037974683544304,2.1772151898734178,3.4556962025316458
Kadeem Allen,BOS,PG,18,5.944444444444445,1.0555555555555556,0.6111111111111112,0.6666666666666666,0.16666666666666666,0.1111111111111111,0.0,0.3333333333333333,1.2222222222222223,0.3888888888888889,0.5
Karl-Anthony Towns,MIN,C,82,35.58536585365854,21.25609756097561,12.341463414634147,2.426829268292683,0.7804878048780488,1.4024390243902438,1.4634146341463414,7.7926829268292686,14.292682926829269,4.2073170731707314,4.902439024390244
Kawhi Leonard,SAS,SF,9,23.333333333333332,16.22222222222222,4.666666666666667,2.3333333333333335,2.0,1.0,1.2222222222222223,5.777777777777778,12.333333333333334,3.4444444444444446,4.222222222222222
Kay Felder,2TM,PG,16,8.75,3.5625,1.125,1.25,0.1875,0.0625,0.25,1.3125,4.375,0.6875,0.75
Kelly Olynyk,MIA,PF,76,23.407894736842106,11.473684210526315,5.671052631578948,2.723684210526316,0.8157894736842105,0.4605263157894737,1.394736842105263,4.157894736842105,8.368421052631579,1.763157894736842,2.289473684210526
Kelly Oubre Jr.,WAS,SF,81,27.54320987654321,11.765432098765432,4.481481481481482,1.2098765432098766,0.9876543209876543,0.43209876543209874,1.5555555555555556,3.925925925925926,9.753086419753087,2.3580246913580245,2.876543209876543
Kemba Walker,CHO,PG,80,34.2,22.125,3.1,5.55,1.1375,0.3,2.8875,7.35,17.0375,4.5375,5.25
Kendrick Perkins,CLE,C,1,15.0,3.0,1.0,2.0,1.0,0.0,0.0,1.0,2.0,1.0,2.0
Kenneth Faried,DEN,PF,32,14.40625,5.875,4.78125,0.5625,0.375,0.40625,0.0,2.375,4.625,1.125,1.59375
Kent Bazemore,ATL,SG,65,27.523076923076925,12.861538461538462,3.8153846153846156,3.5076923076923077,1.5384615384615385,0.6923076923076923,1.6615384615384616,4.369230769230769,10.4,2.4615384615384617,3.0923076923076924
Kentavious Caldwell-Pope,LAL,SG,74,33.21621621621622,13.405405405405405,5.22972972972973,2.189189189189189,1.4324324324324325,0.21621621621621623,2.1486486486486487,4.594594594594595,10.783783783783784,2.0675675675675675,2.6216216216216215
Kevin Durant,GSW,SF,68,34.19117647058823,26.352941176470587,6.823529411764706,5.382352941176471,0.7352941176470589,1.75,2.5441176470588234,9.264705882352942,17.970588235294116,5.279411764705882,5.9411764705882355
Kevin Love,CLE,C,59,27.983050847457626,17.610169491525422,9.254237288135593,1.7457627118644068,0.7288135593220338,0.4067796610169492,2.3220338983050848,5.661016949152542,12.35593220338983,3.9661016949152543,4.508474576271187
Kevon Looney,GSW,C,66,13.787878787878787,4.045454545454546,3.257575757575758,0.6363636363636364,0.5151515151515151,0.8484848484848485,0.015151515151515152,1.696969696969697,2.9242424242424243,0.6363636363636364,1.1666666666666667
Khem Birch,ORL,C,42,13.761904761904763,4.238095238095238,4.285714285714286,0.8095238095238095,0.35714285714285715,0.5,0.0,1.619047619047619,3.0,1.0,1.4523809523809523
Khris Middleton,MIL,SF,82,36.36585365853659,20.146341463414632,5.2317073170731705,4.0,1.451219512195122,0.25609756097560976,1.7804878048780488,7.2317073170731705,15.512195121951219,3.902439024390244,4.414634146341464
Klay Thompson,GSW,SG,73,34.32876712328767,20.013698630136986,3.7945205479452055,2.5342465753424657,0.7534246575342466,0.4657534246575342,3.136986301369863,7.876712328767123,16.15068493150685,1.1232876712328768,1.3424657534246576
Kobi Simmons,MEM,PG,32,20.09375,6.125,1.5625,2.125,0.5625,0.15625,0.34375,2.5,5.90625,0.78125,0.78125
Kosta Koufos,SAC,C,71,19.591549295774648,6.71830985915493,6.647887323943662,1.2253521126760563,0.6619718309859155,0.4507042253521127,0.0,3.1267605633802815,5.47887323943662,0.4647887323943662,1.0422535211267605
Kris Dunn,CHI,PG,52,29.326923076923077,13.442307692307692,4.25,5.961538461538462,2.0,0.5192307692307693,0.8269230769230769,5.5,12.807692307692308,1.6153846153846154,2.1923076923076925
Kristaps Porziņģis,NYK,PF,48,32.354166666666664,22.666666666666668,6.583333333333333,1.1875,0.75,2.3958333333333335,1.875,8.125,18.520833333333332,4.541666666666667,5.729166666666667
Kyle Anderson,SAS,SF,74,26.72972972972973,7.905405405405405,5.351351351351352,2.72972972972973,1.554054054054054,0.8108108108108109,0.25675675675675674,3.1216216216216215,5.918918918918919,1.4054054054054055,1.972972972972973
Kyle Collinsworth,DAL,SF,32,15.0,3.15625,3.34375,1.75,0.53125,0.28125,0.125,1.1875,3.09375,0.65625,1.25
Kyle Korver,CLE,SG,73,21.561643835616437,9.205479452054794,2.26027397260274,1.2054794520547945,0.4246575342465753,0.3698630136986301,2.2465753424657535,3.041095890410959,6.63013698630137,0.8767123287671232,0.9863013698630136
Kyle Kuzma,LAL,PF,77,31.181818181818183,16.12987012987013,6.2727272727272725,1.8311688311688312,0.6363636363636364,0.44155844155844154,2.064935064935065,6.077922077922078,13.493506493506494,1.9090909090909092,2.7012987012987013
Kyle Lowry,TOR,PG,78,32.17948717948718,16.243589743589745,5.564102564102564,6.884615384615385,1.0897435897435896,0.24358974358974358,3.051282051282051,5.166666666666667,12.102564102564102,2.858974358974359,3.3461538461538463
Kyle O'Quinn,NYK,C,77,18.01298701298701,7.142857142857143,6.103896103896104,2.051948051948052,0.4675324675324675,1.2727272727272727,0.05194805194805195,2.909090909090909,4.987012987012987,1.2727272727272727,1.6493506493506493
Kyle Singler,OKC,SF,12,4.916666666666667,1.9166666666666667,0.8333333333333334,0.16666666666666666,0.08333333333333333,0.0,0.16666666666666666,0.5833333333333334,1.75,0.5833333333333334,1.0833333333333333
Kyrie Irving,BOS,PG,60,32.18333333333333,24.433333333333334,3.783333333333333,5.1,1.0833333333333333,0.2833333333333333,2.7666666666666666,8.9,18.116666666666667,3.8666666666666667,4.35
LaMarcus Aldridge,SAS,C,75,33.45333333333333,23.133333333333333,8.466666666666667,2.026666666666667,0.5733333333333334,1.2,0.36,9.16,17.96,4.453333333333333,5.32
Lance Stephenson,IND,SG,82,22.5609756097561,9.231707317073171,5.170731707317073,2.8658536585365852,0.5609756097560976,0.2073170731707317,0.8170731707317073,3.6951219512195124,8.646341463414634,1.024390243902439,1.548780487804878
Lance Thomas,NYK,PF,73,18.534246575342465,4.082191780821918,2.3972602739726026,0.6027397260273972,0.410958904109589,0.1917808219178082,0.684931506849315,1.3972602739726028,3.6575342465753424,0.6027397260273972,0.726027397260274
Langston Galloway,DET,SG,58,14.879310344827585,6.206896551724138,1.5862068965517242,1.0,0.603448275862069,0.08620689655172414,1.293103448275862,2.1724137931034484,5.862068965517241,0.5689655172413793,0.7068965517241379
Larry Drew II,2TM,PG,10,7.0,1.7,0.3,1.0,0.0,0.0,0.3,0.7,2.4,0.0,0.0
Larry Nance Jr.,2TM,C,66,21.53030303030303,8.681818181818182,6.848484848484849,1.2424242424242424,1.3333333333333333,0.5757575757575758,0.030303030303030304,3.6363636363636362,6.257575757575758,1.378787878787879,2.0757575757575757
Lauri Markkanen,CHI,PF,68,29.705882352941178,15.191176470588236,7.470588235294118,1.161764705882353,0.5735294117647058,0.5882352941176471,2.1323529411764706,5.5,12.676470588235293,2.0588235294117645,2.4411764705882355
LeBron James,CLE,PF,82,36.90243902439025,27.451219512195124,8.646341463414634,9.109756097560975,1.4146341463414633,0.8658536585365854,1.8170731707317074,10.451219512195122,19.26829268292683,4.7317073170731705,6.475609756097561
London Perrantes,CLE,PG,14,4.714285714285714,0.5,0.2857142857142857,0.35714285714285715,0.14285714285714285,0.07142857142857142,0.0,0.14285714285714285,0.9285714285714286,0.21428571428571427,0.35714285714285715
Lonzo Ball,LAL,PG,52,34.23076923076923,10.153846153846153,6.923076923076923,7.230769230769231,1.6923076923076923,0.8269230769230769,1.7307692307692308,3.9038461538461537,10.846153846153847,0.6153846153846154,1.3653846153846154
Lorenzo Brown,TOR,PG,14,9.928571428571429,2.2857142857142856,1.0714285714285714,0.9285714285714286,0.35714285714285715,0.0,0.14285714285714285,1.0,2.4285714285714284,0.14285714285714285,0.14285714285714285
Lou Williams,LAC,SG,79,32.77215189873418,22.556962025316455,2.5063291139240507,5.2784810126582276,1.0759493670886076,0.24050632911392406,2.3544303797468356,7.367088607594937,16.924050632911392,5.468354430379747,6.215189873417722
Luc Mbah a Moute,HOU,PF,61,25.639344262295083,7.540983606557377,3.0491803278688523,0.9016393442622951,1.180327868852459,0.4098360655737705,1.0327868852459017,2.721311475409836,5.655737704918033,1.0655737704918034,1.5573770491803278
Lucas Nogueira,TOR,C,49,8.53061224489796,2.489795918367347,1.7755102040816326,0.4489795918367347,0.46938775510204084,0.8775510204081632,0.10204081632653061,1.0,1.6326530612244898,0.3877551020408163,0.5714285714285714
Luis Montero,DET,SG,2,4.0,0.0,1.0,0.0,0.0,0.0,0.0,0.0,0.5,0.0,0.0
Luke Babbitt,2TM,SF,50,14.3,5.18,1.92,0.62,0.16,0.14,1.2,1.82,4.3,0.34,0.44
Luke Kennard,DET,SG,73,20.041095890410958,7.6438356164383565,2.410958904109589,1.6986301369863013,0.6027397260273972,0.1780821917808219,1.1095890410958904,2.8219178082191783,6.36986301369863,0.8904109589041096,1.0410958904109588
Luke Kornet,NYK,C,20,16.3,6.7,3.2,1.3,0.3,0.8,1.4,2.45,6.25,0.4,0.55
Luol Deng,LAL,SF,1,13.0,2.0,0.0,1.0,1.0,0.0,0.0,1.0,2.0,0.0,0.0
Malachi Richardson,2TM,SG,26,12.461538461538462,3.423076923076923,1.3076923076923077,0.5,0.38461538461538464,0.038461538461538464,0.46153846153846156,1.1538461538461537,3.4615384615384617,0.6538461538461539,0.8461538461538461
Malcolm Brogdon,MIL,PG,48,29.916666666666668,13.020833333333334,3.25,3.1666666666666665,0.8541666666666666,0.2708333333333333,1.2916666666666667,5.083333333333333,10.479166666666666,1.5625,1.7708333333333333
Malcolm Delaney,ATL,PG,54,18.77777777777778,6.2592592592592595,1.8518518518518519,3.0185185185185186,0.6481481481481481,0.1111111111111111,0.8518518518518519,2.0185185185185186,5.277777777777778,1.3703703703703705,1.7037037037037037
Malcolm Miller,TOR,SF,15,8.4,2.533333333333333,1.0,0.2,0.06666666666666667,0.13333333333333333,0.5333333333333333,0.8666666666666667,1.8666666666666667,0.26666666666666666,0.26666666666666666
Malik Beasley,DEN,SG,62,9.403225806451612,3.161290322580645,1.1451612903225807,0.5,0.24193548387096775,0.11290322580645161,0.45161290322580644,1.1774193548387097,2.870967741935484,0.3548387096774194,0.532258064516129
Malik Monk,CHO,SG,63,13.555555555555555,6.682539682539683,1.0476190476190477,1.4444444444444444,0.31746031746031744,0.14285714285714285,1.3174603174603174,2.4285714285714284,6.746031746031746,0.5079365079365079,0.6031746031746031
Mangok Mathiang,CHO,C,4,5.0,2.0,2.5,0.0,0.25,0.0,0.0,1.0,1.75,0.0,0.25
Manu Ginóbili,SAS,SG,65,19.984615384615385,8.861538461538462,2.1846153846153844,2.5076923076923077,0.6615384615384615,0.24615384615384617,0.9846153846153847,3.0923076923076924,7.123076923076923,1.6923076923076923,2.0153846153846153
MarShon Brooks,MEM,SG,7,27.571428571428573,20.142857142857142,3.0,3.5714285714285716,1.5714285714285714,0.42857142857142855,2.7142857142857144,7.285714285714286,14.571428571428571,2.857142857142857,3.2857142857142856
Marc Gasol,MEM,C,73,32.986301369863014,17.232876712328768,8.10958904109589,4.178082191780822,0.7397260273972602,1.3835616438356164,1.4931506849315068,5.945205479452055,14.150684931506849,3.8493150684931505,4.616438356164384
Marcin Gortat,WAS,C,82,25.304878048780488,8.414634146341463,7.597560975609756,1.8414634146341464,0.4878048780487805,0.7439024390243902,0.0,3.5365853658536586,6.829268292682927,1.3414634146341464,1.9878048780487805
Marco Belinelli,2TM,SG,80,24.3375,12.1375,1.8875,1.85,0.825,0.15,1.8625,4.2125,9.55,1.85,2.0375
Marcus Georges-Hunt,MIN,SG,42,5.333333333333333,1.4047619047619047,0.38095238095238093,0.16666666666666666,0.14285714285714285,0.0,0.09523809523809523,0.5,1.1428571428571428,0.30952380952380953,0.5
Marcus Morris,BOS,PF,54,26.703703703703702,13.592592592592593,5.351851851851852,1.3333333333333333,0.6481481481481481,0.2222222222222222,1.5925925925925926,4.851851851851852,11.314814814814815,2.2962962962962963,2.8518518518518516
Marcus Paige,CHO,PG,5,5.6,2.4,0.8,0.6,0.0,0.0,0.4,0.8,2.8,0.4,0.4
Marcus Smart,BOS,SG,54,29.88888888888889,10.185185185185185,3.5,4.796296296296297,1.3148148148148149,0.42592592592592593,1.3888888888888888,3.5,9.537037037037036,1.7962962962962963,2.462962962962963
Mario Chalmers,MEM,PG,66,21.53030303030303,7.681818181818182,2.378787878787879,2.984848484848485,1.196969696969697,0.21212121212121213,0.803030303030303,2.5454545454545454,6.712121212121212,1.7878787878787878,2.090909090909091
Mario Hezonja,ORL,SF,75,22.093333333333334,9.626666666666667,3.7466666666666666,1.4133333333333333,1.08,0.41333333333333333,1.2,3.64,8.226666666666667,1.1466666666666667,1.4
Markel Brown,HOU,SG,4,7.75,1.25,1.25,0.5,0.0,0.0,0.25,0.5,1.75,0.0,0.0
Markelle Fultz,PHI,SG,14,18.071428571428573,7.142857142857143,3.0714285714285716,3.7857142857142856,0.8571428571428571,0.2857142857142857,0.0,3.2142857142857144,7.928571428571429,0.7142857142857143,1.5
Markieff Morris,WAS,PF,73,26.958904109589042,11.520547945205479,5.602739726027397,1.9452054794520548,0.7671232876712328,0.5205479452054794,1.0410958904109588,4.52054794520548,9.41095890410959,1.4383561643835616,1.7534246575342465
Marquese Chriss,PHO,PF,72,21.208333333333332,7.722222222222222,5.486111111111111,1.1527777777777777,0.7083333333333334,0.9722222222222222,0.7777777777777778,2.8055555555555554,6.625,1.3333333333333333,2.1944444444444446
Marquis Teague,MEM,PG,3,24.666666666666668,3.6666666666666665,2.0,4.333333333333333,1.3333333333333333,0.0,0.3333333333333333,1.3333333333333333,5.333333333333333,0.6666666666666666,1.6666666666666667
Marreese Speights,ORL,C,52,12.98076923076923,7.730769230769231,2.5576923076923075,0.7692307692307693,0.15384615384615385,0.4230769230769231,1.6538461538461537,2.6538461538461537,6.711538461538462,0.7692307692307693,1.0576923076923077
Marshall Plumlee,MIL,C,8,6.5,1.75,2.125,0.25,0.0,0.125,0.0,0.125,0.375,1.5,2.0
Marvin Williams,CHO,PF,78,25.71794871794872,9.538461538461538,4.743589743589744,1.2307692307692308,0.717948717948718,0.48717948717948717,1.6153846153846154,3.3076923076923075,7.217948717948718,1.3076923076923077,1.5769230769230769
Mason Plumlee,DEN,C,74,19.445945945945947,7.081081081081081,5.405405405405405,1.9189189189189189,0.6621621621621622,1.0945945945945945,0.0,2.9864864864864864,4.972972972972973,1.1081081081081081,2.418918918918919
Matt Costello,SAS,C,4,8.0,1.0,2.25,0.5,0.5,0.5,0.0,0.5,1.0,0.0,0.0
Matt Williams,MIA,SG,3,3.6666666666666665,1.6666666666666667,0.3333333333333333,0.0,0.0,0.0,0.3333333333333333,0.6666666666666666,2.0,0.0,0.0
Matthew Dellavedova,MIL,PG,38,18.736842105263158,4.315789473684211,1.6842105263157894,3.8157894736842106,0.3684210526315789,0.0,0.7631578947368421,1.4473684210526316,4.0,0.6578947368421053,0.7105263157894737
Maurice Harkless,POR,SF,59,21.423728813559322,6.52542372881356,2.7457627118644066,0.8983050847457628,0.8135593220338984,0.7288135593220338,0.8305084745762712,2.4915254237288136,5.033898305084746,0.711864406779661,1.0
Maxi Kleber,DAL,PF,72,16.75,5.361111111111111,3.25,0.7083333333333334,0.3611111111111111,0.6527777777777778,0.5555555555555556,2.0972222222222223,4.291666666666667,0.6111111111111112,0.8194444444444444
Meyers Leonard,POR,C,33,7.696969696969697,3.393939393939394,2.121212121212121,0.5151515151515151,0.21212121212121213,0.0,0.3333333333333333,1.393939393939394,2.3636363636363638,0.2727272727272727,0.3333333333333333
Michael Beasley,NYK,PF,74,22.33783783783784,13.18918918918919,5.594594594594595,1.662162162162162,0.4864864864864865,0.581081081081081,0.4594594594594595,5.527027027027027,10.905405405405405,1.6756756756756757,2.1486486486486487
Michael Carter-Williams,CHO,PG,52,16.057692307692307,4.596153846153846,2.6538461538461537,2.230769230769231,0.8461538461538461,0.4423076923076923,0.2692307692307692,1.4615384615384615,4.403846153846154,1.4038461538461537,1.7115384615384615
Michael Kidd-Gilchrist,CHO,SF,74,25.0,9.202702702702704,4.081081081081081,0.9594594594594594,0.6891891891891891,0.43243243243243246,0.0,3.810810810810811,7.5675675675675675,1.5810810810810811,2.310810810810811
Mike Conley,MEM,PG,12,31.083333333333332,17.083333333333332,2.25,4.083333333333333,1.0,0.25,2.0,5.333333333333333,14.0,4.416666666666667,5.5
Mike James,2TM,PG,36,19.083333333333332,9.333333333333334,2.5,3.5,0.7777777777777778,0.19444444444444445,0.7222222222222222,3.4166666666666665,8.916666666666666,1.7777777777777777,2.3333333333333335
Mike Muscala,ATL,C,53,20.0,7.6415094339622645,4.339622641509434,0.9622641509433962,0.5849056603773585,0.5094339622641509,1.169811320754717,2.69811320754717,5.886792452830188,1.0754716981132075,1.169811320754717
Mike Scott,WAS,PF,76,18.5,8.789473684210526,3.25,1.0526315789473684,0.3026315789473684,0.13157894736842105,0.868421052631579,3.6315789473684212,6.894736842105263,0.6578947368421053,1.0
Miles Plumlee,ATL,C,55,16.69090909090909,4.3090909090909095,4.1454545454545455,0.8181818181818182,0.3090909090909091,0.5454545454545454,0.0,1.9090909090909092,3.272727272727273,0.4909090909090909,1.0909090909090908
Miloš Teodosić,LAC,PG,45,25.2,9.533333333333333,2.8,4.644444444444445,0.5111111111111111,0.1111111111111111,1.9555555555555555,3.3555555555555556,8.0,0.8666666666666667,1.0222222222222221
Milton Doyle,BRK,SG,10,12.5,3.4,1.8,1.0,0.6,0.2,0.4,1.3,4.7,0.4,0.8
Mindaugas Kuzminskas,NYK,SF,1,2.0,0.0,0.0,0.0,0.0,0.0,0.0,0.0,2.0,0.0,0.0
Mirza Teletović,MIL,PF,10,15.9,7.1,2.3,1.0,0.4,0.1,2.1,2.5,5.7,0.0,0.0
Monte Morris,DEN,PG,3,8.333333333333334,3.3333333333333335,0.6666666666666666,2.3333333333333335,1.0,0.0,0.0,1.3333333333333333,2.0,0.6666666666666666,0.6666666666666666
Montrezl Harrell,LAC,C,76,17.013157894736842,11.0,4.026315789473684,0.9736842105263158,0.47368421052631576,0.6842105263157895,0.013157894736842105,4.578947368421052,7.2105263157894735,1.8289473684210527,2.9210526315789473
Myke Henry,MEM,SF,20,18.9,5.35,1.9,1.1,1.55,0.3,0.95,2.05,5.45,0.3,0.5
Myles Turner,IND,C,65,28.246153846153845,12.738461538461538,6.415384615384616,1.3384615384615384,0.5846153846153846,1.8153846153846154,0.8615384615384616,4.707692307692308,9.830769230769231,2.4615384615384617,3.169230769230769
Nate Wolters,UTA,PG,5,3.8,0.4,0.4,0.2,0.0,0.0,0.0,0.2,1.2,0.0,0.0
Naz Mitrou-Long,UTA,SG,1,1.0,3.0,0.0,0.0,0.0,0.0,1.0,1.0,1.0,0.0,0.0
Nemanja Bjelica,MIN,PF,67,20.46268656716418,6.776119402985074,4.08955223880597,1.2835820895522387,0.746268656716418,0.23880597014925373,1.1343283582089552,2.5522388059701493,5.537313432835821,0.5373134328358209,0.6716417910447762
Nenê,HOU,C,52,14.576923076923077,6.538461538461538,3.3846153846153846,0.8653846153846154,0.5384615384615384,0.2692307692307692,0.0,2.6153846153846154,4.596153846153846,1.3076923076923077,2.0576923076923075
Nerlens Noel,DAL,C,30,15.733333333333333,4.366666666666666,5.6,0.6666666666666666,1.0333333333333334,0.7333333333333333,0.0,1.8333333333333333,3.5,0.7,0.9333333333333333
Nick Collison,OKC,PF,15,5.0,2.066666666666667,1.3333333333333333,0.26666666666666666,0.0,0.0,0.0,0.8666666666666667,1.2666666666666666,0.3333333333333333,0.8666666666666667
Nick Young,GSW,SG,80,17.4125,7.2625,1.5625,0.45,0.475,0.0875,1.5375,2.5125,6.1,0.7,0.8125
Nicolas Batum,CHO,SG,64,30.953125,11.5625,4.78125,5.453125,1.015625,0.359375,1.4375,4.21875,10.15625,1.6875,2.03125
Nicolás Brussino,ATL,SF,4,2.5,0.0,0.75,0.0,0.0,0.0,0.0,0.0,0.5,0.0,0.0
Nigel Hayes-Davis,3TM,SF,9,13.555555555555555,3.0,2.4444444444444446,0.6666666666666666,0.2222222222222222,0.3333333333333333,0.4444444444444444,1.2222222222222223,3.6666666666666665,0.1111111111111111,0.3333333333333333
Nik Stauskas,2TM,SG,41,12.75609756097561,4.414634146341464,1.5609756097560976,0.9512195121951219,0.21951219512195122,0.0975609756097561,0.975609756097561,1.4634146341463414,3.7560975609756095,0.5121951219512195,0.7073170731707317
Nikola Jokić,DEN,C,75,32.57333333333333,18.466666666666665,10.706666666666667,6.1066666666666665,1.2,0.8133333333333334,1.48,6.72,13.466666666666667,3.546666666666667,4.173333333333333
Nikola Mirotić,2TM,PF,55,27.163636363636364,15.618181818181819,7.363636363636363,1.4545454545454546,0.8,0.7090909090909091,2.4545454545454546,5.5636363636363635,12.436363636363636,2.036363636363636,2.4909090909090907
Nikola Vučević,ORL,C,57,29.526315789473685,16.473684210526315,9.175438596491228,3.3508771929824563,0.9824561403508771,1.087719298245614,1.1228070175438596,7.0,14.736842105263158,1.3508771929824561,1.6491228070175439
Noah Vonleh,2TM,PF,54,16.203703703703702,4.888888888888889,5.7592592592592595,0.6296296296296297,0.35185185185185186,0.3148148148148148,0.37037037037037035,1.9259259259259258,4.333333333333333,0.6666666666666666,1.0740740740740742
Norman Powell,TOR,SG,70,15.17142857142857,5.5,1.7,1.2714285714285714,0.5285714285714286,0.22857142857142856,0.7571428571428571,2.142857142857143,5.3428571428571425,0.45714285714285713,0.5571428571428572
OG Anunoby,TOR,SF,74,20.013513513513512,5.918918918918919,2.4864864864864864,0.7432432432432432,0.7027027027027027,0.1891891891891892,0.9864864864864865,2.2027027027027026,4.675675675675675,0.527027027027027,0.8378378378378378
Okaro White,MIA,PF,6,13.333333333333334,3.3333333333333335,1.8333333333333333,0.3333333333333333,0.16666666666666666,0.16666666666666666,0.6666666666666666,1.1666666666666667,2.6666666666666665,0.3333333333333333,0.5
Omari Johnson,MEM,PF,4,18.75,5.5,2.75,1.75,0.5,0.0,1.0,2.25,5.25,0.0,0.0
Omri Casspi,GSW,SF,53,13.962264150943396,5.660377358490566,3.7735849056603774,0.9622641509433962,0.33962264150943394,0.3584905660377358,0.18867924528301888,2.2641509433962264,3.9056603773584904,0.9433962264150944,1.3018867924528301
Otto Porter Jr.,WAS,SF,77,31.584415584415584,14.727272727272727,6.3896103896103895,2.038961038961039,1.5064935064935066,0.5324675324675324,1.7922077922077921,5.779220779220779,11.493506493506494,1.3766233766233766,1.6623376623376624
P.J. Tucker,HOU,PF,82,27.817073170731707,6.121951219512195,5.573170731707317,0.9390243902439024,0.9512195121951219,0.3170731707317073,1.4024390243902438,2.097560975609756,5.378048780487805,0.524390243902439,0.7317073170731707
PJ Dozier,OKC,PG,2,1.5,1.0,0.5,0.0,0.0,0.0,0.0,0.5,1.0,0.0,0.0
Pascal Siakam,TOR,PF,81,20.728395061728396,7.271604938271605,4.493827160493828,1.962962962962963,0.7654320987654321,0.5185185185185185,0.35802469135802467,3.123456790123457,6.148148148148148,0.6666666666666666,1.0740740740740742
Pat Connaughton,POR,SG,82,18.146341463414632,5.378048780487805,1.9634146341463414,1.1097560975609757,0.2804878048780488,0.2682926829268293,0.9024390243902439,2.0121951219512195,4.7560975609756095,0.45121951219512196,0.5365853658536586
Patrick Beverley,LAC,SG,11,30.363636363636363,12.181818181818182,4.090909090909091,2.909090909090909,1.7272727272727273,0.45454545454545453,2.1818181818181817,4.363636363636363,10.818181818181818,1.2727272727272727,1.5454545454545454
Patrick McCaw,GSW,SG,57,16.859649122807017,4.017543859649122,1.4385964912280702,1.4210526315789473,0.7543859649122807,0.17543859649122806,0.3333333333333333,1.6140350877192982,3.9473684210526314,0.45614035087719296,0.5964912280701754
Patrick Patterson,OKC,PF,82,15.487804878048781,3.8780487804878048,2.3536585365853657,0.6951219512195121,0.5853658536585366,0.2804878048780488,0.8048780487804879,1.2926829268292683,3.2439024390243905,0.4878048780487805,0.5609756097560976
Patty Mills,SAS,PG,82,25.695121951219512,9.987804878048781,1.8780487804878048,2.792682926829268,0.6707317073170732,0.13414634146341464,1.8780487804878048,3.4146341463414633,8.317073170731707,1.2804878048780488,1.4390243902439024
Pau Gasol,SAS,C,77,23.532467532467532,10.064935064935066,8.03896103896104,3.090909090909091,0.3116883116883117,1.025974025974026,0.5584415584415584,3.727272727272727,8.142857142857142,2.051948051948052,2.7142857142857144
Paul George,OKC,SF,79,36.59493670886076,21.949367088607595,5.658227848101266,3.329113924050633,2.037974683544304,0.4936708860759494,3.088607594936709,7.291139240506329,16.962025316455698,4.2784810126582276,5.2025316455696204
Paul Millsap,DEN,PF,38,30.07894736842105,14.605263157894736,6.447368421052632,2.763157894736842,1.0263157894736843,1.1578947368421053,1.0263157894736843,5.315789473684211,11.447368421052632,2.9473684210526314,4.2368421052631575
Paul Zipser,CHI,SF,54,15.25925925925926,4.037037037037037,2.425925925925926,0.8518518518518519,0.37037037037037035,0.2777777777777778,0.6851851851851852,1.5,4.333333333333333,0.35185185185185186,0.46296296296296297
Quincy Acy,BRK,PF,70,19.414285714285715,5.871428571428571,3.6714285714285713,0.8142857142857143,0.4714285714285714,0.4142857142857143,1.457142857142857,1.8571428571428572,5.214285714285714,0.7,0.8571428571428571
Quincy Pondexter,CHI,SF,23,8.521739130434783,1.9565217391304348,1.173913043478261,0.391304347826087,0.34782608695652173,0.08695652173913043,0.13043478260869565,0.6086956521739131,2.130434782608696,0.6086956521739131,0.7391304347826086
Quinn Cook,GSW,PG,33,22.424242424242426,9.454545454545455,2.484848484848485,2.696969696969697,0.36363636363636365,0.030303030303030304,1.393939393939394,3.696969696969697,7.636363636363637,0.6666666666666666,0.7575757575757576
R.J. Hunter,HOU,SG,5,9.0,3.8,1.0,0.6,0.6,0.0,0.6,1.4,4.0,0.4,0.4
Rajon Rondo,NOP,PG,65,26.23076923076923,8.261538461538462,4.046153846153846,8.2,1.0769230769230769,0.15384615384615385,0.7692307692307693,3.5538461538461537,7.6,0.38461538461538464,0.7076923076923077
Ramon Sessions,2TM,PG,28,14.0,4.857142857142857,1.3571428571428572,2.75,0.5,0.07142857142857142,0.2857142857142857,1.5,4.178571428571429,1.5714285714285714,2.0357142857142856
Rashad Vaughn,3TM,SG,28,7.571428571428571,2.2857142857142856,0.75,0.4642857142857143,0.17857142857142858,0.10714285714285714,0.5,0.8214285714285714,2.0,0.14285714285714285,0.21428571428571427
Raul Neto,UTA,PG,41,12.146341463414634,4.463414634146342,1.1951219512195121,1.829268292682927,0.3170731707317073,0.0975609756097561,0.4634146341463415,1.6829268292682926,3.682926829268293,0.6341463414634146,0.8536585365853658
Raymond Felton,OKC,PG,82,16.646341463414632,6.890243902439025,1.9024390243902438,2.475609756097561,0.5975609756097561,0.1951219512195122,0.9878048780487805,2.731707317073171,6.7317073170731705,0.43902439024390244,0.5365853658536586
Reggie Bullock,DET,SF,62,27.93548387096774,11.258064516129032,2.4838709677419355,1.532258064516129,0.7580645161290323,0.20967741935483872,2.0161290322580645,4.306451612903226,8.806451612903226,0.6290322580645161,0.7903225806451613
Reggie Hearn,DET,SG,3,2.3333333333333335,1.0,0.0,0.0,0.0,0.0,0.3333333333333333,0.3333333333333333,0.6666666666666666,0.0,0.0
Reggie Jackson,DET,PG,45,26.68888888888889,14.577777777777778,2.7777777777777777,5.288888888888889,0.6,0.08888888888888889,1.1555555555555554,5.466666666666667,12.822222222222223,2.488888888888889,2.977777777777778
Richard Jefferson,DEN,SF,20,8.15,1.5,0.85,0.75,0.1,0.05,0.1,0.6,1.35,0.2,0.35
Richaun Holmes,PHI,C,48,15.541666666666666,6.479166666666667,4.395833333333333,1.2708333333333333,0.4166666666666667,0.6041666666666666,0.08333333333333333,2.8125,5.020833333333333,0.7708333333333334,1.1666666666666667
Ricky Rubio,UTA,PG,77,29.272727272727273,13.090909090909092,4.558441558441558,5.324675324675325,1.5714285714285714,0.14285714285714285,1.2467532467532467,4.4935064935064934,10.74025974025974,2.857142857142857,3.2987012987012987
Robert Covington,PHI,SF,80,31.65,12.6125,5.4125,1.95,1.7125,0.9,2.5375,4.3125,10.45,1.45,1.7
Robin Lopez,CHI,C,64,26.40625,11.8125,4.53125,1.9375,0.21875,0.828125,0.0625,5.34375,10.078125,1.0625,1.40625
Rodney Hood,2TM,SG,60,26.933333333333334,14.7,2.75,1.5833333333333333,0.75,0.2,2.1166666666666667,5.366666666666666,12.516666666666667,1.85,2.15
Rodney McGruder,MIA,SG,18,16.61111111111111,5.055555555555555,1.8333333333333333,0.9444444444444444,0.4444444444444444,0.16666666666666666,0.8333333333333334,2.0,4.055555555555555,0.2222222222222222,0.4444444444444444
Rodney Purvis,ORL,SG,16,18.125,6.0,1.6875,1.0625,0.1875,0.1875,0.8125,2.1875,6.6875,0.8125,0.9375
Ron Baker,NYK,SG,29,13.275862068965518,2.4482758620689653,1.0344827586206897,1.6206896551724137,0.896551724137931,0.20689655172413793,0.3793103448275862,0.6896551724137931,2.0344827586206895,0.6896551724137931,0.896551724137931
Rondae Hollis-Jefferson,BRK,SF,68,28.235294117647058,13.911764705882353,6.75,2.4558823529411766,0.9558823529411765,0.7058823529411765,0.19117647058823528,5.029411764705882,10.647058823529411,3.661764705882353,4.647058823529412
Royce O'Neale,UTA,SF,69,16.666666666666668,4.971014492753623,3.420289855072464,1.3768115942028984,0.5217391304347826,0.2318840579710145,0.6086956521739131,1.7391304347826086,4.115942028985507,0.8840579710144928,1.1014492753623188
Rudy Gay,SAS,PF,57,21.596491228070175,11.491228070175438,5.105263157894737,1.280701754385965,0.8070175438596491,0.6666666666666666,0.6491228070175439,4.43859649122807,9.421052631578947,1.9649122807017543,2.543859649122807
Rudy Gobert,UTA,C,56,32.42857142857143,13.5,10.732142857142858,1.4285714285714286,0.7857142857142857,2.3035714285714284,0.0,4.928571428571429,7.928571428571429,3.642857142857143,5.339285714285714
Russell Westbrook,OKC,PG,80,36.425,25.35,10.05,10.25,1.8375,0.25,1.2125,9.4625,21.0875,5.2125,7.075
Ryan Anderson,HOU,PF,66,26.136363636363637,9.348484848484848,5.015151515151516,0.9090909090909091,0.36363636363636365,0.3181818181818182,1.9848484848484849,3.1363636363636362,7.2727272727272725,1.0909090909090908,1.4090909090909092
Ryan Arcidiacono,CHI,PG,24,12.666666666666666,2.0,1.0416666666666667,1.4583333333333333,0.5416666666666666,0.0,0.375,0.7083333333333334,1.7083333333333333,0.20833333333333334,0.25
Salah Mejri,DAL,C,61,11.950819672131148,3.5081967213114753,4.032786885245901,0.5737704918032787,0.36065573770491804,1.098360655737705,0.0,1.4426229508196722,2.2459016393442623,0.6229508196721312,1.0819672131147542
Sam Dekker,LAC,PF,73,12.095890410958905,4.1506849315068495,2.3835616438356166,0.5205479452054794,0.3287671232876712,0.1232876712328767,0.136986301369863,1.7534246575342465,3.547945205479452,0.5068493150684932,0.7671232876712328
Scotty Hopson,DAL,SG,1,8.0,1.0,0.0,1.0,0.0,0.0,0.0,0.0,1.0,1.0,2.0
Sean Kilpatrick,4TM,SG,52,12.307692307692308,6.346153846153846,1.6730769230769231,0.8846153846153846,0.25,0.09615384615384616,0.8846153846153846,2.1153846153846154,5.653846153846154,1.2307692307692308,1.3846153846153846
Semi Ojeleye,BOS,PF,73,15.753424657534246,2.671232876712329,2.2054794520547945,0.273972602739726,0.2876712328767123,0.0547945205479452,0.547945205479452,0.8904109589041096,2.5753424657534247,0.3424657534246575,0.5616438356164384
Serge Ibaka,TOR,PF,76,27.539473684210527,12.618421052631579,6.2894736842105265,0.8157894736842105,0.3815789473684211,1.3026315789473684,1.4078947368421053,4.9868421052631575,10.31578947368421,1.236842105263158,1.5526315789473684
Shabazz Muhammad,2TM,SG,43,9.720930232558139,4.976744186046512,1.7674418604651163,0.32558139534883723,0.20930232558139536,0.06976744186046512,0.16279069767441862,1.9534883720930232,4.372093023255814,0.9069767441860465,1.1627906976744187
Shabazz Napier,POR,PG,74,20.743243243243242,8.702702702702704,2.2972972972972974,2.027027027027027,1.0945945945945945,0.1891891891891892,1.1081081081081081,3.0135135135135136,7.175675675675675,1.5675675675675675,1.864864864864865
Shane Larkin,BOS,PG,54,14.351851851851851,4.277777777777778,1.7037037037037037,1.8148148148148149,0.5370370370370371,0.037037037037037035,0.5740740740740741,1.5555555555555556,4.055555555555555,0.5925925925925926,0.6851851851851852
Shaquille Harrison,PHO,PG,23,16.695652173913043,6.608695652173913,2.652173913043478,2.391304347826087,1.1304347826086956,0.30434782608695654,0.2608695652173913,2.5652173913043477,5.391304347826087,1.2173913043478262,1.6521739130434783
Shaun Livingston,GSW,PG,71,15.901408450704226,5.549295774647887,1.8450704225352113,1.971830985915493,0.49295774647887325,0.29577464788732394,0.0,2.4225352112676055,4.830985915492958,0.704225352112676,0.8591549295774648
Shelvin Mack,ORL,PG,69,19.782608695652176,6.855072463768116,2.4057971014492754,3.9420289855072466,0.782608695652174,0.11594202898550725,0.6956521739130435,2.579710144927536,6.0,1.0,1.4057971014492754
Sindarius Thornwell,LAC,SG,73,15.835616438356164,3.863013698630137,1.917808219178082,0.9315068493150684,0.6575342465753424,0.3424657534246575,0.3150684931506849,1.36986301369863,3.191780821917808,0.8082191780821918,1.2054794520547945
Skal Labissière,SAC,PF,60,20.666666666666668,8.716666666666667,4.8,1.2,0.4166666666666667,0.8166666666666667,0.3,3.4166666666666665,7.633333333333334,1.5833333333333333,1.9666666666666666
Solomon Hill,NOP,SF,12,15.583333333333334,2.4166666666666665,3.0,1.8333333333333333,0.5833333333333334,0.08333333333333333,0.3333333333333333,0.9166666666666666,3.4166666666666665,0.25,0.5
Spencer Dinwiddie,BRK,PG,80,28.825,12.5875,3.2375,6.55,0.85,0.2875,1.7625,4.05,10.475,2.725,3.35
Stanley Johnson,DET,SF,69,27.44927536231884,8.681159420289855,3.652173913043478,1.6231884057971016,1.3768115942028984,0.2028985507246377,0.9710144927536232,3.0434782608695654,8.115942028985508,1.6231884057971016,2.101449275362319
Stephen Curry,GSW,PG,51,31.980392156862745,26.392156862745097,5.117647058823529,6.078431372549019,1.5686274509803921,0.1568627450980392,4.1568627450980395,8.392156862745098,16.941176470588236,5.450980392156863,5.921568627450981
Sterling Brown,MIL,SG,54,14.37037037037037,4.018518518518518,2.6481481481481484,0.46296296296296297,0.5740740740740741,0.24074074074074073,0.5925925925925926,1.5185185185185186,3.7962962962962963,0.3888888888888889,0.4444444444444444
Steven Adams,OKC,C,76,32.723684210526315,13.894736842105264,9.013157894736842,1.1578947368421053,1.2105263157894737,1.0263157894736843,0.0,5.894736842105263,9.368421052631579,2.1052631578947367,3.763157894736842
T.J. Leaf,IND,PF,53,8.660377358490566,2.943396226415094,1.5471698113207548,0.16981132075471697,0.09433962264150944,0.07547169811320754,0.33962264150943394,1.2075471698113207,2.5660377358490565,0.18867924528301888,0.3018867924528302
T.J. McConnell,PHI,PG,76,22.44736842105263,6.2894736842105265,2.973684210526316,3.986842105263158,1.2105263157894737,0.17105263157894737,0.35526315789473684,2.763157894736842,5.5394736842105265,0.40789473684210525,0.5131578947368421
T.J. Warren,PHO,SF,65,32.95384615384615,19.553846153846155,5.123076923076923,1.3076923076923077,1.0,0.6307692307692307,0.3076923076923077,8.138461538461538,16.353846153846153,2.9692307692307693,3.923076923076923
Taj Gibson,MIN,PF,82,33.24390243902439,12.182926829268293,7.121951219512195,1.2073170731707317,0.7560975609756098,0.7195121951219512,0.08536585365853659,5.182926829268292,8.987804878048781,1.7317073170731707,2.2560975609756095
Tarik Black,HOU,C,51,10.509803921568627,3.5294117647058822,3.196078431372549,0.2549019607843137,0.4117647058823529,0.5882352941176471,0.0196078431372549,1.4705882352941178,2.4901960784313726,0.5686274509803921,1.2352941176470589
Taurean Prince,ATL,SF,82,30.048780487804876,14.121951219512194,4.7439024390243905,2.6097560975609757,1.0365853658536586,0.5121951219512195,2.1463414634146343,5.060975609756097,11.890243902439025,1.853658536585366,2.1951219512195124
Terrance Ferguson,OKC,SG,61,12.508196721311476,3.098360655737705,0.7704918032786885,0.3114754098360656,0.39344262295081966,0.16393442622950818,0.6557377049180327,1.1475409836065573,2.7704918032786887,0.14754098360655737,0.16393442622950818
Terrence Ross,ORL,SG,24,25.0,8.708333333333334,3.0416666666666665,1.5833333333333333,1.125,0.4583333333333333,1.25,3.1666666666666665,7.958333333333333,1.125,1.5
Terry Rozier,BOS,PG,80,25.85,11.25,4.7,2.9,1.0,0.2375,1.9125,3.95,10.0,1.4375,1.8625
Thabo Sefolosha,UTA,SF,38,21.210526315789473,8.210526315789474,4.2368421052631575,0.868421052631579,1.368421052631579,0.3157894736842105,0.8421052631578947,3.1052631578947367,6.315789473684211,1.1578947368421053,1.4210526315789473
Thaddeus Young,IND,PF,81,32.18518518518518,11.790123456790123,6.320987654320987,1.876543209876543,1.6666666666666667,0.4444444444444444,0.7160493827160493,5.197530864197531,10.666666666666666,0.6790123456790124,1.1358024691358024
Thomas Bryant,LAL,C,15,4.8,1.4666666666666666,1.1333333333333333,0.4,0.06666666666666667,0.13333333333333333,0.06666666666666667,0.5333333333333333,1.4,0.3333333333333333,0.6
Thon Maker,MIL,C,74,16.72972972972973,4.8108108108108105,3.0405405405405403,0.6216216216216216,0.5135135135135135,0.7162162162162162,0.4189189189189189,1.7567567567567568,4.27027027027027,0.8783783783783784,1.2567567567567568
Tim Frazier,WAS,PG,59,14.203389830508474,2.983050847457627,1.9491525423728813,3.288135593220339,0.7966101694915254,0.11864406779661017,0.288135593220339,1.152542372881356,2.9152542372881354,0.3898305084745763,0.5084745762711864
Tim Hardaway Jr.,NYK,SG,57,33.07017543859649,17.473684210526315,3.9298245614035086,2.719298245614035,1.087719298245614,0.17543859649122806,2.280701754385965,6.315789473684211,15.017543859649123,2.56140350877193,3.1403508771929824
Tim Quarterman,HOU,SG,3,4.333333333333333,1.3333333333333333,1.0,0.3333333333333333,0.0,0.0,0.0,0.3333333333333333,1.0,0.6666666666666666,0.6666666666666666
Timofey Mozgov,BRK,C,31,11.580645161290322,4.225806451612903,3.161290322580645,0.3548387096774194,0.16129032258064516,0.41935483870967744,0.12903225806451613,1.6774193548387097,3.0,0.7419354838709677,0.967741935483871
Timothé Luwawu-Cabarrot,PHI,SF,52,15.51923076923077,5.75,1.3846153846153846,1.0384615384615385,0.23076923076923078,0.09615384615384616,1.0192307692307692,1.9230769230769231,5.134615384615385,0.8846153846153846,1.1153846153846154
Tobias Harris,2TM,PF,80,33.35,18.575,5.4625,2.4,0.8875,0.4375,2.2875,7.025,15.2625,2.2375,2.7
Tomáš Satoranský,WAS,SG,73,22.506849315068493,7.178082191780822,3.191780821917808,3.9178082191780823,0.7123287671232876,0.2054794520547945,0.6438356164383562,2.7534246575342465,5.260273972602739,1.0273972602739727,1.3150684931506849
Tony Allen,NOP,SF,22,12.409090909090908,4.681818181818182,2.1363636363636362,0.4090909090909091,0.5,0.13636363636363635,0.18181818181818182,2.0,4.136363636363637,0.5,0.9545454545454546
Tony Bradley,UTA,C,9,3.2222222222222223,0.8888888888888888,1.2222222222222223,0.1111111111111111,0.0,0.0,0.0,0.3333333333333333,1.2222222222222223,0.2222222222222222,0.2222222222222222
Tony Parker,SAS,PG,55,19.472727272727273,7.654545454545454,1.7272727272727273,3.5454545454545454,0.509090909090909,0.01818181818181818,0.18181818181818182,3.2363636363636363,7.054545454545455,1.0,1.4181818181818182
Tony Snell,MIL,SG,75,27.373333333333335,6.88,1.88,1.3066666666666666,0.6266666666666667,0.37333333333333335,1.44,2.466666666666667,5.666666666666667,0.5066666666666667,0.64
Torrey Craig,DEN,SF,39,16.128205128205128,4.17948717948718,3.2564102564102564,0.6410256410256411,0.3076923076923077,0.38461538461538464,0.4358974358974359,1.5897435897435896,3.5128205128205128,0.5641025641025641,0.8974358974358975
Travis Wear,LAL,SF,17,13.411764705882353,4.411764705882353,2.235294117647059,0.4117647058823529,0.23529411764705882,0.29411764705882354,1.0,1.4705882352941178,4.235294117647059,0.47058823529411764,0.47058823529411764
Treveon Graham,CHO,SG,63,16.666666666666668,4.333333333333333,1.9206349206349207,0.9365079365079365,0.5238095238095238,0.031746031746031744,0.6349206349206349,1.5238095238095237,3.507936507936508,0.6507936507936508,0.9365079365079365
Trevor Ariza,HOU,SF,67,33.865671641791046,11.671641791044776,4.388059701492537,1.5671641791044777,1.462686567164179,0.19402985074626866,2.537313432835821,4.0,9.716417910447761,1.1343283582089552,1.328358208955224
Trevor Booker,3TM,PF,68,17.029411764705884,6.294117647058823,4.676470588235294,1.2058823529411764,0.4117647058823529,0.3088235294117647,0.11764705882352941,2.6029411764705883,5.044117647058823,0.9705882352941176,1.3676470588235294
Trey Burke,NYK,PG,36,21.805555555555557,12.805555555555555,1.9722222222222223,4.722222222222222,0.6666666666666666,0.1111111111111111,1.0555555555555556,5.361111111111111,10.666666666666666,1.0277777777777777,1.5833333333333333
Trey Lyles,DEN,PF,73,19.054794520547944,9.917808219178083,4.7534246575342465,1.2465753424657535,0.410958904109589,0.4657534246575342,1.1369863013698631,3.6986301369863015,7.534246575342466,1.3835616438356164,1.9589041095890412
Trey McKinney-Jones,IND,SG,1,1.0,0.0,0.0,0.0,0.0,0.0,0.0,0.0,0.0,0.0,0.0
Tristan Thompson,CLE,C,53,20.22641509433962,5.7924528301886795,6.6415094339622645,0.6226415094339622,0.3018867924528302,0.32075471698113206,0.0,2.490566037735849,4.433962264150943,0.8113207547169812,1.490566037735849
Troy Daniels,PHO,SG,79,20.531645569620252,8.89873417721519,1.6075949367088607,0.6075949367088608,0.3291139240506329,0.06329113924050633,2.3164556962025316,2.9367088607594938,7.2784810126582276,0.7088607594936709,0.810126582278481
Troy Williams,2TM,SF,21,14.619047619047619,6.333333333333333,3.0,0.7619047619047619,0.9523809523809523,0.19047619047619047,0.5238095238095238,2.4285714285714284,5.190476190476191,0.9523809523809523,1.4285714285714286
Tyler Cavanaugh,ATL,PF,39,13.282051282051283,4.6923076923076925,3.2564102564102564,0.6923076923076923,0.23076923076923078,0.10256410256410256,0.8205128205128205,1.7179487179487178,3.8974358974358974,0.4358974358974359,0.5384615384615384
Tyler Dorsey,ATL,SG,56,17.392857142857142,7.232142857142857,2.3214285714285716,1.4107142857142858,0.30357142857142855,0.08928571428571429,1.2857142857142858,2.5714285714285716,6.821428571428571,0.8035714285714286,1.125
Tyler Ennis,LAL,PG,54,12.648148148148149,4.148148148148148,1.7592592592592593,1.9444444444444444,0.5555555555555556,0.18518518518518517,0.25925925925925924,1.7407407407407407,4.148148148148148,0.4074074074074074,0.5370370370370371
Tyler Johnson,MIA,PG,72,28.5,11.708333333333334,3.4444444444444446,2.2916666666666665,0.8333333333333334,0.4722222222222222,1.6527777777777777,4.291666666666667,9.875,1.4722222222222223,1.7916666666666667
Tyler Lydon,DEN,PF,1,2.0,0.0,0.0,0.0,0.0,0.0,0.0,0.0,0.0,0.0,0.0
Tyler Ulis,PHO,PG,71,23.35211267605634,7.802816901408451,1.8028169014084507,4.380281690140845,0.9859154929577465,0.09859154929577464,0.5915492957746479,3.0140845070422535,7.76056338028169,1.1830985915492958,1.4225352112676057
Tyler Zeller,2TM,C,66,16.803030303030305,6.681818181818182,4.621212121212121,0.7121212121212122,0.22727272727272727,0.5303030303030303,0.15151515151515152,2.8333333333333335,5.0606060606060606,0.8636363636363636,1.196969696969697
Tyreke Evans,MEM,PG,52,30.903846153846153,19.423076923076923,5.096153846153846,5.173076923076923,1.0961538461538463,0.3269230769230769,2.1923076923076925,7.038461538461538,15.557692307692308,3.1538461538461537,4.019230769230769
Tyrone Wallace,LAC,PG,30,28.366666666666667,9.7,3.5,2.3666666666666667,0.9,0.43333333333333335,0.3333333333333333,3.6666666666666665,8.233333333333333,2.033333333333333,2.6
Tyson Chandler,PHO,C,46,25.02173913043478,6.521739130434782,9.08695652173913,1.1521739130434783,0.34782608695652173,0.5869565217391305,0.0,2.630434782608696,4.065217391304348,1.2608695652173914,2.0217391304347827
Tyus Jones,MIN,PG,82,17.890243902439025,5.073170731707317,1.6097560975609757,2.8292682926829267,1.1585365853658536,0.07317073170731707,0.5487804878048781,1.829268292682927,4.0,0.8658536585365854,0.9878048780487805
Udonis Haslem,MIA,C,14,5.142857142857143,0.5714285714285714,0.7142857142857143,0.35714285714285715,0.0,0.14285714285714285,0.07142857142857142,0.21428571428571427,1.0714285714285714,0.07142857142857142,0.14285714285714285
Vander Blue,LAL,SG,5,9.0,0.6,0.2,0.6,0.2,0.0,0.0,0.2,1.0,0.2,0.4
Victor Oladipo,IND,SG,75,34.026666666666664,23.133333333333333,5.2,4.306666666666667,2.36,0.76,2.1466666666666665,8.533333333333333,17.893333333333334,3.92,4.906666666666666
Vince Carter,SAC,SF,58,17.689655172413794,5.396551724137931,2.5517241379310347,1.1896551724137931,0.7241379310344828,0.4482758620689655,0.9827586206896551,1.9655172413793103,4.879310344827586,0.4827586206896552,0.6379310344827587
Vince Hunter,MEM,PF,4,1.75,1.5,0.75,0.0,0.0,0.25,0.0,0.75,1.25,0.0,0.0
Wade Baldwin,POR,PG,7,11.428571428571429,5.428571428571429,1.1428571428571428,0.7142857142857143,0.2857142857142857,0.14285714285714285,0.5714285714285714,2.0,3.0,0.8571428571428571,1.4285714285714286
Walt Lemon Jr.,NOP,PG,5,7.0,3.4,0.4,1.0,0.0,0.2,0.2,1.4,3.2,0.4,0.6
Wayne Ellington,MIA,SG,77,26.506493506493506,11.220779220779221,2.831168831168831,1.025974025974026,0.6883116883116883,0.1038961038961039,2.948051948051948,3.7012987012987013,9.090909090909092,0.8701298701298701,1.0129870129870129
Wayne Selden,MEM,SG,35,19.771428571428572,9.285714285714286,1.6,1.8857142857142857,0.5142857142857142,0.14285714285714285,1.4,3.3142857142857145,7.685714285714286,1.2571428571428571,1.6857142857142857
Wes Iwundu,ORL,SF,62,16.451612903225808,3.693548387096774,2.2096774193548385,0.9193548387096774,0.532258064516129,0.1935483870967742,0.14516129032258066,1.5,3.5161290322580645,0.5483870967741935,0.7580645161290323
Wesley Johnson,LAC,SF,74,20.08108108108108,5.445945945945946,2.918918918918919,0.8243243243243243,1.027027027027027,0.8378378378378378,0.8108108108108109,2.027027027027027,4.972972972972973,0.581081081081081,0.7837837837837838
Wesley Matthews,DAL,SF,63,33.82539682539682,12.73015873015873,3.142857142857143,2.7301587301587302,1.2063492063492063,0.25396825396825395,2.4285714285714284,4.492063492063492,11.063492063492063,1.3174603174603174,1.6031746031746033
Will Barton,DEN,SG,81,33.123456790123456,15.654320987654321,5.049382716049383,4.08641975308642,1.0123456790123457,0.6419753086419753,1.9259259259259258,5.7407407407407405,12.691358024691358,2.246913580246914,2.7901234567901234
Willie Cauley-Stein,SAC,C,73,28.0,12.767123287671232,6.986301369863014,2.356164383561644,1.0547945205479452,0.9178082191780822,0.0410958904109589,5.315068493150685,10.58904109589041,2.095890410958904,3.3835616438356166
Willie Reed,2TM,C,42,10.19047619047619,4.642857142857143,2.880952380952381,0.23809523809523808,0.21428571428571427,0.5238095238095238,0.023809523809523808,1.9285714285714286,2.880952380952381,0.7619047619047619,1.3095238095238095
Willy Hernangómez,2TM,C,48,10.3125,5.125,3.8125,0.6875,0.375,0.3333333333333333,0.10416666666666667,1.8958333333333333,3.4166666666666665,1.2291666666666667,1.875
Wilson Chandler,DEN,SF,74,31.7027027027027,9.972972972972974,5.378378378378378,2.1486486486486487,0.581081081081081,0.527027027027027,1.1891891891891893,3.7972972972972974,8.527027027027026,1.1891891891891893,1.5405405405405406
Xavier Munford,MIL,SG,6,3.5,0.5,0.16666666666666666,0.6666666666666666,0.16666666666666666,0.0,0.0,0.16666666666666666,1.0,0.16666666666666666,0.3333333333333333
Xavier Rathan-Mayes,MEM,SG,5,23.6,5.8,1.0,3.6,1.2,0.6,0.2,2.4,8.4,0.8,1.8
Xavier Silas,BOS,SG,2,3.5,0.0,1.0,0.0,0.5,0.0,0.0,0.0,1.5,0.0,0.0
Yogi Ferrell,DAL,SG,82,27.829268292682926,10.21951219512195,3.0365853658536586,2.451219512195122,0.7804878048780488,0.10975609756097561,1.6341463414634145,3.792682926829268,8.902439024390244,1.0,1.2560975609756098
Zach Collins,POR,C,66,15.833333333333334,4.424242424242424,3.3484848484848486,0.7878787878787878,0.25757575757575757,0.4696969696969697,0.5303030303030303,1.7424242424242424,4.378787878787879,0.4090909090909091,0.6363636363636364
Zach LaVine,CHI,SG,24,27.333333333333332,16.708333333333332,3.9166666666666665,3.0,1.0,0.16666666666666666,1.75,5.666666666666667,14.791666666666666,3.625,4.458333333333333
Zach Randolph,SAC,PF,59,25.559322033898304,14.525423728813559,6.728813559322034,2.152542372881356,0.711864406779661,0.1694915254237288,0.864406779661017,6.11864406779661,12.932203389830509,1.423728813559322,1.8135593220338984
Zaza Pachulia,GSW,C,69,14.08695652173913,5.405797101449275,4.6521739130434785,1.5797101449275361,0.5507246376811594,0.2463768115942029,0.0,2.1594202898550723,3.8260869565217392,1.0869565217391304,1.3478260869565217
Zhou Qi,HOU,C,18,6.888888888888889,1.2222222222222223,1.2222222222222223,0.1111111111111111,0.1111111111111111,0.7777777777777778,0.1111111111111111,0.3333333333333333,1.7777777777777777,0.4444444444444444,0.6666666666666666
Álex Abrines,OKC,SG,75,15.12,4.706666666666667,1.52,0.37333333333333335,0.5066666666666667,0.10666666666666667,1.12,1.5333333333333334,3.88,0.52,0.6133333333333333
Ömer Aşık,2TM,C,18,10.11111111111111,1.2222222222222223,2.611111111111111,0.16666666666666666,0.1111111111111111,0.2222222222222222,0.0,0.5,1.2222222222222223,0.2222222222222222,0.7222222222222222
