player,nba_team,positions,games,minutes_pg,pts_pg,reb_pg,ast_pg,stl_pg,blk_pg,fg3m_pg,fgm_pg,fga_pg,ftm_pg,fta_pg
Aaron Gordon,ORL,PF,78,33.756410256410255,15.974358974358974,7.358974358974359,3.7051282051282053,0.7307692307692307,0.717948717948718,1.5512820512820513,6.0256410256410255,13.41025641025641,2.371794871794872,3.2435897435897436
Aaron Holiday,IND,PG,50,12.92,5.88,1.34,1.74,0.42,0.26,0.86,2.1,5.24,0.82,1.0
Abdel Nader,OKC,SF,61,11.37704918032787,3.9508196721311477,1.901639344262295,0.32786885245901637,0.32786885245901637,0.19672131147540983,0.5245901639344263,1.4918032786885247,3.5245901639344264,0.4426229508196721,0.5901639344262295
Al Horford,BOS,C,68,29.014705882352942,13.602941176470589,6.735294117647059,4.161764705882353,0.8676470588235294,1.2647058823529411,1.0735294117647058,5.6911764705882355,10.632352941176471,1.1470588235294117,1.3970588235294117
Al-Farouq Aminu,POR,PF,81,28.296296296296298,9.382716049382717,7.530864197530864,1.2839506172839505,0.8395061728395061,0.4074074074074074,1.1851851851851851,3.1728395061728394,7.320987654320987,1.8518518518518519,2.1358024691358026
Alan Williams,BRK,PF,5,5.2,3.6,3.8,0.6,0.2,0.0,0.0,1.6,2.6,0.4,0.8
Alec Burks,3TM,SG,64,21.484375,8.765625,3.671875,2.0,0.609375,0.328125,0.953125,3.0,7.40625,1.8125,2.203125
Alex Caruso,LAL,PG,25,21.24,9.16,2.68,3.08,0.96,0.36,0.96,3.08,6.92,2.04,2.56
Alex Len,ATL,C,77,20.051948051948052,11.090909090909092,5.5064935064935066,1.1168831168831168,0.35064935064935066,0.8961038961038961,0.961038961038961,4.1558441558441555,8.415584415584416,1.8181818181818181,2.8051948051948052
Alex Poythress,ATL,PF,21,14.523809523809524,5.095238095238095,3.619047619047619,0.8095238095238095,0.19047619047619047,0.47619047619047616,0.42857142857142855,1.9047619047619047,3.857142857142857,0.8571428571428571,1.380952380952381
Alfonzo McKinnie,GSW,SF,72,13.930555555555555,4.680555555555555,3.4305555555555554,0.4305555555555556,0.25,0.20833333333333334,0.5833333333333334,1.8611111111111112,3.8194444444444446,0.375,0.6666666666666666
Alize Johnson,IND,PF,14,4.571428571428571,0.9285714285714286,1.3571428571428572,0.07142857142857142,0.07142857142857142,0.21428571428571427,0.07142857142857142,0.2857142857142857,1.1428571428571428,0.2857142857142857,0.5714285714285714
Allen Crabbe,BRK,SG,43,26.348837209302324,9.604651162790697,3.441860465116279,1.069767441860465,0.5348837209302325,0.3023255813953488,2.2790697674418605,3.186046511627907,8.674418604651162,0.9534883720930233,1.302325581395349
Allonzo Trier,NYK,SG,64,22.796875,10.859375,3.078125,1.859375,0.4375,0.21875,0.8125,3.625,8.09375,2.796875,3.484375
Amile Jefferson,ORL,PF,12,5.666666666666667,2.25,1.75,0.25,0.25,0.25,0.0,0.8333333333333334,1.3333333333333333,0.5833333333333334,0.6666666666666666
Amir Johnson,PHI,C,51,10.372549019607844,3.9411764705882355,2.8823529411764706,1.1764705882352942,0.3137254901960784,0.2549019607843137,0.23529411764705882,1.5490196078431373,3.0784313725490198,0.6078431372549019,0.803921568627451
Andre Drummond,DET,C,79,33.50632911392405,17.341772151898734,15.594936708860759,1.4177215189873418,1.7215189873417722,1.7468354430379747,0.06329113924050633,7.10126582278481,13.316455696202532,3.0759493670886076,5.215189873417722
Andre Iguodala,GSW,SF,68,23.205882352941178,5.720588235294118,3.7058823529411766,3.176470588235294,0.8970588235294118,0.75,0.7058823529411765,2.2205882352941178,4.4411764705882355,0.5735294117647058,0.9852941176470589
Andre Ingram,LAL,SG,4,3.75,0.0,0.5,0.0,0.25,0.0,0.0,0.0,1.5,0.0,0.0
Andrew Bogut,GSW,C,11,12.181818181818182,3.5454545454545454,5.0,1.0,0.2727272727272727,0.7272727272727273,0.0,1.6363636363636365,3.272727272727273,0.2727272727272727,0.2727272727272727
Andrew Harrison,3TM,PG,17,11.0,3.176470588235294,1.1764705882352942,1.411764705882353,0.23529411764705882,0.11764705882352941,0.29411764705882354,0.9411764705882353,3.1176470588235294,1.0,1.0588235294117647
Andrew Wiggins,MIN,SF,73,34.83561643835616,18.095890410958905,4.821917808219178,2.5205479452054793,0.958904109589041,0.6575342465753424,1.6164383561643836,6.821917808219178,16.561643835616437,2.835616438356164,4.054794520547945
Anfernee Simons,POR,SG,20,7.05,3.75,0.65,0.65,0.05,0.0,0.5,1.4,3.15,0.45,0.8
Ante Žižić,CLE,C,59,18.338983050847457,7.779661016949152,5.423728813559322,0.8983050847457628,0.22033898305084745,0.3728813559322034,0.0,3.1016949152542375,5.610169491525424,1.576271186440678,2.23728813559322
Anthony Davis,NOP,C,56,33.035714285714285,25.928571428571427,12.0,3.892857142857143,1.5714285714285714,2.4107142857142856,0.8571428571428571,9.464285714285714,18.321428571428573,6.142857142857143,7.732142857142857
Anthony Tolliver,MIN,PF,65,16.6,5.015384615384615,2.723076923076923,0.7076923076923077,0.26153846153846155,0.3230769230769231,1.2461538461538462,1.523076923076923,3.9846153846153847,0.7230769230769231,0.9230769230769231
Antonio Blakeney,CHI,SG,57,14.543859649122806,7.333333333333333,1.8596491228070176,0.7368421052631579,0.21052631578947367,0.15789473684210525,0.631578947368421,2.912280701754386,6.947368421052632,0.8771929824561403,1.3333333333333333
Aron Baynes,BOS,C,51,16.098039215686274,5.568627450980392,4.705882352941177,1.1176470588235294,0.23529411764705882,0.6666666666666666,0.4117647058823529,2.0588235294117645,4.372549019607843,1.0392156862745099,1.2156862745098038
Austin Rivers,2TM,SG,76,26.68421052631579,8.131578947368421,2.1315789473684212,2.1973684210526314,0.618421052631579,0.3026315789473684,1.368421052631579,3.0526315789473686,7.526315789473684,0.6578947368421053,1.25
Avery Bradley,2TM,SG,63,30.238095238095237,9.920634920634921,2.7777777777777777,2.4126984126984126,0.6507936507936508,0.25396825396825395,1.3650793650793651,3.9365079365079363,9.65079365079365,0.6825396825396826,0.7936507936507936
B.J. Johnson,2TM,SF,7,7.0,3.2857142857142856,1.1428571428571428,0.0,0.2857142857142857,0.0,0.42857142857142855,1.2857142857142858,2.5714285714285716,0.2857142857142857,0.2857142857142857
Bam Adebayo,MIA,C,82,23.329268292682926,8.890243902439025,7.280487804878049,2.2439024390243905,0.8658536585365854,0.7926829268292683,0.036585365853658534,3.4146341463414633,5.926829268292683,2.024390243902439,2.7560975609756095
Ben McLemore,SAC,SG,19,8.31578947368421,3.9473684210526314,0.8947368421052632,0.21052631578947367,0.3157894736842105,0.15789473684210525,0.8947368421052632,1.3157894736842106,3.3684210526315788,0.42105263157894735,0.631578947368421
Ben Simmons,PHI,PG,79,34.177215189873415,16.924050632911392,8.822784810126583,7.7215189873417724,1.4177215189873418,0.7721518987341772,0.0,6.8354430379746836,12.151898734177216,3.2531645569620253,5.417721518987341
Billy Garrett,NYK,SG,4,15.75,6.5,0.75,1.75,0.25,0.25,0.0,2.75,6.75,1.0,1.0
Bismack Biyombo,CHO,C,54,14.5,4.37037037037037,4.574074074074074,0.6111111111111112,0.2037037037037037,0.7592592592592593,0.0,1.6481481481481481,2.888888888888889,1.0740740740740742,1.6851851851851851
Blake Griffin,DET,PF,75,34.96,24.546666666666667,7.533333333333333,5.36,0.6933333333333334,0.37333333333333335,2.52,8.253333333333334,17.88,5.52,7.333333333333333
Boban Marjanović,2TM,C,58,11.741379310344827,7.275862068965517,4.568965517241379,0.9310344827586207,0.27586206896551724,0.46551724137931033,0.06896551724137931,2.7586206896551726,4.482758620689655,1.6896551724137931,2.2586206896551726
Bobby Portis,2TM,PF,50,25.98,14.2,8.06,1.44,0.7,0.4,1.5,5.58,12.56,1.54,1.94
Bogdan Bogdanović,SAC,SG,70,27.814285714285713,14.142857142857142,3.4714285714285715,3.8142857142857145,1.0285714285714285,0.21428571428571427,1.9142857142857144,5.1571428571428575,12.32857142857143,1.9142857142857144,2.3142857142857145
Bojan Bogdanović,IND,SF,81,31.765432098765434,17.950617283950617,4.111111111111111,1.9876543209876543,0.8518518518518519,0.012345679012345678,2.0246913580246915,6.444444444444445,12.975308641975309,3.037037037037037,3.765432098765432
Bonzie Colson,MIL,SF,8,12.25,4.875,3.75,0.375,0.625,0.125,0.625,1.625,4.875,1.0,1.125
Brad Wanamaker,BOS,PG,36,9.527777777777779,3.888888888888889,1.1388888888888888,1.5555555555555556,0.3333333333333333,0.05555555555555555,0.4444444444444444,1.3888888888888888,2.9166666666666665,0.6666666666666666,0.7777777777777778
Bradley Beal,WAS,SG,82,36.926829268292686,25.597560975609756,5.012195121951219,5.463414634146342,1.475609756097561,0.7073170731707317,2.548780487804878,9.317073170731707,19.621951219512194,4.414634146341464,5.463414634146342
Brandon Goodwin,DEN,PG,16,3.5625,1.4375,0.1875,0.875,0.0,0.0,0.125,0.375,1.4375,0.5625,0.6875
Brandon Ingram,LAL,SF,52,33.84615384615385,18.26923076923077,5.134615384615385,2.9615384615384617,0.5384615384615384,0.5961538461538461,0.5961538461538461,6.961538461538462,14.01923076923077,3.75,5.5576923076923075
Brandon Knight,2TM,PG,39,18.871794871794872,6.82051282051282,1.5128205128205128,1.8205128205128205,0.5384615384615384,0.05128205128205128,1.0512820512820513,2.5384615384615383,6.666666666666667,0.6923076923076923,0.8717948717948718
Brandon Sampson,CHI,SG,14,15.285714285714286,5.071428571428571,1.1428571428571428,0.7142857142857143,0.5714285714285714,0.21428571428571427,0.7857142857142857,2.0,4.285714285714286,0.2857142857142857,0.42857142857142855
Brook Lopez,MIL,C,81,28.666666666666668,12.45679012345679,4.888888888888889,1.2098765432098766,0.6296296296296297,2.2098765432098766,2.308641975308642,4.382716049382716,9.703703703703704,1.382716049382716,1.6419753086419753
Bruce Brown,DET,SG,74,19.58108108108108,4.3108108108108105,2.5,1.2297297297297298,0.5405405405405406,0.4864864864864865,0.32432432432432434,1.6891891891891893,4.243243243243243,0.6081081081081081,0.8108108108108109
Bruno Caboclo,MEM,PF,34,23.529411764705884,8.294117647058824,4.647058823529412,1.4705882352941178,0.4117647058823529,0.9705882352941176,1.411764705882353,2.823529411764706,6.617647058823529,1.2352941176470589,1.4705882352941178
Bryn Forbes,SAS,SG,82,27.963414634146343,11.792682926829269,2.9146341463414633,2.1341463414634148,0.5487804878048781,0.04878048780487805,2.1463414634146343,4.402439024390244,9.646341463414634,0.8414634146341463,0.9512195121951219
Buddy Hield,SAC,SG,82,31.890243902439025,20.670731707317074,5.024390243902439,2.5,0.7073170731707317,0.4024390243902439,3.3902439024390243,7.597560975609756,16.585365853658537,2.0853658536585367,2.3536585365853657
C.J. Miles,2TM,SF,53,16.150943396226417,6.39622641509434,1.7924528301886793,0.6792452830188679,0.49056603773584906,0.2830188679245283,1.2641509433962264,2.1132075471698113,5.867924528301887,0.9056603773584906,1.0943396226415094
C.J. Williams,MIN,SG,15,8.533333333333333,2.6,0.5333333333333333,0.8,0.4,0.0,0.3333333333333333,1.1333333333333333,2.3333333333333335,0.0,0.06666666666666667
CJ McCollum,POR,SG,70,33.92857142857143,20.97142857142857,4.0285714285714285,2.9571428571428573,0.7857142857142857,0.4,2.3857142857142857,8.157142857142857,17.757142857142856,2.2714285714285714,2.742857142857143
Caleb Swanigan,2TM,PF,21,8.476190476190476,2.0476190476190474,3.0476190476190474,0.5238095238095238,0.2857142857142857,0.047619047619047616,0.047619047619047616,0.8571428571428571,2.5238095238095237,0.2857142857142857,0.42857142857142855
Cameron Payne,2TM,PG,40,17.8,6.25,1.8,2.65,0.7,0.225,0.625,2.4,5.575,0.825,1.025
Cameron Reynolds,MIN,SG,19,13.631578947368421,5.0,1.631578947368421,0.6842105263157895,0.3157894736842105,0.10526315789473684,1.105263157894737,1.736842105263158,4.105263157894737,0.42105263157894735,0.47368421052631576
Caris LeVert,BRK,SF,40,26.575,13.675,3.775,3.9,1.05,0.35,1.2,5.175,12.075,2.125,3.075
Carmelo Anthony,HOU,PF,10,29.4,13.4,5.4,0.5,0.4,0.7,2.1,4.9,12.1,1.5,2.2
Cedi Osman,CLE,SF,76,32.1578947368421,13.039473684210526,4.697368421052632,2.5657894736842106,0.7894736842105263,0.14473684210526316,1.7105263157894737,4.7368421052631575,11.105263157894736,1.855263157894737,2.3815789473684212
Chandler Hutchison,CHI,SF,44,20.34090909090909,5.204545454545454,4.204545454545454,0.7727272727272727,0.5227272727272727,0.13636363636363635,0.3181818181818182,2.1818181818181817,4.75,0.5227272727272727,0.8636363636363636
Chandler Parsons,MEM,SF,25,19.84,7.48,2.8,1.72,0.76,0.2,1.16,2.72,7.28,0.88,1.0
Channing Frye,CLE,C,36,9.472222222222221,3.5833333333333335,1.4444444444444444,0.5555555555555556,0.16666666666666666,0.1388888888888889,0.8888888888888888,1.1944444444444444,3.25,0.3055555555555556,0.3888888888888889
Chasson Randle,WAS,PG,49,15.16326530612245,5.530612244897959,1.1428571428571428,1.9795918367346939,0.5102040816326531,0.061224489795918366,0.9387755102040817,1.8571428571428572,4.428571428571429,0.8775510204081632,1.2653061224489797
Cheick Diallo,NOP,PF,64,14.0,6.046875,5.1875,0.515625,0.453125,0.515625,0.015625,2.625,4.234375,0.78125,1.046875
Chimezie Metu,SAS,PF,29,5.0,1.7586206896551724,1.2413793103448276,0.4482758620689655,0.20689655172413793,0.06896551724137931,0.0,0.6551724137931034,2.0,0.4482758620689655,0.5862068965517241
Chris Boucher,TOR,PF,28,5.821428571428571,3.3214285714285716,2.0,0.07142857142857142,0.21428571428571427,0.8571428571428571,0.42857142857142855,1.2142857142857142,2.7142857142857144,0.4642857142857143,0.5357142857142857
Chris Chiozza,HOU,PG,7,4.714285714285714,0.8571428571428571,0.5714285714285714,0.5714285714285714,0.14285714285714285,0.14285714285714285,0.2857142857142857,0.2857142857142857,1.1428571428571428,0.0,0.0
Chris Paul,HOU,PG,58,32.01724137931034,15.620689655172415,4.568965517241379,8.155172413793103,1.9655172413793103,0.3103448275862069,2.189655172413793,5.206896551724138,12.413793103448276,3.0172413793103448,3.5
Christian Wood,2TM,PF,21,11.952380952380953,8.19047619047619,3.9523809523809526,0.38095238095238093,0.3333333333333333,0.47619047619047616,0.42857142857142855,2.9047619047619047,5.571428571428571,1.9523809523809523,2.6666666666666665
Clint Capela,HOU,C,67,33.56716417910448,16.62686567164179,12.656716417910447,1.4328358208955223,0.6567164179104478,1.5223880597014925,0.0,7.074626865671642,10.925373134328359,2.4776119402985075,3.8955223880597014
Cody Zeller,CHO,C,49,25.367346938775512,10.142857142857142,6.795918367346939,2.0816326530612246,0.7755102040816326,0.8367346938775511,0.12244897959183673,3.877551020408163,7.040816326530612,2.2653061224489797,2.877551020408163
Collin Sexton,CLE,PG,82,31.76829268292683,16.71951219512195,2.8780487804878048,2.9634146341463414,0.5365853658536586,0.07317073170731707,1.451219512195122,6.329268292682927,14.707317073170731,2.6097560975609757,3.1097560975609757
Corey Brewer,2TM,SF,31,15.870967741935484,4.870967741935484,2.4516129032258065,1.2580645161290323,1.032258064516129,0.22580645161290322,0.45161290322580644,1.7096774193548387,3.967741935483871,1.0,1.3870967741935485
Cory Joseph,IND,PG,82,25.158536585365855,6.548780487804878,3.402439024390244,3.9146341463414633,1.146341463414634,0.2682926829268293,0.6707317073170732,2.7560975609756095,6.682926829268292,0.36585365853658536,0.524390243902439
Courtney Lee,2TM,SG,34,12.588235294117647,4.0,1.588235294117647,1.088235294117647,0.6176470588235294,0.08823529411764706,0.47058823529411764,1.5588235294117647,3.7941176470588234,0.4117647058823529,0.6176470588235294
Cristiano Felício,CHI,C,60,12.433333333333334,4.0,3.6333333333333333,0.6166666666666667,0.18333333333333332,0.11666666666666667,0.0,1.5833333333333333,2.9833333333333334,0.8333333333333334,1.2166666666666666
D'Angelo Russell,BRK,PG,81,30.22222222222222,21.135802469135804,3.888888888888889,6.950617283950617,1.2345679012345678,0.24691358024691357,2.888888888888889,8.135802469135802,18.728395061728396,1.9753086419753085,2.5308641975308643
D.J. Augustin,ORL,PG,81,28.012345679012345,11.703703703703704,2.506172839506173,5.2592592592592595,0.6419753086419753,0.04938271604938271,1.617283950617284,3.925925925925926,8.358024691358025,2.234567901234568,2.580246913580247
D.J. Stephens,MEM,SG,1,7.0,2.0,0.0,0.0,1.0,0.0,0.0,1.0,2.0,0.0,0.0
D.J. Wilson,MIL,PF,48,18.375,5.833333333333333,4.625,1.0833333333333333,0.375,0.4166666666666667,0.9583333333333334,2.1666666666666665,5.229166666666667,0.5416666666666666,0.9791666666666666
Dairis Bertāns,NOP,SG,12,13.916666666666666,2.8333333333333335,0.75,0.8333333333333334,0.08333333333333333,0.0,0.8333333333333334,1.0,3.9166666666666665,0.0,0.0
Damian Jones,GSW,C,24,17.083333333333332,5.416666666666667,3.125,1.1666666666666667,0.5,1.0416666666666667,0.0,2.2083333333333335,3.0833333333333335,1.0,1.5416666666666667
Damian Lillard,POR,PG,80,35.475,25.8375,4.6375,6.8875,1.1,0.425,2.9625,8.5125,19.1625,5.85,6.4125
Damion Lee,GSW,SG,32,11.71875,4.9375,2.0,0.40625,0.40625,0.0,0.84375,1.75,3.96875,0.59375,0.6875
Damyean Dotson,NYK,SG,73,27.45205479452055,10.67123287671233,3.589041095890411,1.8493150684931507,0.7945205479452054,0.136986301369863,1.726027397260274,3.9726027397260273,9.561643835616438,1.0,1.3424657534246576
Daniel Hamilton,ATL,SG,19,10.736842105263158,3.0,2.473684210526316,1.1578947368421053,0.3157894736842105,0.05263157894736842,0.42105263157894735,1.2105263157894737,3.1578947368421053,0.15789473684210525,0.3157894736842105
Daniel Theis,BOS,C,66,13.757575757575758,5.666666666666667,3.409090909090909,1.0303030303030303,0.3181818181818182,0.6363636363636364,0.3939393939393939,2.212121212121212,4.03030303030303,0.8484848484848485,1.1515151515151516
Danilo Gallinari,LAC,SF,68,30.279411764705884,19.794117647058822,6.132352941176471,2.6176470588235294,0.7205882352941176,0.3382352941176471,2.3676470588235294,6.014705882352941,13.0,5.397058823529412,5.970588235294118
Danny Green,TOR,SG,80,27.7,10.2625,3.9625,1.575,0.9125,0.6625,2.475,3.6625,7.875,0.4625,0.55
Dante Cunningham,SAS,PF,64,14.5,3.03125,2.9375,0.78125,0.421875,0.203125,0.46875,1.171875,2.46875,0.21875,0.28125
Danté Exum,UTA,PG,42,15.80952380952381,6.857142857142857,1.619047619047619,2.619047619047619,0.3333333333333333,0.11904761904761904,0.42857142857142855,2.4047619047619047,5.738095238095238,1.619047619047619,2.0476190476190474
Danuel House Jr.,HOU,SF,39,25.102564102564102,9.384615384615385,3.58974358974359,1.0256410256410255,0.5384615384615384,0.28205128205128205,1.8974358974358974,3.0256410256410255,6.461538461538462,1.435897435897436,1.8205128205128205
Dario Šarić,2TM,PF,81,24.97530864197531,10.592592592592593,5.6419753086419755,1.5679012345679013,0.5555555555555556,0.1111111111111111,1.4567901234567902,3.753086419753086,8.592592592592593,1.6296296296296295,1.8518518518518519
Darius Miller,NOP,SF,69,25.463768115942027,8.217391304347826,1.855072463768116,2.1159420289855073,0.5797101449275363,0.3333333333333333,1.9275362318840579,2.739130434782609,7.0144927536231885,0.8115942028985508,1.0289855072463767
Darren Collison,IND,PG,76,28.19736842105263,11.223684210526315,3.0526315789473686,6.0394736842105265,1.4473684210526316,0.11842105263157894,1.0394736842105263,4.052631578947368,8.671052631578947,2.0789473684210527,2.5
Daryl Macon,DAL,SG,8,11.25,3.625,1.5,0.875,0.125,0.0,0.625,1.25,3.375,0.5,0.875
David Nwaba,CLE,SF,51,19.294117647058822,6.549019607843137,3.196078431372549,1.0588235294117647,0.7058823529411765,0.3333333333333333,0.47058823529411764,2.4705882352941178,5.137254901960785,1.1372549019607843,1.6666666666666667
Davon Reed,IND,SG,10,4.7,1.2,0.6,0.3,0.1,0.0,0.2,0.5,1.2,0.0,0.0
De'Aaron Fox,SAC,PG,81,31.432098765432098,17.271604938271604,3.753086419753086,7.283950617283951,1.6419753086419753,0.5555555555555556,1.0617283950617284,6.234567901234568,13.604938271604938,3.740740740740741,5.148148148148148
De'Anthony Melton,PHO,PG,50,19.68,5.0,2.68,3.18,1.36,0.46,0.58,2.0,5.12,0.42,0.56
DeAndre Jordan,2TM,C,69,29.666666666666668,10.985507246376812,13.072463768115941,2.260869565217391,0.6086956521739131,1.0579710144927537,0.0,4.144927536231884,6.463768115942029,2.6956521739130435,3.8260869565217392
DeAndre' Bembry,ATL,SG,82,23.548780487804876,8.378048780487806,4.365853658536586,2.4634146341463414,1.2804878048780488,0.5,0.6097560975609756,3.3536585365853657,7.512195121951219,1.0609756097560976,1.6585365853658536
DeMar DeRozan,SAS,SG,77,34.90909090909091,21.233766233766232,6.0,6.1688311688311686,1.1168831168831168,0.4675324675324675,0.09090909090909091,8.194805194805195,17.051948051948052,4.753246753246753,5.7272727272727275
DeMarcus Cousins,GSW,C,30,25.7,16.266666666666666,8.233333333333333,3.566666666666667,1.3333333333333333,1.4666666666666666,0.8666666666666667,5.933333333333334,12.366666666666667,3.533333333333333,4.8
DeMarre Carroll,BRK,PF,67,25.417910447761194,11.104477611940299,5.208955223880597,1.2686567164179106,0.4626865671641791,0.14925373134328357,1.5820895522388059,3.388059701492537,8.582089552238806,2.746268656716418,3.611940298507463
DeVaughn Akoon-Purcell,DEN,SG,7,3.142857142857143,1.0,0.5714285714285714,0.8571428571428571,0.2857142857142857,0.0,0.0,0.42857142857142855,1.4285714285714286,0.14285714285714285,0.2857142857142857
Deandre Ayton,PHO,C,71,30.746478873239436,16.323943661971832,10.267605633802816,1.7605633802816902,0.8591549295774648,0.9436619718309859,0.0,7.169014084507042,12.253521126760564,1.9859154929577465,2.6619718309859155
Delon Wright,2TM,PG,75,22.653333333333332,8.706666666666667,3.546666666666667,3.3066666666666666,1.1733333333333333,0.4,0.6666666666666666,3.2266666666666666,7.44,1.5866666666666667,2.0
Demetrius Jackson,PHI,PG,6,6.5,3.6666666666666665,0.5,0.8333333333333334,0.3333333333333333,0.0,0.3333333333333333,1.3333333333333333,2.5,0.6666666666666666,0.6666666666666666
Deng Adel,CLE,SF,19,10.210526315789474,1.6842105263157894,1.0,0.2631578947368421,0.05263157894736842,0.21052631578947367,0.3157894736842105,0.5789473684210527,1.894736842105263,0.21052631578947367,0.21052631578947367
Dennis Schröder,OKC,PG,79,29.29113924050633,15.49367088607595,3.5949367088607596,4.0886075949367084,0.8227848101265823,0.1518987341772152,1.5696202531645569,5.784810126582278,13.974683544303797,2.3544303797468356,2.8734177215189876
Dennis Smith Jr.,2TM,PG,53,28.452830188679247,13.622641509433961,2.9245283018867925,4.754716981132075,1.2641509433962264,0.37735849056603776,1.2641509433962264,5.245283018867925,12.264150943396226,1.8679245283018868,2.943396226415094
Deonte Burton,OKC,SG,32,7.5,2.5625,0.875,0.28125,0.1875,0.25,0.25,1.03125,2.5625,0.25,0.375
Derrick Favors,UTA,C,76,23.236842105263158,11.802631578947368,7.368421052631579,1.1710526315789473,0.7368421052631579,1.394736842105263,0.2236842105263158,4.776315789473684,8.144736842105264,2.026315789473684,3.0
Derrick Jones Jr.,MIA,SF,60,19.216666666666665,7.033333333333333,4.0,0.6166666666666667,0.7666666666666667,0.7,0.4666666666666667,2.6666666666666665,5.4,1.2333333333333334,2.033333333333333
Derrick Rose,MIN,PG,51,27.294117647058822,17.980392156862745,2.7450980392156863,4.313725490196078,0.6078431372549019,0.23529411764705882,1.0588235294117647,7.117647058823529,14.764705882352942,2.6862745098039214,3.1372549019607843
Derrick White,SAS,PG,67,25.791044776119403,9.895522388059701,3.6865671641791047,3.925373134328358,1.0,0.7014925373134329,0.7164179104477612,3.8805970149253732,8.104477611940299,1.4179104477611941,1.835820895522388
Devin Booker,PHO,SG,64,35.03125,26.5625,4.140625,6.765625,0.875,0.203125,2.109375,9.15625,19.609375,6.140625,7.09375
Devin Harris,DAL,PG,68,15.75,6.294117647058823,1.6470588235294117,1.7941176470588236,0.5147058823529411,0.23529411764705882,0.9117647058823529,1.9411764705882353,5.102941176470588,1.5,1.9705882352941178
Devin Robinson,WAS,SF,7,13.571428571428571,6.714285714285714,2.857142857142857,0.8571428571428571,0.5714285714285714,0.8571428571428571,0.0,2.7142857142857144,4.571428571428571,1.2857142857142858,2.0
Devonte' Graham,CHO,PG,46,14.695652173913043,4.717391304347826,1.3695652173913044,2.630434782608696,0.5,0.043478260869565216,0.7391304347826086,1.608695652173913,4.695652173913044,0.7608695652173914,1.0
Dewayne Dedmon,ATL,C,64,25.140625,10.828125,7.5,1.40625,1.078125,1.109375,1.296875,4.046875,8.21875,1.4375,1.765625
Deyonta Davis,ATL,C,9,13.11111111111111,4.0,4.0,0.5555555555555556,0.3333333333333333,0.5555555555555556,0.0,1.6666666666666667,2.4444444444444446,0.6666666666666666,1.1111111111111112
Dillon Brooks,MEM,SF,18,18.333333333333332,7.5,1.7222222222222223,0.8888888888888888,0.5555555555555556,0.2222222222222222,0.8333333333333334,2.7222222222222223,6.777777777777778,1.2222222222222223,1.6666666666666667
Dion Waiters,MIA,SG,44,25.863636363636363,11.977272727272727,2.6363636363636362,2.75,0.6590909090909091,0.20454545454545456,2.477272727272727,4.5,10.863636363636363,0.5,1.0
Dirk Nowitzki,DAL,PF,51,15.588235294117647,7.313725490196078,3.0980392156862746,0.6862745098039216,0.17647058823529413,0.35294117647058826,1.2549019607843137,2.6470588235294117,7.372549019607843,0.7647058823529411,0.9803921568627451
Domantas Sabonis,IND,C,74,24.83783783783784,14.094594594594595,9.324324324324325,2.864864864864865,0.6486486486486487,0.40540540540540543,0.12162162162162163,5.581081081081081,9.45945945945946,2.810810810810811,3.9324324324324325
Donatas Motiejūnas,SAS,PF,3,4.333333333333333,2.0,1.0,0.3333333333333333,0.0,0.3333333333333333,0.0,1.0,2.0,0.0,0.6666666666666666
Donovan Mitchell,UTA,SG,77,33.74025974025974,23.753246753246753,4.103896103896104,4.181818181818182,1.3766233766233766,0.4025974025974026,2.4415584415584415,8.584415584415584,19.87012987012987,4.142857142857143,5.142857142857143
Donte DiVincenzo,MIL,SG,27,15.222222222222221,4.851851851851852,2.4074074074074074,1.1481481481481481,0.48148148148148145,0.2222222222222222,0.8148148148148148,1.8518518518518519,4.592592592592593,0.3333333333333333,0.4444444444444444
Donte Grantham,OKC,SF,3,0.6666666666666666,0.0,0.0,0.0,0.0,0.0,0.0,0.0,0.6666666666666666,0.0,0.0
Dorian Finney-Smith,DAL,SF,81,24.506172839506174,7.506172839506172,4.802469135802469,1.1728395061728396,0.8518518518518519,0.4444444444444444,0.9753086419753086,2.814814814814815,6.518518518518518,0.9012345679012346,1.271604938271605
Doug McDermott,IND,SF,77,17.4025974025974,7.324675324675325,1.4155844155844155,0.8701298701298701,0.23376623376623376,0.1038961038961039,1.0909090909090908,2.688311688311688,5.48051948051948,0.8571428571428571,1.025974025974026
Dragan Bender,PHO,PF,46,17.956521739130434,5.0,3.9782608695652173,1.2173913043478262,0.391304347826087,0.4782608695652174,0.4782608695652174,1.9130434782608696,4.282608695652174,0.6956521739130435,1.173913043478261
Draymond Green,GSW,PF,66,31.28787878787879,7.363636363636363,7.287878787878788,6.878787878787879,1.4393939393939394,1.0606060606060606,0.7121212121212122,2.8484848484848486,6.393939393939394,0.9545454545454546,1.378787878787879
Drew Eubanks,SAS,PF,23,4.913043478260869,1.7826086956521738,1.4782608695652173,0.30434782608695654,0.08695652173913043,0.21739130434782608,0.0,0.6521739130434783,1.1304347826086956,0.4782608695652174,0.5652173913043478
Duncan Robinson,MIA,SF,15,10.733333333333333,3.3333333333333335,1.2666666666666666,0.3333333333333333,0.3333333333333333,0.0,0.6666666666666666,1.2,3.066666666666667,0.26666666666666666,0.4
Dusty Hannahs,MEM,SG,2,13.0,4.0,0.5,2.5,0.5,0.0,0.0,1.5,6.0,1.0,1.0
Dwayne Bacon,CHO,SG,43,17.651162790697676,7.348837209302325,2.0697674418604652,1.0930232558139534,0.27906976744186046,0.11627906976744186,0.8837209302325582,2.8372093023255816,5.976744186046512,0.7906976744186046,1.069767441860465
Dwight Howard,WAS,C,9,25.555555555555557,12.777777777777779,9.222222222222221,0.4444444444444444,0.7777777777777778,0.4444444444444444,0.0,4.777777777777778,7.666666666666667,3.2222222222222223,5.333333333333333
Dwight Powell,DAL,C,77,21.584415584415584,10.584415584415584,5.337662337662338,1.4545454545454546,0.5714285714285714,0.6493506493506493,0.5064935064935064,3.7662337662337664,6.311688311688312,2.5454545454545454,3.2987012987012987
Dwyane Wade,MIA,SG,72,26.180555555555557,15.041666666666666,3.9583333333333335,4.180555555555555,0.8194444444444444,0.5277777777777778,1.1944444444444444,5.777777777777778,13.333333333333334,2.2916666666666665,3.236111111111111
Dāvis Bertāns,SAS,PF,76,21.473684210526315,7.973684210526316,3.473684210526316,1.3157894736842106,0.4605263157894737,0.4342105263157895,1.9078947368421053,2.6842105263157894,5.9605263157894735,0.6973684210526315,0.7894736842105263
Džanan Musa,BRK,SG,9,4.333333333333333,2.111111111111111,0.5555555555555556,0.2222222222222222,0.2222222222222222,0.0,0.1111111111111111,1.0,2.4444444444444446,0.0,0.2222222222222222
E'Twaun Moore,NOP,SG,53,27.60377358490566,11.943396226415095,2.3962264150943398,1.9245283018867925,0.7547169811320755,0.1509433962264151,1.4339622641509433,4.830188679245283,10.037735849056604,0.8490566037735849,1.1132075471698113
Ed Davis,BRK,C,81,17.85185185185185,5.827160493827161,8.567901234567902,0.7530864197530864,0.43209876543209874,0.4074074074074074,0.0,2.2962962962962963,3.728395061728395,1.2345679012345678,2.0
Edmond Sumner,IND,PG,23,9.130434782608695,2.869565217391304,1.0434782608695652,0.43478260869565216,0.5217391304347826,0.21739130434782608,0.30434782608695654,0.9565217391304348,2.782608695652174,0.6521739130434783,1.0434782608695652
Ekpe Udoh,UTA,C,51,6.2745098039215685,2.3333333333333335,1.7647058823529411,0.5490196078431373,0.19607843137254902,0.6078431372549019,0.0,0.9803921568627451,1.411764705882353,0.37254901960784315,0.5882352941176471
Elfrid Payton,NOP,PG,42,29.761904761904763,10.619047619047619,5.238095238095238,7.619047619047619,1.0476190476190477,0.40476190476190477,0.7857142857142857,4.261904761904762,9.80952380952381,1.3095238095238095,1.7619047619047619
Elie Okobo,PHO,PG,53,18.07547169811321,5.735849056603773,1.849056603773585,2.3962264150943398,0.6037735849056604,0.1320754716981132,0.7358490566037735,2.150943396226415,5.471698113207547,0.6981132075471698,0.8867924528301887
Emanuel Terry,2TM,PF,3,7.666666666666667,3.3333333333333335,2.3333333333333335,0.6666666666666666,1.0,0.0,0.0,1.3333333333333333,2.3333333333333335,0.6666666666666666,1.3333333333333333
Emmanuel Mudiay,NYK,PG,59,27.23728813559322,14.796610169491526,3.3220338983050848,3.864406779661017,0.7288135593220338,0.3220338983050847,1.1694915254237288,5.593220338983051,12.542372881355933,2.440677966101695,3.152542372881356
Enes Freedom,2TM,C,67,24.47761194029851,13.656716417910447,9.835820895522389,1.7313432835820894,0.47761194029850745,0.3880597014925373,0.14925373134328357,5.597014925373134,10.194029850746269,2.3134328358208953,2.9402985074626864
Eric Bledsoe,MIL,PG,78,29.128205128205128,15.91025641025641,4.641025641025641,5.512820512820513,1.4871794871794872,0.3717948717948718,1.5897435897435896,6.0256410256410255,12.448717948717949,2.269230769230769,3.0256410256410255
Eric Gordon,HOU,SG,68,31.735294117647058,16.220588235294116,2.176470588235294,1.8970588235294117,0.6029411764705882,0.39705882352941174,3.176470588235294,5.647058823529412,13.794117647058824,1.75,2.235294117647059
Eric Moreland,2TM,PF,5,8.6,1.4,4.0,0.8,0.2,0.2,0.2,0.6,1.4,0.0,0.0
Ersan İlyasova,MIL,PF,67,18.37313432835821,6.7611940298507465,4.507462686567164,0.7761194029850746,0.47761194029850745,0.29850746268656714,0.8656716417910447,2.4925373134328357,5.686567164179104,0.9104477611940298,1.1044776119402986
Evan Fournier,ORL,SG,81,31.51851851851852,15.135802469135802,3.185185185185185,3.6419753086419755,0.8765432098765432,0.14814814814814814,1.8888888888888888,5.777777777777778,13.197530864197532,1.691358024691358,2.0987654320987654
Evan Turner,POR,PG,73,21.986301369863014,6.767123287671233,4.493150684931507,3.8767123287671232,0.4520547945205479,0.2465753424657534,0.1506849315068493,2.7945205479452055,6.068493150684931,1.0273972602739727,1.452054794520548
Frank Jackson,NOP,PG,61,19.16393442622951,8.114754098360656,2.19672131147541,1.1311475409836065,0.4098360655737705,0.03278688524590164,0.8688524590163934,3.180327868852459,7.327868852459017,0.8852459016393442,1.1967213114754098
Frank Kaminsky,CHO,C,47,16.06382978723404,8.617021276595745,3.4680851063829787,1.3404255319148937,0.2553191489361702,0.2553191489361702,1.0638297872340425,2.9361702127659575,6.340425531914893,1.6808510638297873,2.276595744680851
Frank Mason III,SAC,PG,38,11.447368421052632,5.131578947368421,1.131578947368421,2.210526315789474,0.42105263157894735,0.10526315789473684,0.3684210526315789,1.868421052631579,4.447368421052632,1.0263157894736843,1.5
Frank Ntilikina,NYK,PG,43,21.023255813953487,5.72093023255814,2.0232558139534884,2.813953488372093,0.6976744186046512,0.32558139534883723,0.7674418604651163,2.2093023255813953,6.558139534883721,0.5348837209302325,0.6976744186046512
Fred VanVleet,TOR,PG,64,27.5,10.953125,2.609375,4.796875,0.890625,0.3125,1.75,3.84375,9.375,1.515625,1.796875
Furkan Korkmaz,PHI,SG,48,14.145833333333334,5.8125,2.2291666666666665,1.0833333333333333,0.6041666666666666,0.041666666666666664,0.9791666666666666,2.0416666666666665,5.104166666666667,0.75,0.9166666666666666
Garrett Temple,2TM,SG,75,27.2,7.8133333333333335,2.88,1.4133333333333333,1.0133333333333334,0.4,1.2,2.7733333333333334,6.573333333333333,1.0666666666666667,1.4266666666666667
Gary Clark,HOU,PF,51,12.568627450980392,2.9019607843137254,2.2745098039215685,0.35294117647058826,0.39215686274509803,0.5098039215686274,0.803921568627451,0.9803921568627451,2.9607843137254903,0.13725490196078433,0.13725490196078433
Gary Harris,DEN,SG,57,28.75438596491228,12.929824561403509,2.807017543859649,2.2280701754385963,0.9649122807017544,0.3333333333333333,1.4385964912280702,4.7368421052631575,11.175438596491228,2.017543859649123,2.526315789473684
Gary Payton II,WAS,PG,3,5.333333333333333,3.6666666666666665,0.6666666666666666,1.3333333333333333,1.0,0.3333333333333333,0.3333333333333333,1.6666666666666667,2.6666666666666665,0.0,0.0
Gary Trent Jr.,POR,SG,15,7.4,2.6666666666666665,0.7333333333333333,0.3333333333333333,0.06666666666666667,0.13333333333333333,0.3333333333333333,1.0666666666666667,3.3333333333333335,0.2,0.4666666666666667
George Hill,2TM,PG,60,21.7,7.633333333333334,2.466666666666667,2.25,0.8666666666666667,0.13333333333333333,0.8,2.8333333333333335,6.266666666666667,1.1666666666666667,1.4166666666666667
George King,PHO,SF,1,6.0,0.0,1.0,0.0,0.0,0.0,0.0,0.0,0.0,0.0,0.0
Georges Niang,UTA,PF,59,8.745762711864407,3.983050847457627,1.4745762711864407,0.5932203389830508,0.1694915254237288,0.1016949152542373,0.7288135593220338,1.4576271186440677,3.0677966101694913,0.3389830508474576,0.4067796610169492
Gerald Green,HOU,SG,73,20.17808219178082,9.246575342465754,2.493150684931507,0.547945205479452,0.4520547945205479,0.3698630136986301,2.136986301369863,3.164383561643836,7.917808219178082,0.7808219178082192,0.9315068493150684
Giannis Antetokounmpo,MIL,PF,72,32.75,27.694444444444443,12.472222222222221,5.888888888888889,1.2777777777777777,1.5277777777777777,0.7222222222222222,10.01388888888889,17.319444444444443,6.944444444444445,9.527777777777779
Glenn Robinson III,DET,SF,47,12.97872340425532,4.212765957446808,1.5106382978723405,0.44680851063829785,0.2978723404255319,0.1702127659574468,0.3829787234042553,1.574468085106383,3.74468085106383,0.6808510638297872,0.851063829787234
Goran Dragić,MIA,PG,36,27.52777777777778,13.722222222222221,3.0833333333333335,4.833333333333333,0.8333333333333334,0.1388888888888889,1.5833333333333333,4.972222222222222,12.027777777777779,2.1944444444444446,2.8055555555555554
Gordon Hayward,BOS,PF,72,25.875,11.458333333333334,4.472222222222222,3.388888888888889,0.8611111111111112,0.3194444444444444,1.0694444444444444,4.111111111111111,8.819444444444445,2.1666666666666665,2.5972222222222223
Gorgui Dieng,MIN,C,76,13.56578947368421,6.381578947368421,4.092105263157895,0.9473684210526315,0.631578947368421,0.5394736842105263,0.25,2.486842105263158,4.9605263157894735,1.1578947368421053,1.394736842105263
Grayson Allen,UTA,SG,38,10.947368421052632,5.552631578947368,0.6052631578947368,0.6578947368421053,0.15789473684210525,0.15789473684210525,0.8421052631578947,1.763157894736842,4.684210526315789,1.1842105263157894,1.5789473684210527
Greg Monroe,3TM,C,43,11.162790697674419,5.348837209302325,4.0,0.5581395348837209,0.32558139534883723,0.18604651162790697,0.023255813953488372,2.13953488372093,4.395348837209302,1.0465116279069768,1.6744186046511629
Guerschon Yabusele,BOS,PF,41,6.121951219512195,2.292682926829268,1.2926829268292683,0.36585365853658536,0.1951219512195122,0.17073170731707318,0.21951219512195122,0.8536585365853658,1.8780487804878048,0.36585365853658536,0.5365853658536586
Hamidou Diallo,OKC,SG,51,10.313725490196079,3.7254901960784315,1.9019607843137254,0.3333333333333333,0.4117647058823529,0.19607843137254902,0.0784313725490196,1.4705882352941178,3.235294117647059,0.7058823529411765,1.1568627450980393
Harrison Barnes,2TM,PF,77,32.896103896103895,16.428571428571427,4.688311688311688,1.4935064935064934,0.6493506493506493,0.16883116883116883,2.25974025974026,5.597402597402597,13.337662337662337,2.9740259740259742,3.6103896103896105
Harry Giles,SAC,PF,58,14.137931034482758,7.0344827586206895,3.8275862068965516,1.4655172413793103,0.5344827586206896,0.3793103448275862,0.0,3.0172413793103448,6.0,1.0,1.5689655172413792
Hassan Whiteside,MIA,C,72,23.25,12.319444444444445,11.347222222222221,0.7777777777777778,0.6388888888888888,1.8888888888888888,0.027777777777777776,5.388888888888889,9.444444444444445,1.5138888888888888,3.375
Haywood Highsmith,PHI,SF,5,8.0,1.8,1.0,0.4,0.2,0.0,0.2,0.8,2.0,0.0,0.4
Henry Ellenson,2TM,PF,19,13.631578947368421,6.0,3.473684210526316,0.8421052631578947,0.3684210526315789,0.10526315789473684,0.8947368421052632,2.0526315789473686,5.0,1.0,1.3157894736842106
Ian Clark,NOP,SG,60,16.216666666666665,6.683333333333334,1.4833333333333334,1.5666666666666667,0.36666666666666664,0.13333333333333333,1.1,2.5166666666666666,6.383333333333334,0.55,0.6166666666666667
Ian Mahinmi,WAS,C,34,14.647058823529411,4.088235294117647,3.764705882352941,0.7352941176470589,0.7352941176470589,0.47058823529411764,0.08823529411764706,1.3823529411764706,3.0588235294117645,1.2352941176470589,1.7941176470588236
Ike Anigbogu,IND,C,3,2.0,0.0,1.0,0.3333333333333333,0.0,0.3333333333333333,0.0,0.0,1.0,0.0,0.0
Iman Shumpert,2TM,SG,62,23.887096774193548,7.5,2.9516129032258065,1.8064516129032258,0.9516129032258065,0.3870967741935484,1.532258064516129,2.693548387096774,7.193548387096774,0.5806451612903226,0.7258064516129032
Isaac Bonga,LAL,PG,22,5.454545454545454,0.8636363636363636,1.1363636363636365,0.6818181818181818,0.4090909090909091,0.18181818181818182,0.0,0.22727272727272727,1.5,0.4090909090909091,0.6818181818181818
Isaac Humphries,ATL,C,5,11.2,3.0,2.2,0.0,0.2,0.0,0.6,1.2,4.2,0.0,0.0
Isaiah Briscoe,ORL,PG,39,14.333333333333334,3.4871794871794872,1.8974358974358974,2.230769230769231,0.28205128205128205,0.05128205128205128,0.28205128205128205,1.4102564102564104,3.5384615384615383,0.38461538461538464,0.6666666666666666
Isaiah Canaan,3TM,PG,30,20.966666666666665,6.033333333333333,1.9333333333333333,2.8,0.4666666666666667,0.06666666666666667,1.1333333333333333,2.1333333333333333,5.466666666666667,0.6333333333333333,0.8
Isaiah Hartenstein,HOU,PF,28,7.892857142857143,1.8928571428571428,1.6785714285714286,0.5357142857142857,0.25,0.42857142857142855,0.07142857142857142,0.7142857142857143,1.4642857142857142,0.39285714285714285,0.5
Isaiah Hicks,NYK,PF,3,10.666666666666666,4.0,2.3333333333333335,0.6666666666666666,0.3333333333333333,1.0,0.0,1.3333333333333333,2.6666666666666665,1.3333333333333333,1.6666666666666667
Isaiah Thomas,DEN,SG,12,15.083333333333334,8.083333333333334,1.0833333333333333,1.9166666666666667,0.4166666666666667,0.08333333333333333,1.0,2.8333333333333335,8.25,1.4166666666666667,2.25
Ish Smith,DET,PG,56,22.339285714285715,8.946428571428571,2.5892857142857144,3.625,0.5,0.19642857142857142,0.7857142857142857,3.6607142857142856,8.732142857142858,0.8392857142857143,1.1071428571428572
Ivan Rabb,MEM,PF,49,14.714285714285714,5.795918367346939,4.204081632653061,1.1020408163265305,0.3469387755102041,0.2857142857142857,0.061224489795918366,2.36734693877551,4.326530612244898,1.0,1.4081632653061225
Ivica Zubac,2TM,C,59,17.627118644067796,8.898305084745763,6.135593220338983,1.0677966101694916,0.23728813559322035,0.864406779661017,0.0,3.593220338983051,6.423728813559322,1.7118644067796611,2.135593220338983
J.J. Barea,DAL,PG,38,19.789473684210527,10.921052631578947,2.5,5.552631578947368,0.5789473684210527,0.02631578947368421,1.0,4.2368421052631575,10.131578947368421,1.4473684210526316,2.0526315789473686
J.P. Macura,CHO,SG,2,8.5,3.0,1.5,1.0,0.0,0.0,0.0,1.5,4.5,0.0,0.0
J.R. Smith,CLE,SG,11,20.181818181818183,6.7272727272727275,1.6363636363636365,1.9090909090909092,1.0,0.2727272727272727,1.0909090909090908,2.4545454545454546,7.181818181818182,0.7272727272727273,0.9090909090909091
JJ Redick,PHI,SG,76,31.30263157894737,18.05263157894737,2.4473684210526314,2.710526315789474,0.42105263157894735,0.2236842105263158,3.1578947368421053,5.947368421052632,13.513157894736842,3.0,3.3552631578947367
JaKarr Sampson,CHI,SF,4,31.75,20.0,8.0,1.0,1.0,0.75,1.25,7.25,13.5,4.25,5.25
JaMychal Green,2TM,PF,65,21.092307692307692,9.4,6.292307692307692,0.7692307692307693,0.6923076923076923,0.5230769230769231,1.0923076923076922,3.5384615384615383,7.323076923076923,1.2307692307692308,1.5538461538461539
JaVale McGee,LAL,C,75,22.28,11.96,7.546666666666667,0.6933333333333334,0.6266666666666667,1.9733333333333334,0.013333333333333334,5.333333333333333,8.546666666666667,1.28,2.026666666666667
Jabari Parker,2TM,PF,64,26.9375,14.53125,6.578125,2.375,0.71875,0.46875,0.953125,5.765625,11.703125,2.046875,2.875
Jacob Evans,GSW,SG,30,6.8,1.3333333333333333,0.8333333333333334,0.7666666666666667,0.16666666666666666,0.1,0.13333333333333333,0.6,1.7666666666666666,0.0,0.03333333333333333
Jae Crowder,UTA,SF,80,27.075,11.8875,4.8,1.6625,0.8,0.3875,2.1625,3.975,9.9625,1.775,2.4625
Jahlil Okafor,NOP,C,59,15.847457627118644,8.203389830508474,4.711864406779661,0.6779661016949152,0.2542372881355932,0.6779661016949152,0.01694915254237288,3.593220338983051,6.135593220338983,1.0,1.5084745762711864
Jake Layman,POR,SF,71,18.690140845070424,7.619718309859155,3.056338028169014,0.7464788732394366,0.43661971830985913,0.4225352112676056,0.8309859154929577,3.0422535211267605,5.971830985915493,0.704225352112676,1.0
Jakob Poeltl,SAS,C,77,16.532467532467532,5.4935064935064934,5.324675324675325,1.2077922077922079,0.37662337662337664,0.8831168831168831,0.0,2.4285714285714284,3.7662337662337664,0.6363636363636364,1.1948051948051948
Jalen Brunson,DAL,PG,73,21.794520547945204,9.287671232876713,2.315068493150685,3.1506849315068495,0.5068493150684932,0.0547945205479452,0.863013698630137,3.6164383561643834,7.739726027397261,1.1917808219178083,1.643835616438356
Jalen Jones,CLE,SF,16,13.375,5.0625,2.125,0.4375,0.5625,0.125,0.625,1.625,3.875,1.1875,1.6875
Jamal Crawford,PHO,SG,64,18.921875,7.9375,1.328125,3.578125,0.515625,0.1875,1.046875,2.71875,6.84375,1.453125,1.71875
Jamal Murray,DEN,PG,75,32.626666666666665,18.226666666666667,4.226666666666667,4.84,0.8933333333333333,0.36,2.026666666666667,6.84,15.64,2.52,2.973333333333333
James Ennis III,2TM,SF,58,21.20689655172414,6.706896551724138,3.1379310344827585,0.7068965517241379,0.7068965517241379,0.39655172413793105,0.9482758620689655,2.3793103448275863,5.068965517241379,1.0,1.396551724137931
James Harden,HOU,PG,78,36.756410256410255,36.12820512820513,6.641025641025641,7.512820512820513,2.0256410256410255,0.7435897435897436,4.846153846153846,10.807692307692308,24.474358974358974,9.666666666666666,11.0
James Johnson,MIA,PF,55,21.163636363636364,7.781818181818182,3.2,2.4545454545454546,0.6363636363636364,0.4909090909090909,0.9090909090909091,2.981818181818182,6.890909090909091,0.9090909090909091,1.2727272727272727
James Nunnally,2TM,SF,15,6.8,2.4,0.3333333333333333,0.4666666666666667,0.06666666666666667,0.0,0.5333333333333333,0.8,2.2666666666666666,0.26666666666666666,0.26666666666666666
Jared Dudley,BRK,PF,59,20.677966101694917,4.864406779661017,2.6271186440677967,1.4067796610169492,0.6101694915254238,0.2711864406779661,0.8983050847457628,1.7118644067796611,4.0508474576271185,0.5423728813559322,0.7796610169491526
Jared Terrell,MIN,SG,14,7.928571428571429,2.2142857142857144,0.42857142857142855,0.8571428571428571,0.21428571428571427,0.14285714285714285,0.2857142857142857,0.8571428571428571,2.7857142857142856,0.21428571428571427,0.42857142857142855
Jarell Martin,ORL,PF,42,7.809523809523809,2.738095238095238,1.7380952380952381,0.42857142857142855,0.07142857142857142,0.19047619047619047,0.47619047619047616,1.0238095238095237,2.4761904761904763,0.21428571428571427,0.2619047619047619
Jaren Jackson Jr.,MEM,PF,58,26.120689655172413,13.758620689655173,4.689655172413793,1.103448275862069,0.896551724137931,1.4137931034482758,0.8793103448275862,5.137931034482759,10.155172413793103,2.603448275862069,3.396551724137931
Jaron Blossomgame,CLE,SF,27,16.25925925925926,4.222222222222222,3.6296296296296298,0.48148148148148145,0.25925925925925924,0.2962962962962963,0.37037037037037035,1.7407407407407407,3.925925925925926,0.37037037037037035,0.48148148148148145
Jarred Vanderbilt,DEN,PF,17,4.0588235294117645,1.411764705882353,1.3529411764705883,0.17647058823529413,0.35294117647058826,0.058823529411764705,0.0,0.5294117647058824,1.1176470588235294,0.35294117647058826,0.5882352941176471
Jarrett Allen,BRK,C,80,26.2,10.9125,8.4,1.375,0.5375,1.5,0.075,4.1875,7.1,2.4625,3.475
Jason Smith,3TM,C,20,9.5,3.25,2.6,0.7,0.15,0.35,0.45,1.05,2.95,0.7,0.8
Jawun Evans,2TM,PG,8,8.125,0.75,1.5,1.25,0.375,0.0,0.0,0.375,1.75,0.0,0.0
Jaylen Adams,ATL,PG,34,12.588235294117647,3.176470588235294,1.7647058823529411,1.911764705882353,0.4117647058823529,0.14705882352941177,0.7352941176470589,1.1176470588235294,3.235294117647059,0.20588235294117646,0.2647058823529412
Jaylen Brown,BOS,SG,74,25.85135135135135,13.027027027027026,4.22972972972973,1.3513513513513513,0.9324324324324325,0.43243243243243246,1.2837837837837838,4.972972972972973,10.702702702702704,1.7972972972972974,2.72972972972973
Jaylen Morris,MIL,SG,4,7.25,2.5,1.25,1.0,0.5,0.0,0.25,1.0,2.5,0.25,0.5
Jayson Tatum,BOS,SF,79,31.075949367088608,15.734177215189874,6.037974683544304,2.1265822784810124,1.0632911392405062,0.7215189873417721,1.4683544303797469,5.89873417721519,13.113924050632912,2.4683544303797467,2.8860759493670884
Jeff Green,WAS,PF,77,27.233766233766232,12.285714285714286,4.012987012987013,1.7792207792207793,0.5584415584415584,0.5064935064935064,1.4415584415584415,4.233766233766234,8.922077922077921,2.3766233766233764,2.675324675324675
Jeff Teague,MIN,PG,42,30.095238095238095,12.142857142857142,2.5238095238095237,8.166666666666666,1.0238095238095237,0.42857142857142855,0.8333333333333334,4.190476190476191,9.904761904761905,2.9285714285714284,3.642857142857143
Jemerrio Jones,LAL,SF,6,23.833333333333332,4.5,8.166666666666666,2.1666666666666665,1.1666666666666667,0.8333333333333334,0.3333333333333333,2.0,5.5,0.16666666666666666,0.3333333333333333
Jerami Grant,OKC,PF,80,32.65,13.625,5.2125,0.9875,0.7625,1.25,1.4375,5.1125,10.2875,1.9625,2.7625
Jeremy Lamb,CHO,SG,79,28.481012658227847,15.291139240506329,5.493670886075949,2.1772151898734178,1.1139240506329113,0.4050632911392405,1.4556962025316456,5.455696202531645,12.39240506329114,2.9240506329113924,3.2911392405063293
Jeremy Lin,2TM,PG,74,19.405405405405407,9.554054054054054,2.418918918918919,3.1216216216216215,0.6351351351351351,0.17567567567567569,0.7432432432432432,3.2162162162162162,7.3108108108108105,2.3783783783783785,2.8378378378378377
Jerian Grant,ORL,PG,60,15.65,4.166666666666667,1.6333333333333333,2.6,0.7333333333333333,0.1,0.6666666666666666,1.5333333333333334,3.6666666666666665,0.43333333333333335,0.6666666666666666
Jerome Robinson,LAC,SG,33,9.696969696969697,3.393939393939394,1.2424242424242424,0.5757575757575758,0.3333333333333333,0.09090909090909091,0.5454545454545454,1.3333333333333333,3.3333333333333335,0.18181818181818182,0.2727272727272727
Jerryd Bayless,MIN,PG,34,19.323529411764707,6.147058823529412,1.8235294117647058,3.5,0.5294117647058824,0.058823529411764705,0.8529411764705882,2.411764705882353,6.764705882352941,0.47058823529411764,0.8235294117647058
Jevon Carter,MEM,PG,39,14.794871794871796,4.410256410256411,1.6923076923076923,1.7692307692307692,0.6666666666666666,0.28205128205128205,0.8717948717948718,1.435897435897436,4.743589743589744,0.6666666666666666,0.8205128205128205
Jimmer Fredette,PHO,SG,6,10.833333333333334,3.6666666666666665,1.1666666666666667,1.3333333333333333,0.5,0.0,0.0,1.3333333333333333,4.833333333333333,1.0,1.0
Jimmy Butler,2TM,SG,65,33.61538461538461,18.692307692307693,5.2615384615384615,4.046153846153846,1.8923076923076922,0.6,1.0307692307692307,6.430769230769231,13.907692307692308,4.8,5.615384615384615
Joakim Noah,MEM,C,42,16.5,7.095238095238095,5.666666666666667,2.119047619047619,0.47619047619047616,0.7380952380952381,0.0,2.619047619047619,5.071428571428571,1.8571428571428572,2.5952380952380953
Jodie Meeks,TOR,SG,8,13.0,6.375,1.5,1.0,0.125,0.125,1.0,2.625,4.875,0.125,0.125
Joe Chealey,CHO,PG,1,8.0,2.0,0.0,1.0,0.0,0.0,0.0,1.0,3.0,0.0,0.0
Joe Harris,BRK,SG,76,30.17105263157895,13.697368421052632,3.8289473684210527,2.3815789473684212,0.5,0.2236842105263158,2.4078947368421053,4.921052631578948,9.842105263157896,1.4473684210526316,1.75
Joe Ingles,UTA,PF,82,31.317073170731707,12.121951219512194,4.024390243902439,5.719512195121951,1.1951219512195121,0.24390243902439024,2.3048780487804876,4.378048780487805,9.78048780487805,1.0609756097560976,1.5
Joel Embiid,PHI,C,64,33.65625,27.515625,13.609375,3.65625,0.71875,1.90625,1.234375,9.0625,18.734375,8.15625,10.140625
John Collins,ATL,PF,61,29.983606557377048,19.475409836065573,9.754098360655737,1.9836065573770492,0.36065573770491804,0.639344262295082,0.9016393442622951,7.622950819672131,13.62295081967213,3.3278688524590163,4.360655737704918
John Henson,MIL,C,14,13.428571428571429,5.642857142857143,5.071428571428571,1.0,0.5,0.7857142857142857,0.7857142857142857,2.2142857142857144,4.785714285714286,0.42857142857142855,0.7142857142857143
John Holland,CLE,SF,1,1.0,0.0,0.0,0.0,0.0,0.0,0.0,0.0,0.0,0.0,0.0
John Jenkins,2TM,SG,26,12.807692307692308,4.653846153846154,1.4230769230769231,0.8461538461538461,0.0,0.07692307692307693,0.8461538461538461,1.6153846153846154,4.038461538461538,0.5769230769230769,0.6923076923076923
John Wall,WAS,PG,32,34.5,20.71875,3.625,8.71875,1.53125,0.90625,1.59375,7.65625,17.25,3.8125,5.46875
Johnathan Motley,LAC,PF,22,7.090909090909091,4.636363636363637,2.3181818181818183,0.5,0.22727272727272727,0.13636363636363635,0.0,1.7727272727272727,3.3181818181818183,1.0909090909090908,1.8181818181818181
Johnathan Williams,LAL,C,24,15.5,6.541666666666667,4.125,0.5416666666666666,0.3333333333333333,0.2916666666666667,0.0,2.7083333333333335,4.583333333333333,1.125,2.0
Jon Leuer,DET,PF,41,9.804878048780488,3.8048780487804876,2.3658536585365852,0.34146341463414637,0.2926829268292683,0.0975609756097561,0.024390243902439025,1.6097560975609757,2.7560975609756095,0.5609756097560976,0.7560975609756098
Jonah Bolden,PHI,PF,44,14.522727272727273,4.704545454545454,3.75,0.9090909090909091,0.38636363636363635,0.8863636363636364,0.7727272727272727,1.8181818181818181,3.6818181818181817,0.29545454545454547,0.6136363636363636
Jonas Jerebko,GSW,PF,73,16.684931506849313,6.287671232876712,3.9452054794520546,1.3150684931506849,0.3698630136986301,0.2465753424657534,0.9452054794520548,2.232876712328767,4.863013698630137,0.8767123287671232,1.095890410958904
Jonas Valančiūnas,2TM,C,49,22.26530612244898,15.571428571428571,8.551020408163266,1.4285714285714286,0.3877551020408163,1.0816326530612246,0.2857142857142857,6.142857142857143,10.979591836734693,3.0,3.7755102040816326
Jonathan Isaac,ORL,PF,75,26.613333333333333,9.6,5.48,1.0666666666666667,0.7866666666666666,1.3066666666666666,1.1466666666666667,3.493333333333333,8.146666666666667,1.4666666666666666,1.8
Jonathon Simmons,2TM,SF,56,19.0,6.535714285714286,2.25,2.2857142857142856,0.5178571428571429,0.26785714285714285,0.5,2.375,6.25,1.2857142857142858,1.7321428571428572
Jordan Bell,GSW,C,68,11.588235294117647,3.2794117647058822,2.7058823529411766,1.1176470588235294,0.29411764705882354,0.75,0.0,1.4558823529411764,2.823529411764706,0.36764705882352944,0.6029411764705882
Jordan Clarkson,CLE,SG,81,27.333333333333332,16.839506172839506,3.3333333333333335,2.419753086419753,0.7037037037037037,0.16049382716049382,1.7777777777777777,6.530864197530864,14.567901234567902,2.0,2.3703703703703702
Jordan Loyd,TOR,PG,12,4.583333333333333,2.4166666666666665,0.75,0.5,0.0,0.0,0.3333333333333333,0.6666666666666666,1.5,0.75,0.9166666666666666
Jordan McRae,WAS,SG,27,12.333333333333334,5.925925925925926,1.4814814814814814,1.1111111111111112,0.48148148148148145,0.25925925925925924,0.37037037037037035,2.259259259259259,4.814814814814815,1.037037037037037,1.2962962962962963
Jordan Sibert,ATL,SG,1,4.0,3.0,0.0,0.0,0.0,0.0,1.0,1.0,1.0,0.0,0.0
Josh Hart,LAL,SG,67,25.597014925373134,7.835820895522388,3.701492537313433,1.3880597014925373,0.9552238805970149,0.5970149253731343,1.373134328358209,2.8208955223880596,6.925373134328358,0.8208955223880597,1.1940298507462686
Josh Jackson,PHO,SG,79,25.164556962025316,11.518987341772151,4.3924050632911396,2.3164556962025316,0.9367088607594937,0.7088607594936709,0.9240506329113924,4.3924050632911396,10.645569620253164,1.8101265822784811,2.6962025316455698
Josh Okogie,MIN,SG,74,23.743243243243242,7.702702702702703,2.945945945945946,1.2297297297297298,1.1891891891891893,0.44594594594594594,0.8108108108108109,2.6486486486486487,6.864864864864865,1.5945945945945945,2.189189189189189
Josh Richardson,MIA,SG,73,34.78082191780822,16.561643835616437,3.6027397260273974,4.082191780821918,1.082191780821918,0.4657534246575342,2.2465753424657535,5.794520547945205,14.054794520547945,2.7260273972602738,3.164383561643836
José Calderón,DET,PG,49,12.89795918367347,2.306122448979592,1.2244897959183674,2.3469387755102042,0.32653061224489793,0.061224489795918366,0.2857142857142857,0.9183673469387755,2.4489795918367347,0.1836734693877551,0.22448979591836735
Jrue Holiday,NOP,SG,67,35.850746268656714,21.19402985074627,4.985074626865671,7.731343283582089,1.626865671641791,0.8059701492537313,1.7611940298507462,8.164179104477611,17.29850746268657,3.1044776119402986,4.044776119402985
Juancho Hernangómez,DEN,PF,70,19.4,5.828571428571428,3.7857142857142856,0.7857142857142857,0.38571428571428573,0.34285714285714286,0.9428571428571428,1.9714285714285715,4.485714285714286,0.9428571428571428,1.2285714285714286
Julian Washburn,MEM,SF,18,14.11111111111111,2.2222222222222223,2.2777777777777777,0.7777777777777778,0.7222222222222222,0.1111111111111111,0.2777777777777778,0.8888888888888888,2.6666666666666665,0.16666666666666666,0.2222222222222222
Julius Randle,NOP,PF,73,30.575342465753426,21.438356164383563,8.684931506849315,3.136986301369863,0.7123287671232876,0.6164383561643836,0.9178082191780822,7.821917808219178,14.917808219178083,4.876712328767123,6.671232876712328
Justin Anderson,ATL,SF,48,9.645833333333334,3.7083333333333335,1.75,0.4791666666666667,0.4583333333333333,0.2708333333333333,0.5,1.3333333333333333,3.2708333333333335,0.5416666666666666,0.7291666666666666
Justin Holiday,2TM,SG,82,31.79268292682927,10.451219512195122,3.9390243902439024,1.7804878048780488,1.475609756097561,0.43902439024390244,1.975609756097561,3.658536585365854,9.475609756097562,1.1585365853658536,1.2926829268292683
Justin Jackson,2TM,SF,81,19.925925925925927,7.197530864197531,2.617283950617284,1.1851851851851851,0.3950617283950617,0.1728395061728395,1.0740740740740742,2.6790123456790123,5.987654320987654,0.7654320987654321,0.9753086419753086
Justin Patton,PHI,C,3,7.0,1.6666666666666667,2.0,1.0,0.6666666666666666,0.0,0.0,0.6666666666666666,2.3333333333333335,0.3333333333333333,0.6666666666666666
Justise Winslow,MIA,SF,66,29.681818181818183,12.575757575757576,5.378787878787879,4.2727272727272725,1.0909090909090908,0.2878787878787879,1.4545454545454546,4.909090909090909,11.348484848484848,1.303030303030303,2.0757575757575757
Jusuf Nurkić,POR,C,72,27.416666666666668,15.625,10.38888888888889,3.236111111111111,0.9861111111111112,1.4305555555555556,0.041666666666666664,5.833333333333333,11.472222222222221,3.9166666666666665,5.069444444444445
Kadeem Allen,NYK,PG,19,21.894736842105264,9.947368421052632,2.6842105263157894,4.0,0.8421052631578947,0.21052631578947367,0.8947368421052632,3.4210526315789473,7.421052631578948,2.210526315789474,2.8421052631578947
Kalin Lucas,DET,PG,1,6.0,2.0,3.0,1.0,0.0,0.0,0.0,0.0,1.0,2.0,2.0
Karl-Anthony Towns,MIN,C,77,33.05194805194805,24.415584415584416,12.38961038961039,3.3636363636363638,0.8701298701298701,1.6233766233766234,1.844155844155844,8.844155844155845,17.064935064935064,4.883116883116883,5.8441558441558445
Kawhi Leonard,TOR,SF,60,34.0,26.6,7.316666666666666,3.316666666666667,1.7666666666666666,0.4,1.8666666666666667,9.333333333333334,18.816666666666666,6.066666666666666,7.1
Keita Bates-Diop,MIN,SF,30,16.766666666666666,5.033333333333333,2.7666666666666666,0.5666666666666667,0.6,0.4666666666666667,0.43333333333333335,2.0,4.733333333333333,0.6,0.9333333333333333
Kelly Olynyk,MIA,PF,79,22.936708860759495,9.962025316455696,4.746835443037975,1.7721518987341771,0.6708860759493671,0.46835443037974683,1.4303797468354431,3.3037974683544302,7.139240506329114,1.9240506329113924,2.3417721518987342
Kelly Oubre Jr.,2TM,SF,69,28.043478260869566,15.173913043478262,4.7101449275362315,1.2173913043478262,1.2173913043478262,0.855072463768116,1.565217391304348,5.434782608695652,12.202898550724637,2.739130434782609,3.536231884057971
Kemba Walker,CHO,PG,82,34.91463414634146,25.634146341463413,4.402439024390244,5.902439024390244,1.2439024390243902,0.4146341463414634,3.1707317073170733,8.914634146341463,20.536585365853657,4.634146341463414,5.487804878048781
Kenneth Faried,2TM,C,37,19.675675675675677,10.378378378378379,6.756756756756757,0.5405405405405406,0.4594594594594595,0.6216216216216216,0.21621621621621623,4.216216216216216,7.162162162162162,1.7297297297297298,2.675675675675676
Kenrich Williams,NOP,SF,46,23.456521739130434,6.065217391304348,4.760869565217392,1.8043478260869565,0.9782608695652174,0.41304347826086957,1.1304347826086956,2.3260869565217392,6.065217391304348,0.2826086956521739,0.41304347826086957
Kent Bazemore,ATL,SG,67,24.52238805970149,11.626865671641792,3.8955223880597014,2.2686567164179103,1.328358208955224,0.6268656716417911,1.4328358208955223,4.149253731343284,10.313432835820896,1.8955223880597014,2.611940298507463
Kentavious Caldwell-Pope,LAL,SG,82,24.817073170731707,11.439024390243903,2.902439024390244,1.3414634146341464,0.8902439024390244,0.15853658536585366,1.8414634146341464,3.9634146341463414,9.21951219512195,1.670731707317073,1.9268292682926829
Kevin Durant,GSW,SF,78,34.64102564102564,25.987179487179485,6.371794871794871,5.858974358974359,0.7435897435897436,1.0769230769230769,1.7564102564102564,9.243589743589743,17.73076923076923,5.743589743589744,6.487179487179487
Kevin Huerter,ATL,SG,75,27.30666666666667,9.693333333333333,3.2666666666666666,2.8533333333333335,0.8666666666666667,0.3333333333333333,1.8133333333333332,3.6666666666666665,8.76,0.5466666666666666,0.7466666666666667
Kevin Knox,NYK,PF,75,28.773333333333333,12.84,4.466666666666667,1.0933333333333333,0.5733333333333334,0.32,1.6666666666666667,4.506666666666667,12.186666666666667,2.16,3.013333333333333
Kevin Love,CLE,PF,22,27.181818181818183,17.0,10.863636363636363,2.1818181818181817,0.2727272727272727,0.22727272727272727,2.409090909090909,4.954545454545454,12.863636363636363,4.681818181818182,5.181818181818182
Kevon Looney,GSW,C,80,18.5125,6.25,5.2125,1.5375,0.575,0.6625,0.0125,2.7125,4.3375,0.8125,1.3125
Khem Birch,ORL,C,50,12.86,4.8,3.8,0.76,0.36,0.58,0.0,1.82,3.02,1.16,1.66
Khris Middleton,MIL,SF,77,31.07792207792208,18.272727272727273,5.987012987012987,4.298701298701299,1.0389610389610389,0.09090909090909091,2.324675324675325,6.571428571428571,14.909090909090908,2.8051948051948052,3.3506493506493507
Khyri Thomas,DET,SG,26,7.5,2.3461538461538463,0.7692307692307693,0.3076923076923077,0.2692307692307692,0.19230769230769232,0.38461538461538464,0.8461538461538461,2.6538461538461537,0.2692307692307692,0.4230769230769231
Klay Thompson,GSW,SG,78,34.0,21.53846153846154,3.8333333333333335,2.3846153846153846,1.0769230769230769,0.6025641025641025,3.08974358974359,8.397435897435898,17.974358974358974,1.6538461538461537,2.0256410256410255
Kobi Simmons,CLE,PG,1,2.0,0.0,0.0,0.0,0.0,0.0,0.0,0.0,0.0,0.0,0.0
Kosta Koufos,SAC,C,42,11.952380952380953,3.7142857142857144,4.214285714285714,0.8571428571428571,0.35714285714285715,0.42857142857142855,0.0,1.7380952380952381,3.642857142857143,0.23809523809523808,0.5714285714285714
Kostas Antetokounmpo,DAL,PF,2,5.5,1.0,0.5,0.0,1.0,0.0,0.0,0.0,1.5,1.0,2.0
Kris Dunn,CHI,PG,46,30.195652173913043,11.282608695652174,4.065217391304348,6.021739130434782,1.4782608695652173,0.45652173913043476,0.7391304347826086,4.673913043478261,11.0,1.1956521739130435,1.5
Kyle Anderson,MEM,SF,43,29.790697674418606,8.046511627906977,5.837209302325581,2.9767441860465116,1.255813953488372,0.8604651162790697,0.20930232558139536,3.488372093023256,6.4186046511627906,0.8604651162790697,1.4883720930232558
Kyle Korver,2TM,SG,70,19.057142857142857,8.571428571428571,2.3142857142857145,1.1571428571428573,0.35714285714285715,0.17142857142857143,1.9714285714285715,2.8714285714285714,6.9,0.8571428571428571,1.042857142857143
Kyle Kuzma,LAL,PF,70,33.05714285714286,18.685714285714287,5.457142857142857,2.5428571428571427,0.5857142857142857,0.37142857142857144,1.8285714285714285,7.085714285714285,15.528571428571428,2.6857142857142855,3.5714285714285716
Kyle Lowry,TOR,PG,65,34.04615384615385,14.246153846153845,4.8,8.676923076923076,1.4,0.47692307692307695,2.4153846153846152,4.676923076923077,11.36923076923077,2.476923076923077,2.9846153846153847
Kyle O'Quinn,IND,C,45,8.244444444444444,3.466666666666667,2.6444444444444444,1.2444444444444445,0.2,0.5555555555555556,0.022222222222222223,1.5333333333333334,3.022222222222222,0.37777777777777777,0.4666666666666667
Kyrie Irving,BOS,PG,67,33.04477611940298,23.82089552238806,5.0,6.925373134328358,1.537313432835821,0.5074626865671642,2.5970149253731343,9.014925373134329,18.52238805970149,3.1940298507462686,3.656716417910448
LaMarcus Aldridge,SAS,C,81,33.17283950617284,21.320987654320987,9.185185185185185,2.3950617283950617,0.5308641975308642,1.3209876543209877,0.12345679012345678,8.444444444444445,16.28395061728395,4.308641975308642,5.08641975308642
Lance Stephenson,LAL,SG,68,16.514705882352942,7.220588235294118,3.161764705882353,2.0588235294117645,0.6029411764705882,0.10294117647058823,1.0735294117647058,2.7058823529411766,6.352941176470588,0.7352941176470589,1.0735294117647058
Lance Thomas,NYK,PF,46,17.02173913043478,4.456521739130435,2.5434782608695654,0.5869565217391305,0.3695652173913043,0.15217391304347827,0.4782608695652174,1.6956521739130435,4.282608695652174,0.5869565217391305,0.782608695652174
Landry Shamet,2TM,SG,79,22.810126582278482,9.139240506329115,1.6962025316455696,1.481012658227848,0.46835443037974683,0.12658227848101267,2.1139240506329116,3.037974683544304,7.050632911392405,0.9493670886075949,1.1772151898734178
Langston Galloway,DET,SG,80,21.8125,8.4,2.1375,1.0625,0.4625,0.1,1.6875,2.85,7.3375,1.0125,1.2
Larry Nance Jr.,CLE,C,67,26.791044776119403,9.35820895522388,8.238805970149254,3.1940298507462686,1.492537313432836,0.5970149253731343,0.4925373134328358,3.716417910447761,7.149253731343284,1.4328358208955223,2.0
Lauri Markkanen,CHI,PF,52,32.34615384615385,18.73076923076923,9.038461538461538,1.4423076923076923,0.7115384615384616,0.6346153846153846,2.3076923076923075,6.576923076923077,15.288461538461538,3.269230769230769,3.75
LeBron James,LAL,SF,55,35.21818181818182,27.363636363636363,8.454545454545455,8.254545454545454,1.309090909090909,0.6,2.018181818181818,10.145454545454545,19.90909090909091,5.054545454545455,7.6
Lonnie Walker IV,SAS,SG,17,6.9411764705882355,2.6470588235294117,1.0,0.5294117647058824,0.4117647058823529,0.17647058823529413,0.29411764705882354,0.9411764705882353,2.7058823529411766,0.47058823529411764,0.5882352941176471
Lonzo Ball,LAL,PG,47,30.27659574468085,9.893617021276595,5.340425531914893,5.425531914893617,1.4680851063829787,0.40425531914893614,1.5957446808510638,3.9361702127659575,9.702127659574469,0.425531914893617,1.0212765957446808
Lorenzo Brown,TOR,PG,26,8.153846153846153,2.1153846153846154,1.1923076923076923,1.0769230769230769,0.46153846153846156,0.19230769230769232,0.23076923076923078,0.8846153846153846,2.730769230769231,0.11538461538461539,0.11538461538461539
Lou Williams,LAC,SG,75,26.573333333333334,19.973333333333333,2.96,5.36,0.76,0.14666666666666667,1.4,6.453333333333333,15.173333333333334,5.666666666666667,6.466666666666667
Luc Mbah a Moute,LAC,PF,4,15.25,5.0,1.75,0.5,0.25,0.25,0.5,2.0,4.5,0.5,1.25
Luka Dončić,DAL,SG,72,32.19444444444444,21.194444444444443,7.819444444444445,5.958333333333333,1.0694444444444444,0.3472222222222222,2.3333333333333335,7.027777777777778,16.47222222222222,4.805555555555555,6.736111111111111
Luke Kennard,DET,SG,63,22.80952380952381,9.73015873015873,2.9047619047619047,1.8095238095238095,0.4126984126984127,0.15873015873015872,1.6825396825396826,3.619047619047619,8.253968253968255,0.8095238095238095,0.9682539682539683
Luke Kornet,NYK,C,46,17.043478260869566,7.0,2.9347826086956523,1.173913043478261,0.5869565217391305,0.9130434782608695,1.5217391304347827,2.3260869565217392,6.1521739130434785,0.8260869565217391,1.0
Luol Deng,MIN,SF,22,17.818181818181817,7.136363636363637,3.3181818181818183,0.8181818181818182,0.6818181818181818,0.36363636363636365,0.6363636363636364,2.6818181818181817,5.363636363636363,1.1363636363636365,1.5909090909090908
Malachi Richardson,TOR,SG,22,4.681818181818182,1.3636363636363635,0.5909090909090909,0.0,0.045454545454545456,0.0,0.36363636363636365,0.4090909090909091,1.3181818181818181,0.18181818181818182,0.22727272727272727
Malcolm Brogdon,MIL,SG,64,28.625,15.640625,4.5,3.203125,0.71875,0.203125,1.625,5.90625,11.6875,2.203125,2.375
Malcolm Miller,TOR,SF,10,6.7,3.5,0.5,0.1,0.1,0.1,1.0,1.1,2.6,0.3,0.4
Malik Beasley,DEN,SG,81,23.19753086419753,11.320987654320987,2.4691358024691357,1.1975308641975309,0.6790123456790124,0.12345679012345678,2.0123456790123457,4.308641975308642,9.098765432098766,0.691358024691358,0.8148148148148148
Malik Monk,CHO,SG,73,17.232876712328768,8.945205479452055,1.8767123287671232,1.6027397260273972,0.5068493150684932,0.2602739726027397,1.4931506849315068,3.1095890410958904,8.027397260273972,1.2328767123287672,1.3972602739726028
MarShon Brooks,MEM,SG,29,13.344827586206897,6.551724137931035,1.5517241379310345,0.8620689655172413,0.3103448275862069,0.13793103448275862,0.5172413793103449,2.6206896551724137,5.827586206896552,0.7931034482758621,1.1379310344827587
Marc Gasol,2TM,C,79,30.835443037974684,13.556962025316455,7.936708860759493,4.417721518987341,1.0632911392405062,1.0886075949367089,1.2531645569620253,4.936708860759493,11.012658227848101,2.430379746835443,3.2025316455696204
Marcin Gortat,LAC,C,47,15.97872340425532,4.957446808510638,5.553191489361702,1.3829787234042554,0.1276595744680851,0.5106382978723404,0.0,2.106382978723404,3.9574468085106385,0.7446808510638298,1.0212765957446808
Marco Belinelli,SAS,SG,79,22.974683544303797,10.49367088607595,2.5063291139240507,1.6708860759493671,0.4430379746835443,0.10126582278481013,1.860759493670886,3.607594936708861,8.734177215189874,1.4177215189873418,1.5696202531645569
Marcus Derrickson,GSW,PF,11,6.090909090909091,4.181818181818182,1.1818181818181819,0.09090909090909091,0.0,0.09090909090909091,0.9090909090909091,1.4545454545454546,3.0,0.36363636363636365,0.45454545454545453
Marcus Morris,BOS,PF,75,27.88,13.946666666666667,6.1066666666666665,1.4533333333333334,0.5733333333333334,0.3333333333333333,1.9466666666666668,5.026666666666666,11.253333333333334,1.9466666666666668,2.3066666666666666
Marcus Smart,BOS,SG,80,27.5,8.85,2.925,4.0125,1.7875,0.35,1.575,2.9875,7.0875,1.3,1.6125
Mario Hezonja,NYK,SF,58,20.79310344827586,8.810344827586206,4.120689655172414,1.5172413793103448,0.9827586206896551,0.13793103448275862,0.7241379310344828,3.293103448275862,8.0,1.5,1.9655172413793103
Markelle Fultz,PHI,SG,19,22.473684210526315,8.157894736842104,3.6842105263157894,3.1052631578947367,0.8947368421052632,0.2631578947368421,0.21052631578947367,3.4210526315789473,8.157894736842104,1.105263157894737,1.9473684210526316
Markieff Morris,2TM,PF,58,21.896551724137932,9.431034482758621,4.568965517241379,1.3620689655172413,0.6206896551724138,0.3793103448275862,1.1724137931034482,3.5172413793103448,8.344827586206897,1.2241379310344827,1.5862068965517242
Marquese Chriss,2TM,PF,43,11.604651162790697,4.232558139534884,3.302325581395349,0.5116279069767442,0.3953488372093023,0.2558139534883721,0.37209302325581395,1.558139534883721,4.186046511627907,0.7441860465116279,1.0465116279069768
Marvin Bagley III,SAC,PF,62,25.274193548387096,14.887096774193548,7.596774193548387,1.0,0.532258064516129,0.9516129032258065,0.4838709677419355,5.741935483870968,11.387096774193548,2.9193548387096775,4.225806451612903
Marvin Williams,CHO,PF,75,28.44,10.08,5.426666666666667,1.2266666666666666,0.9466666666666667,0.8133333333333334,1.8666666666666667,3.6666666666666665,8.693333333333333,0.88,1.1466666666666667
Mason Plumlee,DEN,C,82,21.109756097560975,7.7682926829268295,6.390243902439025,2.9634146341463414,0.8048780487804879,0.926829268292683,0.024390243902439025,3.1951219512195124,5.390243902439025,1.353658536585366,2.4146341463414633
Matthew Dellavedova,2TM,PG,48,16.916666666666668,5.875,1.6041666666666667,3.7708333333333335,0.2916666666666667,0.041666666666666664,0.9166666666666666,2.0416666666666665,5.041666666666667,0.875,1.0833333333333333
Maurice Harkless,POR,SF,60,23.583333333333332,7.666666666666667,4.483333333333333,1.2333333333333334,1.1166666666666667,0.8833333333333333,0.55,3.15,6.466666666666667,0.8166666666666667,1.2166666666666666
Maxi Kleber,DAL,PF,71,21.154929577464788,6.830985915492958,4.633802816901408,0.9859154929577465,0.5070422535211268,1.0985915492957747,1.0845070422535212,2.464788732394366,5.436619718309859,0.8169014084507042,1.0422535211267605
Melvin Frazier,ORL,SG,10,4.4,1.5,0.5,0.1,0.1,0.0,0.0,0.7,2.1,0.1,0.4
Meyers Leonard,POR,C,61,14.39344262295082,5.852459016393443,3.819672131147541,1.2295081967213115,0.21311475409836064,0.14754098360655737,0.819672131147541,2.1639344262295084,3.9672131147540983,0.7049180327868853,0.8360655737704918
Michael Beasley,LAL,PF,26,10.653846153846153,6.961538461538462,2.3076923076923075,0.9615384615384616,0.34615384615384615,0.38461538461538464,0.11538461538461539,2.8846153846153846,5.884615384615385,1.0769230769230769,1.5
Michael Carter-Williams,2TM,PG,28,13.285714285714286,4.785714285714286,2.5,2.5,0.7142857142857143,0.5357142857142857,0.35714285714285715,1.6428571428571428,4.392857142857143,1.1428571428571428,1.8928571428571428
Michael Kidd-Gilchrist,CHO,PF,64,18.421875,6.671875,3.84375,0.953125,0.5,0.609375,0.25,2.46875,5.1875,1.484375,1.921875
Mikal Bridges,PHO,SF,82,29.475609756097562,8.341463414634147,3.2195121951219514,2.1097560975609757,1.5731707317073171,0.4634146341463415,1.2804878048780488,2.951219512195122,6.865853658536586,1.1585365853658536,1.4390243902439024
Mike Conley,MEM,PG,70,33.457142857142856,21.114285714285714,3.414285714285714,6.414285714285715,1.3428571428571427,0.3142857142857143,2.2142857142857144,7.0,16.0,4.9,5.8
Mike Muscala,2TM,PF,64,20.40625,7.015625,3.8125,1.1875,0.34375,0.59375,1.390625,2.265625,5.640625,1.09375,1.328125
Mike Scott,2TM,PF,79,17.658227848101266,5.810126582278481,3.4936708860759493,0.8354430379746836,0.3291139240506329,0.16455696202531644,1.2784810126582278,2.1265822784810124,5.3164556962025316,0.27848101265822783,0.4177215189873418
Miles Bridges,CHO,SF,80,21.2,7.4625,4.0375,1.1875,0.6875,0.6125,0.8125,2.9625,6.3875,0.725,0.9625
Miles Plumlee,ATL,C,18,9.61111111111111,4.444444444444445,2.1666666666666665,0.9444444444444444,0.3333333333333333,0.2222222222222222,0.0,1.7777777777777777,2.6666666666666665,0.8888888888888888,1.6666666666666667
Miloš Teodosić,LAC,PG,15,10.0,3.2,1.0666666666666667,2.1333333333333333,0.2,0.06666666666666667,0.6666666666666666,1.1333333333333333,2.6666666666666665,0.26666666666666666,0.4666666666666667
Mitch Creek,2TM,SF,5,9.6,4.2,2.4,1.2,0.4,0.0,0.0,1.6,3.2,1.0,1.4
Mitchell Robinson,NYK,C,66,20.606060606060606,7.348484848484849,6.409090909090909,0.5606060606060606,0.7878787878787878,2.4393939393939394,0.0,3.0606060606060606,4.409090909090909,1.2272727272727273,2.0454545454545454
Mo Bamba,ORL,C,47,16.29787234042553,6.212765957446808,4.957446808510638,0.8297872340425532,0.2765957446808511,1.3617021276595744,0.44680851063829785,2.4893617021276597,5.170212765957447,0.7872340425531915,1.3404255319148937
Monte Morris,DEN,PG,82,24.024390243902438,10.378048780487806,2.3658536585365852,3.6219512195121952,0.8902439024390244,0.04878048780487805,1.146341463414634,4.219512195121951,8.560975609756097,0.7926829268292683,0.9878048780487805
Montrezl Harrell,LAC,C,82,26.317073170731707,16.597560975609756,6.524390243902439,1.975609756097561,0.8658536585365854,1.3414634146341464,0.036585365853658534,6.658536585365853,10.829268292682928,3.2439024390243905,5.048780487804878
Moritz Wagner,LAL,C,43,10.372093023255815,4.813953488372093,1.9767441860465116,0.5581395348837209,0.2558139534883721,0.3023255813953488,0.5116279069767442,1.6511627906976745,3.9767441860465116,1.0,1.2325581395348837
Myles Turner,IND,C,74,28.635135135135137,13.297297297297296,7.175675675675675,1.554054054054054,0.8108108108108109,2.689189189189189,1.027027027027027,5.135135135135135,10.54054054054054,2.0,2.7162162162162162
Naz Mitrou-Long,UTA,SG,14,6.0,1.1428571428571428,0.42857142857142855,1.0714285714285714,0.07142857142857142,0.07142857142857142,0.14285714285714285,0.42857142857142855,1.4285714285714286,0.14285714285714285,0.14285714285714285
Nemanja Bjelica,SAC,PF,77,23.22077922077922,9.623376623376624,5.766233766233766,1.9090909090909092,0.7012987012987013,0.7272727272727273,1.3376623376623376,3.688311688311688,7.701298701298701,0.9090909090909091,1.1948051948051948
Nenê,HOU,C,42,13.0,3.5952380952380953,2.9285714285714284,0.6190476190476191,0.42857142857142855,0.35714285714285715,0.0,1.4285714285714286,2.761904761904762,0.7380952380952381,1.119047619047619
Nerlens Noel,OKC,C,77,13.7012987012987,4.909090909090909,4.220779220779221,0.5844155844155844,0.8571428571428571,1.2467532467532467,0.0,2.103896103896104,3.5844155844155843,0.7012987012987013,1.025974025974026
Nick Young,DEN,SG,4,9.25,2.25,0.25,0.5,0.0,0.25,0.75,0.75,2.25,0.0,0.0
Nicolas Batum,CHO,SF,75,31.386666666666667,9.32,5.2,3.2933333333333334,0.9466666666666667,0.5733333333333334,1.5466666666666666,3.3733333333333335,7.493333333333333,1.0266666666666666,1.1866666666666668
Nik Stauskas,2TM,SG,68,14.926470588235293,5.867647058823529,1.8676470588235294,1.1911764705882353,0.3088235294117647,0.10294117647058823,1.0294117647058822,2.0,4.970588235294118,0.8382352941176471,0.9411764705882353
Nikola Jokić,DEN,C,80,31.3,20.05,10.8125,7.25,1.35,0.6875,1.0375,7.7,15.075,3.6125,4.4
Nikola Mirotić,2TM,PF,46,27.065217391304348,15.152173913043478,7.369565217391305,1.1956521739130435,0.6739130434782609,0.7391304347826086,2.5217391304347827,5.173913043478261,11.782608695652174,2.282608695652174,2.6956521739130435
Nikola Vučević,ORL,C,80,31.375,20.8125,12.0,3.8375,1.0125,1.1125,1.05,8.7625,16.925,2.2375,2.8375
Noah Vonleh,NYK,PF,68,25.323529411764707,8.397058823529411,7.764705882352941,1.8970588235294117,0.6764705882352942,0.75,0.6764705882352942,3.0441176470588234,6.470588235294118,1.6323529411764706,2.2941176470588234
Norman Powell,TOR,SG,60,18.766666666666666,8.6,2.316666666666667,1.5166666666666666,0.65,0.21666666666666667,1.1333333333333333,3.216666666666667,6.666666666666667,1.0333333333333334,1.25
OG Anunoby,TOR,SF,67,20.17910447761194,7.0,2.9402985074626864,0.7014925373134329,0.6865671641791045,0.3283582089552239,1.0,2.7313432835820897,6.029850746268656,0.5373134328358209,0.9253731343283582
Okaro White,WAS,PF,3,2.0,0.0,0.6666666666666666,0.0,0.0,0.0,0.0,0.0,0.6666666666666666,0.0,0.0
Omari Spellman,ATL,PF,46,17.5,5.913043478260869,4.217391304347826,1.0217391304347827,0.5652173913043478,0.5434782608695652,0.9565217391304348,2.130434782608696,5.304347826086956,0.6956521739130435,0.9782608695652174
Omri Casspi,MEM,SF,36,14.444444444444445,6.277777777777778,3.1944444444444446,0.7222222222222222,0.5555555555555556,0.25,0.4166666666666667,2.388888888888889,4.472222222222222,1.0833333333333333,1.6111111111111112
Otto Porter Jr.,2TM,SF,56,30.053571428571427,13.928571428571429,5.607142857142857,2.142857142857143,1.4642857142857142,0.5535714285714286,1.8571428571428572,5.339285714285714,11.482142857142858,1.3928571428571428,1.7142857142857142
P.J. Tucker,HOU,PF,82,34.170731707317074,7.329268292682927,5.841463414634147,1.170731707317073,1.6097560975609757,0.47560975609756095,1.7804878048780488,2.524390243902439,6.378048780487805,0.5,0.7195121951219512
PJ Dozier,BOS,SG,6,8.5,3.1666666666666665,2.8333333333333335,0.8333333333333334,0.3333333333333333,0.0,0.3333333333333333,1.3333333333333333,3.5,0.16666666666666666,0.3333333333333333
Pascal Siakam,TOR,PF,80,31.85,16.925,6.8625,3.1,0.9125,0.65,0.9875,6.4875,11.8125,2.9625,3.775
Pat Connaughton,MIL,SG,61,20.672131147540984,6.901639344262295,4.229508196721311,2.0,0.5409836065573771,0.4098360655737705,1.0819672131147542,2.6721311475409837,5.737704918032787,0.47540983606557374,0.6557377049180327
Patrick Beverley,LAC,PG,78,27.397435897435898,7.641025641025641,4.9743589743589745,3.8461538461538463,0.8589743589743589,0.5512820512820513,1.435897435897436,2.4871794871794872,6.115384615384615,1.2307692307692308,1.5769230769230769
Patrick McCaw,2TM,SG,29,13.689655172413794,2.5517241379310347,1.6551724137931034,1.0,0.7931034482758621,0.06896551724137931,0.3103448275862069,0.896551724137931,2.1724137931034484,0.4482758620689655,0.5172413793103449
Patrick Patterson,OKC,PF,63,13.666666666666666,3.634920634920635,2.3333333333333335,0.49206349206349204,0.25396825396825395,0.20634920634920634,0.7301587301587301,1.3015873015873016,3.4761904761904763,0.30158730158730157,0.47619047619047616
Patty Mills,SAS,PG,82,23.26829268292683,9.890243902439025,2.2195121951219514,2.9878048780487805,0.5975609756097561,0.12195121951219512,1.9390243902439024,3.4390243902439024,8.085365853658537,1.0731707317073171,1.2560975609756098
Pau Gasol,2TM,C,30,12.0,3.933333333333333,4.566666666666666,1.7333333333333334,0.16666666666666666,0.5,0.2,1.4,3.1333333333333333,0.9333333333333333,1.3333333333333333
Paul George,OKC,SF,77,36.896103896103895,28.038961038961038,8.155844155844155,4.12987012987013,2.207792207792208,0.44155844155844154,3.792207792207792,9.181818181818182,20.961038961038962,5.883116883116883,7.012987012987013
Paul Millsap,DEN,PF,70,27.071428571428573,12.614285714285714,7.214285714285714,2.0142857142857142,1.1857142857142857,0.7714285714285715,0.8285714285714286,4.6,9.5,2.585714285714286,3.557142857142857
Quincy Acy,PHO,PF,10,12.3,1.7,2.5,0.8,0.1,0.4,0.2,0.4,1.8,0.7,1.0
Quincy Pondexter,SAS,SF,53,5.509433962264151,1.849056603773585,0.8679245283018868,0.4528301886792453,0.20754716981132076,0.018867924528301886,0.11320754716981132,0.5471698113207547,1.0943396226415094,0.6415094339622641,0.7924528301886793
Quinn Cook,GSW,PG,74,14.31081081081081,6.878378378378378,2.1216216216216215,1.5675675675675675,0.2702702702702703,0.04054054054054054,1.0945945945945945,2.7567567567567566,5.9324324324324325,0.2702702702702703,0.35135135135135137
R.J. Hunter,BOS,SG,1,26.0,17.0,3.0,3.0,1.0,0.0,4.0,6.0,13.0,1.0,2.0
Rajon Rondo,LAL,PG,46,29.76086956521739,9.217391304347826,5.282608695652174,7.978260869565218,1.2391304347826086,0.15217391304347827,1.108695652173913,3.8043478260869565,9.391304347826088,0.5,0.782608695652174
Raul Neto,UTA,PG,37,12.81081081081081,5.297297297297297,1.6756756756756757,2.5135135135135136,0.3783783783783784,0.10810810810810811,0.5405405405405406,2.0,4.351351351351352,0.7567567567567568,0.8918918918918919
Rawle Alkins,CHI,SG,10,12.0,3.7,2.6,1.3,0.1,0.0,0.3,1.3,3.9,0.8,1.2
Ray Spalding,2TM,PF,14,10.571428571428571,3.857142857142857,3.4285714285714284,0.35714285714285715,0.6428571428571429,0.5714285714285714,0.0,1.7857142857142858,3.357142857142857,0.2857142857142857,0.8571428571428571
Raymond Felton,OKC,PG,33,11.484848484848484,4.303030303030303,1.0303030303030303,1.5757575757575757,0.30303030303030304,0.18181818181818182,0.6060606060606061,1.6666666666666667,4.090909090909091,0.36363636363636365,0.3939393939393939
Reggie Bullock,2TM,SG,63,29.825396825396826,11.285714285714286,2.746031746031746,2.0476190476190474,0.6349206349206349,0.19047619047619047,2.3492063492063493,3.888888888888889,9.428571428571429,1.1587301587301588,1.3492063492063493
Reggie Jackson,DET,PG,82,27.914634146341463,15.365853658536585,2.6341463414634148,4.195121951219512,0.6707317073170732,0.10975609756097561,2.1219512195121952,5.378048780487805,12.768292682926829,2.4878048780487805,2.8780487804878048
Richaun Holmes,PHO,C,70,16.914285714285715,8.17142857142857,4.728571428571429,0.8571428571428571,0.6,1.1285714285714286,0.0,3.1714285714285713,5.214285714285714,1.8285714285714285,2.5
Ricky Rubio,UTA,PG,68,27.926470588235293,12.705882352941176,3.573529411764706,6.117647058823529,1.338235294117647,0.14705882352941177,1.161764705882353,4.338235294117647,10.735294117647058,2.8676470588235294,3.3529411764705883
Robert Covington,2TM,SF,35,34.371428571428574,13.285714285714286,5.514285714285714,1.3142857142857143,2.1142857142857143,1.3428571428571427,2.4285714285714284,4.457142857142857,10.342857142857143,1.9428571428571428,2.5428571428571427
Robert Williams,BOS,C,32,8.84375,2.53125,2.53125,0.21875,0.28125,1.25,0.0,1.125,1.59375,0.28125,0.46875
Robin Lopez,CHI,C,74,21.7027027027027,9.513513513513514,3.864864864864865,1.2027027027027026,0.14864864864864866,1.054054054054054,0.0945945945945946,4.108108108108108,7.22972972972973,1.2027027027027026,1.662162162162162
Rodions Kurucs,BRK,SF,63,20.53968253968254,8.476190476190476,3.9047619047619047,0.8253968253968254,0.6507936507936508,0.3968253968253968,0.9206349206349206,3.2063492063492065,7.126984126984127,1.1428571428571428,1.4603174603174602
Rodney Hood,2TM,SG,72,26.291666666666668,11.180555555555555,2.1805555555555554,1.75,0.8194444444444444,0.16666666666666666,1.1666666666666667,4.055555555555555,9.319444444444445,1.9027777777777777,2.1527777777777777
Rodney McGruder,MIA,SG,66,23.484848484848484,7.621212121212121,3.606060606060606,1.696969696969697,0.5454545454545454,0.18181818181818182,1.196969696969697,2.8181818181818183,6.984848484848484,0.7878787878787878,1.0909090909090908
Ron Baker,2TM,SG,15,10.133333333333333,0.9333333333333333,0.7333333333333333,1.0,0.4,0.06666666666666667,0.06666666666666667,0.26666666666666666,1.3333333333333333,0.3333333333333333,0.4
Rondae Hollis-Jefferson,BRK,SF,59,20.915254237288135,8.932203389830509,5.254237288135593,1.6271186440677967,0.7457627118644068,0.4576271186440678,0.15254237288135594,3.389830508474576,8.254237288135593,2.0,3.1016949152542375
Royce O'Neale,UTA,SF,82,20.378048780487806,5.195121951219512,3.475609756097561,1.5121951219512195,0.6585365853658537,0.2926829268292683,0.8292682926829268,1.9878048780487805,4.182926829268292,0.3902439024390244,0.5121951219512195
Rudy Gay,SAS,PF,69,26.695652173913043,13.710144927536232,6.811594202898551,2.63768115942029,0.782608695652174,0.4927536231884058,1.0724637681159421,5.449275362318841,10.81159420289855,1.7391304347826086,2.130434782608696
Rudy Gobert,UTA,C,81,31.814814814814813,15.851851851851851,12.851851851851851,1.9876543209876543,0.8148148148148148,2.308641975308642,0.0,5.8765432098765435,8.790123456790123,4.098765432098766,6.444444444444445
Russell Westbrook,OKC,PG,73,36.02739726027397,22.945205479452056,11.054794520547945,10.73972602739726,1.9452054794520548,0.4520547945205479,1.63013698630137,8.63013698630137,20.17808219178082,4.054794520547945,6.178082191780822
Ryan Anderson,2TM,PF,25,12.88,2.52,2.16,0.76,0.16,0.04,0.36,0.84,2.76,0.48,0.64
Ryan Arcidiacono,CHI,PG,81,24.209876543209877,6.716049382716049,2.7037037037037037,3.3209876543209877,0.8024691358024691,0.04938271604938271,1.0,2.308641975308642,5.160493827160494,1.0987654320987654,1.2592592592592593
Ryan Broekhoff,DAL,SG,42,10.785714285714286,3.9761904761904763,1.5,0.5238095238095238,0.14285714285714285,0.09523809523809523,0.9047619047619048,1.3571428571428572,3.0,0.35714285714285715,0.4523809523809524
Salah Mejri,DAL,C,36,11.083333333333334,3.9166666666666665,3.638888888888889,0.9722222222222222,0.2777777777777778,0.7222222222222222,0.3055555555555556,1.5277777777777777,3.111111111111111,0.5555555555555556,0.8888888888888888
Sam Dekker,2TM,PF,47,16.76595744680851,6.1063829787234045,3.148936170212766,0.9787234042553191,0.8085106382978723,0.14893617021276595,0.40425531914893614,2.5531914893617023,5.446808510638298,0.5957446808510638,0.9787234042553191
Scott Machado,LAL,PG,4,4.75,2.5,0.0,0.75,0.25,0.0,0.25,1.0,1.5,0.25,0.25
Semi Ojeleye,BOS,PF,56,10.607142857142858,3.3214285714285716,1.5357142857142858,0.4107142857142857,0.17857142857142858,0.07142857142857142,0.5,1.1964285714285714,2.8214285714285716,0.42857142857142855,0.6964285714285714
Serge Ibaka,TOR,C,74,27.16216216216216,15.027027027027026,8.121621621621621,1.337837837837838,0.3918918918918919,1.3918918918918919,0.6621621621621622,6.27027027027027,11.85135135135135,1.8243243243243243,2.391891891891892
Seth Curry,POR,SG,74,18.905405405405407,7.851351351351352,1.6216216216216217,0.8918918918918919,0.4864864864864865,0.16216216216216217,1.527027027027027,2.864864864864865,6.283783783783784,0.5945945945945946,0.7027027027027027
Shabazz Napier,BRK,PG,56,17.553571428571427,9.446428571428571,1.7857142857142858,2.5535714285714284,0.7321428571428571,0.2857142857142857,1.3571428571428572,3.017857142857143,7.767857142857143,2.0535714285714284,2.4642857142857144
Shai Gilgeous-Alexander,LAC,PG,82,26.51219512195122,10.841463414634147,2.8292682926829267,3.292682926829268,1.170731707317073,0.5487804878048781,0.6219512195121951,4.158536585365853,8.731707317073171,1.9024390243902438,2.3780487804878048
Shake Milton,PHI,SG,20,13.4,4.35,1.75,0.9,0.4,0.4,0.7,1.7,4.35,0.25,0.35
Shaquille Harrison,CHI,SG,73,19.589041095890412,6.493150684931507,3.041095890410959,1.904109589041096,1.2191780821917808,0.410958904109589,0.3287671232876712,2.5205479452054793,5.835616438356165,1.1232876712328768,1.6849315068493151
Shaun Livingston,GSW,PG,64,15.109375,4.03125,1.828125,1.78125,0.484375,0.421875,0.0,1.703125,3.28125,0.625,0.796875
Shelvin Mack,2TM,PG,57,21.859649122807017,7.543859649122807,1.8245614035087718,3.210526315789474,0.8245614035087719,0.07017543859649122,0.8070175438596491,2.8596491228070176,7.0701754385964914,1.0175438596491229,1.4736842105263157
Sindarius Thornwell,LAC,SG,64,4.890625,0.96875,0.6875,0.28125,0.21875,0.109375,0.046875,0.265625,0.765625,0.390625,0.53125
Skal Labissière,2TM,PF,22,8.0,3.0454545454545454,1.9545454545454546,0.5,0.22727272727272727,0.2727272727272727,0.2727272727272727,1.1818181818181819,2.227272727272727,0.4090909090909091,0.7727272727272727
Solomon Hill,NOP,SF,44,19.954545454545453,4.340909090909091,3.022727272727273,1.25,0.5227272727272727,0.22727272727272727,0.7272727272727273,1.5454545454545454,4.045454545454546,0.5227272727272727,0.7272727272727273
Spencer Dinwiddie,BRK,PG,68,28.147058823529413,16.808823529411764,2.4411764705882355,4.573529411764706,0.5882352941176471,0.25,1.8235294117647058,5.382352941176471,12.176470588235293,4.220588235294118,5.235294117647059
Stanley Johnson,2TM,SF,66,18.303030303030305,6.878787878787879,3.287878787878788,1.3333333333333333,0.9090909090909091,0.21212121212121213,0.9393939393939394,2.590909090909091,6.666666666666667,0.7575757575757576,0.9696969696969697
Stephen Curry,GSW,PG,69,33.78260869565217,27.26086956521739,5.3478260869565215,5.231884057971015,1.3333333333333333,0.36231884057971014,5.130434782608695,9.159420289855072,19.420289855072465,3.8115942028985508,4.159420289855072
Sterling Brown,MIL,SG,58,17.82758620689655,6.413793103448276,3.1724137931034484,1.4482758620689655,0.43103448275862066,0.13793103448275862,0.9137931034482759,2.5,5.379310344827586,0.5,0.7241379310344828
Steven Adams,OKC,C,80,33.3625,13.85,9.5,1.55,1.4625,0.95,0.0,6.0125,10.1125,1.825,3.65
Svi Mykhailiuk,2TM,SF,42,10.476190476190476,3.1666666666666665,0.8571428571428571,0.8809523809523809,0.3333333333333333,0.023809523809523808,0.6904761904761905,1.0952380952380953,3.3333333333333335,0.2857142857142857,0.47619047619047616
T.J. Leaf,IND,PF,58,9.0,3.8793103448275863,2.1551724137931036,0.41379310344827586,0.15517241379310345,0.3275862068965517,0.13793103448275862,1.706896551724138,3.1551724137931036,0.3275862068965517,0.5344827586206896
T.J. McConnell,PHI,PG,76,19.342105263157894,6.355263157894737,2.289473684210526,3.3947368421052633,1.0394736842105263,0.2236842105263158,0.18421052631578946,2.8947368421052633,5.5131578947368425,0.3815789473684211,0.4868421052631579
T.J. Warren,PHO,SF,43,31.627906976744185,17.953488372093023,4.046511627906977,1.4883720930232558,1.186046511627907,0.6744186046511628,1.7906976744186047,6.906976744186046,14.209302325581396,2.3488372093023258,2.883720930232558
Tahjere McCall,BRK,SG,1,8.0,4.0,1.0,0.0,0.0,0.0,0.0,2.0,3.0,0.0,1.0
Taj Gibson,MIN,PF,70,24.085714285714285,10.757142857142858,6.542857142857143,1.2,0.7571428571428571,0.5571428571428572,0.15714285714285714,4.3428571428571425,7.671428571428572,1.9142857142857144,2.5285714285714285
Taurean Prince,ATL,SF,55,28.21818181818182,13.49090909090909,3.618181818181818,2.1454545454545455,0.9636363636363636,0.34545454545454546,2.2363636363636363,4.763636363636364,10.8,1.7272727272727273,2.109090909090909
Terrance Ferguson,OKC,SG,74,26.094594594594593,6.9324324324324325,1.9054054054054055,0.972972972972973,0.5405405405405406,0.21621621621621623,1.4324324324324325,2.5,5.824324324324325,0.5,0.6891891891891891
Terrence Jones,HOU,PF,2,2.5,1.0,2.0,0.0,0.0,0.0,0.0,0.5,2.0,0.0,0.5
Terrence Ross,ORL,SG,81,26.54320987654321,15.098765432098766,3.45679012345679,1.6666666666666667,0.8888888888888888,0.35802469135802467,2.6790123456790123,5.432098765432099,12.679012345679013,1.5555555555555556,1.7777777777777777
Terry Rozier,BOS,PG,79,22.670886075949365,8.962025316455696,3.8860759493670884,2.9240506329113924,0.8607594936708861,0.26582278481012656,1.5063291139240507,3.2658227848101267,8.430379746835444,0.9240506329113924,1.1772151898734178
Thabo Sefolosha,UTA,SF,50,12.18,3.8,2.46,0.54,0.86,0.1,0.68,1.42,2.98,0.28,0.44
Thaddeus Young,IND,PF,81,30.728395061728396,12.641975308641975,6.45679012345679,2.5185185185185186,1.5185185185185186,0.4444444444444444,0.6296296296296297,5.469135802469136,10.382716049382717,1.0740740740740742,1.6666666666666667
Theo Pinson,BRK,SG,18,11.722222222222221,4.5,2.0,1.1666666666666667,0.3333333333333333,0.0,0.6666666666666666,1.3888888888888888,4.055555555555555,1.0555555555555556,1.2222222222222223
Thomas Bryant,WAS,C,72,20.77777777777778,10.527777777777779,6.305555555555555,1.2777777777777777,0.3472222222222222,0.9305555555555556,0.4583333333333333,4.291666666666667,6.972222222222222,1.4861111111111112,1.9027777777777777
Thomas Welsh,DEN,C,11,3.272727272727273,1.6363636363636365,0.36363636363636365,0.45454545454545453,0.0,0.0,0.2727272727272727,0.6363636363636364,1.1818181818181819,0.09090909090909091,0.18181818181818182
Thon Maker,2TM,PF,64,15.1875,5.046875,3.15625,0.703125,0.328125,0.796875,0.765625,1.703125,4.1875,0.875,1.3125
Tim Frazier,2TM,PG,59,18.983050847457626,5.254237288135593,2.847457627118644,4.203389830508475,0.5084745762711864,0.0847457627118644,0.6271186440677966,1.9661016949152543,4.423728813559322,0.6949152542372882,0.9152542372881356
Tim Hardaway Jr.,2TM,SG,65,31.646153846153847,18.06153846153846,3.4153846153846152,2.4461538461538463,0.8307692307692308,0.12307692307692308,2.4923076923076923,6.0,15.276923076923078,3.5692307692307694,4.246153846153846
Timothé Luwawu-Cabarrot,2TM,SF,50,13.38,4.62,1.94,0.52,0.38,0.16,0.72,1.64,4.36,0.62,0.82
Tobias Harris,2TM,PF,82,34.71951219512195,20.048780487804876,7.865853658536586,2.792682926829268,0.6219512195121951,0.45121951219512196,1.9024390243902438,7.451219512195122,15.292682926829269,3.2439024390243905,3.7439024390243905
Tomáš Satoranský,WAS,PG,80,27.05,8.8625,3.4875,4.9875,1.025,0.1625,0.8,3.2125,6.625,1.6375,2.0
Tony Bradley,UTA,C,3,12.0,5.666666666666667,5.0,0.3333333333333333,0.6666666666666666,0.6666666666666666,0.0,2.6666666666666665,5.333333333333333,0.3333333333333333,0.6666666666666666
Tony Parker,CHO,PG,56,17.910714285714285,9.464285714285714,1.4821428571428572,3.6964285714285716,0.375,0.125,0.23214285714285715,3.8035714285714284,8.267857142857142,1.625,2.2142857142857144
Tony Snell,MIL,SF,74,17.62162162162162,6.0,2.1216216216216215,0.918918918918919,0.35135135135135137,0.24324324324324326,1.0945945945945945,2.2027027027027026,4.878378378378378,0.5,0.5675675675675675
Torrey Craig,DEN,SF,75,20.04,5.733333333333333,3.506666666666667,0.96,0.49333333333333335,0.6133333333333333,0.8133333333333334,2.1333333333333333,4.826666666666667,0.6533333333333333,0.9333333333333333
Trae Young,ATL,PG,81,30.901234567901234,19.123456790123456,3.7160493827160495,8.061728395061728,0.8888888888888888,0.18518518518518517,1.9259259259259258,6.481481481481482,15.506172839506172,4.234567901234568,5.111111111111111
Treveon Graham,BRK,SG,35,20.428571428571427,5.257142857142857,3.057142857142857,0.9714285714285714,0.37142857142857144,0.2,1.0857142857142856,1.8285714285714285,5.457142857142857,0.5142857142857142,0.6285714285714286
Trevon Duval,MIL,PG,3,2.0,1.6666666666666667,0.3333333333333333,0.6666666666666666,0.0,0.0,0.3333333333333333,0.6666666666666666,1.0,0.0,0.0
Trevor Ariza,2TM,SF,69,34.04347826086956,12.507246376811594,5.3768115942028984,3.652173913043478,1.318840579710145,0.30434782608695654,2.101449275362319,4.260869565217392,10.666666666666666,1.8840579710144927,2.3768115942028984
Trey Burke,2TM,PG,58,19.396551724137932,10.879310344827585,1.706896551724138,2.7413793103448274,0.5689655172413793,0.1206896551724138,0.9655172413793104,4.068965517241379,9.448275862068966,1.7758620689655173,2.1379310344827585
Trey Lyles,DEN,PF,64,17.5,8.53125,3.84375,1.359375,0.46875,0.359375,0.796875,3.234375,7.734375,1.265625,1.8125
Tristan Thompson,CLE,C,43,27.86046511627907,10.930232558139535,10.186046511627907,2.0,0.6511627906976745,0.37209302325581395,0.0,4.674418604651163,8.837209302325581,1.5813953488372092,2.4651162790697674
Troy Brown Jr.,WAS,SF,52,14.038461538461538,4.769230769230769,2.7884615384615383,1.5384615384615385,0.40384615384615385,0.09615384615384616,0.4230769230769231,1.8653846153846154,4.5,0.6153846153846154,0.9038461538461539
Troy Caupain,ORL,PG,4,4.0,2.5,0.75,1.0,0.25,0.0,0.5,1.0,2.0,0.0,0.0
Troy Daniels,PHO,SG,51,14.901960784313726,6.235294117647059,1.4313725490196079,0.5098039215686274,0.5098039215686274,0.09803921568627451,1.4509803921568627,2.215686274509804,5.392156862745098,0.35294117647058826,0.45098039215686275
Troy Williams,SAC,SF,21,14.857142857142858,5.285714285714286,2.8095238095238093,0.5238095238095238,0.47619047619047616,0.38095238095238093,0.6666666666666666,2.0952380952380953,4.666666666666667,0.42857142857142855,0.7142857142857143
Tyler Cavanaugh,UTA,PF,11,3.5454545454545454,0.8181818181818182,0.7272727272727273,0.09090909090909091,0.0,0.0,0.09090909090909091,0.2727272727272727,0.9090909090909091,0.18181818181818182,0.18181818181818182
Tyler Davis,OKC,C,1,1.0,0.0,1.0,0.0,0.0,0.0,0.0,0.0,1.0,0.0,0.0
Tyler Dorsey,2TM,SG,48,14.541666666666666,6.166666666666667,2.3541666666666665,1.1666666666666667,0.2916666666666667,0.041666666666666664,0.9166666666666666,2.2291666666666665,5.5,0.7916666666666666,1.2708333333333333
Tyler Johnson,2TM,PG,57,26.82456140350877,10.859649122807017,3.0350877192982457,2.912280701754386,0.9473684210526315,0.47368421052631576,1.5789473684210527,3.807017543859649,9.228070175438596,1.6666666666666667,2.2280701754385963
Tyler Lydon,DEN,PF,25,3.76,0.92,0.72,0.24,0.08,0.0,0.16,0.36,0.72,0.04,0.12
Tyler Ulis,CHI,PG,1,1.0,0.0,0.0,0.0,0.0,0.0,0.0,0.0,0.0,0.0,0.0
Tyler Zeller,2TM,C,6,15.5,7.666666666666667,4.0,0.6666666666666666,0.16666666666666666,0.5,0.0,2.6666666666666665,5.0,2.3333333333333335,3.0
Tyreke Evans,IND,SG,69,20.318840579710145,10.231884057971014,2.9130434782608696,2.4057971014492754,0.8405797101449275,0.2608695652173913,1.1159420289855073,3.7246376811594204,9.565217391304348,1.6666666666666667,2.318840579710145
Tyrone Wallace,LAC,PG,62,10.129032258064516,3.5161290322580645,1.6290322580645162,0.6774193548387096,0.3387096774193548,0.11290322580645161,0.06451612903225806,1.4838709677419355,3.5,0.4838709677419355,0.9193548387096774
Tyson Chandler,2TM,C,55,15.909090909090908,3.1454545454545455,5.581818181818182,0.6727272727272727,0.38181818181818183,0.41818181818181815,0.0,1.1090909090909091,1.8,0.9272727272727272,1.5818181818181818
Tyus Jones,MIN,PG,68,22.941176470588236,6.882352941176471,1.9705882352941178,4.8088235294117645,1.1911764705882353,0.07352941176470588,0.5882352941176471,2.7205882352941178,6.5588235294117645,0.8529411764705882,1.0147058823529411
Udonis Haslem,MIA,C,10,7.4,2.5,2.7,0.2,0.0,0.0,0.0,1.1,3.3,0.3,0.4
Victor Oladipo,IND,SG,36,31.86111111111111,18.75,5.611111111111111,5.166666666666667,1.6666666666666667,0.3055555555555556,2.0555555555555554,6.916666666666667,16.333333333333332,2.861111111111111,3.9166666666666665
Vince Carter,ATL,PF,76,17.5,7.394736842105263,2.5526315789473686,1.144736842105263,0.5789473684210527,0.35526315789473684,1.618421052631579,2.5789473684210527,6.157894736842105,0.618421052631579,0.868421052631579
Vince Edwards,HOU,SF,2,8.0,1.5,1.0,0.0,0.0,0.0,0.5,0.5,2.0,0.0,0.0
Wade Baldwin,POR,PG,16,5.875,1.875,0.9375,0.75,0.0625,0.125,0.125,0.625,2.0625,0.5,0.6875
Walt Lemon Jr.,CHI,PG,6,27.833333333333332,14.333333333333334,4.5,5.0,1.8333333333333333,0.16666666666666666,0.3333333333333333,6.333333333333333,14.5,1.3333333333333333,1.8333333333333333
Wayne Ellington,2TM,SG,53,24.471698113207548,10.283018867924529,2.018867924528302,1.3584905660377358,1.0188679245283019,0.11320754716981132,2.6037735849056602,3.4716981132075473,8.622641509433961,0.7358490566037735,0.9245283018867925
Wayne Selden,2TM,SG,75,19.186666666666667,6.8533333333333335,2.4,1.4533333333333334,0.44,0.17333333333333334,0.7333333333333333,2.6133333333333333,6.44,0.8933333333333333,1.2266666666666666
Wendell Carter Jr.,CHI,C,44,25.227272727272727,10.340909090909092,6.9772727272727275,1.7727272727272727,0.5909090909090909,1.3181818181818181,0.13636363636363635,4.090909090909091,8.431818181818182,2.022727272727273,2.5454545454545454
Wes Iwundu,ORL,SF,68,18.13235294117647,4.985294117647059,2.7058823529411766,1.0735294117647058,0.4117647058823529,0.3235294117647059,0.4264705882352941,1.661764705882353,4.029411764705882,1.2352941176470589,1.5147058823529411
Wesley Johnson,2TM,SF,38,14.052631578947368,3.3684210526315788,1.894736842105263,0.6052631578947368,0.3684210526315789,0.3157894736842105,0.6578947368421053,1.1842105263157894,3.3684210526315788,0.34210526315789475,0.5
Wesley Matthews,3TM,SF,69,30.304347826086957,12.173913043478262,2.463768115942029,2.318840579710145,0.782608695652174,0.2463768115942029,2.1739130434782608,4.043478260869565,10.115942028985508,1.9130434782608696,2.36231884057971
Will Barton,DEN,SF,43,27.651162790697676,11.488372093023257,4.627906976744186,2.883720930232558,0.4186046511627907,0.5116279069767442,1.558139534883721,4.3023255813953485,10.69767441860465,1.3255813953488371,1.7209302325581395
Willie Cauley-Stein,SAC,C,81,27.320987654320987,11.91358024691358,8.37037037037037,2.3950617283950617,1.1851851851851851,0.6296296296296297,0.012345679012345678,5.08641975308642,9.148148148148149,1.728395061728395,3.1358024691358026
Willy Hernangómez,CHO,C,58,14.0,7.258620689655173,5.362068965517241,1.0344827586206897,0.27586206896551724,0.3448275862068966,0.25862068965517243,2.6379310344827585,5.086206896551724,1.7241379310344827,2.4827586206896552
Wilson Chandler,2TM,SF,51,23.07843137254902,5.980392156862745,4.215686274509804,1.607843137254902,0.49019607843137253,0.4117647058823529,1.1568627450980393,2.235294117647059,5.352941176470588,0.35294117647058826,0.49019607843137253
Yante Maten,MIA,PF,2,6.5,1.0,1.5,0.0,0.5,0.0,0.0,0.5,2.0,0.0,0.0
Yogi Ferrell,SAC,PG,71,15.028169014084508,5.915492957746479,1.5352112676056338,1.9295774647887325,0.5070422535211268,0.056338028169014086,0.7605633802816901,2.1549295774647885,4.957746478873239,0.8450704225352113,0.9436619718309859
Yuta Watanabe,MEM,SF,15,11.6,2.6,2.066666666666667,0.5333333333333333,0.26666666666666666,0.06666666666666667,0.13333333333333333,1.0,3.4,0.4666666666666667,0.6666666666666666
Zach Collins,POR,C,77,17.61038961038961,6.64935064935065,4.207792207792208,0.922077922077922,0.3246753246753247,0.8571428571428571,0.5194805194805194,2.4545454545454546,5.194805194805195,1.2207792207792207,1.6363636363636365
Zach LaVine,CHI,SG,63,34.46031746031746,23.682539682539684,4.666666666666667,4.492063492063492,0.9523809523809523,0.4126984126984127,1.9047619047619047,8.412698412698413,18.015873015873016,4.9523809523809526,5.9523809523809526
Zach Lofton,DET,SG,1,4.0,0.0,0.0,0.0,1.0,0.0,0.0,0.0,1.0,0.0,0.0
Zaza Pachulia,DET,C,68,12.911764705882353,3.926470588235294,3.8970588235294117,1.338235294117647,0.45588235294117646,0.25,0.0,1.25,2.838235294117647,1.4264705882352942,1.8235294117647058
Zhaire Smith,PHI,SG,6,18.5,6.666666666666667,2.1666666666666665,1.6666666666666667,0.3333333333333333,0.3333333333333333,1.0,2.3333333333333335,5.666666666666667,1.0,1.3333333333333333
Zhou Qi,HOU,PF,1,1.0,2.0,0.0,0.0,0.0,0.0,0.0,1.0,1.0,0.0,0.0
Álex Abrines,OKC,SG,31,18.967741935483872,5.32258064516129,1.5483870967741935,0.6451612903225806,0.5483870967741935,0.1935483870967742,1.3225806451612903,1.8064516129032258,5.064516129032258,0.3870967741935484,0.41935483870967744
Ángel Delgado,LAC,C,2,7.5,1.5,2.0,0.0,0.5,0.0,0.0,0.5,2.5,0.5,1.0
