player,nba_team,positions,games,minutes_pg,pts_pg,reb_pg,ast_pg,stl_pg,blk_pg,fg3m_pg,fgm_pg,fga_pg,ftm_pg,fta_pg,source_player_id,source_url,source_sha256,retrieved_at,source_group,source_rows,source_rows_differ,fg_pct,ft_pct,min_total,pts_total,reb_total,ast_total,stl_total,blk_total,3pm_total,fgm_total,fga_total,ftm_total,fta_total
AJ Dybantsa,WAS,SF,78.3,32.66922094508301,19.547892720306514,7.282247765006386,3.3065134099616857,1.2247765006385698,0.565772669220945,2.7637292464878676,6.885057471264369,15.24137931034483,3.0114942528735633,3.9106002554278416,50027666,https://www.cbssports.com/fantasy/basketball/stats/SF/2026/season/projections/,f98caa164746e43805fc7c808cd84cb3d0d33eaf1d1736dbf24fc86c31b9f400,2026-10-07T00:08:42.996466+00:00,SF,2,False,0.452,0.77,2558.0,1530.6,570.2,258.9,95.9,44.3,216.4,539.1,1193.4,235.8,306.2
AJ Green,MIL,SG,28.7,14.285714285714286,4.2996515679442515,1.1672473867595818,0.8222996515679443,0.2613240418118467,0.0,1.2055749128919862,1.4320557491289199,3.529616724738676,0.21602787456445993,0.2613240418118467,3041713,https://www.cbssports.com/fantasy/basketball/stats/SG/2026/season/projections/,37f70f9d423d81536367f40def389cdea0b84e5f5b98b7530f93d5b8063030d4,2026-10-07T00:08:42.254757+00:00,SG,1,False,0.406,0.8270000000000001,410.0,123.4,33.5,23.6,7.5,0.0,34.6,41.1,101.3,6.2,7.5
AJ Johnson,NO,PG,28.7,8.501742160278745,2.857142857142857,0.7630662020905923,0.770034843205575,0.2578397212543554,0.0,0.30313588850174217,1.132404181184669,2.5574912891986066,0.4564459930313589,0.5331010452961673,29379643,https://www.cbssports.com/fantasy/basketball/stats/SG/2026/season/projections/,37f70f9d423d81536367f40def389cdea0b84e5f5b98b7530f93d5b8063030d4,2026-10-07T00:08:42.254757+00:00,SG,1,False,0.44299999999999995,0.856,244.0,82.0,21.9,22.1,7.4,0.0,8.7,32.5,73.4,13.1,15.3
AJ Lawson,TOR,SG,28.7,8.501742160278745,3.2473867595818815,1.3101045296167249,0.3170731707317073,0.2613240418118467,0.0313588850174216,0.5609756097560976,1.1428571428571428,2.6097560975609757,0.5435540069686411,0.7665505226480837,3041113,https://www.cbssports.com/fantasy/basketball/stats/SF/2026/season/projections/,f98caa164746e43805fc7c808cd84cb3d0d33eaf1d1736dbf24fc86c31b9f400,2026-10-07T00:08:42.996466+00:00,SF,1,False,0.43799999999999994,0.7090000000000001,244.0,93.2,37.6,9.1,7.5,0.9,16.1,32.8,74.9,15.6,22.0
Aaron Gordon,DEN,PF,78.3,29.412515964240104,14.422733077905491,5.144316730523627,2.692209450830141,0.41379310344827586,0.3256704980842912,1.4355044699872288,4.996168582375479,9.802043422733078,3.005108556832695,3.7803320561941254,2135532,https://www.cbssports.com/fantasy/basketball/stats/C/2026/season/projections/,ca5a55b7b6e8cc89d533c36d3a34e42d0482be0614b6ef2eff2b699974b7da28,2026-10-07T00:07:33.040923+00:00,C,1,False,0.51,0.795,2303.0,1129.3,402.8,210.8,32.4,25.5,112.4,391.2,767.5,235.3,296.0
Aaron Holiday,HOU,PG,28.7,6.097560975609756,2.29616724738676,0.5296167247386759,0.5226480836236934,0.26480836236933797,0.0,0.5470383275261324,0.8606271777003485,2.038327526132404,0.21602787456445993,0.2613240418118467,2203427,https://www.cbssports.com/fantasy/basketball/stats/SG/2026/season/projections/,37f70f9d423d81536367f40def389cdea0b84e5f5b98b7530f93d5b8063030d4,2026-10-07T00:08:42.254757+00:00,SG,1,False,0.42200000000000004,0.8270000000000001,175.0,65.9,15.2,15.0,7.6,0.0,15.7,24.7,58.5,6.2,7.5
Aaron Nesmith,IND,SF,78.4,27.448979591836732,12.255102040816325,4.048469387755102,1.4630102040816326,0.6033163265306122,0.44005102040816324,1.9885204081632653,4.3520408163265305,9.219387755102039,1.5433673469387754,1.7895408163265307,3041270,https://www.cbssports.com/fantasy/basketball/stats/PF/2026/season/projections/,5804ecddccb008ec445e51431f2a1ffbda4a5dd983a453cf7b38d272dd9e00fc,2026-10-07T00:08:42.664441+00:00,PF,2,False,0.47200000000000003,0.862,2152.0,960.8,317.4,114.7,47.3,34.5,155.9,341.2,722.8,121.0,140.3
Aaron Wiggins,ATL,SG,78.4,14.757653061224488,6.387755102040816,2.058673469387755,1.1747448979591835,0.4604591836734694,0.2002551020408163,0.9706632653061223,2.4323979591836733,5.4936224489795915,0.5012755102040816,0.6364795918367346,3042491,https://www.cbssports.com/fantasy/basketball/stats/SF/2026/season/projections/,f98caa164746e43805fc7c808cd84cb3d0d33eaf1d1736dbf24fc86c31b9f400,2026-10-07T00:08:42.996466+00:00,SF,2,False,0.44299999999999995,0.7879999999999999,1157.0,500.8,161.4,92.1,36.1,15.7,76.1,190.7,430.7,39.3,49.9
Ace Bailey,UTA,SG,78.3,27.509578544061302,12.196679438058748,3.466155810983397,1.5938697318007664,0.7318007662835249,0.5823754789272031,1.7203065134099615,4.831417624521073,11.099616858237548,0.8212005108556832,1.0957854406130267,29556699,https://www.cbssports.com/fantasy/basketball/stats/SF/2026/season/projections/,f98caa164746e43805fc7c808cd84cb3d0d33eaf1d1736dbf24fc86c31b9f400,2026-10-07T00:08:42.996466+00:00,SF,2,False,0.435,0.7490000000000001,2154.0,955.0,271.4,124.8,57.3,45.6,134.7,378.3,869.1,64.3,85.8
Adama-Alpha Bal,MEM,SG,28.7,8.571428571428571,4.414634146341464,1.2996515679442509,0.9790940766550523,0.36585365853658536,0.0,0.8153310104529616,1.4773519163763067,3.5679442508710806,0.5052264808362369,0.6097560975609756,26778620,https://www.cbssports.com/fantasy/basketball/stats/SG/2026/season/projections/,37f70f9d423d81536367f40def389cdea0b84e5f5b98b7530f93d5b8063030d4,2026-10-07T00:08:42.254757+00:00,SG,1,False,0.414,0.8290000000000001,246.0,126.7,37.3,28.1,10.5,0.0,23.4,42.4,102.4,14.5,17.5
Aday Mara,OKC,C,78.3,20.0,7.655172413793103,5.1417624521072804,0.7739463601532568,0.4980842911877395,0.9399744572158365,0.3588761174968072,3.134099616858238,5.469987228607919,1.0753512132822478,1.5351213282247766,29233479,https://www.cbssports.com/fantasy/basketball/stats/C/2026/season/projections/,ca5a55b7b6e8cc89d533c36d3a34e42d0482be0614b6ef2eff2b699974b7da28,2026-10-07T00:07:33.040923+00:00,C,1,False,0.573,0.7,1566.0,599.4,402.6,60.6,39.0,73.6,28.1,245.4,428.3,84.2,120.2
Adem Bona,PHI,PF,78.4,12.627551020408163,3.651785714285714,3.228316326530612,0.2857142857142857,0.2857142857142857,0.9630102040816326,0.0,1.4387755102040816,2.155612244897959,0.8303571428571427,1.2066326530612244,28951733,https://www.cbssports.com/fantasy/basketball/stats/C/2026/season/projections/,ca5a55b7b6e8cc89d533c36d3a34e42d0482be0614b6ef2eff2b699974b7da28,2026-10-07T00:07:33.040923+00:00,C,1,False,0.667,0.688,990.0,286.3,253.1,22.4,22.4,75.5,0.0,112.8,169.0,65.1,94.6
Adou Thiero,LAL,SF,29.1,2.852233676975945,0.8556701030927835,0.7731958762886597,0.25773195876288657,0.034364261168384876,0.0,0.0,0.2852233676975945,0.570446735395189,0.3127147766323024,0.5120274914089347,28956011,https://www.cbssports.com/fantasy/basketball/stats/SF/2026/season/projections/,f98caa164746e43805fc7c808cd84cb3d0d33eaf1d1736dbf24fc86c31b9f400,2026-10-07T00:08:42.996466+00:00,SF,1,False,0.5,0.611,83.0,24.9,22.5,7.5,1.0,0.0,0.0,8.3,16.6,9.1,14.9
Ajay Mitchell,OKC,PG,78.3,15.862068965517242,7.607918263090678,1.8212005108556832,1.9042145593869733,0.67816091954023,0.0970625798212005,0.6219667943805876,2.8595146871008943,5.937420178799489,1.3026819923371649,1.5070242656449553,26776721,https://www.cbssports.com/fantasy/basketball/stats/SG/2026/season/projections/,37f70f9d423d81536367f40def389cdea0b84e5f5b98b7530f93d5b8063030d4,2026-10-07T00:08:42.254757+00:00,SG,2,False,0.48200000000000004,0.8640000000000001,1242.0,595.7,142.6,149.1,53.1,7.6,48.7,223.9,464.9,102.0,118.0
Al Horford,GS,C,79.3,22.69861286254729,7.542244640605297,4.896595208070618,2.108448928121059,0.725094577553594,0.7263556116015133,1.4981084489281211,2.7313997477931906,6.511979823455233,0.5712484237074401,0.651954602774275,1231877,https://www.cbssports.com/fantasy/basketball/stats/C/2026/season/projections/,ca5a55b7b6e8cc89d533c36d3a34e42d0482be0614b6ef2eff2b699974b7da28,2026-10-07T00:07:33.040923+00:00,C,1,False,0.419,0.8759999999999999,1800.0,598.1,388.3,167.2,57.5,57.6,118.8,216.6,516.4,45.3,51.7
Alex Antetokounmpo,MIL,SF,28.7,2.857142857142857,2.550522648083624,0.5888501742160278,0.26480836236933797,0.17073170731707318,0.0,0.5087108013937283,0.8501742160278746,1.6933797909407666,0.48083623693379796,0.6480836236933799,26719734,https://www.cbssports.com/fantasy/basketball/stats/SF/2026/season/projections/,f98caa164746e43805fc7c808cd84cb3d0d33eaf1d1736dbf24fc86c31b9f400,2026-10-07T00:08:42.996466+00:00,SF,1,False,0.502,0.742,82.0,73.2,16.9,7.6,4.9,0.0,14.6,24.4,48.6,13.8,18.6
Alex Caruso,OKC,PG,78.3,14.789272030651341,5.389527458492976,1.9642401021711369,1.5057471264367817,1.1008939974457217,0.2822477650063857,0.8633461047254151,1.89272030651341,4.351213282247765,0.6960408684546616,0.8569604086845466,2269489,https://www.cbssports.com/fantasy/basketball/stats/PG/2026/season/projections/,867486dbf920d0a7f8247d362c4a18a7308ea6951db42a6fcbe5afcb56ca03af,2026-10-07T00:08:41.788836+00:00,PG,1,False,0.435,0.812,1158.0,422.0,153.8,117.9,86.2,22.1,67.6,148.2,340.7,54.5,67.1
Alex Karaban,SAC,SF,28.7,2.857142857142857,3.331010452961672,1.4425087108013936,0.43902439024390244,0.2682926829268293,0.23693379790940766,0.2578397212543554,1.3797909407665505,2.142857142857143,0.5609756097560976,0.8083623693379791,26887892,https://www.cbssports.com/fantasy/basketball/stats/PF/2026/season/projections/,5804ecddccb008ec445e51431f2a1ffbda4a5dd983a453cf7b38d272dd9e00fc,2026-10-07T00:08:42.664441+00:00,PF,1,False,0.644,0.6940000000000001,82.0,95.6,41.4,12.6,7.7,6.8,7.4,39.6,61.5,16.1,23.2
Alex Sarr,WAS,C,78.3,27.330779054916988,13.610472541507026,6.191570881226054,2.2541507024265646,0.6526181353767561,1.5632183908045978,1.0510855683269476,5.293742017879949,11.777777777777779,1.9770114942528738,2.893997445721584,29275372,https://www.cbssports.com/fantasy/basketball/stats/C/2026/season/projections/,ca5a55b7b6e8cc89d533c36d3a34e42d0482be0614b6ef2eff2b699974b7da28,2026-10-07T00:07:33.040923+00:00,C,1,False,0.449,0.6829999999999999,2140.0,1065.7,484.8,176.5,51.1,122.4,82.3,414.5,922.2,154.8,226.6
Allen Graves,TOR,PF,78.3,9.527458492975734,3.5019157088122603,1.6896551724137934,0.43167305236270753,0.194125159642401,0.1992337164750958,0.20817369093231164,1.4406130268199233,2.81992337164751,0.45593869731800774,0.6564495530012772,29558523,https://www.cbssports.com/fantasy/basketball/stats/PF/2026/season/projections/,5804ecddccb008ec445e51431f2a1ffbda4a5dd983a453cf7b38d272dd9e00fc,2026-10-07T00:08:42.664441+00:00,PF,1,False,0.511,0.695,746.0,274.2,132.3,33.8,15.2,15.6,16.3,112.8,220.8,35.7,51.4
Alperen Sengun,HOU,C,78.4,32.67857142857142,18.653061224489797,9.329081632653061,5.257653061224489,1.1135204081632653,0.943877551020408,0.4030612244897959,7.298469387755102,14.214285714285715,3.6568877551020402,5.311224489795918,26646084,https://www.cbssports.com/fantasy/basketball/stats/C/2026/season/projections/,ca5a55b7b6e8cc89d533c36d3a34e42d0482be0614b6ef2eff2b699974b7da28,2026-10-07T00:07:33.040923+00:00,C,1,False,0.513,0.6890000000000001,2562.0,1462.4,731.4,412.2,87.3,74.0,31.6,572.2,1114.4,286.7,416.4
Amen Thompson,HOU,SG,78.4,34.74489795918367,15.399234693877549,7.50765306122449,4.420918367346939,1.4005102040816326,0.9183673469387754,0.3176020408163265,5.940051020408163,10.876275510204081,3.1913265306122445,4.321428571428571,29005049,https://www.cbssports.com/fantasy/basketball/stats/SG/2026/season/projections/,37f70f9d423d81536367f40def389cdea0b84e5f5b98b7530f93d5b8063030d4,2026-10-07T00:08:42.254757+00:00,SG,2,False,0.546,0.738,2724.0,1207.3,588.6,346.6,109.8,72.0,24.9,465.7,852.7,250.2,338.8
Amir Coffey,PHO,SF,28.7,8.815331010452962,3.686411149825784,1.1149825783972125,0.5156794425087108,0.3066202090592335,0.0,0.5261324041811847,1.372822299651568,2.574912891986063,0.5923344947735192,0.6794425087108014,2268265,https://www.cbssports.com/fantasy/basketball/stats/SF/2026/season/projections/,f98caa164746e43805fc7c808cd84cb3d0d33eaf1d1736dbf24fc86c31b9f400,2026-10-07T00:08:42.996466+00:00,SF,1,False,0.5329999999999999,0.872,253.0,105.8,32.0,14.8,8.8,0.0,15.1,39.4,73.9,17.0,19.5
Andre Drummond,NY,C,78.3,13.71647509578544,4.693486590038314,6.194125159642401,0.8441890166028096,0.4929757343550447,0.4163473818646233,0.2822477650063857,1.909323116219668,3.6309067688378036,0.6577266922094509,1.0370370370370372,1992788,https://www.cbssports.com/fantasy/basketball/stats/C/2026/season/projections/,ca5a55b7b6e8cc89d533c36d3a34e42d0482be0614b6ef2eff2b699974b7da28,2026-10-07T00:07:33.040923+00:00,C,1,False,0.526,0.634,1074.0,367.5,485.0,66.1,38.6,32.6,22.1,149.5,284.3,51.5,81.2
Andre Jackson Jr.,TOR,SF,28.7,5.993031358885018,1.8118466898954704,1.0452961672473868,0.5156794425087108,0.2613240418118467,0.0,0.2578397212543554,0.7630662020905923,1.4320557491289199,0.14982578397212543,0.2613240418118467,3178207,https://www.cbssports.com/fantasy/basketball/stats/SG/2026/season/projections/,37f70f9d423d81536367f40def389cdea0b84e5f5b98b7530f93d5b8063030d4,2026-10-07T00:08:42.254757+00:00,SG,1,False,0.5329999999999999,0.573,172.0,52.0,30.0,14.8,7.5,0.0,7.4,21.9,41.1,4.3,7.5
Andrew Nembhard,IND,PG,78.4,33.6734693877551,14.080357142857142,3.17219387755102,6.698979591836735,1.0459183673469388,0.18239795918367346,1.3673469387755102,5.2270408163265305,11.169642857142858,2.2831632653061225,2.8061224489795915,3041935,https://www.cbssports.com/fantasy/basketball/stats/SG/2026/season/projections/,37f70f9d423d81536367f40def389cdea0b84e5f5b98b7530f93d5b8063030d4,2026-10-07T00:08:42.254757+00:00,SG,2,False,0.46799999999999997,0.8140000000000001,2640.0,1103.9,248.7,525.2,82.0,14.3,107.2,409.8,875.7,179.0,220.0
Andrew Wiggins,MIA,SF,78.4,30.535714285714285,15.973214285714285,4.3188775510204085,2.661989795918367,1.0701530612244898,0.881377551020408,1.7933673469387752,5.7436224489795915,12.243622448979592,2.688775510204082,3.5216836734693877,2135571,https://www.cbssports.com/fantasy/basketball/stats/SF/2026/season/projections/,f98caa164746e43805fc7c808cd84cb3d0d33eaf1d1736dbf24fc86c31b9f400,2026-10-07T00:08:42.996466+00:00,SF,2,False,0.469,0.763,2394.0,1252.3,338.6,208.7,83.9,69.1,140.6,450.3,959.9,210.8,276.1
Anfernee Simons,PHI,SG,78.4,22.18112244897959,11.418367346938775,1.9719387755102038,2.63265306122449,0.5331632653061223,0.10586734693877552,1.6505102040816326,4.107142857142857,9.033163265306122,1.5956632653061222,1.7729591836734693,2938080,https://www.cbssports.com/fantasy/basketball/stats/SG/2026/season/projections/,37f70f9d423d81536367f40def389cdea0b84e5f5b98b7530f93d5b8063030d4,2026-10-07T00:08:42.254757+00:00,SG,2,False,0.455,0.9,1739.0,895.2,154.6,206.4,41.8,8.3,129.4,322.0,708.2,125.1,139.0
Anthony Black,ORL,PG,78.3,23.14176245210728,9.496807151979567,2.9118773946360155,2.6257982120051087,1.0613026819923372,0.5044699872286079,0.8876117496807152,3.3908045977011496,7.779054916985952,1.7918263090676887,2.4355044699872286,28955672,https://www.cbssports.com/fantasy/basketball/stats/SF/2026/season/projections/,f98caa164746e43805fc7c808cd84cb3d0d33eaf1d1736dbf24fc86c31b9f400,2026-10-07T00:08:42.996466+00:00,SF,2,False,0.436,0.736,1812.0,743.6,228.0,205.6,83.1,39.5,69.5,265.5,609.1,140.3,190.7
Anthony Davis,WAS,C,78.2,32.68542199488491,21.455242966751918,10.572890025575447,2.7979539641943734,1.0869565217391304,1.8682864450127876,0.6432225063938618,8.05626598465473,16.583120204603578,4.68542199488491,6.08695652173913,1992786,https://www.cbssports.com/fantasy/basketball/stats/PF/2026/season/projections/,5804ecddccb008ec445e51431f2a1ffbda4a5dd983a453cf7b38d272dd9e00fc,2026-10-07T00:08:42.664441+00:00,PF,2,False,0.486,0.77,2556.0,1677.8,826.8,218.8,85.0,146.1,50.3,630.0,1296.8,366.4,476.0
Anthony Edwards,MIN,SG,78.4,35.79081632653061,26.96301020408163,5.968112244897958,4.455357142857142,1.3890306122448979,0.7104591836734694,3.392857142857143,9.168367346938775,20.107142857142858,5.232142857142857,6.460459183673469,3141406,https://www.cbssports.com/fantasy/basketball/stats/PG/2026/season/projections/,867486dbf920d0a7f8247d362c4a18a7308ea6951db42a6fcbe5afcb56ca03af,2026-10-07T00:08:41.788836+00:00,PG,2,False,0.456,0.81,2806.0,2113.9,467.9,349.3,108.9,55.7,266.0,718.8,1576.4,410.2,506.5
Anthony Gill,WAS,PF,28.7,8.571428571428571,2.0418118466898956,1.0905923344947737,0.48083623693379796,0.2578397212543554,0.04181184668989547,0.017421602787456445,0.8780487804878049,1.4285714285714286,0.35888501742160284,0.5156794425087108,1904976,https://www.cbssports.com/fantasy/basketball/stats/SF/2026/season/projections/,f98caa164746e43805fc7c808cd84cb3d0d33eaf1d1736dbf24fc86c31b9f400,2026-10-07T00:08:42.996466+00:00,SF,1,False,0.615,0.696,246.0,58.6,31.3,13.8,7.4,1.2,0.5,25.2,41.0,10.3,14.8
Antonio Reeves,MIN,SG,28.7,8.501742160278745,3.4006968641114983,0.7247386759581882,0.397212543554007,0.25435540069686413,0.0,0.7665505226480837,1.4146341463414636,2.651567944250871,0.20557491289198607,0.2578397212543554,3148171,https://www.cbssports.com/fantasy/basketball/stats/SG/2026/season/projections/,37f70f9d423d81536367f40def389cdea0b84e5f5b98b7530f93d5b8063030d4,2026-10-07T00:08:42.254757+00:00,SG,1,False,0.534,0.797,244.0,97.6,20.8,11.4,7.3,0.0,22.0,40.6,76.1,5.9,7.4
Asa Newell,ATL,PF,28.7,5.714285714285714,2.5226480836236935,0.9965156794425087,0.2578397212543554,0.2578397212543554,0.27177700348432055,0.2578397212543554,1.118466898954704,1.7282229965156795,0.14634146341463417,0.2682926829268293,29559855,https://www.cbssports.com/fantasy/basketball/stats/PF/2026/season/projections/,5804ecddccb008ec445e51431f2a1ffbda4a5dd983a453cf7b38d272dd9e00fc,2026-10-07T00:08:42.664441+00:00,PF,1,False,0.647,0.545,164.0,72.4,28.6,7.4,7.4,7.8,7.4,32.1,49.6,4.2,7.7
Ausar Thompson,DET,SF,78.3,25.261813537675607,9.278416347381865,5.6321839080459775,2.669220945083014,1.8403575989782885,0.9808429118773946,0.1008939974457216,3.848020434227331,7.362707535121329,1.4699872286079183,2.481481481481482,29005044,https://www.cbssports.com/fantasy/basketball/stats/PF/2026/season/projections/,5804ecddccb008ec445e51431f2a1ffbda4a5dd983a453cf7b38d272dd9e00fc,2026-10-07T00:08:42.664441+00:00,PF,2,False,0.523,0.5920000000000001,1978.0,726.5,441.0,209.0,144.1,76.8,7.9,301.3,576.5,115.1,194.3
Austin Reaves,LAL,SG,79.3,34.76670870113493,20.059268600252206,4.424968474148802,5.047919293820933,1.0025220680958387,0.3467843631778058,2.2837326607818413,6.182849936948298,13.354350567465323,5.398486759142497,6.185372005044137,2268681,https://www.cbssports.com/fantasy/basketball/stats/PG/2026/season/projections/,867486dbf920d0a7f8247d362c4a18a7308ea6951db42a6fcbe5afcb56ca03af,2026-10-07T00:08:41.788836+00:00,PG,2,False,0.46299999999999997,0.873,2757.0,1590.7,350.9,400.3,79.5,27.5,181.1,490.3,1059.0,428.1,490.5
Ayo Dosunmu,MIN,PG,78.4,28.469387755102037,13.720663265306122,3.5854591836734695,3.863520408163265,1.0854591836734693,0.3214285714285714,1.5114795918367345,5.187499999999999,10.264030612244898,1.8265306122448977,2.141581632653061,3042559,https://www.cbssports.com/fantasy/basketball/stats/SF/2026/season/projections/,f98caa164746e43805fc7c808cd84cb3d0d33eaf1d1736dbf24fc86c31b9f400,2026-10-07T00:08:42.996466+00:00,SF,2,False,0.505,0.853,2232.0,1075.7,281.1,302.9,85.1,25.2,118.5,406.7,804.7,143.2,167.9
Baba Miller,LAC,PF,78.3,8.684546615581098,3.212005108556833,1.3984674329501916,0.314176245210728,0.2017879948914432,0.1111111111111111,0.26181353767560667,1.2681992337164751,2.458492975734355,0.3537675606641124,0.5095785440613027,28954664,https://www.cbssports.com/fantasy/basketball/stats/PF/2026/season/projections/,5804ecddccb008ec445e51431f2a1ffbda4a5dd983a453cf7b38d272dd9e00fc,2026-10-07T00:08:42.664441+00:00,PF,1,False,0.516,0.6940000000000001,680.0,251.5,109.5,24.6,15.8,8.7,20.5,99.3,192.5,27.7,39.9
Bam Adebayo,MIA,PF,78.4,33.558673469387756,18.89923469387755,9.33673469387755,3.839285714285714,1.2997448979591837,0.7270408163265306,1.197704081632653,6.841836734693877,14.531887755102039,4.012755102040816,5.225765306122448,2844706,https://www.cbssports.com/fantasy/basketball/stats/C/2026/season/projections/,ca5a55b7b6e8cc89d533c36d3a34e42d0482be0614b6ef2eff2b699974b7da28,2026-10-07T00:07:33.040923+00:00,C,1,False,0.47100000000000003,0.768,2631.0,1481.7,732.0,301.0,101.9,57.0,93.9,536.4,1139.3,314.6,409.7
Baylor Scheierman,BOS,SG,78.3,15.862068965517242,5.324393358876117,2.954022988505747,1.2222222222222223,0.508301404853129,0.0996168582375479,1.2209450830140485,1.8697318007662838,4.450830140485313,0.3933588761174968,0.4572158365261813,3141901,https://www.cbssports.com/fantasy/basketball/stats/SF/2026/season/projections/,f98caa164746e43805fc7c808cd84cb3d0d33eaf1d1736dbf24fc86c31b9f400,2026-10-07T00:08:42.996466+00:00,SF,2,False,0.42,0.86,1242.0,416.9,231.3,95.7,39.8,7.8,95.6,146.4,348.5,30.8,35.8
Ben Saraf,BKN,PG,78.3,16.85823754789272,5.52618135376756,1.5925925925925928,2.441890166028097,0.6411238825031929,0.20306513409961688,0.3256704980842912,2.007662835249042,5.111111111111111,1.21455938697318,1.4648786717752236,29596186,https://www.cbssports.com/fantasy/basketball/stats/SG/2026/season/projections/,37f70f9d423d81536367f40def389cdea0b84e5f5b98b7530f93d5b8063030d4,2026-10-07T00:08:42.254757+00:00,SG,1,False,0.39299999999999996,0.8290000000000001,1320.0,432.7,124.7,191.2,50.2,15.9,25.5,157.2,400.2,95.1,114.7
Ben Sheppard,IND,SG,78.4,17.895408163265305,4.770408163265306,2.3010204081632653,1.2232142857142856,0.44132653061224486,0.10076530612244898,0.8801020408163265,1.7499999999999998,3.9923469387755097,0.34566326530612246,0.42474489795918363,3141908,https://www.cbssports.com/fantasy/basketball/stats/SF/2026/season/projections/,f98caa164746e43805fc7c808cd84cb3d0d33eaf1d1736dbf24fc86c31b9f400,2026-10-07T00:08:42.996466+00:00,SF,2,False,0.43799999999999994,0.8140000000000001,1403.0,374.0,180.4,95.9,34.6,7.9,69.0,137.2,313.0,27.1,33.3
Ben Simmons,SAC,SG,76.4,10.575916230366492,1.8651832460732982,2.1910994764397906,4.057591623036649,0.3363874345549738,0.24214659685863874,0.0,0.8573298429319371,1.5719895287958112,0.13219895287958114,0.24738219895287955,2202822,https://www.cbssports.com/fantasy/basketball/stats/PG/2026/season/projections/,867486dbf920d0a7f8247d362c4a18a7308ea6951db42a6fcbe5afcb56ca03af,2026-10-07T00:08:41.788836+00:00,PG,1,False,0.545,0.534,808.0,142.5,167.4,310.0,25.7,18.5,0.0,65.5,120.1,10.1,18.9
Bennedict Mathurin,NO,SF,78.3,21.04725415070243,11.242656449553001,3.679438058748404,1.1851851851851851,0.47126436781609193,0.18901660280970628,0.8186462324393359,3.5338441890166026,8.029374201787995,3.3793103448275867,3.9616858237547894,3178537,https://www.cbssports.com/fantasy/basketball/stats/SG/2026/season/projections/,37f70f9d423d81536367f40def389cdea0b84e5f5b98b7530f93d5b8063030d4,2026-10-07T00:08:42.254757+00:00,SG,2,False,0.44,0.853,1648.0,880.3,288.1,92.8,36.9,14.8,64.1,276.7,628.7,264.6,310.2
Bennett Stirtz,OKC,PG,78.3,7.330779054916986,3.2452107279693485,0.4725415070242657,0.7675606641123883,0.20817369093231164,0.0,0.5070242656449554,1.2286079182630907,2.8033205619412516,0.25798212005108556,0.3448275862068966,29558004,https://www.cbssports.com/fantasy/basketball/stats/PG/2026/season/projections/,867486dbf920d0a7f8247d362c4a18a7308ea6951db42a6fcbe5afcb56ca03af,2026-10-07T00:08:41.788836+00:00,PG,1,False,0.43799999999999994,0.748,574.0,254.1,37.0,60.1,16.3,0.0,39.7,96.2,219.5,20.2,27.0
Bez Mbeng,MIA,SG,28.7,17.421602787456447,3.6062717770034842,1.7804878048780488,1.8675958188153312,0.9094076655052266,0.21254355400696864,0.2578397212543554,1.4285714285714286,3.059233449477352,0.49477351916376305,0.770034843205575,26778071,https://www.cbssports.com/fantasy/basketball/stats/SG/2026/season/projections/,37f70f9d423d81536367f40def389cdea0b84e5f5b98b7530f93d5b8063030d4,2026-10-07T00:08:42.254757+00:00,SG,1,False,0.467,0.643,500.0,103.5,51.1,53.6,26.1,6.1,7.4,41.0,87.8,14.2,22.1
Bilal Coulibaly,WAS,SF,78.3,22.06896551724138,8.24904214559387,3.2005108556832695,1.914431673052363,0.8710089399744573,0.565772669220945,0.6500638569604087,2.897828863346105,6.632183908045977,1.8148148148148149,2.4329501915708813,29113033,https://www.cbssports.com/fantasy/basketball/stats/SG/2026/season/projections/,37f70f9d423d81536367f40def389cdea0b84e5f5b98b7530f93d5b8063030d4,2026-10-07T00:08:42.254757+00:00,SG,2,False,0.43700000000000006,0.746,1728.0,645.9,250.6,149.9,68.2,44.3,50.9,226.9,519.3,142.1,190.5
Blake Hinson,UTA,SF,28.7,11.428571428571429,5.7665505226480835,1.0313588850174216,0.5156794425087108,0.17421602787456447,0.0,1.32404181184669,1.9790940766550522,3.9512195121951224,0.3867595818815331,0.5156794425087108,3042490,https://www.cbssports.com/fantasy/basketball/stats/SG/2026/season/projections/,37f70f9d423d81536367f40def389cdea0b84e5f5b98b7530f93d5b8063030d4,2026-10-07T00:08:42.254757+00:00,SG,1,False,0.501,0.75,328.0,165.5,29.6,14.8,5.0,0.0,38.0,56.8,113.4,11.1,14.8
Blake Wesley,LAC,SG,28.7,5.714285714285714,2.4111498257839723,0.5156794425087108,0.8919860627177701,0.2787456445993031,0.0,0.25435540069686413,0.9128919860627178,1.89198606271777,0.40069686411149824,0.6794425087108014,26777324,https://www.cbssports.com/fantasy/basketball/stats/SG/2026/season/projections/,37f70f9d423d81536367f40def389cdea0b84e5f5b98b7530f93d5b8063030d4,2026-10-07T00:08:42.254757+00:00,SG,1,False,0.483,0.59,164.0,69.2,14.8,25.6,8.0,0.0,7.3,26.2,54.3,11.5,19.5
Bobby Portis,MIA,PF,78.4,21.10969387755102,11.16326530612245,6.206632653061225,1.625,0.6517857142857143,0.28061224489795916,1.193877551020408,4.563775510204081,9.701530612244898,0.8584183673469387,1.1186224489795917,2103804,https://www.cbssports.com/fantasy/basketball/stats/PF/2026/season/projections/,5804ecddccb008ec445e51431f2a1ffbda4a5dd983a453cf7b38d272dd9e00fc,2026-10-07T00:08:42.664441+00:00,PF,2,False,0.47,0.767,1655.0,875.2,486.6,127.4,51.1,22.0,93.6,357.8,760.6,67.3,87.7
Bogdan Bogdanovic,HOU,SG,78.4,16.875,6.6479591836734695,2.243622448979592,1.6211734693877549,0.42346938775510207,0.10586734693877552,1.1785714285714286,2.3545918367346936,5.696428571428571,0.7346938775510203,0.8558673469387754,2135518,https://www.cbssports.com/fantasy/basketball/stats/SG/2026/season/projections/,37f70f9d423d81536367f40def389cdea0b84e5f5b98b7530f93d5b8063030d4,2026-10-07T00:08:42.254757+00:00,SG,1,False,0.413,0.858,1323.0,521.2,175.9,127.1,33.2,8.3,92.4,184.6,446.6,57.6,67.1
Bones Hyland,MIN,PG,28.7,8.571428571428571,4.177700348432056,1.0034843205574913,1.2125435540069687,0.31358885017421606,0.0,0.8919860627177701,1.411149825783972,3.184668989547039,0.4181184668989547,0.5156794425087108,3142298,https://www.cbssports.com/fantasy/basketball/stats/PG/2026/season/projections/,867486dbf920d0a7f8247d362c4a18a7308ea6951db42a6fcbe5afcb56ca03af,2026-10-07T00:08:41.788836+00:00,PG,1,False,0.44299999999999995,0.8109999999999999,246.0,119.9,28.8,34.8,9.0,0.0,25.6,40.5,91.4,12.0,14.8
Braden Smith,IND,PG,28.7,2.857142857142857,2.2090592334494774,0.2578397212543554,0.770034843205575,0.05226480836236934,0.0,0.3205574912891986,0.926829268292683,2.0,0.1986062717770035,0.26480836236933797,28954688,https://www.cbssports.com/fantasy/basketball/stats/PG/2026/season/projections/,867486dbf920d0a7f8247d362c4a18a7308ea6951db42a6fcbe5afcb56ca03af,2026-10-07T00:08:41.788836+00:00,PG,1,False,0.46299999999999997,0.75,82.0,63.4,7.4,22.1,1.5,0.0,9.2,26.6,57.4,5.7,7.6
Bradley Beal,LAC,SG,28.7,17.177700348432055,8.411149825783973,1.6271777003484322,1.6167247386759582,0.6062717770034843,0.27526132404181186,0.9686411149825784,3.10801393728223,6.337979094076656,1.0766550522648084,1.348432055749129,1992783,https://www.cbssports.com/fantasy/basketball/stats/SF/2026/season/projections/,f98caa164746e43805fc7c808cd84cb3d0d33eaf1d1736dbf24fc86c31b9f400,2026-10-07T00:08:42.996466+00:00,SF,2,False,0.49,0.7979999999999999,493.0,241.4,46.7,46.4,17.4,7.9,27.8,89.2,181.9,30.9,38.7
Brandin Podziemski,GS,SG,79.3,28.373266078184113,13.274905422446407,5.099621689785624,3.5384615384615388,1.2042875157629256,0.2068095838587642,2.0239596469104666,4.622950819672131,10.480453972257251,1.9911727616645651,2.5649432534678436,26778377,https://www.cbssports.com/fantasy/basketball/stats/PG/2026/season/projections/,867486dbf920d0a7f8247d362c4a18a7308ea6951db42a6fcbe5afcb56ca03af,2026-10-07T00:08:41.788836+00:00,PG,2,False,0.441,0.7759999999999999,2250.0,1052.7,404.4,280.6,95.5,16.4,160.5,366.6,831.1,157.9,203.4
Brandon Ingram,LAC,SF,73.3,32.83765347885402,20.773533424283766,5.631650750341064,3.38881309686221,0.7994542974079127,0.660300136425648,2.2060027285129604,7.622100954979537,15.587994542974078,3.3165075034106413,4.043656207366985,2202503,https://www.cbssports.com/fantasy/basketball/stats/SG/2026/season/projections/,37f70f9d423d81536367f40def389cdea0b84e5f5b98b7530f93d5b8063030d4,2026-10-07T00:08:42.254757+00:00,SG,2,False,0.489,0.82,2407.0,1522.7,412.8,248.4,58.6,48.4,161.7,558.7,1142.6,243.1,296.4
Brandon Miller,CHA,SG,78.4,31.466836734693874,19.30739795918367,4.3520408163265305,3.1823979591836733,0.8941326530612244,0.6415816326530611,3.3494897959183674,6.624999999999999,15.507653061224488,2.6926020408163263,3.0459183673469385,28954943,https://www.cbssports.com/fantasy/basketball/stats/SG/2026/season/projections/,37f70f9d423d81536367f40def389cdea0b84e5f5b98b7530f93d5b8063030d4,2026-10-07T00:08:42.254757+00:00,SG,2,False,0.42700000000000005,0.884,2467.0,1513.7,341.2,249.5,70.1,50.3,262.6,519.4,1215.8,211.1,238.8
Brandon Williams,GS,PG,28.7,11.637630662020905,5.94773519163763,1.4076655052264808,2.0662020905923346,0.6236933797909407,0.006968641114982579,0.5505226480836237,1.8466898954703834,4.2020905923344944,1.588850174216028,1.9825783972125435,3042510,https://www.cbssports.com/fantasy/basketball/stats/PG/2026/season/projections/,867486dbf920d0a7f8247d362c4a18a7308ea6951db42a6fcbe5afcb56ca03af,2026-10-07T00:08:41.788836+00:00,PG,1,False,0.439,0.8009999999999999,334.0,170.7,40.4,59.3,17.9,0.2,15.8,53.0,120.6,45.6,56.9
Brayden Burries,MIL,SG,78.3,11.621966794380588,5.464878671775224,1.140485312899106,1.0434227330779056,0.3422733077905492,0.09450830140485314,1.0485312899106003,1.9540229885057472,4.666666666666667,0.5236270753512133,0.6845466155810984,50026701,https://www.cbssports.com/fantasy/basketball/stats/SG/2026/season/projections/,37f70f9d423d81536367f40def389cdea0b84e5f5b98b7530f93d5b8063030d4,2026-10-07T00:08:42.254757+00:00,SG,1,False,0.419,0.765,910.0,427.9,89.3,81.7,26.8,7.4,82.1,153.0,365.4,41.0,53.6
Brice Sensabaugh,UTA,SG,78.3,17.931034482758623,9.28352490421456,2.1213282247765006,1.3052362707535121,0.5772669220945084,0.09450830140485314,1.5019157088122606,3.2822477650063857,7.2005108556832695,1.2337164750957854,1.4648786717752236,28951832,https://www.cbssports.com/fantasy/basketball/stats/SG/2026/season/projections/,37f70f9d423d81536367f40def389cdea0b84e5f5b98b7530f93d5b8063030d4,2026-10-07T00:08:42.254757+00:00,SG,2,False,0.456,0.8420000000000001,1404.0,726.9,166.1,102.2,45.2,7.4,117.6,257.0,563.8,96.6,114.7
Brook Lopez,LAC,C,78.3,20.86845466155811,8.21455938697318,3.452107279693487,1.1787994891443168,0.5453384418901661,1.1481481481481484,1.2720306513409962,3.0945083014048533,6.492975734355045,0.7650063856960408,0.9476372924648787,1622544,https://www.cbssports.com/fantasy/basketball/stats/C/2026/season/projections/,ca5a55b7b6e8cc89d533c36d3a34e42d0482be0614b6ef2eff2b699974b7da28,2026-10-07T00:07:33.040923+00:00,C,1,False,0.47700000000000004,0.807,1634.0,643.2,270.3,92.3,42.7,89.9,99.6,242.3,508.4,59.9,74.2
Bruce Brown,NY,SG,28.7,11.742160278745645,3.9303135888501743,2.1114982578397212,1.0313588850174216,0.5052264808362369,0.0,0.27177700348432055,1.4285714285714286,3.3867595818815333,0.5923344947735192,0.770034843205575,2938116,https://www.cbssports.com/fantasy/basketball/stats/SF/2026/season/projections/,f98caa164746e43805fc7c808cd84cb3d0d33eaf1d1736dbf24fc86c31b9f400,2026-10-07T00:08:42.996466+00:00,SF,1,False,0.42200000000000004,0.769,337.0,112.8,60.6,29.6,14.5,0.0,7.8,41.0,97.2,17.0,22.1
Bryce Hopkins,DEN,SF,28.7,2.857142857142857,2.097560975609756,0.5121951219512195,0.2578397212543554,0.006968641114982579,0.0,0.40418118466898956,0.832752613240418,1.9756097560975612,0.1916376306620209,0.2578397212543554,26775761,https://www.cbssports.com/fantasy/basketball/stats/SF/2026/season/projections/,f98caa164746e43805fc7c808cd84cb3d0d33eaf1d1736dbf24fc86c31b9f400,2026-10-07T00:08:42.996466+00:00,SF,1,False,0.42200000000000004,0.743,82.0,60.2,14.7,7.4,0.2,0.0,11.6,23.9,56.7,5.5,7.4
Bryce McGowens,NO,SG,28.7,8.641114982578397,3.1149825783972127,0.8083623693379791,0.5191637630662022,0.2578397212543554,0.0,0.3066202090592335,1.1219512195121952,2.3693379790940767,0.7804878048780487,0.9965156794425087,26778425,https://www.cbssports.com/fantasy/basketball/stats/SF/2026/season/projections/,f98caa164746e43805fc7c808cd84cb3d0d33eaf1d1736dbf24fc86c31b9f400,2026-10-07T00:08:42.996466+00:00,SF,1,False,0.474,0.7829999999999999,248.0,89.4,23.2,14.9,7.4,0.0,8.8,32.2,68.0,22.4,28.6
Buddy Hield,CHI,SF,77.1,15.667963683527887,6.232166018158236,1.8599221789883271,0.9948119325551233,0.4539559014267186,0.18677042801556423,1.2088197146562907,2.2905317769131,5.342412451361867,0.43709468223086906,0.5239948119325551,2019264,https://www.cbssports.com/fantasy/basketball/stats/SG/2026/season/projections/,37f70f9d423d81536367f40def389cdea0b84e5f5b98b7530f93d5b8063030d4,2026-10-07T00:08:42.254757+00:00,SG,1,False,0.429,0.8340000000000001,1208.0,480.5,143.4,76.7,35.0,14.4,93.2,176.6,411.9,33.7,40.4
CJ McCollum,ATL,PG,78.4,31.466836734693874,18.665816326530614,3.10204081632653,3.9821428571428568,0.8035714285714285,0.39795918367346933,2.631377551020408,7.030612244897959,15.452806122448978,1.9859693877551017,2.6926020408163263,2067685,https://www.cbssports.com/fantasy/basketball/stats/PG/2026/season/projections/,867486dbf920d0a7f8247d362c4a18a7308ea6951db42a6fcbe5afcb56ca03af,2026-10-07T00:08:41.788836+00:00,PG,2,False,0.455,0.738,2467.0,1463.4,243.2,312.2,63.0,31.2,206.3,551.2,1211.5,155.7,211.1
Cade Cunningham,DET,SG,78.3,35.68326947637293,24.68199233716475,5.9846743295019165,9.22094508301405,1.2733077905491699,0.8620689655172414,2.1443167305236273,8.881226053639846,19.27330779054917,4.76117496807152,5.717752234993615,3177949,https://www.cbssports.com/fantasy/basketball/stats/PG/2026/season/projections/,867486dbf920d0a7f8247d362c4a18a7308ea6951db42a6fcbe5afcb56ca03af,2026-10-07T00:08:41.788836+00:00,PG,2,False,0.461,0.833,2794.0,1932.6,468.6,722.0,99.7,67.5,167.9,695.4,1509.1,372.8,447.7
Caleb Martin,DAL,SF,28.7,11.428571428571429,2.8710801393728227,1.5191637630662023,0.9965156794425087,0.37630662020905925,0.2578397212543554,0.27177700348432055,1.1533101045296168,2.5121951219512195,0.47038327526132406,0.7665505226480837,2152691,https://www.cbssports.com/fantasy/basketball/stats/SF/2026/season/projections/,f98caa164746e43805fc7c808cd84cb3d0d33eaf1d1736dbf24fc86c31b9f400,2026-10-07T00:08:42.996466+00:00,SF,1,False,0.45899999999999996,0.614,328.0,82.4,43.6,28.6,10.8,7.4,7.8,33.1,72.1,13.5,22.0
Caleb Wilson,CHI,PF,78.3,32.66922094508301,14.166028097062581,8.475095785440613,2.38058748403576,0.8735632183908048,1.5977011494252873,0.9731800766283526,5.439335887611749,10.466155810983398,2.319284802043423,3.2222222222222223,28906155,https://www.cbssports.com/fantasy/basketball/stats/PF/2026/season/projections/,5804ecddccb008ec445e51431f2a1ffbda4a5dd983a453cf7b38d272dd9e00fc,2026-10-07T00:08:42.664441+00:00,PF,2,False,0.52,0.72,2558.0,1109.2,663.6,186.4,68.4,125.1,76.2,425.9,819.5,181.6,252.3
Cam Spencer,MEM,PG,77.1,14.734111543450066,6.203631647211414,1.409857328145266,2.910505836575876,0.4383916990920882,0.09338521400778212,1.1465629053177693,2.0272373540856035,4.30739299610895,1.0220492866407265,1.0817120622568095,3142526,https://www.cbssports.com/fantasy/basketball/stats/SG/2026/season/projections/,37f70f9d423d81536367f40def389cdea0b84e5f5b98b7530f93d5b8063030d4,2026-10-07T00:08:42.254757+00:00,SG,2,False,0.47100000000000003,0.945,1136.0,478.3,108.7,224.4,33.8,7.2,88.4,156.3,332.1,78.8,83.4
Cam Whitmore,DEN,SF,28.7,8.571428571428571,4.83623693379791,1.4878048780487807,0.5958188153310106,0.30313588850174217,0.2508710801393728,0.637630662020906,1.8257839721254356,3.9268292682926833,0.578397212543554,0.7735191637630662,28952054,https://www.cbssports.com/fantasy/basketball/stats/SF/2026/season/projections/,f98caa164746e43805fc7c808cd84cb3d0d33eaf1d1736dbf24fc86c31b9f400,2026-10-07T00:08:42.996466+00:00,SF,1,False,0.465,0.748,246.0,138.8,42.7,17.1,8.7,7.2,18.3,52.4,112.7,16.6,22.2
Cameron Boozer,MEM,PF,78.3,32.66922094508301,17.054916985951472,8.441890166028097,2.8863346104725416,0.9348659003831419,1.0178799489144317,1.2630906768837804,6.457215836526182,12.472541507024266,2.86845466155811,3.9833971902937417,28906139,https://www.cbssports.com/fantasy/basketball/stats/PF/2026/season/projections/,5804ecddccb008ec445e51431f2a1ffbda4a5dd983a453cf7b38d272dd9e00fc,2026-10-07T00:08:42.664441+00:00,PF,2,False,0.518,0.72,2558.0,1335.4,661.0,226.0,73.2,79.7,98.9,505.6,976.6,224.6,311.9
Cameron Carr,LAL,SG,79.3,11.513240857503153,4.877679697351828,0.8297604035308953,0.6607818411097099,0.2572509457755359,0.09457755359394704,0.8776796973518285,1.733921815889029,4.109709962168979,0.5081967213114754,0.6645649432534679,29233962,https://www.cbssports.com/fantasy/basketball/stats/SG/2026/season/projections/,37f70f9d423d81536367f40def389cdea0b84e5f5b98b7530f93d5b8063030d4,2026-10-07T00:08:42.254757+00:00,SG,1,False,0.42200000000000004,0.765,913.0,386.8,65.8,52.4,20.4,7.5,69.6,137.5,325.9,40.3,52.7
Cameron Johnson,DEN,SF,78.3,31.48148148148148,14.646232439335888,4.056194125159643,2.767560664112388,0.7177522349936144,0.4980842911877395,1.9667943805874841,5.015325670498084,10.07918263090677,2.6551724137931036,3.063856960408685,2152772,https://www.cbssports.com/fantasy/basketball/stats/PF/2026/season/projections/,5804ecddccb008ec445e51431f2a1ffbda4a5dd983a453cf7b38d272dd9e00fc,2026-10-07T00:08:42.664441+00:00,PF,2,False,0.498,0.867,2465.0,1146.8,317.6,216.7,56.2,39.0,154.0,392.7,789.2,207.9,239.9
Caris LeVert,MIL,SG,29.9,11.705685618729097,4.6521739130434785,1.2709030100334449,1.3210702341137124,0.28762541806020064,0.25752508361204013,0.7190635451505017,1.6354515050167224,3.8862876254180603,0.5551839464882944,0.7926421404682275,2019069,https://www.cbssports.com/fantasy/basketball/stats/SG/2026/season/projections/,37f70f9d423d81536367f40def389cdea0b84e5f5b98b7530f93d5b8063030d4,2026-10-07T00:08:42.254757+00:00,SG,1,False,0.42100000000000004,0.7,350.0,139.1,38.0,39.5,8.6,7.7,21.5,48.9,116.2,16.6,23.7
Carlton Carrington,WAS,PG,78.3,22.06896551724138,6.564495530012771,2.642401021711367,2.946360153256705,0.4329501915708812,0.18901660280970628,1.070242656449553,2.374201787994892,5.772669220945083,0.6973180076628352,0.9131545338441891,29231211,https://www.cbssports.com/fantasy/basketball/stats/PG/2026/season/projections/,867486dbf920d0a7f8247d362c4a18a7308ea6951db42a6fcbe5afcb56ca03af,2026-10-07T00:08:41.788836+00:00,PG,2,False,0.41100000000000003,0.764,1728.0,514.0,206.9,230.7,33.9,14.8,83.8,185.9,452.0,54.6,71.5
Carter Bryant,SA,SF,78.3,8.378033205619413,2.5632183908045976,1.61941251596424,0.4776500638569604,0.13920817369093233,0.18901660280970628,0.45593869731800774,0.962962962962963,2.2669220945083013,0.227330779054917,0.34099616858237547,29555913,https://www.cbssports.com/fantasy/basketball/stats/PF/2026/season/projections/,5804ecddccb008ec445e51431f2a1ffbda4a5dd983a453cf7b38d272dd9e00fc,2026-10-07T00:08:42.664441+00:00,PF,1,False,0.425,0.667,656.0,200.7,126.8,37.4,10.9,14.8,35.7,75.4,177.5,17.8,26.7
Cason Wallace,OKC,PG,78.3,26.155810983397192,7.960408684546615,2.86845466155811,2.3065134099616857,1.7739463601532568,0.37547892720306514,1.1545338441890167,3.1443167305236273,6.931034482758622,0.5466155810983397,0.6845466155810984,28953818,https://www.cbssports.com/fantasy/basketball/stats/SG/2026/season/projections/,37f70f9d423d81536367f40def389cdea0b84e5f5b98b7530f93d5b8063030d4,2026-10-07T00:08:42.254757+00:00,SG,2,False,0.45399999999999996,0.799,2048.0,623.3,224.6,180.6,138.9,29.4,90.4,246.2,542.7,42.8,53.6
Cedric Coward,MEM,SG,78.3,26.28352490421456,12.569604086845468,5.106002554278417,2.523627075351213,0.6385696040868455,0.3831417624521073,1.4418901660280972,4.524904214559387,9.524904214559387,2.0638569604086845,2.446998722860792,28955726,https://www.cbssports.com/fantasy/basketball/stats/SF/2026/season/projections/,f98caa164746e43805fc7c808cd84cb3d0d33eaf1d1736dbf24fc86c31b9f400,2026-10-07T00:08:42.996466+00:00,SF,2,False,0.475,0.843,2058.0,984.2,399.8,197.6,50.0,30.0,112.9,354.3,745.8,161.6,191.6
Chaney Johnson,BKN,SG,28.7,11.428571428571429,4.2020905923344944,2.494773519163763,1.083623693379791,0.3205574912891986,0.289198606271777,0.2578397212543554,1.4285714285714286,2.8641114982578397,0.8222996515679443,1.0278745644599303,29231790,https://www.cbssports.com/fantasy/basketball/stats/SF/2026/season/projections/,f98caa164746e43805fc7c808cd84cb3d0d33eaf1d1736dbf24fc86c31b9f400,2026-10-07T00:08:42.996466+00:00,SF,1,False,0.499,0.8,328.0,120.6,71.6,31.1,9.2,8.3,7.4,41.0,82.2,23.6,29.5
Chet Holmgren,OKC,PF,78.3,28.505747126436784,16.11111111111111,7.799489144316731,1.4687100893997447,0.7037037037037037,1.6347381864623245,1.2120051085568329,5.863346104725416,11.114942528735632,3.160919540229885,4.026819923371648,26776724,https://www.cbssports.com/fantasy/basketball/stats/C/2026/season/projections/,ca5a55b7b6e8cc89d533c36d3a34e42d0482be0614b6ef2eff2b699974b7da28,2026-10-07T00:07:33.040923+00:00,C,1,False,0.528,0.785,2232.0,1261.5,610.7,115.0,55.1,128.0,94.9,459.1,870.3,247.5,315.3
Chris Cenac Jr.,BOS,PF,28.7,2.857142857142857,2.2857142857142856,0.8048780487804879,0.2682926829268293,0.0,0.0,0.26480836236933797,0.8571428571428572,1.6689895470383276,0.21602787456445993,0.31010452961672474,50015588,https://www.cbssports.com/fantasy/basketball/stats/PF/2026/season/projections/,5804ecddccb008ec445e51431f2a1ffbda4a5dd983a453cf7b38d272dd9e00fc,2026-10-07T00:08:42.664441+00:00,PF,1,False,0.514,0.6970000000000001,82.0,65.6,23.1,7.7,0.0,0.0,7.6,24.6,47.9,6.2,8.9
Christian Anderson,CHA,PG,78.4,9.528061224489795,4.235969387755102,0.7640306122448979,1.3724489795918366,0.22704081632653061,0.016581632653061226,0.840561224489796,1.4999999999999998,3.5739795918367343,0.360969387755102,0.48086734693877553,29559705,https://www.cbssports.com/fantasy/basketball/stats/PG/2026/season/projections/,867486dbf920d0a7f8247d362c4a18a7308ea6951db42a6fcbe5afcb56ca03af,2026-10-07T00:08:41.788836+00:00,PG,1,False,0.42,0.7509999999999999,747.0,332.1,59.9,107.6,17.8,1.3,65.9,117.6,280.2,28.3,37.7
Christian Braun,DEN,SG,78.3,33.58876117496807,12.842911877394636,4.793103448275862,2.3307790549169862,0.789272030651341,0.4904214559386973,1.0280970625798211,4.915708812260537,9.045977011494253,1.9833971902937422,2.481481481481482,3142467,https://www.cbssports.com/fantasy/basketball/stats/SF/2026/season/projections/,f98caa164746e43805fc7c808cd84cb3d0d33eaf1d1736dbf24fc86c31b9f400,2026-10-07T00:08:42.996466+00:00,SF,2,False,0.5429999999999999,0.799,2630.0,1005.6,375.3,182.5,61.8,38.4,80.5,384.9,708.3,155.3,194.3
Chucky Hepburn,TOR,PG,28.7,2.857142857142857,2.707317073170732,0.5400696864111498,1.383275261324042,0.2613240418118467,0.0,0.4634146341463415,1.0557491289198606,2.797909407665505,0.28222996515679444,0.37630662020905925,26778788,https://www.cbssports.com/fantasy/basketball/stats/PG/2026/season/projections/,867486dbf920d0a7f8247d362c4a18a7308ea6951db42a6fcbe5afcb56ca03af,2026-10-07T00:08:41.788836+00:00,PG,1,False,0.377,0.75,82.0,77.7,15.5,39.7,7.5,0.0,13.3,30.3,80.3,8.1,10.8
Clint Capela,HOU,C,28.7,6.02787456445993,2.21602787456446,2.5923344947735196,0.2578397212543554,0.26480836236933797,0.27526132404181186,0.0,1.10801393728223,1.721254355400697,0.2857142857142857,0.5156794425087108,2135551,https://www.cbssports.com/fantasy/basketball/stats/C/2026/season/projections/,ca5a55b7b6e8cc89d533c36d3a34e42d0482be0614b6ef2eff2b699974b7da28,2026-10-07T00:07:33.040923+00:00,C,1,False,0.644,0.5539999999999999,173.0,63.6,74.4,7.4,7.6,7.9,0.0,31.8,49.4,8.2,14.8
Coby White,CHA,PG,78.4,34.60459183673469,20.2359693877551,3.6619897959183674,4.098214285714286,0.7640306122448979,0.18877551020408162,3.1505102040816326,6.428571428571428,14.80612244897959,4.219387755102041,4.881377551020408,3041443,https://www.cbssports.com/fantasy/basketball/stats/SG/2026/season/projections/,37f70f9d423d81536367f40def389cdea0b84e5f5b98b7530f93d5b8063030d4,2026-10-07T00:08:42.254757+00:00,SG,2,False,0.434,0.8640000000000001,2713.0,1586.5,287.1,321.3,59.9,14.8,247.0,504.0,1160.8,330.8,382.7
Cody Williams,MIN,SF,78.4,16.875,4.9770408163265305,2.0778061224489797,1.1709183673469385,0.5433673469387755,0.3686224489795918,0.41454081632653056,1.9655612244897958,4.627551020408163,0.6823979591836734,0.9604591836734693,29233197,https://www.cbssports.com/fantasy/basketball/stats/PF/2026/season/projections/,5804ecddccb008ec445e51431f2a1ffbda4a5dd983a453cf7b38d272dd9e00fc,2026-10-07T00:08:42.664441+00:00,PF,1,False,0.425,0.71,1323.0,390.2,162.9,91.8,42.6,28.9,32.5,154.1,362.8,53.5,75.3
Collin Gillespie,PHO,SG,78.3,19.144316730523627,7.66794380587484,3.006385696040869,2.9846743295019156,1.0102171136653895,0.17752234993614305,1.6832694763729248,2.6756066411238826,6.385696040868455,0.6360153256704981,0.7343550446998723,2893420,https://www.cbssports.com/fantasy/basketball/stats/PG/2026/season/projections/,867486dbf920d0a7f8247d362c4a18a7308ea6951db42a6fcbe5afcb56ca03af,2026-10-07T00:08:41.788836+00:00,PG,2,False,0.419,0.866,1499.0,600.4,235.4,233.7,79.1,13.9,131.8,209.5,500.0,49.8,57.5
Collin Murray-Boyles,TOR,PF,78.3,16.85823754789272,6.486590038314176,3.650063856960409,1.3231162196679438,0.6794380587484037,0.6577266922094509,0.20817369093231164,2.6500638569604087,4.421455938697318,0.9425287356321839,1.3920817369093232,29231106,https://www.cbssports.com/fantasy/basketball/stats/C/2026/season/projections/,ca5a55b7b6e8cc89d533c36d3a34e42d0482be0614b6ef2eff2b699974b7da28,2026-10-07T00:07:33.040923+00:00,C,1,False,0.599,0.677,1320.0,507.9,285.8,103.6,53.2,51.5,16.3,207.5,346.2,73.8,109.0
Collin Sexton,LAL,SG,79.3,25.346784363177807,15.728877679697352,2.2332912988650695,3.218158890290038,1.0239596469104666,0.09457755359394704,1.3442622950819672,5.354350567465322,10.597730138713745,3.6708701134930646,4.2711223203026485,2891955,https://www.cbssports.com/fantasy/basketball/stats/SG/2026/season/projections/,37f70f9d423d81536367f40def389cdea0b84e5f5b98b7530f93d5b8063030d4,2026-10-07T00:08:42.254757+00:00,SG,2,False,0.505,0.8590000000000001,2010.0,1247.3,177.1,255.2,81.2,7.5,106.6,424.6,840.4,291.1,338.7
Cooper Flagg,DAL,SF,78.3,33.71647509578544,22.160919540229887,5.810983397190294,5.2005108556832695,1.0919540229885059,0.7560664112388251,1.0996168582375478,8.604086845466156,17.754789272030653,3.832694763729247,4.6321839080459775,29556534,https://www.cbssports.com/fantasy/basketball/stats/PF/2026/season/projections/,5804ecddccb008ec445e51431f2a1ffbda4a5dd983a453cf7b38d272dd9e00fc,2026-10-07T00:08:42.664441+00:00,PF,2,False,0.485,0.8270000000000001,2640.0,1735.2,455.0,407.2,85.5,59.2,86.1,673.7,1390.2,300.1,362.7
Corey Kispert,ATL,SG,78.4,16.823979591836732,6.98469387755102,1.719387755102041,1.2142857142857142,0.28061224489795916,0.09948979591836733,1.1492346938775508,2.4936224489795915,5.386479591836735,0.7946428571428571,0.9706632653061223,2892404,https://www.cbssports.com/fantasy/basketball/stats/SG/2026/season/projections/,37f70f9d423d81536367f40def389cdea0b84e5f5b98b7530f93d5b8063030d4,2026-10-07T00:08:42.254757+00:00,SG,1,False,0.46299999999999997,0.8190000000000001,1319.0,547.6,134.8,95.2,22.0,7.8,90.1,195.5,422.3,62.3,76.1
Cormac Ryan,MIL,SG,28.7,14.285714285714286,7.090592334494774,1.2961672473867598,0.8466898954703833,0.5191637630662022,0.24738675958188153,1.0069686411149825,2.4146341463414633,4.574912891986063,1.2055749128919862,1.3066202090592334,3040989,https://www.cbssports.com/fantasy/basketball/stats/SG/2026/season/projections/,37f70f9d423d81536367f40def389cdea0b84e5f5b98b7530f93d5b8063030d4,2026-10-07T00:08:42.254757+00:00,SG,1,False,0.528,0.9229999999999999,410.0,203.5,37.2,24.3,14.9,7.1,28.9,69.3,131.3,34.6,37.5
Craig Porter Jr.,CLE,PG,77.1,13.670557717250325,3.7548638132295724,2.350194552529183,2.3333333333333335,0.6433203631647212,0.3826199740596628,0.40596627756160836,1.4863813229571985,3.137483787289235,0.36835278858625164,0.5654993514915695,3177421,https://www.cbssports.com/fantasy/basketball/stats/PG/2026/season/projections/,867486dbf920d0a7f8247d362c4a18a7308ea6951db42a6fcbe5afcb56ca03af,2026-10-07T00:08:41.788836+00:00,PG,1,False,0.474,0.6509999999999999,1054.0,289.5,181.2,179.9,49.6,29.5,31.3,114.6,241.9,28.4,43.6
D'Angelo Russell,MEM,PG,28.7,11.777003484320558,6.29616724738676,1.3275261324041812,2.5331010452961675,0.5226480836236934,0.08362369337979093,1.0278745644599303,2.073170731707317,5.306620209059234,0.9860627177700348,1.2334494773519165,2152730,https://www.cbssports.com/fantasy/basketball/stats/SG/2026/season/projections/,37f70f9d423d81536367f40def389cdea0b84e5f5b98b7530f93d5b8063030d4,2026-10-07T00:08:42.254757+00:00,SG,1,False,0.391,0.799,338.0,180.7,38.1,72.7,15.0,2.4,29.5,59.5,152.3,28.3,35.4
Daeqwon Plowden,SAC,SG,28.7,14.285714285714286,5.369337979094077,1.397212543554007,0.5156794425087108,0.2787456445993031,0.0,1.0557491289198606,1.8048780487804879,4.013937282229965,0.5191637630662022,0.5993031358885017,2892056,https://www.cbssports.com/fantasy/basketball/stats/PF/2026/season/projections/,5804ecddccb008ec445e51431f2a1ffbda4a5dd983a453cf7b38d272dd9e00fc,2026-10-07T00:08:42.664441+00:00,PF,1,False,0.45,0.866,410.0,154.1,40.1,14.8,8.0,0.0,30.3,51.8,115.2,14.9,17.2
Dailyn Swain,CHI,SF,78.3,10.574712643678161,4.340996168582375,1.4444444444444444,0.7228607918263091,0.30651340996168586,0.1839080459770115,0.6143039591315453,1.5517241379310345,3.564495530012772,0.5670498084291188,0.7611749680715199,29234701,https://www.cbssports.com/fantasy/basketball/stats/SF/2026/season/projections/,f98caa164746e43805fc7c808cd84cb3d0d33eaf1d1736dbf24fc86c31b9f400,2026-10-07T00:08:42.996466+00:00,SF,1,False,0.435,0.745,828.0,339.9,113.1,56.6,24.0,14.4,48.1,121.5,279.1,44.4,59.6
Dalano Banton,BOS,SG,28.7,8.571428571428571,4.797909407665505,1.0801393728222997,1.181184668989547,0.2613240418118467,0.27177700348432055,0.7003484320557491,1.6132404181184667,3.8745644599303137,0.6898954703832753,0.9337979094076656,3042158,https://www.cbssports.com/fantasy/basketball/stats/SG/2026/season/projections/,37f70f9d423d81536367f40def389cdea0b84e5f5b98b7530f93d5b8063030d4,2026-10-07T00:08:42.254757+00:00,SG,1,False,0.41600000000000004,0.7390000000000001,246.0,137.7,31.0,33.9,7.5,7.8,20.1,46.3,111.2,19.8,26.8
Dalen Terry,GS,SG,28.7,5.714285714285714,2.0,0.8710801393728224,0.5156794425087108,0.27177700348432055,0.13937282229965156,0.2578397212543554,0.8571428571428572,1.4355400696864113,0.3275261324041812,0.5156794425087108,3178572,https://www.cbssports.com/fantasy/basketball/stats/SF/2026/season/projections/,f98caa164746e43805fc7c808cd84cb3d0d33eaf1d1736dbf24fc86c31b9f400,2026-10-07T00:08:42.996466+00:00,SF,1,False,0.597,0.635,164.0,57.4,25.0,14.8,7.8,4.0,7.4,24.6,41.2,9.4,14.8
Dalton Knecht,LAL,SF,29.1,8.45360824742268,3.0481099656357387,1.175257731958763,0.25773195876288657,0.12027491408934707,0.0,0.5292096219931272,1.2199312714776631,2.563573883161512,0.38144329896907214,0.5051546391752577,26776661,https://www.cbssports.com/fantasy/basketball/stats/SF/2026/season/projections/,f98caa164746e43805fc7c808cd84cb3d0d33eaf1d1736dbf24fc86c31b9f400,2026-10-07T00:08:42.996466+00:00,SF,1,False,0.47600000000000003,0.755,246.0,88.7,34.2,7.5,3.5,0.0,15.4,35.5,74.6,11.1,14.7
Damian Lillard,POR,PG,78.3,35.78544061302682,22.643678160919542,4.300127713920817,6.118773946360154,1.3690932311621968,0.20689655172413793,3.016602809706258,6.6219667943805876,15.59514687100894,6.389527458492976,6.952745849297574,1992810,https://www.cbssports.com/fantasy/basketball/stats/PG/2026/season/projections/,867486dbf920d0a7f8247d362c4a18a7308ea6951db42a6fcbe5afcb56ca03af,2026-10-07T00:08:41.788836+00:00,PG,2,False,0.425,0.919,2802.0,1773.0,336.7,479.1,107.2,16.2,236.2,518.5,1221.1,500.3,544.4
Daniel Gafford,DAL,C,78.3,15.836526181353769,7.628352490421456,4.356321839080461,0.9233716475095786,0.39080459770114945,0.8991060025542785,0.0,3.1507024265644956,4.517241379310345,1.3729246487867177,1.9961685823754791,2892001,https://www.cbssports.com/fantasy/basketball/stats/C/2026/season/projections/,ca5a55b7b6e8cc89d533c36d3a34e42d0482be0614b6ef2eff2b699974b7da28,2026-10-07T00:07:33.040923+00:00,C,1,False,0.6970000000000001,0.688,1240.0,597.3,341.1,72.3,30.6,70.4,0.0,246.7,353.7,107.5,156.3
Daniss Jenkins,DET,PG,78.3,17.956577266922096,7.482758620689655,1.9961685823754791,2.9335887611749683,0.6398467432950192,0.2017879948914432,0.9106002554278416,2.582375478927203,6.464878671775224,1.4048531289910602,1.7241379310344829,3141332,https://www.cbssports.com/fantasy/basketball/stats/PG/2026/season/projections/,867486dbf920d0a7f8247d362c4a18a7308ea6951db42a6fcbe5afcb56ca03af,2026-10-07T00:08:41.788836+00:00,PG,2,False,0.39899999999999997,0.815,1406.0,585.9,156.3,229.7,50.1,15.8,71.3,202.2,506.2,110.0,135.0
Danny Wolf,BKN,PF,78.3,17.905491698595146,6.9272030651340994,3.832694763729247,1.6960408684546617,0.3997445721583653,0.4814814814814815,0.9042145593869731,2.4086845466155813,5.993614303959132,1.1468710089399745,1.48786717752235,28955798,https://www.cbssports.com/fantasy/basketball/stats/PF/2026/season/projections/,5804ecddccb008ec445e51431f2a1ffbda4a5dd983a453cf7b38d272dd9e00fc,2026-10-07T00:08:42.664441+00:00,PF,2,False,0.402,0.7709999999999999,1402.0,542.4,300.1,132.8,31.3,37.7,70.8,188.6,469.3,89.8,116.5
Dante Exum,WAS,SG,28.7,8.850174216027876,4.188153310104529,0.8362369337979094,1.2926829268292683,0.27177700348432055,0.0,0.5087108013937283,1.4216027874564459,3.1324041811846692,0.5888501742160278,0.7770034843205575,2135530,https://www.cbssports.com/fantasy/basketball/stats/SG/2026/season/projections/,37f70f9d423d81536367f40def389cdea0b84e5f5b98b7530f93d5b8063030d4,2026-10-07T00:08:42.254757+00:00,SG,1,False,0.45399999999999996,0.758,254.0,120.2,24.0,37.1,7.8,0.0,14.6,40.8,89.9,16.9,22.3
Dariq Whitehead,MEM,SG,28.7,11.498257839721255,4.951219512195122,1.1742160278745646,0.5191637630662022,0.2682926829268293,0.0,1.1707317073170733,1.6829268292682926,4.059233449477352,0.17421602787456447,0.26480836236933797,28952597,https://www.cbssports.com/fantasy/basketball/stats/SF/2026/season/projections/,f98caa164746e43805fc7c808cd84cb3d0d33eaf1d1736dbf24fc86c31b9f400,2026-10-07T00:08:42.996466+00:00,SF,1,False,0.415,0.6579999999999999,330.0,142.1,33.7,14.9,7.7,0.0,33.6,48.3,116.5,5.0,7.6
Darius Acuff Jr.,SAC,PG,78.3,32.66922094508301,20.361430395913153,3.3499361430395918,7.320561941251597,1.685823754789272,0.2183908045977012,2.909323116219668,7.347381864623244,15.727969348659004,2.7471264367816093,3.5006385696040874,29106338,https://www.cbssports.com/fantasy/basketball/stats/PG/2026/season/projections/,867486dbf920d0a7f8247d362c4a18a7308ea6951db42a6fcbe5afcb56ca03af,2026-10-07T00:08:41.788836+00:00,PG,2,False,0.467,0.785,2558.0,1594.3,262.3,573.2,132.0,17.1,227.8,575.3,1231.5,215.1,274.1
Darius Garland,LAC,PG,78.3,30.472541507024268,18.904214559386975,2.6462324393358876,6.084291187739463,1.1507024265644954,0.18646232439335889,2.503192848020434,6.819923371647509,14.597701149425287,2.770114942528736,3.1634738186462323,3042335,https://www.cbssports.com/fantasy/basketball/stats/PG/2026/season/projections/,867486dbf920d0a7f8247d362c4a18a7308ea6951db42a6fcbe5afcb56ca03af,2026-10-07T00:08:41.788836+00:00,PG,2,False,0.467,0.8759999999999999,2386.0,1480.2,207.2,476.4,90.1,14.6,196.0,534.0,1143.0,216.9,247.7
Darryn Peterson,UTA,PG,78.3,32.66922094508301,18.332056194125162,4.086845466155811,3.564495530012772,1.5491698595146872,0.23116219667943808,2.9144316730523627,6.314176245210728,14.355044699872286,2.790549169859515,3.5325670498084296,28906140,https://www.cbssports.com/fantasy/basketball/stats/PG/2026/season/projections/,867486dbf920d0a7f8247d362c4a18a7308ea6951db42a6fcbe5afcb56ca03af,2026-10-07T00:08:41.788836+00:00,PG,2,False,0.44,0.79,2558.0,1435.4,320.0,279.1,121.3,18.1,228.2,494.4,1124.0,218.5,276.6
Davion Mitchell,MIA,PG,78.4,28.418367346938773,8.732142857142858,2.378826530612245,5.684948979591836,1.0535714285714284,0.21173469387755103,1.2168367346938775,3.35969387755102,6.885204081632652,0.7831632653061223,1.197704081632653,2892012,https://www.cbssports.com/fantasy/basketball/stats/PG/2026/season/projections/,867486dbf920d0a7f8247d362c4a18a7308ea6951db42a6fcbe5afcb56ca03af,2026-10-07T00:08:41.788836+00:00,PG,2,False,0.488,0.654,2228.0,684.6,186.5,445.7,82.6,16.6,95.4,263.4,539.8,61.4,93.9
Day'Ron Sharpe,BKN,C,78.3,18.825031928480204,7.891443167305236,5.47765006385696,1.9463601532567052,0.8659003831417624,0.611749680715198,0.18646232439335889,3.187739463601533,5.462324393358876,1.3818646232439338,1.9667943805874841,3177612,https://www.cbssports.com/fantasy/basketball/stats/C/2026/season/projections/,ca5a55b7b6e8cc89d533c36d3a34e42d0482be0614b6ef2eff2b699974b7da28,2026-10-07T00:07:33.040923+00:00,C,1,False,0.584,0.703,1474.0,617.9,428.9,152.4,67.8,47.9,14.6,249.6,427.7,108.2,154.0
De'Aaron Fox,SA,PG,78.3,31.62196679438059,17.561941251596423,3.81992337164751,5.517241379310345,1.194125159642401,0.29501915708812265,1.5836526181353767,6.590038314176246,14.054916985951468,2.8135376756066415,3.5517241379310347,2355019,https://www.cbssports.com/fantasy/basketball/stats/PG/2026/season/projections/,867486dbf920d0a7f8247d362c4a18a7308ea6951db42a6fcbe5afcb56ca03af,2026-10-07T00:08:41.788836+00:00,PG,2,False,0.469,0.792,2476.0,1375.1,299.1,432.0,93.5,23.1,124.0,516.0,1100.5,220.3,278.1
De'Andre Hunter,SAC,SF,78.3,26.41123882503193,13.791826309067691,3.5121328224776502,1.4763729246487867,0.6194125159642401,0.19029374201787996,1.6653895274584931,4.7598978288633464,10.279693486590038,2.615581098339719,3.0651340996168583,2268641,https://www.cbssports.com/fantasy/basketball/stats/PF/2026/season/projections/,5804ecddccb008ec445e51431f2a1ffbda4a5dd983a453cf7b38d272dd9e00fc,2026-10-07T00:08:42.664441+00:00,PF,2,False,0.46299999999999997,0.853,2068.0,1079.9,275.0,115.6,48.5,14.9,130.4,372.7,804.9,204.8,240.0
De'Anthony Melton,GS,SG,79.3,20.529634300126105,10.673392181588904,3.0189155107187897,2.201765447667087,1.4174022698612865,0.35813366960907944,1.4489281210592688,3.6229508196721314,9.293820933165195,1.9684741488020177,2.4363177805800755,2268604,https://www.cbssports.com/fantasy/basketball/stats/PG/2026/season/projections/,867486dbf920d0a7f8247d362c4a18a7308ea6951db42a6fcbe5afcb56ca03af,2026-10-07T00:08:41.788836+00:00,PG,2,False,0.39,0.8079999999999999,1628.0,846.4,239.4,174.6,112.4,28.4,114.9,287.3,737.0,156.1,193.2
DeAndre Jordan,NO,C,28.7,5.714285714285714,1.7282229965156795,2.3414634146341466,0.2961672473867596,0.21254355400696864,0.2578397212543554,0.0,0.832752613240418,1.1428571428571428,0.2578397212543554,0.5714285714285714,1622506,https://www.cbssports.com/fantasy/basketball/stats/C/2026/season/projections/,ca5a55b7b6e8cc89d533c36d3a34e42d0482be0614b6ef2eff2b699974b7da28,2026-10-07T00:07:33.040923+00:00,C,1,False,0.7290000000000001,0.451,164.0,49.6,67.2,8.5,6.1,7.4,0.0,23.9,32.8,7.4,16.4
DeMar DeRozan,DEN,SF,76.4,30.458115183246072,15.820680628272251,3.1374345549738214,3.430628272251309,0.6596858638743455,0.3717277486910994,0.6780104712041884,5.465968586387435,10.844240837696335,4.205497382198953,4.87696335078534,1685250,https://www.cbssports.com/fantasy/basketball/stats/SF/2026/season/projections/,f98caa164746e43805fc7c808cd84cb3d0d33eaf1d1736dbf24fc86c31b9f400,2026-10-07T00:08:42.996466+00:00,SF,2,False,0.504,0.862,2327.0,1208.7,239.7,262.1,50.4,28.4,51.8,417.6,828.5,321.3,372.6
Dean Wade,PHI,PF,78.4,15.956632653061224,3.200255102040816,3.1058673469387754,0.7997448979591837,0.5191326530612245,0.31505102040816324,0.6632653061224489,1.1785714285714286,2.6020408163265305,0.2283163265306122,0.36734693877551017,2202735,https://www.cbssports.com/fantasy/basketball/stats/SF/2026/season/projections/,f98caa164746e43805fc7c808cd84cb3d0d33eaf1d1736dbf24fc86c31b9f400,2026-10-07T00:08:42.996466+00:00,SF,1,False,0.45299999999999996,0.622,1251.0,250.9,243.5,62.7,40.7,24.7,52.0,92.4,204.0,17.9,28.8
Deandre Ayton,WAS,C,78.3,21.04725415070243,8.48786717752235,6.182630906768838,0.7088122605363985,0.3869731800766284,0.7918263090676884,0.0,3.8825031928480205,6.7688378033205625,0.735632183908046,1.13154533844189,2891991,https://www.cbssports.com/fantasy/basketball/stats/C/2026/season/projections/,ca5a55b7b6e8cc89d533c36d3a34e42d0482be0614b6ef2eff2b699974b7da28,2026-10-07T00:07:33.040923+00:00,C,1,False,0.574,0.65,1648.0,664.6,484.1,55.5,30.3,62.0,0.0,304.0,530.0,57.6,88.6
Dejounte Murray,NO,PG,78.3,28.403575989782887,14.636015325670499,5.293742017879949,5.422733077905492,1.3039591315453385,0.20689655172413793,1.1800766283524906,5.31162196679438,12.306513409961687,2.8301404853128993,3.393358876117497,2203544,https://www.cbssports.com/fantasy/basketball/stats/PG/2026/season/projections/,867486dbf920d0a7f8247d362c4a18a7308ea6951db42a6fcbe5afcb56ca03af,2026-10-07T00:08:41.788836+00:00,PG,2,False,0.43200000000000005,0.8340000000000001,2224.0,1146.0,414.5,424.6,102.1,16.2,92.4,415.9,963.6,221.6,265.7
Deni Avdija,POR,SG,78.3,33.60153256704981,21.319284802043423,7.2107279693486594,5.287356321839081,0.8607918263090678,0.598978288633461,1.8339719029374202,6.450830140485313,13.639846743295019,6.583652618135377,8.35632183908046,3149254,https://www.cbssports.com/fantasy/basketball/stats/SF/2026/season/projections/,f98caa164746e43805fc7c808cd84cb3d0d33eaf1d1736dbf24fc86c31b9f400,2026-10-07T00:08:42.996466+00:00,SF,2,False,0.473,0.7879999999999999,2631.0,1669.3,564.6,414.0,67.4,46.9,143.6,505.1,1068.0,515.5,654.3
Dennis Schroder,CHA,PG,78.4,18.99234693877551,7.846938775510204,1.8686224489795917,3.2512755102040813,0.49234693877551017,0.09566326530612244,1.2155612244897958,2.6198979591836733,6.562499999999999,1.3456632653061225,1.6147959183673468,2067702,https://www.cbssports.com/fantasy/basketball/stats/PG/2026/season/projections/,867486dbf920d0a7f8247d362c4a18a7308ea6951db42a6fcbe5afcb56ca03af,2026-10-07T00:08:41.788836+00:00,PG,2,False,0.39899999999999997,0.833,1489.0,615.2,146.5,254.9,38.6,7.5,95.3,205.4,514.5,105.5,126.6
Dereck Lively II,DAL,C,78.3,23.218390804597703,8.842911877394636,6.394636015325671,2.6449553001277137,0.5670498084291188,1.2132822477650065,0.0,3.828863346104726,5.358876117496807,1.186462324393359,1.7611749680715199,28951880,https://www.cbssports.com/fantasy/basketball/stats/C/2026/season/projections/,ca5a55b7b6e8cc89d533c36d3a34e42d0482be0614b6ef2eff2b699974b7da28,2026-10-07T00:07:33.040923+00:00,C,1,False,0.7140000000000001,0.674,1818.0,692.4,500.7,207.1,44.4,95.0,0.0,299.8,419.6,92.9,137.9
Derik Queen,NO,C,78.3,23.243933588761177,10.088122605363985,6.1315453384418905,3.0561941251596427,0.8441890166028096,0.7586206896551724,0.22988505747126436,3.749680715197957,7.978288633461048,2.348659003831418,2.955300127713921,29559183,https://www.cbssports.com/fantasy/basketball/stats/C/2026/season/projections/,ca5a55b7b6e8cc89d533c36d3a34e42d0482be0614b6ef2eff2b699974b7da28,2026-10-07T00:07:33.040923+00:00,C,1,False,0.47,0.795,1820.0,789.9,480.1,239.3,66.1,59.4,18.0,293.6,624.7,183.9,231.4
Derrick Jones Jr.,LAC,SF,78.3,25.236270753512134,10.222222222222221,3.325670498084291,0.9987228607918264,0.9514687100893998,0.644955300127714,1.1787994891443168,3.942528735632184,7.62962962962963,1.1660280970625798,1.61941251596424,2267075,https://www.cbssports.com/fantasy/basketball/stats/PF/2026/season/projections/,5804ecddccb008ec445e51431f2a1ffbda4a5dd983a453cf7b38d272dd9e00fc,2026-10-07T00:08:42.664441+00:00,PF,2,False,0.517,0.72,1976.0,800.4,260.4,78.2,74.5,50.5,92.3,308.7,597.4,91.3,126.8
Derrick White,BOS,SG,78.3,34.6360153256705,17.869731800766285,4.399744572158365,4.6807151979565775,0.9259259259259259,1.0051085568326947,3.3180076628352495,6.040868454661559,14.782886334610474,2.473818646232439,2.8365261813537677,2844730,https://www.cbssports.com/fantasy/basketball/stats/SG/2026/season/projections/,37f70f9d423d81536367f40def389cdea0b84e5f5b98b7530f93d5b8063030d4,2026-10-07T00:08:42.254757+00:00,SG,2,False,0.409,0.872,2712.0,1399.2,344.5,366.5,72.5,78.7,259.8,473.0,1157.5,193.7,222.1
Desmond Bane,ORL,SG,78.3,32.69476372924649,17.959131545338444,4.768837803320562,4.067688378033206,1.1481481481481484,0.42401021711366543,1.9272030651340997,6.457215836526182,13.842911877394638,3.113665389527459,3.4533844189016603,2268516,https://www.cbssports.com/fantasy/basketball/stats/SG/2026/season/projections/,37f70f9d423d81536367f40def389cdea0b84e5f5b98b7530f93d5b8063030d4,2026-10-07T00:08:42.254757+00:00,SG,2,False,0.466,0.902,2560.0,1406.2,373.4,318.5,89.9,33.2,150.9,505.6,1083.9,243.8,270.4
Devin Booker,PHO,SG,78.3,35.759897828863345,24.431673052362708,4.146871008939974,6.145593869731801,1.0421455938697317,0.24137931034482757,1.9629629629629628,8.164750957854405,18.27586206896552,6.130268199233717,6.978288633461047,2152529,https://www.cbssports.com/fantasy/basketball/stats/PG/2026/season/projections/,867486dbf920d0a7f8247d362c4a18a7308ea6951db42a6fcbe5afcb56ca03af,2026-10-07T00:08:41.788836+00:00,PG,2,False,0.447,0.878,2800.0,1913.0,324.7,481.2,81.6,18.9,153.7,639.3,1431.0,480.0,546.4
Devin Carter,BOS,SG,78.4,11.530612244897958,4.507653061224489,1.8520408163265303,1.485969387755102,0.6275510204081632,0.10076530612244898,0.5178571428571428,1.5650510204081631,4.021683673469387,0.8150510204081632,1.2040816326530612,26778569,https://www.cbssports.com/fantasy/basketball/stats/SG/2026/season/projections/,37f70f9d423d81536367f40def389cdea0b84e5f5b98b7530f93d5b8063030d4,2026-10-07T00:08:42.254757+00:00,SG,1,False,0.389,0.677,904.0,353.4,145.2,116.5,49.2,7.9,40.6,122.7,315.3,63.9,94.4
Devin Vassell,SA,SG,78.3,28.378033205619413,12.102171136653896,3.6858237547892725,2.2120051085568324,0.9131545338441891,0.3767560664112388,1.9527458492975736,4.435504469987229,10.030651340996169,1.264367816091954,1.565772669220945,3041409,https://www.cbssports.com/fantasy/basketball/stats/SF/2026/season/projections/,f98caa164746e43805fc7c808cd84cb3d0d33eaf1d1736dbf24fc86c31b9f400,2026-10-07T00:08:42.996466+00:00,SF,2,False,0.442,0.8079999999999999,2222.0,947.6,288.6,173.2,71.5,29.5,152.9,347.3,785.4,99.0,122.6
Dillon Brooks,PHO,SF,78.3,31.507024265644958,16.17241379310345,3.5900383141762457,1.8607918263090677,1.012771392081737,0.2388250319284802,2.46360153256705,5.879948914431673,13.326947637292465,1.9514687100894,2.323116219667944,2157680,https://www.cbssports.com/fantasy/basketball/stats/SF/2026/season/projections/,f98caa164746e43805fc7c808cd84cb3d0d33eaf1d1736dbf24fc86c31b9f400,2026-10-07T00:08:42.996466+00:00,SF,2,False,0.441,0.84,2467.0,1266.3,281.1,145.7,79.3,18.7,192.9,460.4,1043.5,152.8,181.9
Dillon Mitchell,BOS,PF,28.7,2.857142857142857,2.2857142857142856,0.8048780487804879,0.2682926829268293,0.0,0.0,0.26480836236933797,0.8571428571428572,1.6689895470383276,0.21602787456445993,0.31010452961672474,28955183,https://www.cbssports.com/fantasy/basketball/stats/PF/2026/season/projections/,5804ecddccb008ec445e51431f2a1ffbda4a5dd983a453cf7b38d272dd9e00fc,2026-10-07T00:08:42.664441+00:00,PF,1,False,0.514,0.6970000000000001,82.0,65.6,23.1,7.7,0.0,0.0,7.6,24.6,47.9,6.2,8.9
Dom Barlow,PHI,PF,78.4,13.839285714285714,4.450255102040816,2.8418367346938775,0.5982142857142857,0.42857142857142855,0.5357142857142857,0.18494897959183673,1.74234693877551,3.1071428571428568,0.7576530612244897,1.0612244897959184,28870489,https://www.cbssports.com/fantasy/basketball/stats/C/2026/season/projections/,ca5a55b7b6e8cc89d533c36d3a34e42d0482be0614b6ef2eff2b699974b7da28,2026-10-07T00:07:33.040923+00:00,C,1,False,0.561,0.7140000000000001,1085.0,348.9,222.8,46.9,33.6,42.0,14.5,136.6,243.6,59.4,83.2
Domantas Sabonis,SAC,C,78.3,33.71647509578544,16.099616858237546,11.809706257982121,4.913154533844189,0.7458492975734355,0.36015325670498083,0.6628352490421456,6.412515964240103,10.886334610472542,2.611749680715198,3.4980842911877392,2152455,https://www.cbssports.com/fantasy/basketball/stats/C/2026/season/projections/,ca5a55b7b6e8cc89d533c36d3a34e42d0482be0614b6ef2eff2b699974b7da28,2026-10-07T00:07:33.040923+00:00,C,1,False,0.589,0.747,2640.0,1260.6,924.7,384.7,58.4,28.2,51.9,502.1,852.4,204.5,273.9
Donovan Clingan,POR,C,78.3,24.201787994891443,8.581098339719029,8.996168582375478,1.5517241379310345,0.49425287356321845,1.6526181353767562,0.6296296296296297,3.2911877394636013,6.320561941251596,1.401021711366539,2.1558109833971906,28953860,https://www.cbssports.com/fantasy/basketball/stats/C/2026/season/projections/,ca5a55b7b6e8cc89d533c36d3a34e42d0482be0614b6ef2eff2b699974b7da28,2026-10-07T00:07:33.040923+00:00,C,1,False,0.521,0.65,1895.0,671.9,704.4,121.5,38.7,129.4,49.3,257.7,494.9,109.7,168.8
Donovan Mitchell,CLE,SG,78.3,32.69476372924649,26.641123882503194,4.849297573435504,5.42528735632184,1.5274584929757344,0.2835249042145594,3.160919540229885,9.187739463601533,19.8786717752235,5.121328224776501,6.14176245210728,2842760,https://www.cbssports.com/fantasy/basketball/stats/SG/2026/season/projections/,37f70f9d423d81536367f40def389cdea0b84e5f5b98b7530f93d5b8063030d4,2026-10-07T00:08:42.254757+00:00,SG,2,False,0.462,0.8340000000000001,2560.0,2086.0,379.7,424.8,119.6,22.2,247.5,719.4,1556.5,401.0,480.9
Donte DiVincenzo,MIN,SG,2.8,15.000000000000002,5.857142857142857,2.0714285714285716,2.035714285714286,0.8214285714285714,0.25,1.392857142857143,2.035714285714286,5.142857142857143,0.3928571428571429,0.5357142857142857,2203519,https://www.cbssports.com/fantasy/basketball/stats/PG/2026/season/projections/,867486dbf920d0a7f8247d362c4a18a7308ea6951db42a6fcbe5afcb56ca03af,2026-10-07T00:08:41.788836+00:00,PG,1,False,0.396,0.733,42.0,16.4,5.8,5.7,2.3,0.7,3.9,5.7,14.4,1.1,1.5
Dorian Finney-Smith,ATL,PF,29.9,14.448160535117058,3.4983277591973243,1.6120401337792645,0.7725752508361204,0.4013377926421405,0.2642140468227425,0.802675585284281,1.414715719063545,3.0133779264214047,0.1939799331103679,0.2709030100334448,2248003,https://www.cbssports.com/fantasy/basketball/stats/SF/2026/season/projections/,f98caa164746e43805fc7c808cd84cb3d0d33eaf1d1736dbf24fc86c31b9f400,2026-10-07T00:08:42.996466+00:00,SF,1,False,0.469,0.716,432.0,104.6,48.2,23.1,12.0,7.9,24.0,42.3,90.1,5.8,8.1
Doug McDermott,SAC,SF,28.7,5.7839721254355405,1.8327526132404182,0.26480836236933797,0.2578397212543554,0.0,0.0,0.6306620209059234,0.7073170731707318,1.721254355400697,0.0034843205574912896,0.0034843205574912896,2135547,https://www.cbssports.com/fantasy/basketball/stats/SF/2026/season/projections/,f98caa164746e43805fc7c808cd84cb3d0d33eaf1d1736dbf24fc86c31b9f400,2026-10-07T00:08:42.996466+00:00,SF,1,False,0.41100000000000003,1.0,166.0,52.6,7.6,7.4,0.0,0.0,18.1,20.3,49.4,0.1,0.1
Drake Powell,BKN,SG,78.3,15.810983397190295,4.342273307790549,1.2183908045977012,0.9782886334610472,0.3831417624521073,0.20051085568326948,0.541507024265645,1.5197956577266922,3.8492975734355044,0.7343550446998723,0.8199233716475096,29559675,https://www.cbssports.com/fantasy/basketball/stats/SG/2026/season/projections/,37f70f9d423d81536367f40def389cdea0b84e5f5b98b7530f93d5b8063030d4,2026-10-07T00:08:42.254757+00:00,SG,1,False,0.395,0.8959999999999999,1238.0,340.0,95.4,76.6,30.0,15.7,42.4,119.0,301.4,57.5,64.2
Draymond Green,GS,PF,79.3,26.242118537200504,7.807061790668349,5.211853720050442,4.828499369482976,1.209331651954603,0.6670870113493065,1.257250945775536,2.7351828499369484,6.664564943253468,1.0907944514501893,1.5725094577553596,1992792,https://www.cbssports.com/fantasy/basketball/stats/PF/2026/season/projections/,5804ecddccb008ec445e51431f2a1ffbda4a5dd983a453cf7b38d272dd9e00fc,2026-10-07T00:08:42.664441+00:00,PF,2,False,0.41,0.6940000000000001,2081.0,619.1,413.3,382.9,95.9,52.9,99.7,216.9,528.5,86.5,124.7
Drew Timme,MIN,PF,29.1,8.45360824742268,2.5738831615120277,1.4501718213058419,0.5120274914089347,0.21649484536082472,0.0,0.25773195876288657,1.1443298969072164,2.2336769759450172,0.2542955326460481,0.42955326460481097,3141671,https://www.cbssports.com/fantasy/basketball/stats/C/2026/season/projections/,ca5a55b7b6e8cc89d533c36d3a34e42d0482be0614b6ef2eff2b699974b7da28,2026-10-07T00:07:33.040923+00:00,C,1,False,0.512,0.5920000000000001,246.0,74.9,42.2,14.9,6.3,0.0,7.5,33.3,65.0,7.4,12.5
Dru Smith,MIA,SG,78.4,14.693877551020407,4.478316326530612,1.878826530612245,1.9719387755102038,1.2589285714285714,0.29209183673469385,0.485969387755102,1.5739795918367347,3.485969387755102,0.8966836734693876,1.0905612244897958,2268047,https://www.cbssports.com/fantasy/basketball/stats/PG/2026/season/projections/,867486dbf920d0a7f8247d362c4a18a7308ea6951db42a6fcbe5afcb56ca03af,2026-10-07T00:08:41.788836+00:00,PG,1,False,0.452,0.8220000000000001,1152.0,351.1,147.3,154.6,98.7,22.9,38.1,123.4,273.3,70.3,85.5
Duncan Robinson,DET,SG,77.1,25.239948119325554,11.269779507133594,2.5058365758754864,2.099870298313878,0.6108949416342413,0.20492866407263297,2.6342412451361867,3.8988326848249035,8.579766536964982,0.8690012970168612,1.1141374837872895,2160598,https://www.cbssports.com/fantasy/basketball/stats/SF/2026/season/projections/,f98caa164746e43805fc7c808cd84cb3d0d33eaf1d1736dbf24fc86c31b9f400,2026-10-07T00:08:42.996466+00:00,SF,2,False,0.45399999999999996,0.78,1946.0,868.9,193.2,161.9,47.1,15.8,203.1,300.6,661.5,67.0,85.9
Duop Reath,PHO,C,28.7,5.714285714285714,1.888501742160279,0.8954703832752613,0.2787456445993031,0.10452961672473868,0.010452961672473867,0.3937282229965157,0.7177700348432057,1.5714285714285716,0.23693379790940766,0.26480836236933797,2268208,https://www.cbssports.com/fantasy/basketball/stats/PF/2026/season/projections/,5804ecddccb008ec445e51431f2a1ffbda4a5dd983a453cf7b38d272dd9e00fc,2026-10-07T00:08:42.664441+00:00,PF,1,False,0.457,0.895,164.0,54.2,25.7,8.0,3.0,0.3,11.3,20.6,45.1,6.8,7.6
Dylan Cardwell,SAC,C,28.7,11.428571428571429,2.6411149825783973,3.550522648083624,0.770034843205575,0.2961672473867596,0.8780487804878049,0.0,1.1428571428571428,1.8153310104529619,0.27526132404181186,0.5400696864111498,3178508,https://www.cbssports.com/fantasy/basketball/stats/C/2026/season/projections/,ca5a55b7b6e8cc89d533c36d3a34e42d0482be0614b6ef2eff2b699974b7da28,2026-10-07T00:07:33.040923+00:00,C,1,False,0.63,0.51,328.0,75.8,101.9,22.1,8.5,25.2,0.0,32.8,52.1,7.9,15.5
Dylan Harper,SA,PG,78.3,28.378033205619413,14.978288633461046,4.427841634738186,4.349936143039592,0.9514687100893998,0.30779054916985954,1.132822477650064,5.997445721583653,11.767560664112388,1.8646232439335888,2.372924648786718,29557116,https://www.cbssports.com/fantasy/basketball/stats/SG/2026/season/projections/,37f70f9d423d81536367f40def389cdea0b84e5f5b98b7530f93d5b8063030d4,2026-10-07T00:08:42.254757+00:00,SG,2,False,0.51,0.7859999999999999,2222.0,1172.8,346.7,340.6,74.5,24.1,88.7,469.6,921.4,146.0,185.8
Dyson Daniels,ATL,SG,78.4,33.53316326530612,11.667091836734693,5.645408163265306,4.792091836734693,2.1339285714285716,0.4987244897959183,0.6186224489795918,5.100765306122448,10.293367346938775,0.8673469387755102,1.4375,26819234,https://www.cbssports.com/fantasy/basketball/stats/SG/2026/season/projections/,37f70f9d423d81536367f40def389cdea0b84e5f5b98b7530f93d5b8063030d4,2026-10-07T00:08:42.254757+00:00,SG,2,False,0.496,0.603,2629.0,914.7,442.6,375.7,167.3,39.1,48.5,399.9,807.0,68.0,112.7
E.J. Liddell,BKN,SF,28.7,5.714285714285714,2.0034843205574915,1.0348432055749128,0.2682926829268293,0.0,0.289198606271777,0.2578397212543554,0.8571428571428572,1.4390243902439024,0.21254355400696864,0.2613240418118467,3141710,https://www.cbssports.com/fantasy/basketball/stats/PF/2026/season/projections/,5804ecddccb008ec445e51431f2a1ffbda4a5dd983a453cf7b38d272dd9e00fc,2026-10-07T00:08:42.664441+00:00,PF,1,False,0.596,0.813,164.0,57.5,29.7,7.7,0.0,8.3,7.4,24.6,41.3,6.1,7.5
EJ Harkless,DET,SG,28.7,11.428571428571429,2.770034843205575,1.2055749128919862,1.1219512195121952,0.6968641114982579,0.27526132404181186,0.33449477351916374,0.926829268292683,2.5958188153310107,0.7247386759581882,0.975609756097561,3042280,https://www.cbssports.com/fantasy/basketball/stats/PG/2026/season/projections/,867486dbf920d0a7f8247d362c4a18a7308ea6951db42a6fcbe5afcb56ca03af,2026-10-07T00:08:41.788836+00:00,PG,1,False,0.35700000000000004,0.743,328.0,79.5,34.6,32.2,20.0,7.9,9.6,26.6,74.5,20.8,28.0
Ebuka Okorie,DET,PG,78.3,11.545338441890166,5.0242656449553,1.0651340996168583,1.7713920817369093,0.40229885057471265,0.1008939974457216,0.7381864623243933,1.89272030651341,4.269476372924649,0.5517241379310346,0.7343550446998723,29672666,https://www.cbssports.com/fantasy/basketball/stats/PG/2026/season/projections/,867486dbf920d0a7f8247d362c4a18a7308ea6951db42a6fcbe5afcb56ca03af,2026-10-07T00:08:41.788836+00:00,PG,1,False,0.44299999999999995,0.7509999999999999,904.0,393.4,83.4,138.7,31.5,7.9,57.8,148.2,334.3,43.2,57.5
Egor Demin,BKN,SG,78.3,25.236270753512134,9.265644955300129,2.872286079182631,3.007662835249042,0.7394636015325671,0.3282247765006386,2.103448275862069,3.1302681992337167,7.8288633461047255,0.9476372924648787,1.1417624521072798,29556852,https://www.cbssports.com/fantasy/basketball/stats/SG/2026/season/projections/,37f70f9d423d81536367f40def389cdea0b84e5f5b98b7530f93d5b8063030d4,2026-10-07T00:08:42.254757+00:00,SG,2,False,0.4,0.83,1976.0,725.5,224.9,235.5,57.9,25.7,164.7,245.1,613.0,74.2,89.4
Enrique Freeman,MIN,PF,78.4,6.441326530612244,1.663265306122449,1.4017857142857142,0.32653061224489793,0.12372448979591835,0.1951530612244898,0.11607142857142856,0.610969387755102,1.2729591836734693,0.4221938775510204,0.6313775510204082,3149455,https://www.cbssports.com/fantasy/basketball/stats/PF/2026/season/projections/,5804ecddccb008ec445e51431f2a1ffbda4a5dd983a453cf7b38d272dd9e00fc,2026-10-07T00:08:42.664441+00:00,PF,1,False,0.48,0.669,505.0,130.4,109.9,25.6,9.7,15.3,9.1,47.9,99.8,33.1,49.5
Ethan Thompson,IND,SG,28.7,11.428571428571429,3.557491289198606,1.0452961672473868,1.0174216027874565,0.2578397212543554,0.26480836236933797,0.5191637630662022,1.3449477351916377,2.9930313588850175,0.6271777003484321,0.7979094076655052,2892941,https://www.cbssports.com/fantasy/basketball/stats/SG/2026/season/projections/,37f70f9d423d81536367f40def389cdea0b84e5f5b98b7530f93d5b8063030d4,2026-10-07T00:08:42.254757+00:00,SG,1,False,0.449,0.7859999999999999,328.0,102.1,30.0,29.2,7.4,7.6,14.9,38.6,85.9,18.0,22.9
Evan Mobley,CLE,PF,78.3,31.647509578544064,18.60536398467433,9.403575989782887,3.6590038314176248,0.9169859514687101,1.5696040868454664,1.1481481481481484,7.2107279693486594,13.130268199233715,3.063856960408685,4.600255427841635,3178170,https://www.cbssports.com/fantasy/basketball/stats/C/2026/season/projections/,ca5a55b7b6e8cc89d533c36d3a34e42d0482be0614b6ef2eff2b699974b7da28,2026-10-07T00:07:33.040923+00:00,C,1,False,0.5489999999999999,0.6659999999999999,2478.0,1456.8,736.3,286.5,71.8,122.9,89.9,564.6,1028.1,239.9,360.2
Franz Wagner,ORL,PF,78.3,32.64367816091954,21.887611749680715,5.445721583652618,4.27330779054917,1.2043422733077906,0.3167305236270754,1.4687100893997447,8.085568326947637,17.270753512132824,4.242656449553001,4.996168582375479,3142358,https://www.cbssports.com/fantasy/basketball/stats/SF/2026/season/projections/,f98caa164746e43805fc7c808cd84cb3d0d33eaf1d1736dbf24fc86c31b9f400,2026-10-07T00:08:42.996466+00:00,SF,2,False,0.46799999999999997,0.8490000000000001,2556.0,1713.8,426.4,334.6,94.3,24.8,115.0,633.1,1352.3,332.2,391.2
Fred VanVleet,HOU,PG,78.4,32.53826530612245,12.154336734693876,3.295918367346938,4.832908163265306,1.2334183673469388,0.4005102040816326,2.315051020408163,4.063775510204081,10.07015306122449,1.6887755102040816,2.0012755102040813,2252663,https://www.cbssports.com/fantasy/basketball/stats/PG/2026/season/projections/,867486dbf920d0a7f8247d362c4a18a7308ea6951db42a6fcbe5afcb56ca03af,2026-10-07T00:08:41.788836+00:00,PG,2,False,0.40399999999999997,0.8440000000000001,2551.0,952.9,258.4,378.9,96.7,31.4,181.5,318.6,789.5,132.4,156.9
Gabe Vincent,ATL,PG,28.7,11.358885017421603,2.8919860627177703,0.7003484320557491,0.770034843205575,0.26480836236933797,0.0,0.6968641114982579,1.0592334494773519,2.4982578397212545,0.21254355400696864,0.2682926829268293,2157919,https://www.cbssports.com/fantasy/basketball/stats/PG/2026/season/projections/,867486dbf920d0a7f8247d362c4a18a7308ea6951db42a6fcbe5afcb56ca03af,2026-10-07T00:08:41.788836+00:00,PG,1,False,0.424,0.792,326.0,83.0,20.1,22.1,7.6,0.0,20.0,30.4,71.7,6.1,7.7
Gary Payton II,GS,PG,29.1,8.556701030927835,3.542955326460481,1.676975945017182,0.8591065292096219,0.6013745704467354,0.034364261168384876,0.28178694158075596,1.5670103092783505,2.656357388316151,0.20618556701030927,0.302405498281787,2266964,https://www.cbssports.com/fantasy/basketball/stats/SF/2026/season/projections/,f98caa164746e43805fc7c808cd84cb3d0d33eaf1d1736dbf24fc86c31b9f400,2026-10-07T00:08:42.996466+00:00,SF,1,False,0.59,0.682,249.0,103.1,48.8,25.0,17.5,1.0,8.2,45.6,77.3,6.0,8.8
Gary Trent Jr.,MIL,SF,78.3,18.033205619412517,6.5938697318007655,1.0996168582375478,0.8135376756066411,0.5798212005108557,0.002554278416347382,1.462324393358876,2.2962962962962967,5.633461047254151,0.5427841634738186,0.6641123882503193,2892264,https://www.cbssports.com/fantasy/basketball/stats/SG/2026/season/projections/,37f70f9d423d81536367f40def389cdea0b84e5f5b98b7530f93d5b8063030d4,2026-10-07T00:08:42.254757+00:00,SG,1,False,0.408,0.8170000000000001,1412.0,516.3,86.1,63.7,45.4,0.2,114.5,179.8,441.1,42.5,52.0
Giannis Antetokounmpo,MIA,PF,78.4,32.62755102040816,30.191326530612244,11.390306122448978,6.718112244897959,1.0803571428571428,0.9413265306122448,0.22576530612244897,11.614795918367346,19.721938775510203,6.735969387755102,10.670918367346939,2067655,https://www.cbssports.com/fantasy/basketball/stats/PF/2026/season/projections/,5804ecddccb008ec445e51431f2a1ffbda4a5dd983a453cf7b38d272dd9e00fc,2026-10-07T00:08:42.664441+00:00,PF,2,False,0.589,0.631,2558.0,2367.0,893.0,526.7,84.7,73.8,17.7,910.6,1546.2,528.1,836.6
Goga Bitadze,ORL,C,78.3,12.64367816091954,4.305236270753513,4.091954022988506,1.0996168582375478,0.454661558109834,0.8020434227330779,0.0,1.7611749680715199,2.885057471264368,0.7713920817369093,1.1430395913154534,3118839,https://www.cbssports.com/fantasy/basketball/stats/C/2026/season/projections/,ca5a55b7b6e8cc89d533c36d3a34e42d0482be0614b6ef2eff2b699974b7da28,2026-10-07T00:07:33.040923+00:00,C,1,False,0.61,0.675,990.0,337.1,320.4,86.1,35.6,62.8,0.0,137.9,225.9,60.4,89.5
Gradey Dick,LAC,SG,29.9,11.505016722408028,5.167224080267559,1.5050167224080269,0.5484949832775919,0.4280936454849499,0.006688963210702342,0.7993311036789298,1.8127090301003346,4.270903010033445,0.8695652173913044,1.0033444816053512,28953152,https://www.cbssports.com/fantasy/basketball/stats/SF/2026/season/projections/,f98caa164746e43805fc7c808cd84cb3d0d33eaf1d1736dbf24fc86c31b9f400,2026-10-07T00:08:42.996466+00:00,SF,1,False,0.424,0.867,344.0,154.5,45.0,16.4,12.8,0.2,23.9,54.2,127.7,26.0,30.0
Grant Williams,CHA,PF,78.4,16.849489795918366,5.366071428571428,2.7410714285714284,1.1926020408163265,0.42474489795918363,0.3762755102040816,1.0229591836734693,1.6505102040816326,3.9897959183673466,0.996173469387755,1.2193877551020407,2268528,https://www.cbssports.com/fantasy/basketball/stats/C/2026/season/projections/,ca5a55b7b6e8cc89d533c36d3a34e42d0482be0614b6ef2eff2b699974b7da28,2026-10-07T00:07:33.040923+00:00,C,1,False,0.414,0.8170000000000001,1321.0,420.7,214.9,93.5,33.3,29.5,80.2,129.4,312.8,78.1,95.6
Grayson Allen,CHA,SG,78.4,20.012755102040813,9.58545918367347,2.1811224489795915,1.9081632653061222,0.6262755102040816,0.18877551020408162,2.128826530612245,3.068877551020408,7.308673469387754,1.3698979591836735,1.6326530612244896,2152375,https://www.cbssports.com/fantasy/basketball/stats/SG/2026/season/projections/,37f70f9d423d81536367f40def389cdea0b84e5f5b98b7530f93d5b8063030d4,2026-10-07T00:08:42.254757+00:00,SG,2,False,0.42,0.8390000000000001,1569.0,751.5,171.0,149.6,49.1,14.8,166.9,240.6,573.0,107.4,128.0
Gregory Jackson,MEM,PF,28.7,11.428571428571429,4.982578397212544,1.8606271777003485,0.637630662020906,0.2682926829268293,0.2578397212543554,0.5400696864111498,1.7421602787456447,4.02787456445993,0.8048780487804879,1.083623693379791,28952672,https://www.cbssports.com/fantasy/basketball/stats/PF/2026/season/projections/,5804ecddccb008ec445e51431f2a1ffbda4a5dd983a453cf7b38d272dd9e00fc,2026-10-07T00:08:42.664441+00:00,PF,1,False,0.433,0.743,328.0,143.0,53.4,18.3,7.7,7.4,15.5,50.0,115.6,23.1,31.1
Guerschon Yabusele,CHI,PF,28.7,11.358885017421603,3.8397212543554007,2.1951219512195124,0.7770034843205575,0.2613240418118467,0.2578397212543554,0.5435540069686411,1.4320557491289199,3.1707317073170733,0.5644599303135889,0.7665505226480837,2245320,https://www.cbssports.com/fantasy/basketball/stats/SF/2026/season/projections/,f98caa164746e43805fc7c808cd84cb3d0d33eaf1d1736dbf24fc86c31b9f400,2026-10-07T00:08:42.996466+00:00,SF,1,False,0.452,0.736,326.0,110.2,63.0,22.3,7.5,7.4,15.6,41.1,91.0,16.2,22.0
Gui Santos,GS,SF,79.3,15.119798234552334,6.122320302648172,2.9583858764186632,1.6633039092055486,0.6557377049180328,0.21059268600252207,0.8461538461538461,2.190416141235813,4.51828499369483,0.880201765447667,1.2332912988650693,28870519,https://www.cbssports.com/fantasy/basketball/stats/SF/2026/season/projections/,f98caa164746e43805fc7c808cd84cb3d0d33eaf1d1736dbf24fc86c31b9f400,2026-10-07T00:08:42.996466+00:00,SF,2,False,0.485,0.7140000000000001,1199.0,485.5,234.6,131.9,52.0,16.7,67.1,173.7,358.3,69.8,97.8
Hannes Steinbach,CHA,PF,78.4,23.125,7.795918367346939,4.404336734693877,1.2831632653061222,0.4298469387755102,0.5650510204081632,0.6364795918367346,2.9999999999999996,6.068877551020408,1.1900510204081631,1.7130102040816326,50014429,https://www.cbssports.com/fantasy/basketball/stats/PF/2026/season/projections/,5804ecddccb008ec445e51431f2a1ffbda4a5dd983a453cf7b38d272dd9e00fc,2026-10-07T00:08:42.664441+00:00,PF,2,False,0.494,0.695,1813.0,611.2,345.3,100.6,33.7,44.3,49.9,235.2,475.8,93.3,134.3
Harrison Barnes,SA,PF,28.7,14.285714285714286,5.29616724738676,1.588850174216028,0.8083623693379791,0.27177700348432055,0.0,0.8571428571428572,1.9094076655052263,3.470383275261324,0.8397212543554008,1.024390243902439,1992781,https://www.cbssports.com/fantasy/basketball/stats/PF/2026/season/projections/,5804ecddccb008ec445e51431f2a1ffbda4a5dd983a453cf7b38d272dd9e00fc,2026-10-07T00:08:42.664441+00:00,PF,1,False,0.55,0.82,410.0,152.0,45.6,23.2,7.8,0.0,24.6,54.8,99.6,24.1,29.4
Hayden Gray,BOS,SG,28.7,2.857142857142857,3.1149825783972127,0.6445993031358885,0.7421602787456446,0.2578397212543554,0.0,0.5191637630662022,1.2613240418118468,2.8780487804878048,0.3937282229965157,0.5156794425087108,29231694,https://www.cbssports.com/fantasy/basketball/stats/SG/2026/season/projections/,37f70f9d423d81536367f40def389cdea0b84e5f5b98b7530f93d5b8063030d4,2026-10-07T00:08:42.254757+00:00,SG,1,False,0.43799999999999994,0.764,82.0,89.4,18.5,21.3,7.4,0.0,14.9,36.2,82.6,11.3,14.8
Haywood Highsmith,PHO,SF,29.9,11.93979933110368,3.0000000000000004,1.8729096989966556,0.7792642140468228,0.6254180602006689,0.3277591973244148,0.5652173913043478,1.193979933110368,2.6354515050167224,0.20066889632107024,0.27424749163879597,3076995,https://www.cbssports.com/fantasy/basketball/stats/PF/2026/season/projections/,5804ecddccb008ec445e51431f2a1ffbda4a5dd983a453cf7b38d272dd9e00fc,2026-10-07T00:08:42.664441+00:00,PF,1,False,0.45299999999999996,0.732,357.0,89.7,56.0,23.3,18.7,9.8,16.9,35.7,78.8,6.0,8.2
Herbert Jones,NO,SG,78.3,29.42528735632184,8.835249042145593,3.302681992337165,2.606641123882503,1.3537675606641124,0.3869731800766284,1.2247765006385698,3.2630906768837806,7.9757343550447,1.1034482758620692,1.355044699872286,2891952,https://www.cbssports.com/fantasy/basketball/stats/SF/2026/season/projections/,f98caa164746e43805fc7c808cd84cb3d0d33eaf1d1736dbf24fc86c31b9f400,2026-10-07T00:08:42.996466+00:00,SF,2,False,0.409,0.8140000000000001,2304.0,691.8,258.6,204.1,106.0,30.3,95.9,255.5,624.5,86.4,106.1
Hugo Gonzalez,BOS,SG,28.7,8.571428571428571,2.21602787456446,1.8048780487804879,0.2682926829268293,0.2613240418118467,0.24738675958188153,0.26480836236933797,0.832752613240418,1.9198606271777003,0.14634146341463417,0.31010452961672474,29596187,https://www.cbssports.com/fantasy/basketball/stats/SF/2026/season/projections/,f98caa164746e43805fc7c808cd84cb3d0d33eaf1d1736dbf24fc86c31b9f400,2026-10-07T00:08:42.996466+00:00,SF,1,False,0.434,0.47200000000000003,246.0,63.6,51.8,7.7,7.5,7.1,7.6,23.9,55.1,4.2,8.9
Immanuel Quickley,TOR,PG,78.3,30.600255427841635,16.063856960408685,3.7701149425287355,5.662835249042145,1.0932311621966795,0.1008939974457216,2.425287356321839,5.505747126436782,12.431673052362708,2.637292464878672,3.1443167305236273,3041396,https://www.cbssports.com/fantasy/basketball/stats/PG/2026/season/projections/,867486dbf920d0a7f8247d362c4a18a7308ea6951db42a6fcbe5afcb56ca03af,2026-10-07T00:08:41.788836+00:00,PG,2,False,0.44299999999999995,0.8390000000000001,2396.0,1257.8,295.2,443.4,85.6,7.9,189.9,431.1,973.4,206.5,246.2
Isaac Jones,DET,PF,28.7,2.857142857142857,1.4425087108013936,0.8118466898954704,0.25435540069686413,0.0,0.27526132404181186,0.0,0.578397212543554,0.8641114982578397,0.35540069686411146,0.5470383275261324,28956107,https://www.cbssports.com/fantasy/basketball/stats/PF/2026/season/projections/,5804ecddccb008ec445e51431f2a1ffbda4a5dd983a453cf7b38d272dd9e00fc,2026-10-07T00:08:42.664441+00:00,PF,1,False,0.669,0.65,82.0,41.4,23.3,7.3,0.0,7.9,0.0,16.6,24.8,10.2,15.7
Isaac Okoro,CHI,SF,78.3,19.00383141762452,5.291187739463602,1.6602809706257984,1.0,0.4802043422733078,0.2822477650063857,0.6973180076628352,1.9450830140485316,4.292464878671776,0.7203065134099617,0.9412515964240102,3147993,https://www.cbssports.com/fantasy/basketball/stats/SG/2026/season/projections/,37f70f9d423d81536367f40def389cdea0b84e5f5b98b7530f93d5b8063030d4,2026-10-07T00:08:42.254757+00:00,SG,1,False,0.45299999999999996,0.765,1488.0,414.3,130.0,78.3,37.6,22.1,54.6,152.3,336.1,56.4,73.7
Isaiah Collier,UTA,PG,78.3,23.14176245210728,8.075351213282248,2.3052362707535123,5.468710089399744,0.9272030651340996,0.19029374201787996,0.3959131545338442,3.006385696040869,6.642401021711367,1.6960408684546617,2.4035759897828863,29231019,https://www.cbssports.com/fantasy/basketball/stats/SG/2026/season/projections/,37f70f9d423d81536367f40def389cdea0b84e5f5b98b7530f93d5b8063030d4,2026-10-07T00:08:42.254757+00:00,SG,2,False,0.45299999999999996,0.706,1812.0,632.3,180.5,428.2,72.6,14.9,31.0,235.4,520.1,132.8,188.2
Isaiah Evans,MIN,SG,78.4,8.443877551020407,4.103316326530612,0.7091836734693877,0.5829081632653061,0.2308673469387755,0.09566326530612244,0.7857142857142857,1.4961734693877549,3.5790816326530615,0.34311224489795916,0.4477040816326531,29557452,https://www.cbssports.com/fantasy/basketball/stats/SG/2026/season/projections/,37f70f9d423d81536367f40def389cdea0b84e5f5b98b7530f93d5b8063030d4,2026-10-07T00:08:42.254757+00:00,SG,1,False,0.418,0.7659999999999999,662.0,321.7,55.6,45.7,18.1,7.5,61.6,117.3,280.6,26.9,35.1
Isaiah Hartenstein,OKC,C,78.3,25.236270753512134,9.952745849297573,8.388250319284802,3.084291187739464,0.8697318007662835,0.752234993614304,0.0,4.284802043422733,7.060025542784163,1.3499361430395913,2.0319284802043422,2842866,https://www.cbssports.com/fantasy/basketball/stats/C/2026/season/projections/,ca5a55b7b6e8cc89d533c36d3a34e42d0482be0614b6ef2eff2b699974b7da28,2026-10-07T00:07:33.040923+00:00,C,1,False,0.607,0.664,1976.0,779.3,656.8,241.5,68.1,58.9,0.0,335.5,552.8,105.7,159.1
Isaiah Jackson,LAC,C,78.3,16.730523627075353,6.472541507024266,5.148148148148149,0.9374201787994892,0.7292464878671776,0.855683269476373,0.0,2.71264367816092,4.0638569604086845,1.0957854406130267,1.7369093231162198,3177551,https://www.cbssports.com/fantasy/basketball/stats/C/2026/season/projections/,ca5a55b7b6e8cc89d533c36d3a34e42d0482be0614b6ef2eff2b699974b7da28,2026-10-07T00:07:33.040923+00:00,C,1,False,0.6679999999999999,0.631,1310.0,506.8,403.1,73.4,57.1,67.0,0.0,212.4,318.2,85.8,136.0
Isaiah Joe,DET,SG,78.3,22.1455938697318,9.54278416347382,2.759897828863346,1.480204342273308,0.665389527458493,0.2017879948914432,2.195402298850575,3.1072796934865905,6.998722860791826,1.1008939974457217,1.260536398467433,3041780,https://www.cbssports.com/fantasy/basketball/stats/SG/2026/season/projections/,37f70f9d423d81536367f40def389cdea0b84e5f5b98b7530f93d5b8063030d4,2026-10-07T00:08:42.254757+00:00,SG,2,False,0.444,0.873,1734.0,747.2,216.1,115.9,52.1,15.8,171.9,243.3,548.0,86.2,98.7
Isaiah Stevens,CHI,PG,28.7,2.857142857142857,2.0069686411149825,0.5644599303135889,1.2195121951219512,0.289198606271777,0.0,0.2578397212543554,0.8571428571428572,1.9059233449477353,0.20905923344947736,0.27526132404181186,3148107,https://www.cbssports.com/fantasy/basketball/stats/PG/2026/season/projections/,867486dbf920d0a7f8247d362c4a18a7308ea6951db42a6fcbe5afcb56ca03af,2026-10-07T00:08:41.788836+00:00,PG,1,False,0.45,0.759,82.0,57.6,16.2,35.0,8.3,0.0,7.4,24.6,54.7,6.0,7.9
Isaiah Stewart,MEM,PF,78.3,14.789272030651341,4.731800766283525,3.095785440613027,0.9374201787994892,0.2017879948914432,0.78544061302682,0.34610472541507026,1.8007662835249043,3.3908045977011496,0.7777777777777778,1.033205619412516,3142103,https://www.cbssports.com/fantasy/basketball/stats/C/2026/season/projections/,ca5a55b7b6e8cc89d533c36d3a34e42d0482be0614b6ef2eff2b699974b7da28,2026-10-07T00:07:33.040923+00:00,C,1,False,0.531,0.753,1158.0,370.5,242.4,73.4,15.8,61.5,27.1,141.0,265.5,60.9,80.9
Ivica Zubac,IND,C,78.4,31.581632653061224,16.60459183673469,10.58673469387755,2.8520408163265305,0.4298469387755102,0.9859693877551019,0.0,7.386479591836735,11.616071428571429,1.8354591836734693,2.7346938775510203,2245326,https://www.cbssports.com/fantasy/basketball/stats/C/2026/season/projections/,ca5a55b7b6e8cc89d533c36d3a34e42d0482be0614b6ef2eff2b699974b7da28,2026-10-07T00:07:33.040923+00:00,C,1,False,0.636,0.6709999999999999,2476.0,1301.8,830.0,223.6,33.7,77.3,0.0,579.1,910.7,143.9,214.4
Ja Morant,POR,PG,78.3,29.501915708812263,19.242656449553003,3.5683269476372925,5.982120051085568,1.0510855683269476,0.28607918263090676,1.417624521072797,6.306513409961687,14.850574712643677,5.204342273307791,6.174968071519796,2892772,https://www.cbssports.com/fantasy/basketball/stats/PG/2026/season/projections/,867486dbf920d0a7f8247d362c4a18a7308ea6951db42a6fcbe5afcb56ca03af,2026-10-07T00:08:41.788836+00:00,PG,2,False,0.425,0.843,2310.0,1506.7,279.4,468.4,82.3,22.4,111.0,493.8,1162.8,407.5,483.5
Ja'Kobe Walter,TOR,SG,78.3,18.952745849297575,6.8786717752235,2.445721583652618,1.120051085568327,0.8441890166028096,0.2017879948914432,1.2209450830140485,2.358876117496807,5.509578544061303,0.9782886334610472,1.223499361430396,29232417,https://www.cbssports.com/fantasy/basketball/stats/SG/2026/season/projections/,37f70f9d423d81536367f40def389cdea0b84e5f5b98b7530f93d5b8063030d4,2026-10-07T00:08:42.254757+00:00,SG,1,False,0.428,0.8,1484.0,538.6,191.5,87.7,66.1,15.8,95.6,184.7,431.4,76.6,95.8
Jabari Smith,HOU,PF,78.4,32.67857142857142,13.654336734693876,6.613520408163265,1.4260204081632653,0.5688775510204082,0.7971938775510203,2.071428571428571,4.807397959183673,10.591836734693876,1.960459183673469,2.4744897959183674,26776259,https://www.cbssports.com/fantasy/basketball/stats/PF/2026/season/projections/,5804ecddccb008ec445e51431f2a1ffbda4a5dd983a453cf7b38d272dd9e00fc,2026-10-07T00:08:42.664441+00:00,PF,2,False,0.45399999999999996,0.792,2562.0,1070.5,518.5,111.8,44.6,62.5,162.4,376.9,830.4,153.7,194.0
Jaden Hardy,LAL,SG,29.1,8.556701030927835,4.292096219931271,0.7353951890034364,0.5154639175257731,0.25773195876288657,0.0,0.7697594501718212,1.4364261168384878,3.5532646048109964,0.5601374570446735,0.7869415807560136,26819214,https://www.cbssports.com/fantasy/basketball/stats/PG/2026/season/projections/,867486dbf920d0a7f8247d362c4a18a7308ea6951db42a6fcbe5afcb56ca03af,2026-10-07T00:08:41.788836+00:00,PG,1,False,0.40399999999999997,0.7120000000000001,249.0,124.9,21.4,15.0,7.5,0.0,22.4,41.8,103.4,16.3,22.9
Jaden McDaniels,MIN,SF,78.4,31.607142857142854,13.571428571428571,5.308673469387754,2.387755102040816,1.3494897959183672,0.9158163265306122,1.2346938775510203,5.334183673469387,10.910714285714285,1.6709183673469385,2.0038265306122445,3142190,https://www.cbssports.com/fantasy/basketball/stats/SF/2026/season/projections/,f98caa164746e43805fc7c808cd84cb3d0d33eaf1d1736dbf24fc86c31b9f400,2026-10-07T00:08:42.996466+00:00,SF,2,False,0.489,0.8340000000000001,2478.0,1064.0,416.2,187.2,105.8,71.8,96.8,418.2,855.4,131.0,157.1
Jae'Sean Tate,HOU,SF,28.7,5.714285714285714,1.2473867595818815,0.8954703832752613,0.26480836236933797,0.26480836236933797,0.0,0.0313588850174216,0.6062717770034843,1.2648083623693378,0.17421602787456447,0.2578397212543554,2152731,https://www.cbssports.com/fantasy/basketball/stats/SF/2026/season/projections/,f98caa164746e43805fc7c808cd84cb3d0d33eaf1d1736dbf24fc86c31b9f400,2026-10-07T00:08:42.996466+00:00,SF,1,False,0.479,0.6759999999999999,164.0,35.8,25.7,7.6,7.6,0.0,0.9,17.4,36.3,5.0,7.4
Jahmai Mashack,MEM,SG,28.7,11.428571428571429,2.912891986062718,1.3658536585365855,1.1428571428571428,0.5365853658536586,0.2578397212543554,0.2578397212543554,1.3135888501742161,3.212543554006969,0.28222996515679444,0.5191637630662022,26777675,https://www.cbssports.com/fantasy/basketball/stats/SG/2026/season/projections/,37f70f9d423d81536367f40def389cdea0b84e5f5b98b7530f93d5b8063030d4,2026-10-07T00:08:42.254757+00:00,SG,1,False,0.409,0.544,328.0,83.6,39.2,32.8,15.4,7.4,7.4,37.7,92.2,8.1,14.9
Jaime Jaquez Jr.,MIL,SF,78.3,26.462324393358877,12.107279693486591,4.029374201787995,3.618135376756067,0.6909323116219669,0.2183908045977012,0.7305236270753512,4.817369093231163,9.948914431673053,1.7445721583652618,2.293742017879949,3142048,https://www.cbssports.com/fantasy/basketball/stats/SF/2026/season/projections/,f98caa164746e43805fc7c808cd84cb3d0d33eaf1d1736dbf24fc86c31b9f400,2026-10-07T00:08:42.996466+00:00,SF,2,False,0.484,0.7609999999999999,2072.0,948.0,315.5,283.3,54.1,17.1,57.2,377.2,779.0,136.6,179.6
Jake LaRavia,LAL,SF,79.3,22.244640605296343,6.82219419924338,3.629255989911728,1.6986128625472887,0.9634300126103406,0.3493064312736444,0.8348045397225726,2.3152585119798235,5.105926860025221,1.364438839848676,1.8587641866330393,3142186,https://www.cbssports.com/fantasy/basketball/stats/PF/2026/season/projections/,5804ecddccb008ec445e51431f2a1ffbda4a5dd983a453cf7b38d272dd9e00fc,2026-10-07T00:08:42.664441+00:00,PF,2,False,0.45299999999999996,0.7340000000000001,1764.0,541.0,287.8,134.7,76.4,27.7,66.2,183.6,404.9,108.2,147.4
Jakob Poeltl,TOR,C,78.3,27.279693486590038,11.727969348659004,7.715197956577268,2.270753512132823,0.9731800766283526,1.0255427841634739,0.0,5.139208173690932,7.799489144316731,1.4495530012771392,2.2503192848020435,2153012,https://www.cbssports.com/fantasy/basketball/stats/C/2026/season/projections/,ca5a55b7b6e8cc89d533c36d3a34e42d0482be0614b6ef2eff2b699974b7da28,2026-10-07T00:07:33.040923+00:00,C,1,False,0.659,0.644,2136.0,918.3,604.1,177.8,76.2,80.3,0.0,402.4,610.7,113.5,176.2
Jalen Brunson,NY,PG,78.3,35.81098339719029,25.517241379310345,3.218390804597701,6.687100893997446,0.8288633461047256,0.12005108556832696,2.455938697318008,8.94763729246488,19.05491698595147,5.1621966794380585,6.189016602809707,2203517,https://www.cbssports.com/fantasy/basketball/stats/PG/2026/season/projections/,867486dbf920d0a7f8247d362c4a18a7308ea6951db42a6fcbe5afcb56ca03af,2026-10-07T00:08:41.788836+00:00,PG,2,False,0.47,0.8340000000000001,2804.0,1998.0,252.0,523.6,64.9,9.4,192.3,700.6,1492.0,404.2,484.6
Jalen Duren,DET,C,78.3,29.42528735632184,14.9272030651341,10.68199233716475,2.4533844189016603,0.7982120051085568,1.2005108556832695,0.0,5.876117496807153,8.933588761174969,3.1800766283524906,4.4176245210727965,26776364,https://www.cbssports.com/fantasy/basketball/stats/C/2026/season/projections/,ca5a55b7b6e8cc89d533c36d3a34e42d0482be0614b6ef2eff2b699974b7da28,2026-10-07T00:07:33.040923+00:00,C,1,False,0.6579999999999999,0.72,2304.0,1168.8,836.4,192.1,62.5,94.0,0.0,460.1,699.5,249.0,345.9
Jalen Green,PHO,SG,78.3,31.48148148148148,19.149425287356323,4.424010217113665,3.4738186462324396,1.1302681992337165,0.35121328224776505,2.687100893997446,6.876117496807152,16.02681992337165,2.707535121328225,3.4163473818646235,26602347,https://www.cbssports.com/fantasy/basketball/stats/SG/2026/season/projections/,37f70f9d423d81536367f40def389cdea0b84e5f5b98b7530f93d5b8063030d4,2026-10-07T00:08:42.254757+00:00,SG,2,False,0.429,0.7929999999999999,2465.0,1499.4,346.4,272.0,88.5,27.5,210.4,538.4,1254.9,212.0,267.5
Jalen Johnson,ATL,SF,78.4,35.65051020408163,19.378826530612244,8.996173469387754,6.3520408163265305,1.1275510204081634,0.5357142857142857,1.4426020408163263,7.420918367346937,15.306122448979592,3.1109693877551017,3.9706632653061225,3178366,https://www.cbssports.com/fantasy/basketball/stats/PF/2026/season/projections/,5804ecddccb008ec445e51431f2a1ffbda4a5dd983a453cf7b38d272dd9e00fc,2026-10-07T00:08:42.664441+00:00,PF,2,False,0.485,0.7829999999999999,2795.0,1519.3,705.3,498.0,88.4,42.0,113.1,581.8,1200.0,243.9,311.3
Jalen Pickett,LAC,PG,28.7,8.571428571428571,2.1846689895470384,0.9895470383275261,1.0069686411149825,0.27177700348432055,0.0,0.5121951219512195,0.9372822299651568,2.024390243902439,0.0034843205574912896,0.006968641114982579,3041615,https://www.cbssports.com/fantasy/basketball/stats/PG/2026/season/projections/,867486dbf920d0a7f8247d362c4a18a7308ea6951db42a6fcbe5afcb56ca03af,2026-10-07T00:08:41.788836+00:00,PG,1,False,0.46299999999999997,0.5,246.0,62.7,28.4,28.9,7.8,0.0,14.7,26.9,58.1,0.1,0.2
Jalen Slawson,IND,SF,28.7,14.21602787456446,3.8118466898954706,2.156794425087108,1.289198606271777,0.7282229965156795,0.5505226480836237,0.5087108013937283,1.4216027874564459,2.926829268292683,0.5574912891986062,0.7909407665505226,3042355,https://www.cbssports.com/fantasy/basketball/stats/PF/2026/season/projections/,5804ecddccb008ec445e51431f2a1ffbda4a5dd983a453cf7b38d272dd9e00fc,2026-10-07T00:08:42.664441+00:00,PF,1,False,0.486,0.705,408.0,109.4,61.9,37.0,20.9,15.8,14.6,40.8,84.0,16.0,22.7
Jalen Smith,CHI,PF,78.3,22.120051085568328,9.94125159642401,6.187739463601533,1.2056194125159643,0.40102171136653897,0.8007662835249043,1.3103448275862069,3.553001277139208,7.604086845466155,1.4993614303959133,1.9374201787994891,3041310,https://www.cbssports.com/fantasy/basketball/stats/C/2026/season/projections/,ca5a55b7b6e8cc89d533c36d3a34e42d0482be0614b6ef2eff2b699974b7da28,2026-10-07T00:07:33.040923+00:00,C,1,False,0.467,0.774,1732.0,778.4,484.5,94.4,31.4,62.7,102.6,278.2,595.4,117.4,151.7
Jalen Suggs,ORL,SG,78.3,28.480204342273307,13.582375478927204,3.934865900383142,4.565772669220945,1.5887611749680717,0.7266922094508301,1.9323116219667946,4.883780332056194,11.687100893997446,1.8978288633461047,2.177522349936143,3177410,https://www.cbssports.com/fantasy/basketball/stats/PG/2026/season/projections/,867486dbf920d0a7f8247d362c4a18a7308ea6951db42a6fcbe5afcb56ca03af,2026-10-07T00:08:41.788836+00:00,PG,2,False,0.418,0.872,2230.0,1063.5,308.1,357.5,124.4,56.9,151.3,382.4,915.1,148.6,170.5
Jalen Williams,OKC,SF,78.3,31.49425287356322,20.125159642401023,4.68837803320562,4.745849297573436,1.3652618135376757,0.4431673052362708,1.3882503192848021,7.561941251596425,15.720306513409964,3.6130268199233715,4.524904214559387,3141818,https://www.cbssports.com/fantasy/basketball/stats/SG/2026/season/projections/,37f70f9d423d81536367f40def389cdea0b84e5f5b98b7530f93d5b8063030d4,2026-10-07T00:08:42.254757+00:00,SG,2,False,0.48100000000000004,0.7979999999999999,2466.0,1575.8,367.1,371.6,106.9,34.7,108.7,592.1,1230.9,282.9,354.3
Jalen Wilson,ATL,SF,28.7,11.358885017421603,4.397212543554007,1.4982578397212545,0.8292682926829269,0.2578397212543554,0.0,0.7212543554006968,1.4250871080139373,3.581881533101045,0.6480836236933799,0.8292682926829269,3141587,https://www.cbssports.com/fantasy/basketball/stats/PF/2026/season/projections/,5804ecddccb008ec445e51431f2a1ffbda4a5dd983a453cf7b38d272dd9e00fc,2026-10-07T00:08:42.664441+00:00,PF,1,False,0.39799999999999996,0.782,326.0,126.2,43.0,23.8,7.4,0.0,20.7,40.9,102.8,18.6,23.8
Jamal Cain,ORL,SF,78.3,10.472541507024266,3.891443167305236,1.6883780332056193,0.4661558109833972,0.36015325670498083,0.18646232439335889,0.4776500638569604,1.3524904214559388,2.9157088122605366,0.7024265644955301,0.9616858237547893,2892640,https://www.cbssports.com/fantasy/basketball/stats/PF/2026/season/projections/,5804ecddccb008ec445e51431f2a1ffbda4a5dd983a453cf7b38d272dd9e00fc,2026-10-07T00:08:42.664441+00:00,PF,1,False,0.46399999999999997,0.73,820.0,304.7,132.2,36.5,28.2,14.6,37.4,105.9,228.3,55.0,75.3
Jamal Murray,DEN,PG,78.3,36.71775223499362,21.82758620689655,4.1609195402298855,5.945083014048532,0.9323116219667944,0.4993614303959132,2.454661558109834,7.7292464878671785,16.49808429118774,3.9233716475095783,4.40485312899106,2202752,https://www.cbssports.com/fantasy/basketball/stats/PG/2026/season/projections/,867486dbf920d0a7f8247d362c4a18a7308ea6951db42a6fcbe5afcb56ca03af,2026-10-07T00:08:41.788836+00:00,PG,2,False,0.46799999999999997,0.8909999999999999,2875.0,1709.1,325.8,465.5,73.0,39.1,192.2,605.2,1291.8,307.2,344.9
Jamal Shead,TOR,PG,78.3,18.978288633461048,5.911877394636015,1.4329501915708813,4.035759897828863,0.7650063856960408,0.12515964240102173,0.8837803320561942,2.1519795657726695,5.417624521072797,0.7611749680715199,0.9885057471264369,26540486,https://www.cbssports.com/fantasy/basketball/stats/PG/2026/season/projections/,867486dbf920d0a7f8247d362c4a18a7308ea6951db42a6fcbe5afcb56ca03af,2026-10-07T00:08:41.788836+00:00,PG,2,False,0.397,0.77,1486.0,462.9,112.2,316.0,59.9,9.8,69.2,168.5,424.2,59.6,77.4
James Harden,CLE,PG,78.3,33.71647509578544,20.181353767560665,5.551724137931035,7.937420178799489,1.3282247765006385,0.5287356321839081,2.739463601532567,6.0038314176245215,14.112388250319285,5.4559386973180075,6.256704980842912,1685255,https://www.cbssports.com/fantasy/basketball/stats/PG/2026/season/projections/,867486dbf920d0a7f8247d362c4a18a7308ea6951db42a6fcbe5afcb56ca03af,2026-10-07T00:08:41.788836+00:00,PG,2,False,0.425,0.872,2640.0,1580.2,434.7,621.5,104.0,41.4,214.5,470.1,1105.0,427.2,489.9
Jamir Watkins,WAS,SF,2.8,11.428571428571429,3.5714285714285716,2.142857142857143,0.7142857142857143,0.5,0.25,0.3928571428571429,1.2857142857142858,2.964285714285715,0.7142857142857143,1.0357142857142858,26548278,https://www.cbssports.com/fantasy/basketball/stats/SF/2026/season/projections/,f98caa164746e43805fc7c808cd84cb3d0d33eaf1d1736dbf24fc86c31b9f400,2026-10-07T00:08:42.996466+00:00,SF,1,False,0.434,0.69,32.0,10.0,6.0,2.0,1.4,0.7,1.1,3.6,8.3,2.0,2.9
Jamison Battle,TOR,SF,78.3,9.50191570881226,3.5619412515964237,1.4572158365261814,0.43167305236270753,0.12643678160919541,0.0996168582375479,0.8135376756066411,1.2924648786717754,2.735632183908046,0.14687100893997446,0.18901660280970628,3141316,https://www.cbssports.com/fantasy/basketball/stats/PF/2026/season/projections/,5804ecddccb008ec445e51431f2a1ffbda4a5dd983a453cf7b38d272dd9e00fc,2026-10-07T00:08:42.664441+00:00,PF,1,False,0.47200000000000003,0.777,744.0,278.9,114.1,33.8,9.9,7.8,63.7,101.2,214.2,11.5,14.8
Jarace Walker,IND,PF,78.4,14.808673469387754,6.006377551020408,2.7576530612244894,1.419642857142857,0.46556122448979587,0.20153061224489796,0.881377551020408,2.1989795918367347,4.832908163265306,0.7627551020408162,1.0548469387755102,28954646,https://www.cbssports.com/fantasy/basketball/stats/PF/2026/season/projections/,5804ecddccb008ec445e51431f2a1ffbda4a5dd983a453cf7b38d272dd9e00fc,2026-10-07T00:08:42.664441+00:00,PF,2,False,0.455,0.723,1161.0,470.9,216.2,111.3,36.5,15.8,69.1,172.4,378.9,59.8,82.7
Jared McCain,OKC,SG,78.3,16.015325670498086,8.507024265644956,1.6717752234993615,1.2528735632183907,0.4687100893997446,0.002554278416347382,1.3639846743295019,3.123882503192848,6.987228607918263,0.8633461047254151,1.0025542784163475,29233362,https://www.cbssports.com/fantasy/basketball/stats/PG/2026/season/projections/,867486dbf920d0a7f8247d362c4a18a7308ea6951db42a6fcbe5afcb56ca03af,2026-10-07T00:08:41.788836+00:00,PG,2,False,0.447,0.861,1254.0,666.1,130.9,98.1,36.7,0.2,106.8,244.6,547.1,67.6,78.5
Jaren Jackson Jr.,UTA,PF,78.3,30.472541507024268,18.47637292464879,4.518518518518519,1.8224776500638569,1.1085568326947637,0.8952745849297573,1.591315453384419,6.531289910600256,14.043422733077906,3.830140485312899,4.8390804597701145,2892693,https://www.cbssports.com/fantasy/basketball/stats/C/2026/season/projections/,ca5a55b7b6e8cc89d533c36d3a34e42d0482be0614b6ef2eff2b699974b7da28,2026-10-07T00:07:33.040923+00:00,C,1,False,0.465,0.792,2386.0,1446.7,353.8,142.7,86.8,70.1,124.6,511.4,1099.6,299.9,378.9
Jarred Vanderbilt,LAL,PF,79.3,16.74653215636822,3.620428751576293,4.498108448928121,1.0189155107187895,0.7604035308953342,0.2686002522068096,0.2912988650693569,1.4363177805800758,3.1097099621689788,0.5069356872635562,0.880201765447667,2892548,https://www.cbssports.com/fantasy/basketball/stats/C/2026/season/projections/,ca5a55b7b6e8cc89d533c36d3a34e42d0482be0614b6ef2eff2b699974b7da28,2026-10-07T00:07:33.040923+00:00,C,1,False,0.462,0.5760000000000001,1328.0,287.1,356.7,80.8,60.3,21.3,23.1,113.9,246.6,40.2,69.8
Jarrett Allen,CLE,C,78.3,28.378033205619413,14.43295019157088,9.323116219667945,1.8786717752234994,1.053639846743295,0.9604086845466157,0.0,5.725415070242657,8.568326947637292,3.006385696040869,4.257982120051086,2268537,https://www.cbssports.com/fantasy/basketball/stats/C/2026/season/projections/,ca5a55b7b6e8cc89d533c36d3a34e42d0482be0614b6ef2eff2b699974b7da28,2026-10-07T00:07:33.040923+00:00,C,1,False,0.6679999999999999,0.706,2222.0,1130.1,730.0,147.1,82.5,75.2,0.0,448.3,670.9,235.4,333.4
Jase Richardson,ORL,PG,28.7,5.714285714285714,2.167247386759582,0.794425087108014,0.5156794425087108,0.289198606271777,0.0,0.28222996515679444,0.8571428571428572,1.9721254355400697,0.29268292682926833,0.4076655052264808,29557818,https://www.cbssports.com/fantasy/basketball/stats/SG/2026/season/projections/,37f70f9d423d81536367f40def389cdea0b84e5f5b98b7530f93d5b8063030d4,2026-10-07T00:08:42.254757+00:00,SG,1,False,0.435,0.718,164.0,62.2,22.8,14.8,8.3,0.0,8.1,24.6,56.6,8.4,11.7
Javon Small,MEM,PG,29.9,11.705685618729097,4.852842809364549,1.6889632107023411,1.9163879598662208,0.391304347826087,0.010033444816053512,0.782608695652174,1.5551839464882944,3.6688963210702346,0.8695652173913044,1.0501672240802675,26775719,https://www.cbssports.com/fantasy/basketball/stats/PG/2026/season/projections/,867486dbf920d0a7f8247d362c4a18a7308ea6951db42a6fcbe5afcb56ca03af,2026-10-07T00:08:41.788836+00:00,PG,1,False,0.424,0.828,350.0,145.1,50.5,57.3,11.7,0.3,23.4,46.5,109.7,26.0,31.4
Javonte Green,DET,SG,28.7,8.571428571428571,3.1742160278745644,1.5261324041811846,0.2682926829268293,0.5400696864111498,0.27526132404181186,0.5470383275261324,1.1393728222996518,2.543554006968641,0.47038327526132406,0.5853658536585367,3127807,https://www.cbssports.com/fantasy/basketball/stats/SF/2026/season/projections/,f98caa164746e43805fc7c808cd84cb3d0d33eaf1d1736dbf24fc86c31b9f400,2026-10-07T00:08:42.996466+00:00,SF,1,False,0.44799999999999995,0.804,246.0,91.1,43.8,7.7,15.5,7.9,15.7,32.7,73.0,13.5,16.8
Jaxson Hayes,UTA,C,78.3,13.690932311621967,4.496807151979566,2.8301404853128993,0.6756066411238825,0.34355044699872284,0.4636015325670498,0.0,1.810983397190294,2.692209450830141,0.8569604086845466,1.326947637292465,3041402,https://www.cbssports.com/fantasy/basketball/stats/C/2026/season/projections/,ca5a55b7b6e8cc89d533c36d3a34e42d0482be0614b6ef2eff2b699974b7da28,2026-10-07T00:07:33.040923+00:00,C,1,False,0.6729999999999999,0.6459999999999999,1072.0,352.1,221.6,52.9,26.9,36.3,0.0,141.8,210.8,67.1,103.9
Jay Huff,IND,C,78.4,12.691326530612244,5.728316326530612,2.0395408163265305,0.7971938775510203,0.24362244897959184,0.9387755102040815,0.8635204081632653,2.1709183673469385,4.1186224489795915,0.558673469387755,0.6823979591836734,2268640,https://www.cbssports.com/fantasy/basketball/stats/C/2026/season/projections/,ca5a55b7b6e8cc89d533c36d3a34e42d0482be0614b6ef2eff2b699974b7da28,2026-10-07T00:07:33.040923+00:00,C,1,False,0.527,0.8190000000000001,995.0,449.1,159.9,62.5,19.1,73.6,67.7,170.2,322.9,43.8,53.5
Jaylen Brown,PHI,SF,78.4,34.74489795918367,26.05739795918367,6.169642857142857,4.332908163265306,1.2346938775510203,0.41326530612244894,1.3239795918367345,9.463010204081632,19.65178571428571,5.817602040816326,7.475765306122449,2202365,https://www.cbssports.com/fantasy/basketball/stats/SG/2026/season/projections/,37f70f9d423d81536367f40def389cdea0b84e5f5b98b7530f93d5b8063030d4,2026-10-07T00:08:42.254757+00:00,SG,2,False,0.48200000000000004,0.778,2724.0,2042.9,483.7,339.7,96.8,32.4,103.8,741.9,1540.7,456.1,586.1
Jaylen Clark,MIN,SG,28.7,6.02787456445993,2.289198606271777,0.9024390243902439,0.2961672473867596,0.3937282229965157,0.0,0.3066202090592335,0.8571428571428572,1.5679442508710801,0.36585365853658536,0.5156794425087108,3178201,https://www.cbssports.com/fantasy/basketball/stats/SG/2026/season/projections/,37f70f9d423d81536367f40def389cdea0b84e5f5b98b7530f93d5b8063030d4,2026-10-07T00:08:42.254757+00:00,SG,1,False,0.547,0.7090000000000001,173.0,65.7,25.9,8.5,11.3,0.0,8.8,24.6,45.0,10.5,14.8
Jaylen Wells,MEM,SG,78.3,20.0,7.55683269476373,2.0102171136653895,1.0893997445721584,0.4993614303959132,0.09450830140485314,1.2592592592592593,2.5708812260536402,6.0970625798212,1.1021711366538953,1.3767560664112388,29230884,https://www.cbssports.com/fantasy/basketball/stats/SF/2026/season/projections/,f98caa164746e43805fc7c808cd84cb3d0d33eaf1d1736dbf24fc86c31b9f400,2026-10-07T00:08:42.996466+00:00,SF,2,False,0.42200000000000004,0.8009999999999999,1566.0,591.7,157.4,85.3,39.1,7.4,98.6,201.3,477.4,86.3,107.8
Jaylin Williams,OKC,PF,78.3,15.836526181353769,5.280970625798212,4.226053639846743,1.8339719029374202,0.46743295019157094,0.4636015325670498,1.0945083014048531,1.739463601532567,4.16602809706258,0.6871008939974457,0.9016602809706258,3177455,https://www.cbssports.com/fantasy/basketball/stats/C/2026/season/projections/,ca5a55b7b6e8cc89d533c36d3a34e42d0482be0614b6ef2eff2b699974b7da28,2026-10-07T00:07:33.040923+00:00,C,1,False,0.418,0.762,1240.0,413.5,330.9,143.6,36.6,36.3,85.7,136.2,326.2,53.8,70.6
Jaylon Tyson,CLE,SF,78.3,20.076628352490424,9.125159642401021,4.128991060025543,1.8697318007662838,0.628352490421456,0.280970625798212,1.3014048531289912,3.4355044699872286,7.256704980842913,0.9667943805874841,1.3014048531289912,26777669,https://www.cbssports.com/fantasy/basketball/stats/SF/2026/season/projections/,f98caa164746e43805fc7c808cd84cb3d0d33eaf1d1736dbf24fc86c31b9f400,2026-10-07T00:08:42.996466+00:00,SF,2,False,0.473,0.743,1572.0,714.5,323.3,146.4,49.2,22.0,101.9,269.0,568.2,75.7,101.9
Jayson Tatum,BOS,PF,78.3,35.81098339719029,28.320561941251597,9.0970625798212,5.53639846743295,1.1174968071519795,0.3984674329501916,3.53639846743295,9.632183908045977,22.15964240102171,5.509578544061303,6.719029374201789,2268018,https://www.cbssports.com/fantasy/basketball/stats/PF/2026/season/projections/,5804ecddccb008ec445e51431f2a1ffbda4a5dd983a453cf7b38d272dd9e00fc,2026-10-07T00:08:42.664441+00:00,PF,2,False,0.435,0.82,2804.0,2217.5,712.3,433.5,87.5,31.2,276.9,754.2,1735.1,431.4,526.1
Jeff Green,HOU,PF,28.7,5.714285714285714,1.4599303135888502,0.6585365853658536,0.2578397212543554,0.0,0.0,0.27177700348432055,0.578397212543554,1.4285714285714286,0.21951219512195122,0.26480836236933797,1231873,https://www.cbssports.com/fantasy/basketball/stats/PF/2026/season/projections/,5804ecddccb008ec445e51431f2a1ffbda4a5dd983a453cf7b38d272dd9e00fc,2026-10-07T00:08:42.664441+00:00,PF,1,False,0.405,0.8290000000000001,164.0,41.9,18.9,7.4,0.0,0.0,7.8,16.6,41.0,6.3,7.6
Jerami Grant,MEM,PF,78.3,30.472541507024268,15.49808429118774,2.835249042145594,2.1685823754789273,0.7752234993614304,0.5530012771392081,2.2784163473818646,4.928480204342273,11.261813537675607,3.3805874840357597,4.070242656449553,2135533,https://www.cbssports.com/fantasy/basketball/stats/SF/2026/season/projections/,f98caa164746e43805fc7c808cd84cb3d0d33eaf1d1736dbf24fc86c31b9f400,2026-10-07T00:08:42.996466+00:00,SF,2,False,0.43799999999999994,0.831,2386.0,1213.5,222.0,169.8,60.7,43.3,178.4,385.9,881.8,264.7,318.7
Jeremiah Fears,NO,PG,78.3,22.196679438058748,11.378033205619413,2.9412515964240105,2.5977011494252875,0.8914431673052363,0.2835249042145594,0.9872286079182631,4.23499361430396,9.683269476372926,1.9157088122605366,2.430395913154534,29558457,https://www.cbssports.com/fantasy/basketball/stats/PG/2026/season/projections/,867486dbf920d0a7f8247d362c4a18a7308ea6951db42a6fcbe5afcb56ca03af,2026-10-07T00:08:41.788836+00:00,PG,2,False,0.43700000000000006,0.7879999999999999,1738.0,890.9,230.3,203.4,69.8,22.2,77.3,331.6,758.2,150.0,190.3
Jeremy Sochan,POR,SF,28.7,8.815331010452962,3.7282229965156795,2.3554006968641112,0.7177700348432057,0.27526132404181186,0.27526132404181186,0.2578397212543554,1.4285714285714286,2.7874564459930316,0.6341463414634146,0.9094076655052266,26776481,https://www.cbssports.com/fantasy/basketball/stats/C/2026/season/projections/,ca5a55b7b6e8cc89d533c36d3a34e42d0482be0614b6ef2eff2b699974b7da28,2026-10-07T00:07:33.040923+00:00,C,1,False,0.513,0.6970000000000001,253.0,107.0,67.6,20.6,7.9,7.9,7.4,41.0,80.0,18.2,26.1
Jericho Sims,MIL,C,28.7,11.498257839721255,2.3379790940766547,2.9407665505226483,0.7665505226480837,0.25435540069686413,0.2578397212543554,0.0,1.1393728222996518,1.3902439024390243,0.32404181184668995,0.5191637630662022,2893240,https://www.cbssports.com/fantasy/basketball/stats/C/2026/season/projections/,ca5a55b7b6e8cc89d533c36d3a34e42d0482be0614b6ef2eff2b699974b7da28,2026-10-07T00:07:33.040923+00:00,C,1,False,0.82,0.624,330.0,67.1,84.4,22.0,7.3,7.4,0.0,32.7,39.9,9.3,14.9
Jett Howard,DAL,SG,28.7,5.714285714285714,2.8432055749128917,0.7560975609756098,0.4425087108013937,0.0,0.0,0.5365853658536586,1.1358885017421603,2.0905923344947737,0.21951219512195122,0.2578397212543554,28955540,https://www.cbssports.com/fantasy/basketball/stats/SG/2026/season/projections/,37f70f9d423d81536367f40def389cdea0b84e5f5b98b7530f93d5b8063030d4,2026-10-07T00:08:42.254757+00:00,SG,1,False,0.5429999999999999,0.851,164.0,81.6,21.7,12.7,0.0,0.0,15.4,32.6,60.0,6.3,7.4
Jevon Carter,ORL,PG,28.7,6.062717770034843,2.4982578397212545,0.5365853658536586,0.6271777003484321,0.289198606271777,0.0,0.5644599303135889,0.9442508710801395,2.2857142857142856,0.20209059233449478,0.2578397212543554,2153082,https://www.cbssports.com/fantasy/basketball/stats/PG/2026/season/projections/,867486dbf920d0a7f8247d362c4a18a7308ea6951db42a6fcbe5afcb56ca03af,2026-10-07T00:08:41.788836+00:00,PG,1,False,0.413,0.784,174.0,71.7,15.4,18.0,8.3,0.0,16.2,27.1,65.6,5.8,7.4
Jimmy Butler,GS,SF,48.5,31.608247422680414,17.42474226804124,5.078350515463918,4.7917525773195875,1.4329896907216495,0.27010309278350514,0.7195876288659794,5.162886597938145,10.383505154639176,6.367010309278351,7.558762886597939,1646703,https://www.cbssports.com/fantasy/basketball/stats/SF/2026/season/projections/,f98caa164746e43805fc7c808cd84cb3d0d33eaf1d1736dbf24fc86c31b9f400,2026-10-07T00:08:42.996466+00:00,SF,2,False,0.49700000000000005,0.8420000000000001,1533.0,845.1,246.3,232.4,69.5,13.1,34.9,250.4,503.6,308.8,366.6
Joan Beringer,MIN,C,78.4,5.395408163265306,2.6632653061224487,1.7589285714285714,0.21683673469387754,0.14668367346938774,0.41326530612244894,0.0,1.1084183673469388,1.6683673469387756,0.48979591836734687,0.6874999999999999,29695897,https://www.cbssports.com/fantasy/basketball/stats/C/2026/season/projections/,ca5a55b7b6e8cc89d533c36d3a34e42d0482be0614b6ef2eff2b699974b7da28,2026-10-07T00:07:33.040923+00:00,C,1,False,0.664,0.7120000000000001,423.0,208.8,137.9,17.0,11.5,32.4,0.0,86.9,130.8,38.4,53.9
Jock Landale,ATL,C,78.4,13.737244897959183,5.55484693877551,2.78954081632653,0.996173469387755,0.3137755102040816,0.298469387755102,0.5229591836734694,2.229591836734694,4.239795918367347,0.586734693877551,0.909438775510204,2152845,https://www.cbssports.com/fantasy/basketball/stats/C/2026/season/projections/,ca5a55b7b6e8cc89d533c36d3a34e42d0482be0614b6ef2eff2b699974b7da28,2026-10-07T00:07:33.040923+00:00,C,1,False,0.526,0.645,1077.0,435.5,218.7,78.1,24.6,23.4,41.0,174.8,332.4,46.0,71.3
Joe Ingles,MIN,SG,28.7,2.926829268292683,1.1289198606271778,0.3937282229965157,0.818815331010453,0.31358885017421606,0.0,0.19512195121951217,0.47038327526132406,0.7282229965156795,0.0034843205574912896,0.0034843205574912896,2155449,https://www.cbssports.com/fantasy/basketball/stats/SF/2026/season/projections/,f98caa164746e43805fc7c808cd84cb3d0d33eaf1d1736dbf24fc86c31b9f400,2026-10-07T00:08:42.996466+00:00,SF,1,False,0.6459999999999999,1.0,84.0,32.4,11.3,23.5,9.0,0.0,5.6,13.5,20.9,0.1,0.1
Joel Embiid,PHI,C,63.2,30.759493670886073,24.514240506329113,7.969936708860759,3.963607594936709,0.5379746835443038,1.1946202531645569,1.1439873417721518,8.223101265822786,16.827531645569618,6.927215189873418,8.056962025316455,2135528,https://www.cbssports.com/fantasy/basketball/stats/C/2026/season/projections/,ca5a55b7b6e8cc89d533c36d3a34e42d0482be0614b6ef2eff2b699974b7da28,2026-10-07T00:07:33.040923+00:00,C,1,False,0.489,0.86,1944.0,1549.3,503.7,250.5,34.0,75.5,72.3,519.7,1063.5,437.8,509.2
John Collins,DET,PF,78.3,28.35249042145594,15.793103448275861,6.765006385696042,1.4418901660280972,1.0766283524904214,1.1008939974457217,1.2464878671775224,6.125159642401022,11.311621966794382,2.298850574712644,2.846743295019157,2842788,https://www.cbssports.com/fantasy/basketball/stats/C/2026/season/projections/,ca5a55b7b6e8cc89d533c36d3a34e42d0482be0614b6ef2eff2b699974b7da28,2026-10-07T00:07:33.040923+00:00,C,1,False,0.541,0.8079999999999999,2220.0,1236.6,529.7,112.9,84.3,86.2,97.6,479.6,885.7,180.0,222.9
John Konchar,MIN,SG,29.9,8.963210702341138,1.9030100334448161,2.127090301003345,0.8127090301003345,0.5685618729096991,0.3277591973244148,0.2608695652173913,0.7959866220735786,1.4816053511705685,0.21070234113712374,0.2775919732441472,3125295,https://www.cbssports.com/fantasy/basketball/stats/SF/2026/season/projections/,f98caa164746e43805fc7c808cd84cb3d0d33eaf1d1736dbf24fc86c31b9f400,2026-10-07T00:08:42.996466+00:00,SF,1,False,0.537,0.759,268.0,56.9,63.6,24.3,17.0,9.8,7.8,23.8,44.3,6.3,8.3
John Poulakidas,DAL,SG,28.7,11.428571428571429,3.9895470383275264,1.146341463414634,0.5156794425087108,0.2613240418118467,0.2578397212543554,1.0871080139372822,1.4285714285714286,3.1114982578397212,0.21951219512195122,0.2578397212543554,26775848,https://www.cbssports.com/fantasy/basketball/stats/SG/2026/season/projections/,37f70f9d423d81536367f40def389cdea0b84e5f5b98b7530f93d5b8063030d4,2026-10-07T00:08:42.254757+00:00,SG,1,False,0.45899999999999996,0.851,328.0,114.5,32.9,14.8,7.5,7.4,31.2,41.0,89.3,6.3,7.4
Johni Broome,LAC,PF,28.7,2.857142857142857,0.5888501742160278,0.8710801393728224,0.27526132404181186,0.048780487804878044,0.0,0.0,0.2857142857142857,1.2508710801393728,0.11149825783972127,0.33449477351916374,26541715,https://www.cbssports.com/fantasy/basketball/stats/PF/2026/season/projections/,5804ecddccb008ec445e51431f2a1ffbda4a5dd983a453cf7b38d272dd9e00fc,2026-10-07T00:08:42.664441+00:00,PF,1,False,0.228,0.33299999999999996,82.0,16.9,25.0,7.9,1.4,0.0,0.0,8.2,35.9,3.2,9.6
Johnny Furphy,IND,SG,17.5,5.828571428571428,1.8171428571428572,1.2342857142857144,0.26857142857142857,0.2571428571428571,0.0,0.2571428571428571,0.7657142857142857,1.44,0.16,0.26857142857142857,29234623,https://www.cbssports.com/fantasy/basketball/stats/SF/2026/season/projections/,f98caa164746e43805fc7c808cd84cb3d0d33eaf1d1736dbf24fc86c31b9f400,2026-10-07T00:08:42.996466+00:00,SF,1,False,0.532,0.596,102.0,31.8,21.6,4.7,4.5,0.0,4.5,13.4,25.2,2.8,4.7
Jonas Valanciunas,DEN,C,28.7,8.571428571428571,4.794425087108014,3.3101045296167246,0.7909407665505226,0.23693379790940766,0.34146341463414637,0.0,1.9128919860627178,3.693379790940767,0.8641114982578397,1.0452961672473868,1831124,https://www.cbssports.com/fantasy/basketball/stats/C/2026/season/projections/,ca5a55b7b6e8cc89d533c36d3a34e42d0482be0614b6ef2eff2b699974b7da28,2026-10-07T00:07:33.040923+00:00,C,1,False,0.518,0.8270000000000001,246.0,137.6,95.0,22.7,6.8,9.8,0.0,54.9,106.0,24.8,30.0
Jonathan Isaac,ORL,PF,28.7,8.501742160278745,2.292682926829268,1.9825783972125435,0.2578397212543554,0.29268292682926833,0.37979094076655057,0.28222996515679444,0.8606271777003485,1.9651567944250872,0.49825783972125437,0.7665505226480837,2844715,https://www.cbssports.com/fantasy/basketball/stats/C/2026/season/projections/,ca5a55b7b6e8cc89d533c36d3a34e42d0482be0614b6ef2eff2b699974b7da28,2026-10-07T00:07:33.040923+00:00,C,1,False,0.43799999999999994,0.65,244.0,65.8,56.9,7.4,8.4,10.9,8.1,24.7,56.4,14.3,22.0
Jonathan Kuminga,MIN,PF,77.2,24.080310880829014,14.365284974093264,4.8950777202072535,2.0375647668393784,0.6813471502590673,0.43523316062176165,0.8937823834196891,5.221502590673575,10.92098445595855,3.034974093264249,4.38860103626943,26602407,https://www.cbssports.com/fantasy/basketball/stats/SF/2026/season/projections/,f98caa164746e43805fc7c808cd84cb3d0d33eaf1d1736dbf24fc86c31b9f400,2026-10-07T00:08:42.996466+00:00,SF,2,False,0.478,0.6920000000000001,1859.0,1109.0,377.9,157.3,52.6,33.6,69.0,403.1,843.1,234.3,338.8
Jonathan Mogbo,SAC,PF,28.7,8.501742160278745,2.0209059233449476,1.7909407665505226,0.7665505226480837,0.2787456445993031,0.2961672473867596,0.0,0.8780487804878049,1.7247386759581882,0.3832752613240418,0.5331010452961673,28955492,https://www.cbssports.com/fantasy/basketball/stats/C/2026/season/projections/,ca5a55b7b6e8cc89d533c36d3a34e42d0482be0614b6ef2eff2b699974b7da28,2026-10-07T00:07:33.040923+00:00,C,1,False,0.509,0.7190000000000001,244.0,58.0,51.4,22.0,8.0,8.5,0.0,25.2,49.5,11.0,15.3
Jordan Clarkson,NY,PG,78.3,14.661558109833972,7.212005108556833,1.5989782886334611,1.3205619412515965,0.3933588761174968,0.12005108556832696,0.8416347381864624,2.6347381864623247,6.088122605363985,1.1034482758620692,1.3639846743295019,2135523,https://www.cbssports.com/fantasy/basketball/stats/PG/2026/season/projections/,867486dbf920d0a7f8247d362c4a18a7308ea6951db42a6fcbe5afcb56ca03af,2026-10-07T00:08:41.788836+00:00,PG,1,False,0.433,0.809,1148.0,564.7,125.2,103.4,30.8,9.4,65.9,206.3,476.7,86.4,106.8
Jordan Goodwin,PHO,SG,78.3,16.39846743295019,5.501915708812261,3.582375478927203,1.4521072796934866,1.2183908045977012,0.2388250319284802,0.9616858237547893,2.0804597701149428,5.022988505747127,0.34610472541507026,0.4955300127713921,2893060,https://www.cbssports.com/fantasy/basketball/stats/SG/2026/season/projections/,37f70f9d423d81536367f40def389cdea0b84e5f5b98b7530f93d5b8063030d4,2026-10-07T00:08:42.254757+00:00,SG,2,False,0.414,0.698,1284.0,430.8,280.5,113.7,95.4,18.7,75.3,162.9,393.3,27.1,38.8
Jordan Hawkins,MEM,SG,77.1,13.670557717250325,5.588845654993515,1.5252918287937745,0.7185473411154345,0.2542153047989624,0.18677042801556423,1.1102464332036317,1.9442282749675748,5.250324254215306,0.5940337224383917,0.7198443579766538,26778146,https://www.cbssports.com/fantasy/basketball/stats/SG/2026/season/projections/,37f70f9d423d81536367f40def389cdea0b84e5f5b98b7530f93d5b8063030d4,2026-10-07T00:08:42.254757+00:00,SG,1,False,0.37,0.825,1054.0,430.9,117.6,55.4,19.6,14.4,85.6,149.9,404.8,45.8,55.5
Jordan Miller,LAC,SG,8.4,8.809523809523808,3.7857142857142856,1.2619047619047619,0.9404761904761905,0.30952380952380953,0.0,0.2619047619047619,1.4642857142857144,2.630952380952381,0.7738095238095237,1.0,3041753,https://www.cbssports.com/fantasy/basketball/stats/SG/2026/season/projections/,37f70f9d423d81536367f40def389cdea0b84e5f5b98b7530f93d5b8063030d4,2026-10-07T00:08:42.254757+00:00,SG,1,False,0.557,0.774,74.0,31.8,10.6,7.9,2.6,0.0,2.2,12.3,22.1,6.5,8.4
Jordan Poole,NO,SG,28.7,16.933797909407666,8.954703832752614,1.3623693379790942,1.8989547038327526,0.5121951219512195,0.2578397212543554,1.386759581881533,2.9442508710801394,6.588850174216028,1.8083623693379791,2.062717770034843,2892690,https://www.cbssports.com/fantasy/basketball/stats/PG/2026/season/projections/,867486dbf920d0a7f8247d362c4a18a7308ea6951db42a6fcbe5afcb56ca03af,2026-10-07T00:08:41.788836+00:00,PG,2,False,0.447,0.877,486.0,257.0,39.1,54.5,14.7,7.4,39.8,84.5,189.1,51.9,59.2
Jordan Walsh,BOS,SF,78.3,13.639846743295019,3.637292464878672,2.7739463601532566,0.5772669220945084,0.4521072796934866,0.29885057471264365,0.4980842911877395,1.3575989782886335,3.0395913154533845,0.4865900383141763,0.6883780332056194,28952531,https://www.cbssports.com/fantasy/basketball/stats/PF/2026/season/projections/,5804ecddccb008ec445e51431f2a1ffbda4a5dd983a453cf7b38d272dd9e00fc,2026-10-07T00:08:42.664441+00:00,PF,1,False,0.447,0.7070000000000001,1068.0,284.8,217.2,45.2,35.4,23.4,39.0,106.3,238.0,38.1,53.9
Jose Alvarado,NY,PG,78.3,14.738186462324395,5.962962962962963,1.7918263090676887,2.5159642401021713,0.7330779054916986,0.12005108556832696,1.2132822477650065,2.137931034482759,5.125159642401022,0.45977011494252873,0.5810983397190294,2892395,https://www.cbssports.com/fantasy/basketball/stats/PG/2026/season/projections/,867486dbf920d0a7f8247d362c4a18a7308ea6951db42a6fcbe5afcb56ca03af,2026-10-07T00:08:41.788836+00:00,PG,2,False,0.41700000000000004,0.7909999999999999,1154.0,466.9,140.3,197.0,57.4,9.4,95.0,167.4,401.3,36.0,45.5
Josh Giddey,CHI,PG,78.3,35.78544061302682,17.07151979565773,7.779054916985952,8.555555555555555,1.1928480204342276,0.6040868454661558,1.656449553001277,6.05874840357599,13.486590038314176,3.3205619412515968,4.296296296296296,26646085,https://www.cbssports.com/fantasy/basketball/stats/SF/2026/season/projections/,f98caa164746e43805fc7c808cd84cb3d0d33eaf1d1736dbf24fc86c31b9f400,2026-10-07T00:08:42.996466+00:00,SF,2,False,0.449,0.773,2802.0,1336.7,609.1,669.9,93.4,47.3,129.7,474.4,1056.0,260.0,336.4
Josh Green,UTA,SF,28.7,11.428571428571429,2.8675958188153308,0.9163763066202091,0.6480836236933799,0.5191637630662022,0.0,0.5156794425087108,1.1428571428571428,2.1811846689895473,0.37282229965156793,0.5121951219512195,3148154,https://www.cbssports.com/fantasy/basketball/stats/SG/2026/season/projections/,37f70f9d423d81536367f40def389cdea0b84e5f5b98b7530f93d5b8063030d4,2026-10-07T00:08:42.254757+00:00,SG,1,False,0.524,0.728,328.0,82.3,26.3,18.6,14.9,0.0,14.8,32.8,62.6,10.7,14.7
Josh Hart,NY,SF,78.3,33.69093231162197,11.96168582375479,8.79565772669221,4.9655172413793105,1.3256704980842913,0.3627075351213282,1.293742017879949,4.4840357598978295,8.94763729246488,1.715197956577267,2.298850574712644,2105193,https://www.cbssports.com/fantasy/basketball/stats/SF/2026/season/projections/,f98caa164746e43805fc7c808cd84cb3d0d33eaf1d1736dbf24fc86c31b9f400,2026-10-07T00:08:42.996466+00:00,SF,2,False,0.501,0.746,2638.0,936.6,688.7,388.8,103.8,28.4,101.3,351.1,700.6,134.3,180.0
Josh Minott,BKN,SF,28.7,5.7839721254355405,2.2717770034843205,1.0,0.2613240418118467,0.2578397212543554,0.289198606271777,0.26480836236933797,0.8501742160278746,1.7142857142857144,0.4181184668989547,0.5156794425087108,26777945,https://www.cbssports.com/fantasy/basketball/stats/PF/2026/season/projections/,5804ecddccb008ec445e51431f2a1ffbda4a5dd983a453cf7b38d272dd9e00fc,2026-10-07T00:08:42.664441+00:00,PF,1,False,0.496,0.8109999999999999,166.0,65.2,28.7,7.5,7.4,8.3,7.6,24.4,49.2,12.0,14.8
Josh Oduro,NO,PF,28.7,5.714285714285714,3.494773519163763,1.8780487804878048,0.4738675958188153,0.15331010452961674,0.017421602787456445,0.2857142857142857,1.4181184668989548,2.2857142857142856,0.578397212543554,0.8815331010452963,3142193,https://www.cbssports.com/fantasy/basketball/stats/PF/2026/season/projections/,5804ecddccb008ec445e51431f2a1ffbda4a5dd983a453cf7b38d272dd9e00fc,2026-10-07T00:08:42.664441+00:00,PF,1,False,0.62,0.6559999999999999,164.0,100.3,53.9,13.6,4.4,0.5,8.2,40.7,65.6,16.6,25.3
Josh Okogie,UTA,SG,78.3,12.669220945083014,3.625798212005108,1.5312899106002555,0.644955300127714,0.6615581098339719,0.1008939974457216,0.5568326947637293,1.2528735632183907,2.909323116219668,0.6194125159642401,0.9118773946360155,2268080,https://www.cbssports.com/fantasy/basketball/stats/SG/2026/season/projections/,37f70f9d423d81536367f40def389cdea0b84e5f5b98b7530f93d5b8063030d4,2026-10-07T00:08:42.254757+00:00,SG,1,False,0.431,0.679,992.0,283.9,119.9,50.5,51.8,7.9,43.6,98.1,227.8,48.5,71.4
Joshua Jefferson,BKN,PF,78.3,11.621966794380588,3.858237547892721,2.2911877394636018,0.565772669220945,0.2848020434227331,0.21966794380587484,0.29118773946360155,1.4597701149425288,3.095785440613027,0.6704980842911877,0.9642401021711366,28953311,https://www.cbssports.com/fantasy/basketball/stats/PF/2026/season/projections/,5804ecddccb008ec445e51431f2a1ffbda4a5dd983a453cf7b38d272dd9e00fc,2026-10-07T00:08:42.664441+00:00,PF,1,False,0.47200000000000003,0.695,910.0,302.1,179.4,44.3,22.3,17.2,22.8,114.3,242.4,52.5,75.5
Jrue Holiday,POR,PG,78.3,30.37037037037037,11.89655172413793,4.186462324393359,4.254150702426565,1.0089399744572158,0.28991060025542786,1.624521072796935,4.3575989782886335,9.860791826309068,1.5568326947637294,1.8199233716475096,1685257,https://www.cbssports.com/fantasy/basketball/stats/PG/2026/season/projections/,867486dbf920d0a7f8247d362c4a18a7308ea6951db42a6fcbe5afcb56ca03af,2026-10-07T00:08:41.788836+00:00,PG,2,False,0.442,0.855,2378.0,931.5,327.8,333.1,79.0,22.7,127.2,341.2,772.1,121.9,142.5
Julian Champagnie,SA,SF,78.3,20.0,7.177522349936143,3.5517241379310347,1.0102171136653895,0.5721583652618135,0.2886334610472542,1.5312899106002555,2.395913154533844,5.528735632183908,0.8250319284802043,0.962962962962963,3141486,https://www.cbssports.com/fantasy/basketball/stats/SG/2026/season/projections/,37f70f9d423d81536367f40def389cdea0b84e5f5b98b7530f93d5b8063030d4,2026-10-07T00:08:42.254757+00:00,SG,2,False,0.433,0.857,1566.0,562.0,278.1,79.1,44.8,22.6,119.9,187.6,432.9,64.6,75.4
Julian Phillips,HOU,SF,28.7,5.714285714285714,2.2229965156794425,0.9198606271777003,0.2961672473867596,0.31358885017421606,0.006968641114982579,0.3066202090592335,0.8257839721254355,1.7003484320557491,0.40069686411149824,0.5087108013937283,28956005,https://www.cbssports.com/fantasy/basketball/stats/PF/2026/season/projections/,5804ecddccb008ec445e51431f2a1ffbda4a5dd983a453cf7b38d272dd9e00fc,2026-10-07T00:08:42.664441+00:00,PF,1,False,0.486,0.7879999999999999,164.0,63.8,26.4,8.5,9.0,0.2,8.8,23.7,48.8,11.5,14.6
Julian Reese,NO,PF,28.7,17.142857142857142,6.351916376306621,5.623693379790941,0.9686411149825784,0.6480836236933799,0.4285714285714286,0.0,2.5923344947735196,4.891986062717771,1.1986062717770034,1.8815331010452963,26779085,https://www.cbssports.com/fantasy/basketball/stats/PF/2026/season/projections/,5804ecddccb008ec445e51431f2a1ffbda4a5dd983a453cf7b38d272dd9e00fc,2026-10-07T00:08:42.664441+00:00,PF,2,False,0.53,0.637,492.0,182.3,161.4,27.8,18.6,12.3,0.0,74.4,140.4,34.4,54.0
Julian Strawther,DEN,SF,78.3,4.163473818646232,1.5159642401021711,0.44061302681992337,0.19284802043422733,0.09450830140485314,0.0,0.21583652618135377,0.574712643678161,1.2784163473818646,0.23116219667943808,0.2822477650063857,3177664,https://www.cbssports.com/fantasy/basketball/stats/SF/2026/season/projections/,f98caa164746e43805fc7c808cd84cb3d0d33eaf1d1736dbf24fc86c31b9f400,2026-10-07T00:08:42.996466+00:00,SF,1,False,0.45,0.8190000000000001,326.0,118.7,34.5,15.1,7.4,0.0,16.9,45.0,100.1,18.1,22.1
Julius Randle,BKN,PF,78.3,32.69476372924649,16.98595146871009,5.515964240102171,4.293742017879949,0.7586206896551724,0.21328224776500637,1.2490421455938698,5.849297573435504,12.927203065134101,4.0485312899106,5.029374201787995,2135560,https://www.cbssports.com/fantasy/basketball/stats/PF/2026/season/projections/,5804ecddccb008ec445e51431f2a1ffbda4a5dd983a453cf7b38d272dd9e00fc,2026-10-07T00:08:42.664441+00:00,PF,2,False,0.452,0.805,2560.0,1330.0,431.9,336.2,59.4,16.7,97.8,458.0,1012.2,317.0,393.8
Justin Champagnie,WAS,SF,78.3,15.810983397190295,5.94125159642401,3.848020434227331,0.7254150702426564,0.6526181353767561,0.44955300127713926,0.5632183908045978,2.293742017879949,4.36653895274585,0.7841634738186463,1.053639846743295,3142275,https://www.cbssports.com/fantasy/basketball/stats/SF/2026/season/projections/,f98caa164746e43805fc7c808cd84cb3d0d33eaf1d1736dbf24fc86c31b9f400,2026-10-07T00:08:42.996466+00:00,SF,2,False,0.525,0.7440000000000001,1238.0,465.2,301.3,56.8,51.1,35.2,44.1,179.6,341.9,61.4,82.5
Justin Edwards,PHI,SF,78.4,14.668367346938775,5.034438775510203,1.7755102040816324,0.909438775510204,0.5880102040816326,0.21173469387755103,0.7767857142857142,1.9260204081632653,4.119897959183673,0.4272959183673469,0.5676020408163265,1904576,https://www.cbssports.com/fantasy/basketball/stats/PF/2026/season/projections/,5804ecddccb008ec445e51431f2a1ffbda4a5dd983a453cf7b38d272dd9e00fc,2026-10-07T00:08:42.664441+00:00,PF,1,False,0.467,0.753,1150.0,394.7,139.2,71.3,46.1,16.6,60.9,151.0,323.0,33.5,44.5
Jusuf Nurkic,UTA,C,78.3,25.41507024265645,10.168582375478929,8.231162196679438,3.4444444444444446,1.1277139208173692,0.5517241379310346,0.5925925925925926,3.9195402298850572,7.9514687100894,1.740740740740741,2.8556832694763727,2135553,https://www.cbssports.com/fantasy/basketball/stats/C/2026/season/projections/,ca5a55b7b6e8cc89d533c36d3a34e42d0482be0614b6ef2eff2b699974b7da28,2026-10-07T00:07:33.040923+00:00,C,1,False,0.493,0.61,1990.0,796.2,644.5,269.7,88.3,43.2,46.4,306.9,622.6,136.3,223.6
KJ Simpson,DEN,PG,78.3,14.67432950191571,5.0638569604086845,1.7777777777777777,2.16602809706258,0.6219667943805876,0.12260536398467432,0.5300127713920818,1.8518518518518519,4.823754789272031,0.7867177522349936,1.0293742017879948,26775893,https://www.cbssports.com/fantasy/basketball/stats/PG/2026/season/projections/,867486dbf920d0a7f8247d362c4a18a7308ea6951db42a6fcbe5afcb56ca03af,2026-10-07T00:08:41.788836+00:00,PG,1,False,0.384,0.764,1149.0,396.5,139.2,169.6,48.7,9.6,41.5,145.0,377.7,61.6,80.6
Kam Jones,MIL,PG,28.7,8.571428571428571,1.8048780487804879,0.7770034843205575,1.3763066202090593,0.2613240418118467,0.0,0.2578397212543554,0.9024390243902439,2.2717770034843205,0.0,0.0,26778506,https://www.cbssports.com/fantasy/basketball/stats/PG/2026/season/projections/,867486dbf920d0a7f8247d362c4a18a7308ea6951db42a6fcbe5afcb56ca03af,2026-10-07T00:08:41.788836+00:00,PG,1,False,0.397,0.0,246.0,51.8,22.3,39.5,7.5,0.0,7.4,25.9,65.2,0.0,0.0
Karim Lopez,MEM,PF,28.7,2.857142857142857,2.8850174216027873,1.386759581881533,0.4529616724738676,0.2682926829268293,0.2334494773519164,0.2578397212543554,1.156794425087108,2.1811846689895473,0.5365853658536586,0.770034843205575,50033521,https://www.cbssports.com/fantasy/basketball/stats/PF/2026/season/projections/,5804ecddccb008ec445e51431f2a1ffbda4a5dd983a453cf7b38d272dd9e00fc,2026-10-07T00:08:42.664441+00:00,PF,1,False,0.53,0.6970000000000001,82.0,82.8,39.8,13.0,7.7,6.7,7.4,33.2,62.6,15.4,22.1
Karl-Anthony Towns,NY,C,78.3,32.64367816091954,20.413793103448278,12.215836526181354,2.9080459770114944,0.9259259259259259,0.7586206896551724,1.6270753512132823,7.167305236270755,14.084291187739463,4.467432950191571,5.2592592592592595,2152531,https://www.cbssports.com/fantasy/basketball/stats/C/2026/season/projections/,ca5a55b7b6e8cc89d533c36d3a34e42d0482be0614b6ef2eff2b699974b7da28,2026-10-07T00:07:33.040923+00:00,C,1,False,0.509,0.8490000000000001,2556.0,1598.4,956.5,227.7,72.5,59.4,127.4,561.2,1102.8,349.8,411.8
Karlo Matkovic,NO,PF,78.3,12.592592592592593,4.600255427841635,2.9118773946360155,0.5938697318007663,0.3090676883780332,0.5836526181353768,0.3831417624521073,1.896551724137931,3.1277139208173694,0.46743295019157094,0.6219667943805876,28870629,https://www.cbssports.com/fantasy/basketball/stats/C/2026/season/projections/,ca5a55b7b6e8cc89d533c36d3a34e42d0482be0614b6ef2eff2b699974b7da28,2026-10-07T00:07:33.040923+00:00,C,1,False,0.606,0.752,986.0,360.2,228.0,46.5,24.2,45.7,30.0,148.5,244.9,36.6,48.7
Kasparas Jakucionis,MIL,SG,78.3,13.614303959131545,3.8633461047254154,1.4699872286079183,1.5338441890166028,0.3703703703703704,0.09450830140485314,0.8212005108556832,1.2669220945083015,2.84418901660281,0.5849297573435505,0.665389527458493,29558697,https://www.cbssports.com/fantasy/basketball/stats/PG/2026/season/projections/,867486dbf920d0a7f8247d362c4a18a7308ea6951db42a6fcbe5afcb56ca03af,2026-10-07T00:08:41.788836+00:00,PG,1,False,0.445,0.879,1066.0,302.5,115.1,120.1,29.0,7.4,64.3,99.2,222.7,45.8,52.1
Kawhi Leonard,TOR,SF,74.3,32.20726783310902,24.724091520861375,6.2005383580080755,3.8573351278600274,1.5074024226110363,0.4266487213997308,2.166890982503365,9.091520861372814,18.6164199192463,4.3741588156123825,5.036339165545088,1715792,https://www.cbssports.com/fantasy/basketball/stats/SF/2026/season/projections/,f98caa164746e43805fc7c808cd84cb3d0d33eaf1d1736dbf24fc86c31b9f400,2026-10-07T00:08:42.996466+00:00,SF,2,False,0.488,0.8690000000000001,2393.0,1837.0,460.7,286.6,112.0,31.7,161.0,675.5,1383.2,325.0,374.2
Keaton Wagler,LAC,PG,78.3,26.28352490421456,15.810983397190295,3.021711366538953,4.296296296296296,1.4252873563218391,0.2017879948914432,2.6143039591315453,5.708812260536399,12.063856960408685,1.776500638569604,2.26309067688378,29332336,https://www.cbssports.com/fantasy/basketball/stats/PG/2026/season/projections/,867486dbf920d0a7f8247d362c4a18a7308ea6951db42a6fcbe5afcb56ca03af,2026-10-07T00:08:41.788836+00:00,PG,2,False,0.473,0.785,2058.0,1238.0,236.6,336.4,111.6,15.8,204.7,447.0,944.6,139.1,177.2
Keaton Wallace,ATL,PG,28.7,5.714285714285714,1.9442508710801394,0.5156794425087108,1.0174216027874565,0.2578397212543554,0.0,0.289198606271777,0.8118466898954704,1.8641114982578397,0.21602787456445993,0.2682926829268293,2893398,https://www.cbssports.com/fantasy/basketball/stats/SG/2026/season/projections/,37f70f9d423d81536367f40def389cdea0b84e5f5b98b7530f93d5b8063030d4,2026-10-07T00:08:42.254757+00:00,SG,1,False,0.436,0.805,164.0,55.8,14.8,29.2,7.4,0.0,8.3,23.3,53.5,6.2,7.7
Keegan Murray,SAC,PF,78.3,34.661558109833976,12.371647509578546,5.733077905491698,1.446998722860792,0.842911877394636,1.1098339719029375,1.8148148148148149,4.822477650063857,10.637292464878671,0.9246487867177523,1.149425287356322,3178498,https://www.cbssports.com/fantasy/basketball/stats/PF/2026/season/projections/,5804ecddccb008ec445e51431f2a1ffbda4a5dd983a453cf7b38d272dd9e00fc,2026-10-07T00:08:42.664441+00:00,PF,2,False,0.45299999999999996,0.804,2714.0,968.7,448.9,113.3,66.0,86.9,142.1,377.6,832.9,72.4,90.0
Kel'el Ware,MIL,C,78.3,20.0,7.807151979565773,5.895274584929758,0.6475095785440613,0.5070242656449554,0.8505747126436781,0.7407407407407408,3.2669220945083017,6.14176245210728,0.565772669220945,0.7816091954022989,28955234,https://www.cbssports.com/fantasy/basketball/stats/C/2026/season/projections/,ca5a55b7b6e8cc89d533c36d3a34e42d0482be0614b6ef2eff2b699974b7da28,2026-10-07T00:07:33.040923+00:00,C,1,False,0.532,0.7240000000000001,1566.0,611.3,461.6,50.7,39.7,66.6,58.0,255.8,480.9,44.3,61.2
Keldon Johnson,SA,SF,78.3,16.883780332056194,8.57088122605364,3.4623243933588763,0.9744572158365262,0.42017879948914433,0.0996168582375479,0.7535121328224776,3.269476372924649,6.584929757343551,1.243933588761175,1.6296296296296295,3042075,https://www.cbssports.com/fantasy/basketball/stats/PF/2026/season/projections/,5804ecddccb008ec445e51431f2a1ffbda4a5dd983a453cf7b38d272dd9e00fc,2026-10-07T00:08:42.664441+00:00,PF,2,False,0.49700000000000005,0.763,1322.0,671.1,271.1,76.3,32.9,7.8,59.0,256.0,515.6,97.4,127.6
Kelly Olynyk,SA,PF,28.7,8.571428571428571,2.8710801393728227,1.662020905923345,0.951219512195122,0.27177700348432055,0.1602787456445993,0.2857142857142857,1.1358885017421603,2.010452961672474,0.5888501742160278,0.7909407665505226,2067695,https://www.cbssports.com/fantasy/basketball/stats/PF/2026/season/projections/,5804ecddccb008ec445e51431f2a1ffbda4a5dd983a453cf7b38d272dd9e00fc,2026-10-07T00:08:42.664441+00:00,PF,1,False,0.565,0.7440000000000001,246.0,82.4,47.7,27.3,7.8,4.6,8.2,32.6,57.7,16.9,22.7
Kelly Oubre Jr.,IND,SF,78.4,25.191326530612244,10.616071428571427,4.040816326530612,1.457908163265306,0.7487244897959183,0.3380102040816326,1.0012755102040816,4.11734693877551,8.168367346938775,1.3801020408163265,1.808673469387755,2152518,https://www.cbssports.com/fantasy/basketball/stats/SF/2026/season/projections/,f98caa164746e43805fc7c808cd84cb3d0d33eaf1d1736dbf24fc86c31b9f400,2026-10-07T00:08:42.996466+00:00,SF,2,False,0.504,0.763,1975.0,832.3,316.8,114.3,58.7,26.5,78.5,322.8,640.4,108.2,141.8
Kennedy Chandler,PHO,PG,28.7,17.142857142857142,6.829268292682927,1.602787456445993,2.8954703832752613,0.4843205574912892,0.0,0.7560975609756098,2.3414634146341466,5.505226480836237,1.3135888501742161,2.0209059233449476,26777219,https://www.cbssports.com/fantasy/basketball/stats/PG/2026/season/projections/,867486dbf920d0a7f8247d362c4a18a7308ea6951db42a6fcbe5afcb56ca03af,2026-10-07T00:08:41.788836+00:00,PG,2,False,0.425,0.65,492.0,196.0,46.0,83.1,13.9,0.0,21.7,67.2,158.0,37.7,58.0
Kenrich Williams,OKC,SG,78.3,10.574712643678161,4.074074074074074,2.1468710089399745,0.8352490421455939,0.40229885057471265,0.09450830140485314,0.5606641123882503,1.6066411238825031,3.4457215836526185,0.32950191570881227,0.4891443167305236,2152923,https://www.cbssports.com/fantasy/basketball/stats/SF/2026/season/projections/,f98caa164746e43805fc7c808cd84cb3d0d33eaf1d1736dbf24fc86c31b9f400,2026-10-07T00:08:42.996466+00:00,SF,1,False,0.466,0.674,828.0,319.0,168.1,65.4,31.5,7.4,43.9,125.8,269.8,25.8,38.3
Kentavious Caldwell-Pope,PHI,SF,78.4,19.96173469387755,5.968112244897958,1.7755102040816324,1.4311224489795917,0.7959183673469387,0.23469387755102036,0.8737244897959183,2.1364795918367347,4.61734693877551,0.8698979591836734,0.9834183673469387,2067660,https://www.cbssports.com/fantasy/basketball/stats/SG/2026/season/projections/,37f70f9d423d81536367f40def389cdea0b84e5f5b98b7530f93d5b8063030d4,2026-10-07T00:08:42.254757+00:00,SG,1,False,0.46299999999999997,0.885,1565.0,467.9,139.2,112.2,62.4,18.4,68.5,167.5,362.0,68.2,77.1
Keon Ellis,BKN,SG,78.3,15.78544061302682,4.776500638569604,1.3665389527458494,0.7803320561941252,0.8837803320561942,0.5185185185185186,1.033205619412516,1.5734355044699873,3.6564495530012775,0.5261813537675607,0.6615581098339719,3177805,https://www.cbssports.com/fantasy/basketball/stats/SG/2026/season/projections/,37f70f9d423d81536367f40def389cdea0b84e5f5b98b7530f93d5b8063030d4,2026-10-07T00:08:42.254757+00:00,SG,1,False,0.43,0.795,1236.0,374.0,107.0,61.1,69.2,40.6,80.9,123.2,286.3,41.2,51.8
Keshad Johnson,MIA,SF,27.7,3.140794223826715,2.205776173285199,0.8158844765342961,0.0,0.2924187725631769,0.0,0.2527075812274368,0.8375451263537906,1.4296028880866427,0.3357400722021661,0.5090252707581228,3141981,https://www.cbssports.com/fantasy/basketball/stats/PF/2026/season/projections/,5804ecddccb008ec445e51431f2a1ffbda4a5dd983a453cf7b38d272dd9e00fc,2026-10-07T00:08:42.664441+00:00,PF,1,False,0.586,0.66,87.0,61.1,22.6,0.0,8.1,0.0,7.0,23.2,39.6,9.3,14.1
Kevin Durant,HOU,PF,78.4,36.7219387755102,25.20535714285714,5.732142857142857,3.9464285714285707,0.8278061224489796,1.0446428571428572,2.3125,8.825255102040815,17.18622448979592,5.248724489795918,6.108418367346938,1231866,https://www.cbssports.com/fantasy/basketball/stats/SF/2026/season/projections/,f98caa164746e43805fc7c808cd84cb3d0d33eaf1d1736dbf24fc86c31b9f400,2026-10-07T00:08:42.996466+00:00,SF,2,False,0.514,0.8590000000000001,2879.0,1976.1,449.4,309.4,64.9,81.9,181.3,691.9,1347.4,411.5,478.9
Kevin Huerter,DET,SG,78.3,21.072796934865902,7.959131545338443,2.8326947637292466,1.8850574712643677,0.9731800766283526,0.4150702426564496,1.2733077905491699,3.062579821200511,6.9029374201788,0.5925925925925926,0.7841634738186463,2268227,https://www.cbssports.com/fantasy/basketball/stats/SG/2026/season/projections/,37f70f9d423d81536367f40def389cdea0b84e5f5b98b7530f93d5b8063030d4,2026-10-07T00:08:42.254757+00:00,SG,2,False,0.444,0.7559999999999999,1650.0,623.2,221.8,147.6,76.2,32.5,99.7,239.8,540.5,46.4,61.4
Kevin Love,UTA,PF,28.7,8.571428571428571,2.710801393728223,2.348432055749129,0.7665505226480837,0.2578397212543554,0.006968641114982579,0.5470383275261324,0.9407665505226481,2.3937282229965158,0.41114982578397213,0.5156794425087108,1622545,https://www.cbssports.com/fantasy/basketball/stats/C/2026/season/projections/,ca5a55b7b6e8cc89d533c36d3a34e42d0482be0614b6ef2eff2b699974b7da28,2026-10-07T00:07:33.040923+00:00,C,1,False,0.39299999999999996,0.797,246.0,77.8,67.4,22.0,7.4,0.2,15.7,27.0,68.7,11.8,14.8
Kevin Porter,MIL,PG,78.3,18.007662835249043,8.305236270753511,2.656449553001277,3.339719029374202,0.8991060025542785,0.19029374201787996,0.6538952745849298,3.128991060025543,7.075351213282248,1.426564495530013,1.7330779054916985,3042574,https://www.cbssports.com/fantasy/basketball/stats/PG/2026/season/projections/,867486dbf920d0a7f8247d362c4a18a7308ea6951db42a6fcbe5afcb56ca03af,2026-10-07T00:08:41.788836+00:00,PG,2,False,0.442,0.823,1410.0,650.3,208.0,261.5,70.4,14.9,51.2,245.0,554.0,111.7,135.7
Kevon Looney,LAL,C,79.3,14.653215636822194,3.7641866330390923,5.1071878940731406,1.1702395964691046,0.4539722572509458,0.3795712484237075,0.0,1.5081967213114753,2.8436317780580076,0.7074401008827239,1.1979823455233292,2152976,https://www.cbssports.com/fantasy/basketball/stats/C/2026/season/projections/,ca5a55b7b6e8cc89d533c36d3a34e42d0482be0614b6ef2eff2b699974b7da28,2026-10-07T00:07:33.040923+00:00,C,1,False,0.53,0.591,1162.0,298.5,405.0,92.8,36.0,30.1,0.0,119.6,225.5,56.1,95.0
Keyonte George,UTA,SG,78.3,32.54150702426565,17.962962962962962,3.2081736909323118,5.4853128991060025,0.9284802043422734,0.1851851851851852,2.1417624521072796,5.659003831417625,13.532567049808428,4.492975734355045,5.22477650063857,28951907,https://www.cbssports.com/fantasy/basketball/stats/PG/2026/season/projections/,867486dbf920d0a7f8247d362c4a18a7308ea6951db42a6fcbe5afcb56ca03af,2026-10-07T00:08:41.788836+00:00,PG,2,False,0.418,0.86,2548.0,1406.5,251.2,429.5,72.7,14.5,167.7,443.1,1059.6,351.8,409.1
Khaman Maluach,PHO,C,78.3,6.883780332056195,2.292464878671775,2.3269476372924647,0.10217113665389528,0.11238825031928482,0.5517241379310346,0.0983397190293742,0.909323116219668,1.6526181353767562,0.3448275862068966,0.4865900383141763,29555634,https://www.cbssports.com/fantasy/basketball/stats/C/2026/season/projections/,ca5a55b7b6e8cc89d533c36d3a34e42d0482be0614b6ef2eff2b699974b7da28,2026-10-07T00:07:33.040923+00:00,C,1,False,0.55,0.7090000000000001,539.0,179.5,182.2,8.0,8.8,43.2,7.7,71.2,129.4,27.0,38.1
Khris Middleton,WAS,SF,78.3,16.883780332056194,7.056194125159642,2.478927203065134,2.0893997445721584,0.5006385696040869,0.09450830140485314,0.685823754789272,2.509578544061303,5.786717752234994,1.2873563218390804,1.4827586206896552,1992813,https://www.cbssports.com/fantasy/basketball/stats/SG/2026/season/projections/,37f70f9d423d81536367f40def389cdea0b84e5f5b98b7530f93d5b8063030d4,2026-10-07T00:08:42.254757+00:00,SG,2,False,0.434,0.868,1322.0,552.5,194.1,163.6,39.2,7.4,53.7,196.5,453.1,100.8,116.1
Killian Hayes,SAC,PG,28.7,11.428571428571429,3.6062717770034842,1.3937282229965158,2.156794425087108,0.5470383275261324,0.21951219512195122,0.5156794425087108,1.3519163763066202,3.554006968641115,0.6933797909407665,0.7735191637630662,3152126,https://www.cbssports.com/fantasy/basketball/stats/PG/2026/season/projections/,867486dbf920d0a7f8247d362c4a18a7308ea6951db42a6fcbe5afcb56ca03af,2026-10-07T00:08:41.788836+00:00,PG,1,False,0.38,0.8959999999999999,328.0,103.5,40.0,61.9,15.7,6.3,14.8,38.8,102.0,19.9,22.2
Kingston Flemings,ATL,PG,78.4,26.262755102040813,13.27551020408163,2.1326530612244894,4.220663265306122,1.159438775510204,0.14285714285714285,2.1772959183673466,4.874999999999999,10.84311224489796,1.3698979591836735,1.7448979591836735,50015591,https://www.cbssports.com/fantasy/basketball/stats/PG/2026/season/projections/,867486dbf920d0a7f8247d362c4a18a7308ea6951db42a6fcbe5afcb56ca03af,2026-10-07T00:08:41.788836+00:00,PG,2,False,0.45,0.785,2059.0,1040.8,167.2,330.9,90.9,11.2,170.7,382.2,850.1,107.4,136.8
Klay Thompson,MIA,SG,78.4,24.132653061224488,12.975765306122447,2.6709183673469385,1.887755102040816,0.6772959183673469,0.3061224489795918,3.0535714285714284,4.604591836734693,11.103316326530612,0.7193877551020408,0.8494897959183673,1647559,https://www.cbssports.com/fantasy/basketball/stats/SG/2026/season/projections/,37f70f9d423d81536367f40def389cdea0b84e5f5b98b7530f93d5b8063030d4,2026-10-07T00:08:42.254757+00:00,SG,2,False,0.415,0.847,1892.0,1017.3,209.4,148.0,53.1,24.0,239.4,361.0,870.5,56.4,66.6
Koa Peat,PHO,PF,78.3,12.209450830140486,4.4559386973180075,3.012771392081737,0.644955300127714,0.42656449553001274,0.2592592592592593,0.34738186462324394,1.719029374201788,3.582375478927203,0.67816091954023,0.9757343550447,28906174,https://www.cbssports.com/fantasy/basketball/stats/PF/2026/season/projections/,5804ecddccb008ec445e51431f2a1ffbda4a5dd983a453cf7b38d272dd9e00fc,2026-10-07T00:08:42.664441+00:00,PF,1,False,0.48,0.695,956.0,348.9,235.9,50.5,33.4,20.3,27.2,134.6,280.5,53.1,76.4
Kobe Brown,IND,SF,28.7,5.7839721254355405,2.1114982578397212,1.2334494773519165,0.554006968641115,0.15679442508710803,0.0,0.2578397212543554,0.9128919860627178,1.7177700348432055,0.20905923344947736,0.26480836236933797,3141953,https://www.cbssports.com/fantasy/basketball/stats/PF/2026/season/projections/,5804ecddccb008ec445e51431f2a1ffbda4a5dd983a453cf7b38d272dd9e00fc,2026-10-07T00:08:42.664441+00:00,PF,1,False,0.531,0.789,166.0,60.6,35.4,15.9,4.5,0.0,7.4,26.2,49.3,6.0,7.6
Kobe Sanders,LAC,SG,78.3,15.300127713920817,5.697318007662836,1.8633461047254152,1.2950191570881227,0.5670498084291188,0.10727969348659004,0.996168582375479,2.081736909323116,4.383141762452107,0.5427841634738186,0.6564495530012772,3177610,https://www.cbssports.com/fantasy/basketball/stats/SF/2026/season/projections/,f98caa164746e43805fc7c808cd84cb3d0d33eaf1d1736dbf24fc86c31b9f400,2026-10-07T00:08:42.996466+00:00,SF,2,False,0.475,0.8270000000000001,1198.0,446.1,145.9,101.4,44.4,8.4,78.0,163.0,343.2,42.5,51.4
Kon Knueppel,CHA,SF,78.4,31.49234693877551,17.130102040816325,4.686224489795918,3.058673469387755,0.6339285714285714,0.18877551020408162,3.2755102040816326,5.841836734693877,12.582908163265305,2.1696428571428568,2.515306122448979,29558754,https://www.cbssports.com/fantasy/basketball/stats/SG/2026/season/projections/,37f70f9d423d81536367f40def389cdea0b84e5f5b98b7530f93d5b8063030d4,2026-10-07T00:08:42.254757+00:00,SG,2,False,0.46399999999999997,0.863,2469.0,1343.0,367.4,239.8,49.7,14.8,256.8,458.0,986.5,170.1,197.2
Kris Dunn,LAC,PG,78.3,19.693486590038315,5.4061302681992345,2.707535121328225,2.484035759897829,1.2720306513409962,0.210727969348659,0.8531289910600255,2.1098339719029373,4.5146871008939975,0.35249042145593873,0.4725415070242657,2019315,https://www.cbssports.com/fantasy/basketball/stats/PG/2026/season/projections/,867486dbf920d0a7f8247d362c4a18a7308ea6951db42a6fcbe5afcb56ca03af,2026-10-07T00:08:41.788836+00:00,PG,2,False,0.467,0.746,1542.0,423.3,212.0,194.5,99.6,16.5,66.8,165.2,353.5,27.6,37.0
Kris Murray,MEM,PF,28.7,8.9198606271777,2.4459930313588854,1.2926829268292683,0.6689895470383275,0.2857142857142857,0.11846689895470383,0.2578397212543554,1.0801393728222997,1.9756097560975612,0.289198606271777,0.5087108013937283,3178187,https://www.cbssports.com/fantasy/basketball/stats/PF/2026/season/projections/,5804ecddccb008ec445e51431f2a1ffbda4a5dd983a453cf7b38d272dd9e00fc,2026-10-07T00:08:42.664441+00:00,PF,1,False,0.547,0.568,256.0,70.2,37.1,19.2,8.2,3.4,7.4,31.0,56.7,8.3,14.6
Kristaps Porzingis,GS,C,48.5,26.288659793814432,15.931958762886598,5.185567010309279,2.0309278350515463,0.8536082474226804,0.9360824742268041,1.820618556701031,4.948453608247423,11.012371134020619,4.22680412371134,5.243298969072165,2108420,https://www.cbssports.com/fantasy/basketball/stats/C/2026/season/projections/,ca5a55b7b6e8cc89d533c36d3a34e42d0482be0614b6ef2eff2b699974b7da28,2026-10-07T00:07:33.040923+00:00,C,1,False,0.449,0.8059999999999999,1275.0,772.7,251.5,98.5,41.4,45.4,88.3,240.0,534.1,205.0,254.3
Kyle Anderson,TOR,SF,78.3,12.694763729246489,4.209450830140486,2.2720306513409962,1.8735632183908044,0.5491698595146871,0.4125159642401022,0.18007662835249041,1.6679438058748404,3.360153256704981,0.6424010217113665,0.9284802043422734,2135515,https://www.cbssports.com/fantasy/basketball/stats/SF/2026/season/projections/,f98caa164746e43805fc7c808cd84cb3d0d33eaf1d1736dbf24fc86c31b9f400,2026-10-07T00:08:42.996466+00:00,SF,2,False,0.496,0.6920000000000001,994.0,329.6,177.9,146.7,43.0,32.3,14.1,130.6,263.1,50.3,72.7
Kyle Filipowski,UTA,PF,78.3,17.931034482758623,7.666666666666666,4.616858237547893,1.698595146871009,0.6794380587484037,0.2848020434227331,0.6998722860791826,2.8314176245210727,5.748403575989784,1.29757343550447,1.8263090676883782,28952069,https://www.cbssports.com/fantasy/basketball/stats/C/2026/season/projections/,ca5a55b7b6e8cc89d533c36d3a34e42d0482be0614b6ef2eff2b699974b7da28,2026-10-07T00:07:33.040923+00:00,C,1,False,0.493,0.71,1404.0,600.3,361.5,133.0,53.2,22.3,54.8,221.7,450.1,101.6,143.0
Kyle Kuzma,MIL,PF,78.3,23.243933588761177,10.20051085568327,3.6347381864623247,1.8812260536398469,0.47381864623243936,0.2771392081736909,0.9591315453384418,3.9514687100893995,8.752234993614303,1.3384418901660282,1.979565772669221,2842826,https://www.cbssports.com/fantasy/basketball/stats/PF/2026/season/projections/,5804ecddccb008ec445e51431f2a1ffbda4a5dd983a453cf7b38d272dd9e00fc,2026-10-07T00:08:42.664441+00:00,PF,2,False,0.451,0.6759999999999999,1820.0,798.7,284.6,147.3,37.1,21.7,75.1,309.4,685.3,104.8,155.0
Kyle Lowry,PHI,PG,28.7,8.571428571428571,1.456445993031359,0.818815331010453,1.048780487804878,0.2613240418118467,0.289198606271777,0.26480836236933797,0.45993031358885017,1.4355400696864113,0.39024390243902435,0.4773519163763066,1113164,https://www.cbssports.com/fantasy/basketball/stats/PG/2026/season/projections/,867486dbf920d0a7f8247d362c4a18a7308ea6951db42a6fcbe5afcb56ca03af,2026-10-07T00:08:41.788836+00:00,PG,1,False,0.32,0.818,246.0,41.8,23.5,30.1,7.5,8.3,7.6,13.2,41.2,11.2,13.7
Kyrie Irving,DAL,PG,78.3,35.81098339719029,23.379310344827587,4.201787994891443,4.873563218390805,1.157088122605364,0.3563218390804598,2.3537675606641124,8.675606641123883,18.41507024265645,3.6730523627075353,4.011494252873564,1779901,https://www.cbssports.com/fantasy/basketball/stats/PG/2026/season/projections/,867486dbf920d0a7f8247d362c4a18a7308ea6951db42a6fcbe5afcb56ca03af,2026-10-07T00:08:41.788836+00:00,PG,2,False,0.47100000000000003,0.9159999999999999,2804.0,1830.6,329.0,381.6,90.6,27.9,184.3,679.3,1441.9,287.6,314.1
Kyshawn George,WAS,SF,78.3,27.458492975734355,10.166028097062581,4.168582375478927,2.9489144316730527,0.9080459770114943,0.752234993614304,1.4508301404853128,3.556832694763729,8.499361430395913,1.5836526181353767,2.0268199233716473,29232627,https://www.cbssports.com/fantasy/basketball/stats/PF/2026/season/projections/,5804ecddccb008ec445e51431f2a1ffbda4a5dd983a453cf7b38d272dd9e00fc,2026-10-07T00:08:42.664441+00:00,PF,2,False,0.418,0.7809999999999999,2150.0,796.0,326.4,230.9,71.1,58.9,113.6,278.5,665.5,124.0,158.7
L.J. Cryer,GS,PG,29.1,8.969072164948454,4.824742268041237,0.8487972508591065,0.5876288659793815,0.0,0.0,1.2061855670103092,1.563573883161512,3.6391752577319587,0.6082474226804123,0.6804123711340206,3177470,https://www.cbssports.com/fantasy/basketball/stats/PG/2026/season/projections/,867486dbf920d0a7f8247d362c4a18a7308ea6951db42a6fcbe5afcb56ca03af,2026-10-07T00:08:41.788836+00:00,PG,1,False,0.43,0.894,261.0,140.4,24.7,17.1,0.0,0.0,35.1,45.5,105.9,17.7,19.8
LaMelo Ball,MIN,PG,78.4,29.489795918367346,21.761479591836732,5.003826530612245,7.582908163265306,1.465561224489796,0.2869897959183673,3.2423469387755097,7.599489795918366,18.216836734693878,3.3367346938775513,3.829081632653061,3149252,https://www.cbssports.com/fantasy/basketball/stats/PG/2026/season/projections/,867486dbf920d0a7f8247d362c4a18a7308ea6951db42a6fcbe5afcb56ca03af,2026-10-07T00:08:41.788836+00:00,PG,2,False,0.41700000000000004,0.871,2312.0,1706.1,392.3,594.5,114.9,22.5,254.2,595.8,1428.2,261.6,300.2
Labaron Philon,PHI,PG,78.4,8.418367346938775,3.4158163265306123,0.6505102040816326,1.0051020408163265,0.21428571428571427,0.0063775510204081625,0.4948979591836734,1.3265306122448979,2.910714285714285,0.35331632653061223,0.471938775510204,29555859,https://www.cbssports.com/fantasy/basketball/stats/PG/2026/season/projections/,867486dbf920d0a7f8247d362c4a18a7308ea6951db42a6fcbe5afcb56ca03af,2026-10-07T00:08:41.788836+00:00,PG,1,False,0.456,0.7490000000000001,660.0,267.8,51.0,78.8,16.8,0.5,38.8,104.0,228.2,27.7,37.0
Lajae Jones,GS,SF,29.1,2.852233676975945,2.6323024054982813,0.3539518900343643,0.29209621993127144,0.27147766323024053,0.0,0.5979381443298968,0.9518900343642611,2.1305841924398625,0.2233676975945017,0.302405498281787,28996000,https://www.cbssports.com/fantasy/basketball/stats/SF/2026/season/projections/,f98caa164746e43805fc7c808cd84cb3d0d33eaf1d1736dbf24fc86c31b9f400,2026-10-07T00:08:42.996466+00:00,SF,1,False,0.447,0.7390000000000001,83.0,76.6,10.3,8.5,7.9,0.0,17.4,27.7,62.0,6.5,8.8
Landry Shamet,NY,SG,78.3,13.639846743295019,4.973180076628353,1.0421455938697317,0.644955300127714,0.3128991060025543,0.12005108556832696,1.1417624521072798,1.6960408684546617,3.7726692209450827,0.3984674329501916,0.5759897828863346,2203585,https://www.cbssports.com/fantasy/basketball/stats/SG/2026/season/projections/,37f70f9d423d81536367f40def389cdea0b84e5f5b98b7530f93d5b8063030d4,2026-10-07T00:08:42.254757+00:00,SG,1,False,0.45,0.6920000000000001,1068.0,389.4,81.6,50.5,24.5,9.4,89.4,132.8,295.4,31.2,45.1
Lauri Markkanen,UTA,PF,78.3,32.69476372924649,20.50574712643678,5.159642401021712,1.6883780332056193,0.8659003831417624,0.3652618135376756,2.3895274584929758,6.9272030651340994,15.393358876117496,4.266922094508302,4.8084291187739465,2844693,https://www.cbssports.com/fantasy/basketball/stats/SF/2026/season/projections/,f98caa164746e43805fc7c808cd84cb3d0d33eaf1d1736dbf24fc86c31b9f400,2026-10-07T00:08:42.996466+00:00,SF,2,False,0.45,0.887,2560.0,1605.6,404.0,132.2,67.8,28.6,187.1,542.4,1205.3,334.1,376.5
LeBron James,PHI,SF,72.7,34.49793672627235,21.85557083906465,7.335625859697386,6.817056396148556,1.171939477303989,0.7235213204951857,1.547455295735901,8.301237964236588,16.66850068775791,3.7056396148555706,4.874828060522695,400553,https://www.cbssports.com/fantasy/basketball/stats/PF/2026/season/projections/,5804ecddccb008ec445e51431f2a1ffbda4a5dd983a453cf7b38d272dd9e00fc,2026-10-07T00:08:42.664441+00:00,PF,2,False,0.498,0.76,2508.0,1588.9,533.3,495.6,85.2,52.6,112.5,603.5,1211.8,269.4,354.4
Leaky Black,SAC,SF,28.7,14.494773519163763,3.289198606271777,2.6689895470383274,0.7630662020905923,0.5191637630662022,0.2613240418118467,0.5156794425087108,1.3588850174216027,3.1358885017421603,0.22299651567944254,0.2578397212543554,3042539,https://www.cbssports.com/fantasy/basketball/stats/PF/2026/season/projections/,5804ecddccb008ec445e51431f2a1ffbda4a5dd983a453cf7b38d272dd9e00fc,2026-10-07T00:08:42.664441+00:00,PF,1,False,0.433,0.865,416.0,94.4,76.6,21.9,14.9,7.5,14.8,39.0,90.0,6.4,7.4
Liam McNeeley,CHA,SF,28.7,5.714285714285714,2.550522648083624,1.2578397212543555,0.3310104529616725,0.0,0.0,0.5087108013937283,0.8501742160278746,1.4285714285714286,0.42160278745644597,0.5156794425087108,29557974,https://www.cbssports.com/fantasy/basketball/stats/PF/2026/season/projections/,5804ecddccb008ec445e51431f2a1ffbda4a5dd983a453cf7b38d272dd9e00fc,2026-10-07T00:08:42.664441+00:00,PF,1,False,0.595,0.818,164.0,73.2,36.1,9.5,0.0,0.0,14.6,24.4,41.0,12.1,14.8
Lindy Waters III,SA,SF,28.7,5.714285714285714,1.8397212543554007,0.5958188153310106,0.2787456445993031,0.25435540069686413,0.0,0.4285714285714286,0.7142857142857143,1.8327526132404182,0.0,0.0,2268362,https://www.cbssports.com/fantasy/basketball/stats/SF/2026/season/projections/,f98caa164746e43805fc7c808cd84cb3d0d33eaf1d1736dbf24fc86c31b9f400,2026-10-07T00:08:42.996466+00:00,SF,1,False,0.39,0.0,164.0,52.8,17.1,8.0,7.3,0.0,12.3,20.5,52.6,0.0,0.0
Lucas Williamson,MEM,SG,28.7,8.571428571428571,4.156794425087108,1.7979094076655053,1.4285714285714286,0.5365853658536586,0.0,0.7665505226480837,1.4285714285714286,3.8222996515679446,0.4459930313588851,0.5156794425087108,2892608,https://www.cbssports.com/fantasy/basketball/stats/PG/2026/season/projections/,867486dbf920d0a7f8247d362c4a18a7308ea6951db42a6fcbe5afcb56ca03af,2026-10-07T00:08:41.788836+00:00,PG,1,False,0.374,0.865,246.0,119.3,51.6,41.0,15.4,0.0,22.0,41.0,109.7,12.8,14.8
Luguentz Dort,ATL,SF,78.4,27.4234693877551,8.144132653061224,3.331632653061224,1.443877551020408,0.7895408163265305,0.34566326530612246,1.9221938775510201,2.889030612244898,7.251275510204081,0.45535714285714285,0.6313775510204082,3041476,https://www.cbssports.com/fantasy/basketball/stats/SG/2026/season/projections/,37f70f9d423d81536367f40def389cdea0b84e5f5b98b7530f93d5b8063030d4,2026-10-07T00:08:42.254757+00:00,SG,2,False,0.39799999999999996,0.721,2150.0,638.5,261.2,113.2,61.9,27.1,150.7,226.5,568.5,35.7,49.5
Luka Doncic,LAL,PG,79.3,35.851197982345525,28.818411097099624,7.412358133669609,7.321563682219421,1.5409836065573772,0.4287515762925599,3.2509457755359397,9.064312736443883,19.750315258511982,7.44766708701135,9.48297604035309,2900426,https://www.cbssports.com/fantasy/basketball/stats/PG/2026/season/projections/,867486dbf920d0a7f8247d362c4a18a7308ea6951db42a6fcbe5afcb56ca03af,2026-10-07T00:08:41.788836+00:00,PG,2,False,0.45899999999999996,0.785,2843.0,2285.3,587.8,580.6,122.2,34.0,257.8,718.8,1566.2,590.6,752.0
Luka Garza,BOS,PF,28.7,5.7839721254355405,3.4250871080139373,1.6236933797909407,0.27177700348432055,0.12195121951219512,0.08362369337979093,0.28222996515679444,1.156794425087108,2.1358885017421603,0.6829268292682927,0.9024390243902439,2892502,https://www.cbssports.com/fantasy/basketball/stats/C/2026/season/projections/,ca5a55b7b6e8cc89d533c36d3a34e42d0482be0614b6ef2eff2b699974b7da28,2026-10-07T00:07:33.040923+00:00,C,1,False,0.542,0.757,166.0,98.3,46.6,7.8,3.5,2.4,8.1,33.2,61.3,19.6,25.9
Luke Kennard,PHO,SG,78.3,20.5874840357599,7.1417624521072804,2.401021711366539,2.0727969348659006,0.7879948914431674,0.12005108556832696,1.3933588761174969,2.5466155810983397,5.254150702426564,0.644955300127714,0.7228607918263091,2842761,https://www.cbssports.com/fantasy/basketball/stats/PG/2026/season/projections/,867486dbf920d0a7f8247d362c4a18a7308ea6951db42a6fcbe5afcb56ca03af,2026-10-07T00:08:41.788836+00:00,PG,2,False,0.485,0.892,1612.0,559.2,188.0,162.3,61.7,9.4,109.1,199.4,411.4,50.5,56.6
Luke Kornet,SA,C,78.3,13.71647509578544,4.458492975734355,3.7254150702426565,1.1047254150702428,0.3767560664112388,0.6462324393358877,0.0,1.8441890166028099,2.84418901660281,0.7662835249042146,0.9923371647509579,2105183,https://www.cbssports.com/fantasy/basketball/stats/C/2026/season/projections/,ca5a55b7b6e8cc89d533c36d3a34e42d0482be0614b6ef2eff2b699974b7da28,2026-10-07T00:07:33.040923+00:00,C,1,False,0.648,0.772,1074.0,349.1,291.7,86.5,29.5,50.6,0.0,144.4,222.7,60.0,77.7
Malachi Smith,TOR,SG,28.7,14.285714285714286,4.484320557491289,2.1463414634146343,2.052264808362369,0.36585365853658536,0.27526132404181186,0.5958188153310106,1.7804878048780488,3.4494773519163764,0.24390243902439024,0.2578397212543554,3042492,https://www.cbssports.com/fantasy/basketball/stats/SG/2026/season/projections/,37f70f9d423d81536367f40def389cdea0b84e5f5b98b7530f93d5b8063030d4,2026-10-07T00:08:42.254757+00:00,SG,1,False,0.516,0.946,410.0,128.7,61.6,58.9,10.5,7.9,17.1,51.1,99.0,7.0,7.4
Malevy Leons,GS,PF,29.1,5.70446735395189,1.175257731958763,1.0274914089347078,0.3848797250859106,0.30584192439862545,0.14089347079037798,0.0,0.41237113402061853,1.261168384879725,0.3402061855670103,0.46048109965635736,26778203,https://www.cbssports.com/fantasy/basketball/stats/PF/2026/season/projections/,5804ecddccb008ec445e51431f2a1ffbda4a5dd983a453cf7b38d272dd9e00fc,2026-10-07T00:08:42.664441+00:00,PF,1,False,0.327,0.7390000000000001,166.0,34.2,29.9,11.2,8.9,4.1,0.0,12.0,36.7,9.9,13.4
Malik Monk,SAC,SG,78.3,19.974457215836527,10.375478927203066,1.9476372924648788,2.9923371647509582,0.561941251596424,0.367816091954023,1.4853128991060025,3.8084291187739465,8.440613026819923,1.2796934865900385,1.471264367816092,2355022,https://www.cbssports.com/fantasy/basketball/stats/SG/2026/season/projections/,37f70f9d423d81536367f40def389cdea0b84e5f5b98b7530f93d5b8063030d4,2026-10-07T00:08:42.254757+00:00,SG,2,False,0.451,0.87,1564.0,812.4,152.5,234.3,44.0,28.8,116.3,298.2,660.9,100.2,115.2
Malique Lewis,MIL,SF,28.7,2.857142857142857,2.2857142857142856,0.34146341463414637,0.2578397212543554,0.010452961672473867,0.0,0.5156794425087108,0.8571428571428572,1.7421602787456447,0.19512195121951217,0.2613240418118467,29751291,https://www.cbssports.com/fantasy/basketball/stats/SF/2026/season/projections/,f98caa164746e43805fc7c808cd84cb3d0d33eaf1d1736dbf24fc86c31b9f400,2026-10-07T00:08:42.996466+00:00,SF,1,False,0.49200000000000005,0.747,82.0,65.6,9.8,7.4,0.3,0.0,14.8,24.6,50.0,5.6,7.5
Marcus Sasser,DAL,PG,78.3,9.553001277139208,3.9323116219667944,0.7343550446998723,1.4495530012771392,0.3269476372924649,0.019157088122605366,0.6590038314176245,1.4610472541507025,3.363984674329502,0.3959131545338442,0.46998722860791825,3142030,https://www.cbssports.com/fantasy/basketball/stats/PG/2026/season/projections/,867486dbf920d0a7f8247d362c4a18a7308ea6951db42a6fcbe5afcb56ca03af,2026-10-07T00:08:41.788836+00:00,PG,1,False,0.434,0.8420000000000001,748.0,307.9,57.5,113.5,25.6,1.5,51.6,114.4,263.4,31.0,36.8
Marcus Smart,HOU,PG,78.4,16.875,5.596938775510204,1.8316326530612244,1.7831632653061225,0.8239795918367345,0.29464285714285715,0.919642857142857,1.8622448979591835,4.700255102040816,0.9974489795918366,1.2487244897959184,2135563,https://www.cbssports.com/fantasy/basketball/stats/PG/2026/season/projections/,867486dbf920d0a7f8247d362c4a18a7308ea6951db42a6fcbe5afcb56ca03af,2026-10-07T00:08:41.788836+00:00,PG,1,False,0.396,0.799,1323.0,438.8,143.6,139.8,64.6,23.1,72.1,146.0,368.5,78.2,97.9
Mark Williams,PHO,C,33.2,17.16867469879518,8.566265060240962,5.7228915662650595,1.0662650602409638,0.6536144578313252,0.753012048192771,0.0,3.436746987951807,5.373493975903614,1.686746987951807,2.144578313253012,3178196,https://www.cbssports.com/fantasy/basketball/stats/C/2026/season/projections/,ca5a55b7b6e8cc89d533c36d3a34e42d0482be0614b6ef2eff2b699974b7da28,2026-10-07T00:07:33.040923+00:00,C,1,False,0.64,0.787,570.0,284.4,190.0,35.4,21.7,25.0,0.0,114.1,178.4,56.0,71.2
Marvin Bagley III,DEN,C,78.3,11.685823754789272,6.085568326947637,3.458492975734355,0.7931034482758621,0.25798212005108556,0.3767560664112388,0.2017879948914432,2.454661558109834,3.7994891443167305,0.9910600255427842,1.5019157088122606,2938012,https://www.cbssports.com/fantasy/basketball/stats/C/2026/season/projections/,ca5a55b7b6e8cc89d533c36d3a34e42d0482be0614b6ef2eff2b699974b7da28,2026-10-07T00:07:33.040923+00:00,C,1,False,0.6459999999999999,0.66,915.0,476.5,270.8,62.1,20.2,29.5,15.8,192.2,297.5,77.6,117.6
Mason Plumlee,SA,C,28.7,8.501742160278745,2.0,2.766550522648084,0.8013937282229965,0.27177700348432055,0.2578397212543554,0.0,0.8571428571428572,1.1428571428571428,0.5017421602787456,0.770034843205575,2067698,https://www.cbssports.com/fantasy/basketball/stats/C/2026/season/projections/,ca5a55b7b6e8cc89d533c36d3a34e42d0482be0614b6ef2eff2b699974b7da28,2026-10-07T00:07:33.040923+00:00,C,1,False,0.75,0.652,244.0,57.4,79.4,23.0,7.8,7.4,0.0,24.6,32.8,14.4,22.1
Matas Buzelis,CHI,SF,78.3,30.549169859514688,13.832694763729245,4.812260536398468,1.690932311621967,0.6143039591315453,1.3461047254150704,1.7701149425287357,4.960408684546615,10.878671775223498,2.163473818646233,2.7305236270753515,29275373,https://www.cbssports.com/fantasy/basketball/stats/PF/2026/season/projections/,5804ecddccb008ec445e51431f2a1ffbda4a5dd983a453cf7b38d272dd9e00fc,2026-10-07T00:08:42.664441+00:00,PF,2,False,0.456,0.792,2392.0,1083.1,376.8,132.4,48.1,105.4,138.6,388.4,851.8,169.4,213.8
Matisse Thybulle,LAL,SF,28.7,8.571428571428571,2.8501742160278747,1.1846689895470384,0.5156794425087108,0.8466898954703833,0.2578397212543554,0.5156794425087108,1.1358885017421603,2.0,0.3693379790940767,0.5156794425087108,2203545,https://www.cbssports.com/fantasy/basketball/stats/PF/2026/season/projections/,5804ecddccb008ec445e51431f2a1ffbda4a5dd983a453cf7b38d272dd9e00fc,2026-10-07T00:08:42.664441+00:00,PF,1,False,0.568,0.716,246.0,81.8,34.0,14.8,24.3,7.4,14.8,32.6,57.4,10.6,14.8
Max Christie,DAL,SG,78.3,33.665389527458494,12.50191570881226,3.554278416347382,2.3537675606641124,0.7828863346104725,0.39208173690932313,2.164750957854406,4.314176245210728,9.724137931034482,1.7318007662835249,1.9757343550446997,26776121,https://www.cbssports.com/fantasy/basketball/stats/SF/2026/season/projections/,f98caa164746e43805fc7c808cd84cb3d0d33eaf1d1736dbf24fc86c31b9f400,2026-10-07T00:08:42.996466+00:00,SF,2,False,0.444,0.877,2636.0,978.9,278.3,184.3,61.3,30.7,169.5,337.8,761.4,135.6,154.7
Max Strus,LAC,SG,72.3,24.67496542185339,9.22268326417704,4.460580912863071,2.6403872752420474,0.65283540802213,0.19917012448132781,2.1715076071922548,3.20746887966805,7.1134163208852,0.6141078838174274,0.7233748271092669,2268003,https://www.cbssports.com/fantasy/basketball/stats/SF/2026/season/projections/,f98caa164746e43805fc7c808cd84cb3d0d33eaf1d1736dbf24fc86c31b9f400,2026-10-07T00:08:42.996466+00:00,SF,2,False,0.451,0.8490000000000001,1784.0,666.8,322.5,190.9,47.2,14.4,157.0,231.9,514.3,44.4,52.3
Maxime Raynaud,SAC,C,78.3,24.214559386973182,10.897828863346104,6.208173690932312,1.2337164750957854,0.4521072796934866,0.4533844189016603,0.34099616858237547,4.556832694763729,7.550446998722862,1.4406130268199233,1.8326947637292466,26777960,https://www.cbssports.com/fantasy/basketball/stats/C/2026/season/projections/,ca5a55b7b6e8cc89d533c36d3a34e42d0482be0614b6ef2eff2b699974b7da28,2026-10-07T00:07:33.040923+00:00,C,1,False,0.604,0.7859999999999999,1896.0,853.3,486.1,96.6,35.4,35.5,26.7,356.8,591.2,112.8,143.5
Meleek Thomas,CLE,SG,28.7,2.857142857142857,3.0627177700348436,0.2961672473867596,0.29965156794425085,0.013937282229965159,0.0,0.6097560975609756,1.118466898954704,2.1149825783972127,0.19512195121951217,0.2578397212543554,28906163,https://www.cbssports.com/fantasy/basketball/stats/SG/2026/season/projections/,37f70f9d423d81536367f40def389cdea0b84e5f5b98b7530f93d5b8063030d4,2026-10-07T00:08:42.254757+00:00,SG,1,False,0.529,0.757,82.0,87.9,8.5,8.6,0.4,0.0,17.5,32.1,60.7,5.6,7.4
Micah Peavy,MEM,SF,28.7,8.571428571428571,2.0,0.7839721254355401,0.5156794425087108,0.2857142857142857,0.0,0.2578397212543554,0.8571428571428572,2.0696864111498257,0.19512195121951217,0.2578397212543554,3178008,https://www.cbssports.com/fantasy/basketball/stats/SF/2026/season/projections/,f98caa164746e43805fc7c808cd84cb3d0d33eaf1d1736dbf24fc86c31b9f400,2026-10-07T00:08:42.996466+00:00,SF,1,False,0.414,0.757,246.0,57.4,22.5,14.8,8.2,0.0,7.4,24.6,59.4,5.6,7.4
Micah Potter,POR,PF,78.3,14.636015325670499,4.922094508301405,3.412515964240102,0.6730523627075352,0.34099616858237547,0.3128991060025543,0.7586206896551724,1.5466155810983397,3.3065134099616857,1.0395913154533845,1.2337164750957854,2268351,https://www.cbssports.com/fantasy/basketball/stats/C/2026/season/projections/,ca5a55b7b6e8cc89d533c36d3a34e42d0482be0614b6ef2eff2b699974b7da28,2026-10-07T00:07:33.040923+00:00,C,1,False,0.46799999999999997,0.843,1146.0,385.4,267.2,52.7,26.7,24.5,59.4,121.1,258.9,81.4,96.6
Michael Porter Jr.,BKN,SF,78.3,32.66922094508301,17.87100893997446,5.6615581098339725,2.0114942528735633,0.735632183908046,0.41379310344827586,2.767560664112388,6.337164750957855,14.33461047254151,2.4035759897828863,2.9489144316730527,2892728,https://www.cbssports.com/fantasy/basketball/stats/PF/2026/season/projections/,5804ecddccb008ec445e51431f2a1ffbda4a5dd983a453cf7b38d272dd9e00fc,2026-10-07T00:08:42.664441+00:00,PF,2,False,0.442,0.815,2558.0,1399.3,443.3,157.5,57.6,32.4,216.7,496.2,1122.4,188.2,230.9
Mikal Bridges,NY,SG,78.3,35.65772669220945,15.191570881226054,3.637292464878672,3.4355044699872286,1.13154533844189,0.7241379310344829,1.8365261813537677,6.153256704980843,12.495530012771392,1.0357598978288634,1.2554278416347382,2153056,https://www.cbssports.com/fantasy/basketball/stats/SF/2026/season/projections/,f98caa164746e43805fc7c808cd84cb3d0d33eaf1d1736dbf24fc86c31b9f400,2026-10-07T00:08:42.996466+00:00,SF,2,False,0.49200000000000005,0.825,2792.0,1189.5,284.8,269.0,88.6,56.7,143.8,481.8,978.4,81.1,98.3
Mike Conley,BOS,PG,78.3,18.9272030651341,5.784163473818646,2.0268199233716473,2.642401021711367,0.6130268199233717,0.194125159642401,1.3780332056194127,1.8697318007662838,5.0051085568326945,0.7139208173690932,0.7905491698595147,1231861,https://www.cbssports.com/fantasy/basketball/stats/PG/2026/season/projections/,867486dbf920d0a7f8247d362c4a18a7308ea6951db42a6fcbe5afcb56ca03af,2026-10-07T00:08:41.788836+00:00,PG,2,False,0.374,0.903,1482.0,452.9,158.7,206.9,48.0,15.2,107.9,146.4,391.9,55.9,61.9
Mikel Brown Jr.,BKN,PG,78.3,32.66922094508301,14.854406130268199,3.075351213282248,6.404853128991061,1.740740740740741,0.24776500638569604,1.8722860791826308,5.134099616858237,11.726692209450832,2.735632183908046,3.4853128991060025,28906173,https://www.cbssports.com/fantasy/basketball/stats/PG/2026/season/projections/,867486dbf920d0a7f8247d362c4a18a7308ea6951db42a6fcbe5afcb56ca03af,2026-10-07T00:08:41.788836+00:00,PG,2,False,0.43799999999999994,0.785,2558.0,1163.1,240.8,501.5,136.3,19.4,146.6,402.0,918.2,214.2,272.9
Miles Bridges,PHO,PF,78.3,28.390804597701152,15.795657726692209,5.835249042145594,2.9565772669220944,0.8365261813537676,0.5517241379310346,1.6538952745849298,5.793103448275863,12.620689655172415,2.5644955300127714,3.025542784163474,2355084,https://www.cbssports.com/fantasy/basketball/stats/PF/2026/season/projections/,5804ecddccb008ec445e51431f2a1ffbda4a5dd983a453cf7b38d272dd9e00fc,2026-10-07T00:08:42.664441+00:00,PF,2,False,0.45899999999999996,0.848,2223.0,1236.8,456.9,231.5,65.5,43.2,129.5,453.6,988.2,200.8,236.9
Miles McBride,NY,PG,78.3,17.879948914431672,6.577266922094508,1.6513409961685825,1.6704980842911878,0.5977011494252873,0.210727969348659,1.417624521072797,2.310344827586207,5.689655172413794,0.541507024265645,0.6704980842911877,3141929,https://www.cbssports.com/fantasy/basketball/stats/PG/2026/season/projections/,867486dbf920d0a7f8247d362c4a18a7308ea6951db42a6fcbe5afcb56ca03af,2026-10-07T00:08:41.788836+00:00,PG,1,False,0.406,0.8079999999999999,1400.0,515.0,129.3,130.8,46.8,16.5,111.0,180.9,445.5,42.4,52.5
Mitchell Robinson,BOS,C,78.3,20.025542784163473,5.5338441890166035,8.476372924648787,0.7279693486590039,0.7203065134099617,1.1839080459770115,0.0,2.310344827586207,3.3920817369093235,0.9144316730523626,2.298850574712644,2893469,https://www.cbssports.com/fantasy/basketball/stats/C/2026/season/projections/,ca5a55b7b6e8cc89d533c36d3a34e42d0482be0614b6ef2eff2b699974b7da28,2026-10-07T00:07:33.040923+00:00,C,1,False,0.6809999999999999,0.39799999999999996,1568.0,433.3,663.7,57.0,56.4,92.7,0.0,180.9,265.6,71.6,180.0
Moe Wagner,BKN,C,78.3,14.763729246487868,7.899106002554278,3.363984674329502,0.9042145593869731,0.44699872286079184,0.19157088122605365,0.7139208173690932,2.7790549169859515,5.752234993614304,1.6181353767560664,2.1238825031928483,2202869,https://www.cbssports.com/fantasy/basketball/stats/C/2026/season/projections/,ca5a55b7b6e8cc89d533c36d3a34e42d0482be0614b6ef2eff2b699974b7da28,2026-10-07T00:07:33.040923+00:00,C,1,False,0.483,0.762,1156.0,618.5,263.4,70.8,35.0,15.0,55.9,217.6,450.4,126.7,166.3
Mohamed Diawara,NY,PF,78.3,7.330779054916986,2.3269476372924647,1.0063856960408684,0.5389527458492976,0.194125159642401,0.12005108556832696,0.454661558109834,0.8365261813537676,2.10727969348659,0.16347381864623245,0.2183908045977012,29751299,https://www.cbssports.com/fantasy/basketball/stats/PF/2026/season/projections/,5804ecddccb008ec445e51431f2a1ffbda4a5dd983a453cf7b38d272dd9e00fc,2026-10-07T00:08:42.664441+00:00,PF,1,False,0.397,0.7490000000000001,574.0,182.2,78.8,42.2,15.2,9.4,35.6,65.5,165.0,12.8,17.1
Morez Johnson Jr.,DAL,PF,78.3,26.28352490421456,10.95530012771392,5.650063856960409,1.5325670498084292,0.5555555555555556,1.0510855683269476,0.44955300127713926,4.500638569604087,8.279693486590038,1.4891443167305236,2.0676883780332056,29558793,https://www.cbssports.com/fantasy/basketball/stats/PF/2026/season/projections/,5804ecddccb008ec445e51431f2a1ffbda4a5dd983a453cf7b38d272dd9e00fc,2026-10-07T00:08:42.664441+00:00,PF,2,False,0.544,0.72,2058.0,857.8,442.4,120.0,43.5,82.3,35.2,352.4,648.3,116.6,161.9
Moses Moody,GS,SG,59.9,20.734557595993323,9.06010016694491,2.4590984974958268,1.1869782971619365,0.7746243739565943,0.3589315525876461,1.7579298831385644,3.0100166944908184,6.944908180300501,1.330550918196995,1.691151919866444,3177810,https://www.cbssports.com/fantasy/basketball/stats/SG/2026/season/projections/,37f70f9d423d81536367f40def389cdea0b84e5f5b98b7530f93d5b8063030d4,2026-10-07T00:08:42.254757+00:00,SG,2,False,0.433,0.787,1242.0,542.7,147.3,71.1,46.4,21.5,105.3,180.3,416.0,79.7,101.3
Mouhamed Gueye,ATL,PF,78.4,11.505102040816325,3.2308673469387754,2.4030612244897958,0.5943877551020408,0.5140306122448979,0.42346938775510207,0.3635204081632653,1.260204081632653,2.7818877551020407,0.39795918367346933,0.5892857142857143,26776586,https://www.cbssports.com/fantasy/basketball/stats/C/2026/season/projections/,ca5a55b7b6e8cc89d533c36d3a34e42d0482be0614b6ef2eff2b699974b7da28,2026-10-07T00:07:33.040923+00:00,C,1,False,0.45299999999999996,0.675,902.0,253.3,188.4,46.6,40.3,33.2,28.5,98.8,218.1,31.2,46.2
Moussa Cisse,DAL,C,28.7,8.571428571428571,2.515679442508711,2.7003484320557494,0.10801393728222997,0.2613240418118467,0.5156794425087108,0.0,1.1149825783972125,1.4599303135888502,0.48083623693379796,1.0278745644599303,3177711,https://www.cbssports.com/fantasy/basketball/stats/C/2026/season/projections/,ca5a55b7b6e8cc89d533c36d3a34e42d0482be0614b6ef2eff2b699974b7da28,2026-10-07T00:07:33.040923+00:00,C,1,False,0.764,0.46799999999999997,246.0,72.2,77.5,3.1,7.5,14.8,0.0,32.0,41.9,13.8,29.5
Moussa Diabate,CHA,PF,78.4,24.068877551020407,6.423469387755102,7.061224489795918,1.4413265306122447,0.6900510204081632,0.774234693877551,0.0,2.5280612244897958,4.139030612244897,1.3112244897959182,2.068877551020408,26776676,https://www.cbssports.com/fantasy/basketball/stats/C/2026/season/projections/,ca5a55b7b6e8cc89d533c36d3a34e42d0482be0614b6ef2eff2b699974b7da28,2026-10-07T00:07:33.040923+00:00,C,1,False,0.611,0.634,1887.0,503.6,553.6,113.0,54.1,60.7,0.0,198.2,324.5,102.8,162.2
Myles Turner,MIL,C,78.3,28.454661558109834,12.371647509578546,5.021711366538953,1.2962962962962963,0.6079182630906769,1.3524904214559388,1.8518518518518519,4.254150702426565,9.503192848020435,2.0140485312899106,2.6449553001277137,2152935,https://www.cbssports.com/fantasy/basketball/stats/C/2026/season/projections/,ca5a55b7b6e8cc89d533c36d3a34e42d0482be0614b6ef2eff2b699974b7da28,2026-10-07T00:07:33.040923+00:00,C,1,False,0.44799999999999995,0.7609999999999999,2228.0,968.7,393.2,101.5,47.6,105.9,145.0,333.1,744.1,157.7,207.1
Myron Gardner,MIA,SF,28.7,5.714285714285714,1.721254355400697,1.3310104529616726,0.5435540069686411,0.29268292682926833,0.0,0.27177700348432055,0.7142857142857143,1.4285714285714286,0.18815331010452963,0.2578397212543554,3149588,https://www.cbssports.com/fantasy/basketball/stats/SF/2026/season/projections/,f98caa164746e43805fc7c808cd84cb3d0d33eaf1d1736dbf24fc86c31b9f400,2026-10-07T00:08:42.996466+00:00,SF,1,False,0.5,0.73,164.0,49.4,38.2,15.6,8.4,0.0,7.8,20.5,41.0,5.4,7.4
Nae'Qwan Tomlin,CLE,PF,78.3,14.738186462324395,5.476372924648787,2.851851851851852,0.789272030651341,0.6053639846743295,0.42656449553001274,0.3984674329501916,2.1928480204342273,4.596424010217113,0.7445721583652618,0.9795657726692211,28955441,https://www.cbssports.com/fantasy/basketball/stats/PF/2026/season/projections/,5804ecddccb008ec445e51431f2a1ffbda4a5dd983a453cf7b38d272dd9e00fc,2026-10-07T00:08:42.664441+00:00,PF,2,False,0.47700000000000004,0.76,1154.0,428.8,223.3,61.8,47.4,33.4,31.2,171.7,359.9,58.3,76.7
Naji Marshall,DAL,SG,78.3,21.149425287356323,9.945083014048532,3.16602809706258,2.3869731800766285,0.7177522349936144,0.09450830140485314,0.5874840357598978,3.860791826309068,7.449553001277139,1.6219667943805876,2.081736909323116,2893502,https://www.cbssports.com/fantasy/basketball/stats/SF/2026/season/projections/,f98caa164746e43805fc7c808cd84cb3d0d33eaf1d1736dbf24fc86c31b9f400,2026-10-07T00:08:42.996466+00:00,SF,2,False,0.518,0.779,1656.0,778.7,247.9,186.9,56.2,7.4,46.0,302.3,583.3,127.0,163.0
Nate Ament,MIL,PF,78.3,25.236270753512134,9.956577266922094,5.540229885057472,1.6232439335887612,0.5913154533844189,0.6551724137931034,0.7381864623243933,3.8863346104725416,7.52618135376756,1.4572158365261814,2.0242656449553,29017071,https://www.cbssports.com/fantasy/basketball/stats/PF/2026/season/projections/,5804ecddccb008ec445e51431f2a1ffbda4a5dd983a453cf7b38d272dd9e00fc,2026-10-07T00:08:42.664441+00:00,PF,2,False,0.516,0.72,1976.0,779.6,433.8,127.1,46.3,51.3,57.8,304.3,589.3,114.1,158.5
Nate Williams,GS,SG,29.1,5.70446735395189,2.343642611683849,0.5841924398625429,0.29209621993127144,0.30584192439862545,0.0,0.2852233676975945,0.9587628865979381,2.013745704467354,0.26116838487972505,0.3333333333333333,3041499,https://www.cbssports.com/fantasy/basketball/stats/SF/2026/season/projections/,f98caa164746e43805fc7c808cd84cb3d0d33eaf1d1736dbf24fc86c31b9f400,2026-10-07T00:08:42.996466+00:00,SF,1,False,0.47600000000000003,0.784,166.0,68.2,17.0,8.5,8.9,0.0,8.3,27.9,58.6,7.6,9.7
Naz Reid,CHA,C,78.4,26.377551020408163,12.959183673469386,5.598214285714285,2.0471938775510203,0.6454081632653061,0.7244897959183673,2.400510204081632,4.761479591836735,10.669642857142856,1.0446428571428572,1.3941326530612244,3148879,https://www.cbssports.com/fantasy/basketball/stats/PF/2026/season/projections/,5804ecddccb008ec445e51431f2a1ffbda4a5dd983a453cf7b38d272dd9e00fc,2026-10-07T00:08:42.664441+00:00,PF,2,False,0.446,0.7490000000000001,2068.0,1016.0,438.9,160.5,50.6,56.8,188.2,373.3,836.5,81.9,109.3
Neemias Queta,BOS,C,78.3,20.025542784163473,8.319284802043423,6.371647509578544,1.0945083014048531,0.5006385696040869,0.8850574712643678,0.0,3.4342273307790547,5.4355044699872295,1.4584929757343552,2.0229885057471266,3041812,https://www.cbssports.com/fantasy/basketball/stats/C/2026/season/projections/,ca5a55b7b6e8cc89d533c36d3a34e42d0482be0614b6ef2eff2b699974b7da28,2026-10-07T00:07:33.040923+00:00,C,1,False,0.632,0.721,1568.0,651.4,498.9,85.7,39.2,69.3,0.0,268.9,425.6,114.2,158.4
Nick Martinelli,LAC,PF,28.7,2.857142857142857,2.0766550522648086,0.9024390243902439,0.27526132404181186,0.0,0.0,0.2578397212543554,0.8815331010452963,1.7073170731707317,0.2334494773519164,0.33797909407665505,28952429,https://www.cbssports.com/fantasy/basketball/stats/PF/2026/season/projections/,5804ecddccb008ec445e51431f2a1ffbda4a5dd983a453cf7b38d272dd9e00fc,2026-10-07T00:08:42.664441+00:00,PF,1,False,0.516,0.691,82.0,59.6,25.9,7.9,0.0,0.0,7.4,25.3,49.0,6.7,9.7
Nick Richards,MIA,C,28.7,11.428571428571429,4.362369337979095,3.4808362369337984,0.27177700348432055,0.06620209059233449,0.3623693379790941,0.0,1.5261324041811846,2.8675958188153308,1.0766550522648084,1.5261324041811846,2892547,https://www.cbssports.com/fantasy/basketball/stats/C/2026/season/projections/,ca5a55b7b6e8cc89d533c36d3a34e42d0482be0614b6ef2eff2b699974b7da28,2026-10-07T00:07:33.040923+00:00,C,1,False,0.532,0.705,328.0,125.2,99.9,7.8,1.9,10.4,0.0,43.8,82.3,30.9,43.8
Nick Smith Jr.,LAL,PG,29.1,11.305841924398624,4.281786941580756,0.7628865979381443,0.9140893470790378,0.2542955326460481,0.0,0.7628865979381443,1.443298969072165,3.7938144329896906,0.43986254295532645,0.5051546391752577,28953131,https://www.cbssports.com/fantasy/basketball/stats/SF/2026/season/projections/,f98caa164746e43805fc7c808cd84cb3d0d33eaf1d1736dbf24fc86c31b9f400,2026-10-07T00:08:42.996466+00:00,SF,1,False,0.38,0.871,329.0,124.6,22.2,26.6,7.4,0.0,22.2,42.0,110.4,12.8,14.7
Nickeil Alexander-Walker,ATL,SG,78.4,28.520408163265305,13.339285714285714,2.8201530612244894,3.0943877551020407,0.8660714285714286,0.42602040816326525,2.121173469387755,4.650510204081632,10.542091836734693,1.9183673469387754,2.2232142857142856,2893425,https://www.cbssports.com/fantasy/basketball/stats/SG/2026/season/projections/,37f70f9d423d81536367f40def389cdea0b84e5f5b98b7530f93d5b8063030d4,2026-10-07T00:08:42.254757+00:00,SG,2,False,0.441,0.863,2236.0,1045.8,221.1,242.6,67.9,33.4,166.3,364.6,826.5,150.4,174.3
Nicolas Batum,LAC,PF,28.7,8.571428571428571,1.4773519163763067,1.2473867595818815,0.5191637630662022,0.2787456445993031,0.27526132404181186,0.5261324041811847,0.5818815331010453,1.1742160278745646,0.0,0.0,1622493,https://www.cbssports.com/fantasy/basketball/stats/PF/2026/season/projections/,5804ecddccb008ec445e51431f2a1ffbda4a5dd983a453cf7b38d272dd9e00fc,2026-10-07T00:08:42.664441+00:00,PF,1,False,0.496,0.0,246.0,42.4,35.8,14.9,8.0,7.9,15.1,16.7,33.7,0.0,0.0
Nicolas Claxton,CHI,C,78.3,27.35632183908046,11.613026819923371,6.48786717752235,3.0319284802043422,0.6743295019157088,1.2962962962962963,0.09195402298850575,5.006385696040868,8.316730523627076,1.5274584929757344,2.657726692209451,2892387,https://www.cbssports.com/fantasy/basketball/stats/C/2026/season/projections/,ca5a55b7b6e8cc89d533c36d3a34e42d0482be0614b6ef2eff2b699974b7da28,2026-10-07T00:07:33.040923+00:00,C,1,False,0.602,0.575,2142.0,909.3,508.0,237.4,52.8,101.5,7.2,392.0,651.2,119.6,208.1
Nikola Jokic,DEN,C,78.3,36.71775223499362,26.237547892720308,12.116219667943806,9.11111111111111,1.3588761174968074,0.805874840357599,1.6309067688378034,9.587484035759898,17.362707535121327,5.430395913154534,6.646232439335887,2135542,https://www.cbssports.com/fantasy/basketball/stats/C/2026/season/projections/,ca5a55b7b6e8cc89d533c36d3a34e42d0482be0614b6ef2eff2b699974b7da28,2026-10-07T00:07:33.040923+00:00,C,1,False,0.552,0.8170000000000001,2875.0,2054.4,948.7,713.4,106.4,63.1,127.7,750.7,1359.5,425.2,520.4
Nikola Jovic,MIA,PF,28.7,11.428571428571429,4.547038327526132,1.89198606271777,1.3519163763066202,0.34843205574912894,0.289198606271777,0.5644599303135889,1.5191637630662023,3.7317073170731705,0.8292682926829269,1.0975609756097562,26819236,https://www.cbssports.com/fantasy/basketball/stats/C/2026/season/projections/,ca5a55b7b6e8cc89d533c36d3a34e42d0482be0614b6ef2eff2b699974b7da28,2026-10-07T00:07:33.040923+00:00,C,1,False,0.40700000000000003,0.7559999999999999,328.0,130.5,54.3,38.8,10.0,8.3,16.2,43.6,107.1,23.8,31.5
Nikola Topic,OKC,PG,28.7,5.714285714285714,1.1428571428571428,0.6167247386759582,1.118466898954704,0.289198606271777,0.0,0.0,0.5714285714285714,1.6829268292682926,0.10452961672473868,0.2578397212543554,29275375,https://www.cbssports.com/fantasy/basketball/stats/SG/2026/season/projections/,37f70f9d423d81536367f40def389cdea0b84e5f5b98b7530f93d5b8063030d4,2026-10-07T00:08:42.254757+00:00,SG,1,False,0.34,0.405,164.0,32.8,17.7,32.1,8.3,0.0,0.0,16.4,48.3,3.0,7.4
Nikola Vucevic,ORL,C,78.3,20.0,9.051085568326949,5.646232439335888,1.6538952745849298,0.5734355044699873,0.4648786717752235,0.685823754789272,3.689655172413793,7.407407407407407,1.0051085568326947,1.2401021711366538,1647481,https://www.cbssports.com/fantasy/basketball/stats/C/2026/season/projections/,ca5a55b7b6e8cc89d533c36d3a34e42d0482be0614b6ef2eff2b699974b7da28,2026-10-07T00:07:33.040923+00:00,C,1,False,0.498,0.8109999999999999,1566.0,708.7,442.1,129.5,44.9,36.4,53.7,288.9,580.0,78.7,97.1
Nique Clifford,SAC,SG,78.3,18.978288633461048,6.268199233716476,2.596424010217114,1.719029374201788,0.6577266922094509,0.21583652618135377,0.842911877394636,2.397190293742018,5.5044699872286085,0.5849297573435505,0.8109833971902938,3178267,https://www.cbssports.com/fantasy/basketball/stats/SG/2026/season/projections/,37f70f9d423d81536367f40def389cdea0b84e5f5b98b7530f93d5b8063030d4,2026-10-07T00:08:42.254757+00:00,SG,1,False,0.435,0.721,1486.0,490.8,203.3,134.6,51.5,16.9,66.0,187.7,431.0,45.8,63.5
Noa Essengue,CHI,PF,28.7,2.857142857142857,2.264808362369338,0.7735191637630662,0.2578397212543554,0.05226480836236934,0.0,0.2578397212543554,0.8641114982578397,1.4355400696864113,0.34146341463414637,0.4878048780487805,29596189,https://www.cbssports.com/fantasy/basketball/stats/SF/2026/season/projections/,f98caa164746e43805fc7c808cd84cb3d0d33eaf1d1736dbf24fc86c31b9f400,2026-10-07T00:08:42.996466+00:00,SF,1,False,0.602,0.7,82.0,65.0,22.2,7.4,1.5,0.0,7.4,24.8,41.2,9.8,14.0
Noah Clowney,BKN,PF,78.3,18.952745849297575,7.295019157088124,2.720306513409962,0.9003831417624522,0.47126436781609193,0.47892720306513414,1.227330779054917,2.270753512132823,5.966794380587484,1.5300127713920817,1.883780332056194,28954298,https://www.cbssports.com/fantasy/basketball/stats/PF/2026/season/projections/,5804ecddccb008ec445e51431f2a1ffbda4a5dd983a453cf7b38d272dd9e00fc,2026-10-07T00:08:42.664441+00:00,PF,2,False,0.381,0.812,1484.0,571.2,213.0,70.5,36.9,37.5,96.1,177.8,467.2,119.8,147.5
Noah Penda,ORL,SF,28.7,5.993031358885018,2.097560975609756,1.6132404181184667,0.5156794425087108,0.289198606271777,0.289198606271777,0.28222996515679444,0.8536585365853658,1.9651567944250872,0.24041811846689898,0.3519163763066202,29666168,https://www.cbssports.com/fantasy/basketball/stats/SF/2026/season/projections/,f98caa164746e43805fc7c808cd84cb3d0d33eaf1d1736dbf24fc86c31b9f400,2026-10-07T00:08:42.996466+00:00,SF,1,False,0.434,0.6829999999999999,172.0,60.2,46.3,14.8,8.3,8.3,8.1,24.5,56.4,6.9,10.1
Nolan Traore,BKN,PG,28.7,11.428571428571429,4.320557491289199,0.7874564459930314,1.857142857142857,0.37282229965156793,0.289198606271777,0.5156794425087108,1.4459930313588851,4.198606271777003,0.6062717770034843,0.770034843205575,29596185,https://www.cbssports.com/fantasy/basketball/stats/PG/2026/season/projections/,867486dbf920d0a7f8247d362c4a18a7308ea6951db42a6fcbe5afcb56ca03af,2026-10-07T00:08:41.788836+00:00,PG,1,False,0.344,0.787,328.0,124.0,22.6,53.3,10.7,8.3,14.8,41.5,120.5,17.4,22.1
Norman Powell,CHI,SG,78.3,31.468710089399746,19.27330779054917,2.8097062579821204,2.1455938697318007,0.8850574712643678,0.18901660280970628,2.601532567049808,6.583652618135377,14.118773946360154,3.499361430395913,4.291187739463601,1905196,https://www.cbssports.com/fantasy/basketball/stats/SG/2026/season/projections/,37f70f9d423d81536367f40def389cdea0b84e5f5b98b7530f93d5b8063030d4,2026-10-07T00:08:42.254757+00:00,SG,2,False,0.466,0.815,2464.0,1509.1,220.0,168.0,69.3,14.8,203.7,515.5,1105.5,274.0,336.0
OG Anunoby,NY,SF,78.3,35.68326947637293,17.02298850574713,5.215836526181354,1.9744572158365261,1.5121328224776502,0.9846743295019157,2.32183908045977,5.970625798212005,12.490421455938698,2.734355044699872,3.328224776500639,2844732,https://www.cbssports.com/fantasy/basketball/stats/PF/2026/season/projections/,5804ecddccb008ec445e51431f2a1ffbda4a5dd983a453cf7b38d272dd9e00fc,2026-10-07T00:08:42.664441+00:00,PF,2,False,0.478,0.8220000000000001,2794.0,1332.9,408.4,154.6,118.4,77.1,181.8,467.5,978.0,214.1,260.6
Obi Toppin,IND,PF,78.4,16.875,8.846938775510203,3.3966836734693877,1.4515306122448979,0.4298469387755102,0.20153061224489796,1.0612244897959184,3.3890306122448974,6.372448979591836,1.0025510204081631,1.2589285714285714,2892231,https://www.cbssports.com/fantasy/basketball/stats/PF/2026/season/projections/,5804ecddccb008ec445e51431f2a1ffbda4a5dd983a453cf7b38d272dd9e00fc,2026-10-07T00:08:42.664441+00:00,PF,2,False,0.532,0.7959999999999999,1323.0,693.6,266.3,113.8,33.7,15.8,83.2,265.7,499.6,78.6,98.7
Ochai Agbaji,NY,SF,28.7,11.428571428571429,3.303135888501742,1.2996515679442509,0.5156794425087108,0.2578397212543554,0.289198606271777,0.5365853658536586,1.4285714285714286,3.1045296167247387,0.2334494773519164,0.30313588850174217,3042389,https://www.cbssports.com/fantasy/basketball/stats/SF/2026/season/projections/,f98caa164746e43805fc7c808cd84cb3d0d33eaf1d1736dbf24fc86c31b9f400,2026-10-07T00:08:42.996466+00:00,SF,1,False,0.46,0.77,328.0,94.8,37.3,14.8,7.4,8.3,15.4,41.0,89.1,6.7,8.7
Olivier-Maxence Prosper,MEM,SF,28.7,8.571428571428571,3.184668989547039,1.494773519163763,0.5156794425087108,0.2682926829268293,0.0,0.2961672473867596,1.2334494773519165,2.4982578397212545,0.6271777003484321,0.8850174216027874,3178481,https://www.cbssports.com/fantasy/basketball/stats/PF/2026/season/projections/,5804ecddccb008ec445e51431f2a1ffbda4a5dd983a453cf7b38d272dd9e00fc,2026-10-07T00:08:42.664441+00:00,PF,1,False,0.494,0.7090000000000001,246.0,91.4,42.9,14.8,7.7,0.0,8.5,35.4,71.7,18.0,25.4
Onyeka Okongwu,ATL,C,78.4,29.54081632653061,13.108418367346939,7.235969387755101,2.4936224489795915,0.8903061224489794,0.8903061224489794,1.2538265306122447,5.052295918367347,9.738520408163264,1.7678571428571426,2.3316326530612246,3141774,https://www.cbssports.com/fantasy/basketball/stats/C/2026/season/projections/,ca5a55b7b6e8cc89d533c36d3a34e42d0482be0614b6ef2eff2b699974b7da28,2026-10-07T00:07:33.040923+00:00,C,1,False,0.519,0.758,2316.0,1027.7,567.3,195.5,69.8,69.8,98.3,396.1,763.5,138.6,182.8
Oscar Tshiebwe,HOU,PF,28.7,8.571428571428571,3.9547038327526134,4.2648083623693385,0.5156794425087108,0.27177700348432055,0.0,0.0,1.5505226480836238,2.6898954703832754,0.6411149825783972,1.024390243902439,3142311,https://www.cbssports.com/fantasy/basketball/stats/C/2026/season/projections/,ca5a55b7b6e8cc89d533c36d3a34e42d0482be0614b6ef2eff2b699974b7da28,2026-10-07T00:07:33.040923+00:00,C,1,False,0.5760000000000001,0.626,246.0,113.5,122.4,14.8,7.8,0.0,0.0,44.5,77.2,18.4,29.4
Oso Ighodaro,PHO,C,78.3,19.91060025542784,5.480204342273308,4.708812260536399,1.8033205619412516,0.8339719029374202,0.6768837803320562,0.0,2.4240102171136657,3.888888888888889,0.5938697318007663,1.1813537675606642,3178134,https://www.cbssports.com/fantasy/basketball/stats/C/2026/season/projections/,ca5a55b7b6e8cc89d533c36d3a34e42d0482be0614b6ef2eff2b699974b7da28,2026-10-07T00:07:33.040923+00:00,C,1,False,0.623,0.503,1559.0,429.1,368.7,141.2,65.3,53.0,0.0,189.8,304.5,46.5,92.5
Ousmane Dieng,MIL,SF,78.3,11.545338441890166,3.6743295019157087,1.6347381864623245,1.116219667943806,0.20817369093231164,0.09578544061302682,0.561941251596424,1.438058748403576,3.4048531289910606,0.27330779054916987,0.3831417624521073,26819239,https://www.cbssports.com/fantasy/basketball/stats/C/2026/season/projections/,ca5a55b7b6e8cc89d533c36d3a34e42d0482be0614b6ef2eff2b699974b7da28,2026-10-07T00:07:33.040923+00:00,C,1,False,0.42200000000000004,0.713,904.0,287.7,128.0,87.4,16.3,7.5,44.0,112.6,266.6,21.4,30.0
PJ Washington,DAL,PF,78.3,31.62196679438059,13.685823754789272,6.462324393358877,2.1545338441890167,0.9604086845466157,0.8148148148148148,1.3742017879948913,5.134099616858237,11.302681992337165,2.025542784163474,2.8544061302681993,2892549,https://www.cbssports.com/fantasy/basketball/stats/SF/2026/season/projections/,f98caa164746e43805fc7c808cd84cb3d0d33eaf1d1736dbf24fc86c31b9f400,2026-10-07T00:08:42.996466+00:00,SF,2,False,0.45399999999999996,0.71,2476.0,1071.6,506.0,168.7,75.2,63.8,107.6,402.0,885.0,158.6,223.5
Paolo Banchero,ORL,PF,78.3,34.76372924648787,24.280970625798215,8.0,5.254150702426564,0.7956577266922095,0.6079182630906769,1.4827586206896552,8.375478927203066,18.340996168582375,6.045977011494252,8.100893997445722,26775953,https://www.cbssports.com/fantasy/basketball/stats/PF/2026/season/projections/,5804ecddccb008ec445e51431f2a1ffbda4a5dd983a453cf7b38d272dd9e00fc,2026-10-07T00:08:42.664441+00:00,PF,2,False,0.457,0.746,2722.0,1901.2,626.4,411.4,62.3,47.6,116.1,655.8,1436.1,473.4,634.3
Pascal Siakam,IND,PF,78.4,32.67857142857142,21.465561224489797,6.27423469387755,3.6096938775510203,0.8584183673469387,0.4298469387755102,1.482142857142857,8.400510204081632,16.1734693877551,3.1811224489795915,4.471938775510204,2157611,https://www.cbssports.com/fantasy/basketball/stats/SF/2026/season/projections/,f98caa164746e43805fc7c808cd84cb3d0d33eaf1d1736dbf24fc86c31b9f400,2026-10-07T00:08:42.996466+00:00,SF,2,False,0.519,0.711,2562.0,1682.9,491.9,283.0,67.3,33.7,116.2,658.6,1268.0,249.4,350.6
Pat Connaughton,CHA,SG,28.7,5.714285714285714,1.5749128919860629,1.0139372822299653,0.5156794425087108,0.027874564459930317,0.0,0.2578397212543554,0.6445993031358885,1.5470383275261324,0.18466898954703834,0.2578397212543554,1904813,https://www.cbssports.com/fantasy/basketball/stats/SF/2026/season/projections/,f98caa164746e43805fc7c808cd84cb3d0d33eaf1d1736dbf24fc86c31b9f400,2026-10-07T00:08:42.996466+00:00,SF,1,False,0.41700000000000004,0.716,164.0,45.2,29.1,14.8,0.8,0.0,7.4,18.5,44.4,5.3,7.4
Pat Spencer,PHO,PG,28.7,8.571428571428571,2.651567944250871,1.0766550522648084,1.1358885017421603,0.3066202090592335,0.0,0.2682926829268293,1.181184668989547,2.581881533101045,0.20905923344947736,0.2682926829268293,3141826,https://www.cbssports.com/fantasy/basketball/stats/SG/2026/season/projections/,37f70f9d423d81536367f40def389cdea0b84e5f5b98b7530f93d5b8063030d4,2026-10-07T00:08:42.254757+00:00,SG,1,False,0.457,0.779,246.0,76.1,30.9,32.6,8.8,0.0,7.7,33.9,74.1,6.0,7.7
Patrick Williams,CHI,PF,78.3,21.04725415070243,6.340996168582376,2.596424010217114,1.3793103448275863,0.6091954022988506,0.37420178799489145,1.0753512132822478,2.2694763729246485,5.956577266922094,0.7369093231162197,1.0204342273307792,3141865,https://www.cbssports.com/fantasy/basketball/stats/SF/2026/season/projections/,f98caa164746e43805fc7c808cd84cb3d0d33eaf1d1736dbf24fc86c31b9f400,2026-10-07T00:08:42.996466+00:00,SF,2,False,0.381,0.722,1648.0,496.5,203.3,108.0,47.7,29.3,84.2,177.7,466.4,57.7,79.9
Paul George,BOS,SF,70.5,30.595744680851062,18.07659574468085,5.3248226950354605,3.604255319148936,1.1574468085106382,0.4340425531914894,3.3375886524822698,6.445390070921985,14.70354609929078,1.84822695035461,2.278014184397163,1755181,https://www.cbssports.com/fantasy/basketball/stats/SF/2026/season/projections/,f98caa164746e43805fc7c808cd84cb3d0d33eaf1d1736dbf24fc86c31b9f400,2026-10-07T00:08:42.996466+00:00,SF,2,False,0.43799999999999994,0.8109999999999999,2157.0,1274.4,375.4,254.1,81.6,30.6,235.3,454.4,1036.6,130.3,160.6
Paul Reed,DET,C,78.3,10.651340996168583,5.300127713920817,3.342273307790549,0.8722860791826309,0.7318007662835249,0.7037037037037037,0.19540229885057472,2.1392081736909323,3.5836526181353774,0.8339719029374202,1.203065134099617,2892242,https://www.cbssports.com/fantasy/basketball/stats/C/2026/season/projections/,ca5a55b7b6e8cc89d533c36d3a34e42d0482be0614b6ef2eff2b699974b7da28,2026-10-07T00:07:33.040923+00:00,C,1,False,0.597,0.693,834.0,415.0,261.7,68.3,57.3,55.1,15.3,167.5,280.6,65.3,94.2
Payton Pritchard,BOS,PG,78.3,30.446998722860794,16.779054916985952,3.773946360153257,4.030651340996169,0.6960408684546616,0.0996168582375479,3.128991060025543,6.120051085568327,13.398467432950191,1.4125159642401022,1.6232439335887612,2268374,https://www.cbssports.com/fantasy/basketball/stats/PG/2026/season/projections/,867486dbf920d0a7f8247d362c4a18a7308ea6951db42a6fcbe5afcb56ca03af,2026-10-07T00:08:41.788836+00:00,PG,2,False,0.457,0.87,2384.0,1313.8,295.5,315.6,54.5,7.8,245.0,479.2,1049.1,110.6,127.1
Pelle Larsson,MIA,SF,78.4,21.237244897959183,8.14158163265306,2.5956632653061225,2.3749999999999996,0.7053571428571428,0.21428571428571427,0.6645408163265306,2.7920918367346936,5.695153061224489,1.878826530612245,2.4528061224489797,3177920,https://www.cbssports.com/fantasy/basketball/stats/SF/2026/season/projections/,f98caa164746e43805fc7c808cd84cb3d0d33eaf1d1736dbf24fc86c31b9f400,2026-10-07T00:08:42.996466+00:00,SF,2,False,0.49,0.7659999999999999,1665.0,638.3,203.5,186.2,55.3,16.8,52.1,218.9,446.5,147.3,192.3
Pete Nance,MIL,PF,28.7,8.571428571428571,2.571428571428571,1.2787456445993033,0.5156794425087108,0.14285714285714285,0.16724738675958187,0.5156794425087108,1.1428571428571428,1.7665505226480838,0.0,0.0,3041810,https://www.cbssports.com/fantasy/basketball/stats/C/2026/season/projections/,ca5a55b7b6e8cc89d533c36d3a34e42d0482be0614b6ef2eff2b699974b7da28,2026-10-07T00:07:33.040923+00:00,C,1,False,0.647,0.0,246.0,73.8,36.7,14.8,4.1,4.8,14.8,32.8,50.7,0.0,0.0
Peyton Watson,CLE,SF,78.3,28.199233716475096,11.427841634738186,4.53639846743295,1.6973180076628354,1.0383141762452108,1.2630906768837804,1.264367816091954,4.086845466155811,8.72030651340996,1.9476372924648788,2.7637292464878676,26779136,https://www.cbssports.com/fantasy/basketball/stats/PF/2026/season/projections/,5804ecddccb008ec445e51431f2a1ffbda4a5dd983a453cf7b38d272dd9e00fc,2026-10-07T00:08:42.664441+00:00,PF,2,False,0.469,0.705,2208.0,894.8,355.2,132.9,81.3,98.9,99.0,320.0,682.8,152.5,216.4
Precious Achiuwa,SAC,PF,78.3,17.956577266922096,6.243933588761175,4.41507024265645,0.8850574712643678,0.6334610472541508,0.5913154533844189,0.2017879948914432,2.6934865900383143,5.080459770114943,0.6257982120051085,1.1060025542784162,3141438,https://www.cbssports.com/fantasy/basketball/stats/C/2026/season/projections/,ca5a55b7b6e8cc89d533c36d3a34e42d0482be0614b6ef2eff2b699974b7da28,2026-10-07T00:07:33.040923+00:00,C,1,False,0.53,0.5660000000000001,1406.0,488.9,345.7,69.3,49.6,46.3,15.8,210.9,397.8,49.0,86.6
Quentin Grimes,LAL,SG,79.3,27.440100882723833,12.66204287515763,3.638083228247163,2.918032786885246,0.7793190416141236,0.2496847414880202,1.7137452711223204,4.192938209331652,8.788146279949558,2.5838587641866333,3.211853720050441,3042107,https://www.cbssports.com/fantasy/basketball/stats/SF/2026/season/projections/,f98caa164746e43805fc7c808cd84cb3d0d33eaf1d1736dbf24fc86c31b9f400,2026-10-07T00:08:42.996466+00:00,SF,2,False,0.47700000000000004,0.804,2176.0,1004.1,288.5,231.4,61.8,19.8,135.9,332.5,696.9,204.9,254.7
Quenton Jackson,IND,SG,28.7,8.571428571428571,3.8989547038327528,1.0278745644599303,1.3101045296167249,0.2578397212543554,0.0,0.2682926829268293,1.4355400696864113,3.1324041811846692,0.8606271777003485,1.0627177700348431,3149117,https://www.cbssports.com/fantasy/basketball/stats/PG/2026/season/projections/,867486dbf920d0a7f8247d362c4a18a7308ea6951db42a6fcbe5afcb56ca03af,2026-10-07T00:08:41.788836+00:00,PG,1,False,0.45799999999999996,0.81,246.0,111.9,29.5,37.6,7.4,0.0,7.7,41.2,89.9,24.7,30.5
Quinten Post,MEM,C,78.3,12.56704980842912,4.952745849297574,2.413793103448276,0.8620689655172414,0.21711366538952748,0.36143039591315457,0.9067688378033206,1.8441890166028099,4.098339719029374,0.3448275862068966,0.4393358876117497,3148174,https://www.cbssports.com/fantasy/basketball/stats/C/2026/season/projections/,ca5a55b7b6e8cc89d533c36d3a34e42d0482be0614b6ef2eff2b699974b7da28,2026-10-07T00:07:33.040923+00:00,C,1,False,0.45,0.785,984.0,387.8,189.0,67.5,17.0,28.3,71.0,144.4,320.9,27.0,34.4
RJ Barrett,TOR,SG,78.3,31.62196679438059,19.409961685823756,5.592592592592593,4.076628352490421,0.7637292464878672,0.30268199233716475,1.7560664112388251,7.209450830140486,15.090676883780331,3.236270753512133,4.835249042145595,3041122,https://www.cbssports.com/fantasy/basketball/stats/SF/2026/season/projections/,f98caa164746e43805fc7c808cd84cb3d0d33eaf1d1736dbf24fc86c31b9f400,2026-10-07T00:08:42.996466+00:00,SF,2,False,0.478,0.669,2476.0,1519.8,437.9,319.2,59.8,23.7,137.5,564.5,1181.6,253.4,378.6
Rasheer Fleming,PHO,PF,28.7,5.714285714285714,1.8815331010452963,1.1114982578397212,0.21951219512195122,0.3066202090592335,0.3275261324041812,0.34843205574912894,0.7526132404181185,1.7247386759581882,0.14982578397212543,0.26480836236933797,28955369,https://www.cbssports.com/fantasy/basketball/stats/SF/2026/season/projections/,f98caa164746e43805fc7c808cd84cb3d0d33eaf1d1736dbf24fc86c31b9f400,2026-10-07T00:08:42.996466+00:00,SF,1,False,0.436,0.5660000000000001,164.0,54.0,31.9,6.3,8.8,9.4,10.0,21.6,49.5,4.3,7.6
Rayan Rupert,PHI,SG,28.7,8.571428571428571,2.10801393728223,1.226480836236934,0.4634146341463415,0.2613240418118467,0.0,0.2578397212543554,0.8571428571428572,1.9233449477351918,0.27526132404181186,0.35540069686411146,29074354,https://www.cbssports.com/fantasy/basketball/stats/SF/2026/season/projections/,f98caa164746e43805fc7c808cd84cb3d0d33eaf1d1736dbf24fc86c31b9f400,2026-10-07T00:08:42.996466+00:00,SF,1,False,0.446,0.775,246.0,60.5,35.2,13.3,7.5,0.0,7.4,24.6,55.2,7.9,10.2
Reed Sheppard,HOU,SG,78.4,15.880102040816325,7.011479591836735,1.6683673469387756,1.839285714285714,0.8392857142857142,0.39413265306122447,1.485969387755102,2.5369897959183674,6.093112244897958,0.4336734693877551,0.5408163265306122,29231118,https://www.cbssports.com/fantasy/basketball/stats/PG/2026/season/projections/,867486dbf920d0a7f8247d362c4a18a7308ea6951db42a6fcbe5afcb56ca03af,2026-10-07T00:08:41.788836+00:00,PG,2,False,0.41600000000000004,0.802,1245.0,549.7,130.8,144.2,65.8,30.9,116.5,198.9,477.7,34.0,42.4
Richie Saunders,MEM,SG,21.4,2.850467289719626,3.3971962616822435,0.8084112149532711,0.7336448598130841,0.2663551401869159,0.0,0.6682242990654207,1.313084112149533,3.046728971962617,0.39252336448598135,0.5140186915887851,28953137,https://www.cbssports.com/fantasy/basketball/stats/SG/2026/season/projections/,37f70f9d423d81536367f40def389cdea0b84e5f5b98b7530f93d5b8063030d4,2026-10-07T00:08:42.254757+00:00,SG,1,False,0.431,0.764,61.0,72.7,17.3,15.7,5.7,0.0,14.3,28.1,65.2,8.4,11.0
Rob Dillingham,CHI,PG,78.4,9.553571428571427,3.5063775510204076,1.086734693877551,1.3928571428571428,0.32653061224489793,0.002551020408163265,0.4706632653061224,1.4272959183673468,3.48469387755102,0.26403061224489793,0.38010204081632654,29232027,https://www.cbssports.com/fantasy/basketball/stats/PG/2026/season/projections/,867486dbf920d0a7f8247d362c4a18a7308ea6951db42a6fcbe5afcb56ca03af,2026-10-07T00:08:41.788836+00:00,PG,1,False,0.41,0.695,749.0,274.9,85.2,109.2,25.6,0.2,36.9,111.9,273.2,20.7,29.8
Robert Williams III,POR,C,78.3,12.656449553001277,4.388250319284802,4.853128991060026,0.7369093231162197,0.4278416347381865,1.0421455938697317,0.09450830140485314,1.9182630906768836,2.8812260536398466,0.4431673052362708,0.6845466155810984,2268547,https://www.cbssports.com/fantasy/basketball/stats/C/2026/season/projections/,ca5a55b7b6e8cc89d533c36d3a34e42d0482be0614b6ef2eff2b699974b7da28,2026-10-07T00:07:33.040923+00:00,C,1,False,0.6659999999999999,0.647,991.0,343.6,380.0,57.7,33.5,81.6,7.4,150.2,225.6,34.7,53.6
Rocco Zikarsky,MIN,C,78.4,9.604591836734693,2.766581632653061,2.738520408163265,0.44132653061224486,0.17729591836734693,0.49234693877551017,0.11224489795918367,1.0943877551020407,1.9400510204081631,0.46683673469387754,0.6874999999999999,29727923,https://www.cbssports.com/fantasy/basketball/stats/C/2026/season/projections/,ca5a55b7b6e8cc89d533c36d3a34e42d0482be0614b6ef2eff2b699974b7da28,2026-10-07T00:07:33.040923+00:00,C,1,False,0.564,0.679,753.0,216.9,214.7,34.6,13.9,38.6,8.8,85.8,152.1,36.6,53.9
Ron Harper Jr.,BOS,SF,28.7,5.714285714285714,2.2857142857142856,0.8048780487804879,0.2682926829268293,0.2613240418118467,0.010452961672473867,0.5296167247386759,0.8571428571428572,2.2717770034843205,0.0,0.0,3041318,https://www.cbssports.com/fantasy/basketball/stats/SF/2026/season/projections/,f98caa164746e43805fc7c808cd84cb3d0d33eaf1d1736dbf24fc86c31b9f400,2026-10-07T00:08:42.996466+00:00,SF,1,False,0.377,0.0,164.0,65.6,23.1,7.7,7.5,0.3,15.2,24.6,65.2,0.0,0.0
Ron Holland,DET,SF,78.3,14.840357598978288,5.765006385696041,2.9157088122605366,0.8710089399744573,0.7803320561941252,0.2962962962962963,0.4431673052362708,2.1008939974457217,4.77139208173691,1.0970625798212006,1.3997445721583652,29275371,https://www.cbssports.com/fantasy/basketball/stats/PF/2026/season/projections/,5804ecddccb008ec445e51431f2a1ffbda4a5dd983a453cf7b38d272dd9e00fc,2026-10-07T00:08:42.664441+00:00,PF,2,False,0.44,0.784,1162.0,451.4,228.3,68.2,61.1,23.2,34.7,164.5,373.6,85.9,109.6
Royce O'Neale,CHA,PF,78.4,19.987244897959183,7.20408163265306,3.4617346938775504,1.6301020408163265,0.5625,0.28188775510204084,2.0395408163265305,2.446428571428571,5.780612244897958,0.20535714285714285,0.28188775510204084,1904267,https://www.cbssports.com/fantasy/basketball/stats/PF/2026/season/projections/,5804ecddccb008ec445e51431f2a1ffbda4a5dd983a453cf7b38d272dd9e00fc,2026-10-07T00:08:42.664441+00:00,PF,2,False,0.423,0.7290000000000001,1567.0,564.8,271.4,127.8,44.1,22.1,159.9,191.8,453.2,16.1,22.1
Rudy Gobert,MIN,C,78.4,31.607142857142854,10.822704081632653,11.084183673469386,1.7640306122448979,0.8864795918367346,1.4553571428571426,0.0,4.307397959183673,6.5267857142857135,2.193877551020408,3.7614795918367343,2067669,https://www.cbssports.com/fantasy/basketball/stats/C/2026/season/projections/,ca5a55b7b6e8cc89d533c36d3a34e42d0482be0614b6ef2eff2b699974b7da28,2026-10-07T00:07:33.040923+00:00,C,1,False,0.66,0.583,2478.0,848.5,869.0,138.3,69.5,114.1,0.0,337.7,511.7,172.0,294.9
Rui Hachimura,LAC,PF,78.3,30.37037037037037,13.109833971902939,4.274584929757344,1.10727969348659,0.7828863346104725,0.40102171136653897,2.1060025542784166,5.043422733077906,9.745849297573436,0.9208173690932311,1.2388250319284801,2268082,https://www.cbssports.com/fantasy/basketball/stats/PF/2026/season/projections/,5804ecddccb008ec445e51431f2a1ffbda4a5dd983a453cf7b38d272dd9e00fc,2026-10-07T00:08:42.664441+00:00,PF,2,False,0.517,0.743,2378.0,1026.5,334.7,86.7,61.3,31.4,164.9,394.9,763.1,72.1,97.0
Russell Westbrook,SAC,PG,0.7,14.285714285714286,6.857142857142858,2.5714285714285716,3.0000000000000004,0.7142857142857143,0.14285714285714288,0.7142857142857143,2.5714285714285716,6.000000000000001,0.8571428571428572,1.2857142857142858,1622555,https://www.cbssports.com/fantasy/basketball/stats/PG/2026/season/projections/,867486dbf920d0a7f8247d362c4a18a7308ea6951db42a6fcbe5afcb56ca03af,2026-10-07T00:08:41.788836+00:00,PG,2,False,0.429,0.667,10.0,4.8,1.8,2.1,0.5,0.1,0.5,1.8,4.2,0.6,0.9
Ryan Conwell,MIA,SG,78.4,9.464285714285714,4.395408163265306,0.7244897959183673,0.6836734693877551,0.22959183673469385,0.02806122448979592,0.7959183673469387,1.6339285714285712,3.8214285714285716,0.3826530612244898,0.5,28953419,https://www.cbssports.com/fantasy/basketball/stats/SG/2026/season/projections/,37f70f9d423d81536367f40def389cdea0b84e5f5b98b7530f93d5b8063030d4,2026-10-07T00:08:42.254757+00:00,SG,1,False,0.428,0.765,742.0,344.6,56.8,53.6,18.0,2.2,62.4,128.1,299.6,30.0,39.2
Ryan Dunn,PHO,SF,78.3,15.325670498084293,4.513409961685824,3.1519795657726695,0.805874840357599,0.6717752234993615,0.38569604086845466,0.6602809706257983,1.8263090676883782,4.218390804597702,0.2222222222222222,0.454661558109834,28954070,https://www.cbssports.com/fantasy/basketball/stats/PF/2026/season/projections/,5804ecddccb008ec445e51431f2a1ffbda4a5dd983a453cf7b38d272dd9e00fc,2026-10-07T00:08:42.664441+00:00,PF,2,False,0.433,0.489,1200.0,353.4,246.8,63.1,52.6,30.2,51.7,143.0,330.3,17.4,35.6
Ryan Kalkbrenner,CHA,C,78.4,15.803571428571427,4.706632653061225,3.399234693877551,0.534438775510204,0.3214285714285714,0.9323979591836733,0.0,1.9655612244897958,2.7028061224489797,0.7908163265306122,1.0982142857142856,3177611,https://www.cbssports.com/fantasy/basketball/stats/C/2026/season/projections/,ca5a55b7b6e8cc89d533c36d3a34e42d0482be0614b6ef2eff2b699974b7da28,2026-10-07T00:07:33.040923+00:00,C,1,False,0.727,0.72,1239.0,369.0,266.5,41.9,25.2,73.1,0.0,154.1,211.9,62.0,86.1
Ryan Nembhard,DEN,PG,28.7,11.428571428571429,3.6655052264808363,1.1010452961672474,2.8989547038327528,0.2578397212543554,0.0,0.49825783972125437,1.5365853658536586,3.0905923344947737,0.20905923344947736,0.2578397212543554,26779076,https://www.cbssports.com/fantasy/basketball/stats/PG/2026/season/projections/,867486dbf920d0a7f8247d362c4a18a7308ea6951db42a6fcbe5afcb56ca03af,2026-10-07T00:08:41.788836+00:00,PG,1,False,0.49700000000000005,0.8109999999999999,328.0,105.2,31.6,83.2,7.4,0.0,14.3,44.1,88.7,6.0,7.4
Ryan Rollins,MIL,SG,78.3,24.291187739463602,11.33205619412516,2.9323116219667944,3.7088122605363982,1.0600255427841636,0.29246487867177523,1.5887611749680717,4.339719029374202,9.44316730523627,1.0523627075351214,1.3205619412515965,3177732,https://www.cbssports.com/fantasy/basketball/stats/PG/2026/season/projections/,867486dbf920d0a7f8247d362c4a18a7308ea6951db42a6fcbe5afcb56ca03af,2026-10-07T00:08:41.788836+00:00,PG,2,False,0.46,0.797,1902.0,887.3,229.6,290.4,83.0,22.9,124.4,339.8,739.4,82.4,103.4
Saddiq Bey,NO,SF,78.3,23.34610472541507,12.342273307790549,3.830140485312899,1.6832694763729248,0.6270753512132823,0.09450830140485314,1.4610472541507025,4.245210727969349,9.243933588761175,2.385696040868455,2.837803320561941,3041123,https://www.cbssports.com/fantasy/basketball/stats/PF/2026/season/projections/,5804ecddccb008ec445e51431f2a1ffbda4a5dd983a453cf7b38d272dd9e00fc,2026-10-07T00:08:42.664441+00:00,PF,2,False,0.45899999999999996,0.841,1828.0,966.4,299.9,131.8,49.1,7.4,114.4,332.4,723.8,186.8,222.2
Sam Hauser,BOS,SF,78.3,23.05236270753512,8.978288633461048,3.421455938697318,1.0613026819923372,0.43805874840357595,0.1992337164750958,2.4687100893997447,3.15581098339719,7.430395913154533,0.20689655172413793,0.22860791826309065,2268221,https://www.cbssports.com/fantasy/basketball/stats/SF/2026/season/projections/,f98caa164746e43805fc7c808cd84cb3d0d33eaf1d1736dbf24fc86c31b9f400,2026-10-07T00:08:42.996466+00:00,SF,2,False,0.425,0.905,1805.0,703.0,267.9,83.1,34.3,15.6,193.3,247.1,581.8,16.2,17.9
Sam Merrill,CLE,SG,78.3,22.171136653895275,8.804597701149426,2.358876117496807,1.8722860791826308,0.7024265644955301,0.1839080459770115,2.177522349936143,2.9412515964240105,6.817369093231162,0.7496807151979566,0.8582375478927203,2268618,https://www.cbssports.com/fantasy/basketball/stats/SG/2026/season/projections/,37f70f9d423d81536367f40def389cdea0b84e5f5b98b7530f93d5b8063030d4,2026-10-07T00:08:42.254757+00:00,SG,2,False,0.431,0.8740000000000001,1736.0,689.4,184.7,146.6,55.0,14.4,170.5,230.3,533.8,58.7,67.2
Sandro Mamukelashvili,LAL,PF,79.3,16.935687263556115,8.07061790668348,4.034047919293821,1.08953341740227,0.5409836065573771,0.3026481715006305,1.0794451450189155,2.8562421185372004,5.48171500630517,1.2875157629255989,1.7515762925598992,2893115,https://www.cbssports.com/fantasy/basketball/stats/C/2026/season/projections/,ca5a55b7b6e8cc89d533c36d3a34e42d0482be0614b6ef2eff2b699974b7da28,2026-10-07T00:07:33.040923+00:00,C,1,False,0.521,0.735,1343.0,640.0,319.9,86.4,42.9,24.0,85.6,226.5,434.7,102.1,138.9
Santi Aldama,DAL,C,78.3,20.0,8.675606641123883,4.079182630906769,1.9310344827586206,0.5031928480204342,0.35249042145593873,1.0178799489144317,3.4035759897828863,6.8876117496807145,0.8569604086845466,1.256704980842912,3142224,https://www.cbssports.com/fantasy/basketball/stats/SF/2026/season/projections/,f98caa164746e43805fc7c808cd84cb3d0d33eaf1d1736dbf24fc86c31b9f400,2026-10-07T00:08:42.996466+00:00,SF,2,False,0.494,0.682,1566.0,679.3,319.4,151.2,39.4,27.6,79.7,266.5,539.3,67.1,98.4
Scoot Henderson,POR,PG,78.3,19.987228607918265,8.983397190293742,2.0395913154533845,2.923371647509579,0.6960408684546616,0.20306513409961688,1.1634738186462323,2.947637292464879,6.96168582375479,1.9233716475095786,2.430395913154534,29005041,https://www.cbssports.com/fantasy/basketball/stats/PG/2026/season/projections/,867486dbf920d0a7f8247d362c4a18a7308ea6951db42a6fcbe5afcb56ca03af,2026-10-07T00:08:41.788836+00:00,PG,2,False,0.423,0.7909999999999999,1565.0,703.4,159.7,228.9,54.5,15.9,91.1,230.8,545.1,150.6,190.3
Scottie Barnes,TOR,PF,78.3,33.61430395913155,18.38314176245211,7.1902937420178805,5.7100893997445725,1.360153256704981,1.293742017879949,0.9680715197956578,7.06896551724138,14.513409961685825,3.2745849297573435,4.16602809706258,3178194,https://www.cbssports.com/fantasy/basketball/stats/PF/2026/season/projections/,5804ecddccb008ec445e51431f2a1ffbda4a5dd983a453cf7b38d272dd9e00fc,2026-10-07T00:08:42.664441+00:00,PF,2,False,0.48700000000000004,0.7859999999999999,2632.0,1439.4,563.0,447.1,106.5,101.3,75.8,553.5,1136.4,256.4,326.2
Scotty Pippen Jr.,MEM,PG,78.3,16.883780332056194,6.773946360153257,1.9936143039591316,2.9284802043422737,0.929757343550447,0.19157088122605365,0.8224776500638571,2.374201787994892,5.263090676883781,1.1685823754789273,1.565772669220945,3142395,https://www.cbssports.com/fantasy/basketball/stats/PG/2026/season/projections/,867486dbf920d0a7f8247d362c4a18a7308ea6951db42a6fcbe5afcb56ca03af,2026-10-07T00:08:41.788836+00:00,PG,2,False,0.451,0.746,1322.0,530.4,156.1,229.3,72.8,15.0,64.4,185.9,412.1,91.5,122.6
Sean Pedulla,HOU,PG,28.7,2.857142857142857,2.5017421602787455,0.5331010452961673,0.5156794425087108,0.13588850174216027,0.0,0.4459930313588851,1.0174216027874565,2.0069686411149825,0.1986062717770035,0.2578397212543554,26776490,https://www.cbssports.com/fantasy/basketball/stats/PG/2026/season/projections/,867486dbf920d0a7f8247d362c4a18a7308ea6951db42a6fcbe5afcb56ca03af,2026-10-07T00:08:41.788836+00:00,PG,1,False,0.507,0.77,82.0,71.8,15.3,14.8,3.9,0.0,12.8,29.2,57.6,5.7,7.4
Seth Curry,GS,SG,29.1,8.59106529209622,4.092783505154639,0.7491408934707904,0.5876288659793815,0.30584192439862545,0.0,0.8419243986254296,1.5257731958762886,2.7731958762886597,0.37800687285223367,0.4364261168384879,2089523,https://www.cbssports.com/fantasy/basketball/stats/SG/2026/season/projections/,37f70f9d423d81536367f40def389cdea0b84e5f5b98b7530f93d5b8063030d4,2026-10-07T00:08:42.254757+00:00,SG,1,False,0.55,0.866,250.0,119.1,21.8,17.1,8.9,0.0,24.5,44.4,80.7,11.0,12.7
Shaedon Sharpe,POR,SG,9.2,18.260869565217394,9.978260869565219,2.456521739130435,1.3913043478260871,0.5978260869565218,0.02173913043478261,1.065217391304348,3.6739130434782608,7.836956521739131,1.6847826086956523,2.1521739130434785,26893318,https://www.cbssports.com/fantasy/basketball/stats/SG/2026/season/projections/,37f70f9d423d81536367f40def389cdea0b84e5f5b98b7530f93d5b8063030d4,2026-10-07T00:08:42.254757+00:00,SG,2,False,0.469,0.7829999999999999,168.0,91.8,22.6,12.8,5.5,0.2,9.8,33.8,72.1,15.5,19.8
Shai Gilgeous-Alexander,OKC,SG,78.3,34.6360153256705,31.46360153256705,4.1902937420178805,6.137931034482759,1.5185185185185186,0.7509578544061303,1.7369093231162198,10.758620689655173,20.75989782886335,8.215836526181354,9.25925925925926,2938033,https://www.cbssports.com/fantasy/basketball/stats/PG/2026/season/projections/,867486dbf920d0a7f8247d362c4a18a7308ea6951db42a6fcbe5afcb56ca03af,2026-10-07T00:08:41.788836+00:00,PG,2,False,0.518,0.887,2712.0,2463.6,328.1,480.6,118.9,58.8,136.0,842.4,1625.5,643.3,725.0
Sharife Cooper,WAS,PG,28.7,8.571428571428571,3.8257839721254356,1.2334494773519165,1.4355400696864113,0.2578397212543554,0.0,0.2578397212543554,1.4285714285714286,2.8815331010452963,0.662020905923345,0.7979094076655052,3178519,https://www.cbssports.com/fantasy/basketball/stats/PG/2026/season/projections/,867486dbf920d0a7f8247d362c4a18a7308ea6951db42a6fcbe5afcb56ca03af,2026-10-07T00:08:41.788836+00:00,PG,1,False,0.496,0.83,246.0,109.8,35.4,41.2,7.4,0.0,7.4,41.0,82.7,19.0,22.9
Sidy Cissoko,POR,SG,78.3,11.660280970625799,2.864623243933589,1.3077905491698596,0.8033205619412516,0.42911877394636017,0.20689655172413793,0.42656449553001274,0.9833971902937421,2.445721583652618,0.47381864623243936,0.7484035759897829,29098284,https://www.cbssports.com/fantasy/basketball/stats/SF/2026/season/projections/,f98caa164746e43805fc7c808cd84cb3d0d33eaf1d1736dbf24fc86c31b9f400,2026-10-07T00:08:42.996466+00:00,SF,1,False,0.402,0.633,913.0,224.3,102.4,62.9,33.6,16.2,33.4,77.0,191.5,37.1,58.6
Simone Fontecchio,MIA,SF,28.7,8.571428571428571,3.6411149825783973,1.411149825783972,0.554006968641115,0.29268292682926833,0.0,0.6480836236933799,1.2578397212543555,2.8153310104529616,0.637630662020906,0.7630662020905923,2211139,https://www.cbssports.com/fantasy/basketball/stats/PF/2026/season/projections/,5804ecddccb008ec445e51431f2a1ffbda4a5dd983a453cf7b38d272dd9e00fc,2026-10-07T00:08:42.664441+00:00,PF,1,False,0.447,0.836,246.0,104.5,40.5,15.9,8.4,0.0,18.6,36.1,80.8,18.3,21.9
Sion James,CHA,SG,78.4,16.849489795918366,3.67219387755102,2.3584183673469385,1.3290816326530612,0.42091836734693877,0.18877551020408162,0.7283163265306122,1.1721938775510203,3.1301020408163263,0.6326530612244897,0.756377551020408,26560014,https://www.cbssports.com/fantasy/basketball/stats/PG/2026/season/projections/,867486dbf920d0a7f8247d362c4a18a7308ea6951db42a6fcbe5afcb56ca03af,2026-10-07T00:08:41.788836+00:00,PG,1,False,0.374,0.836,1321.0,287.9,184.9,104.2,33.0,14.8,57.1,91.9,245.4,49.6,59.3
Spencer Jones,DEN,SF,78.3,14.776500638569605,3.1787994891443168,1.9936143039591316,0.44955300127713926,0.44955300127713926,0.39080459770114945,0.4636015325670498,1.197956577266922,2.3895274584929758,0.30395913154533843,0.47126436781609193,3141629,https://www.cbssports.com/fantasy/basketball/stats/SF/2026/season/projections/,f98caa164746e43805fc7c808cd84cb3d0d33eaf1d1736dbf24fc86c31b9f400,2026-10-07T00:08:42.996466+00:00,SF,1,False,0.501,0.645,1157.0,248.9,156.1,35.2,35.2,30.6,36.3,93.8,187.1,23.8,36.9
Stephen Curry,GS,PG,79.3,31.62673392181589,26.122320302648173,4.176544766708701,5.384615384615385,1.2433795712484237,0.39722572509457754,4.708701134930643,8.369482976040354,18.68348045397226,4.673392181588904,5.03530895334174,1685204,https://www.cbssports.com/fantasy/basketball/stats/PG/2026/season/projections/,867486dbf920d0a7f8247d362c4a18a7308ea6951db42a6fcbe5afcb56ca03af,2026-10-07T00:08:41.788836+00:00,PG,2,False,0.44799999999999995,0.9279999999999999,2508.0,2071.5,331.2,427.0,98.6,31.5,373.4,663.7,1481.6,370.6,399.3
Stephon Castle,SA,PG,78.3,30.49808429118774,16.212005108556834,4.521072796934866,5.7113665389527455,0.9833971902937421,0.2822477650063857,1.1647509578544062,5.611749680715198,12.365261813537677,3.7982120051085566,5.108556832694764,29232429,https://www.cbssports.com/fantasy/basketball/stats/SG/2026/season/projections/,37f70f9d423d81536367f40def389cdea0b84e5f5b98b7530f93d5b8063030d4,2026-10-07T00:08:42.254757+00:00,SG,2,False,0.45399999999999996,0.7440000000000001,2388.0,1269.4,354.0,447.2,77.0,22.1,91.2,439.4,968.2,297.4,400.0
Steven Adams,HOU,C,78.4,13.622448979591836,3.2308673469387754,4.693877551020408,0.9017857142857143,0.3686224489795918,0.471938775510204,0.0,1.2576530612244896,2.274234693877551,0.7653061224489796,1.4693877551020407,2067654,https://www.cbssports.com/fantasy/basketball/stats/C/2026/season/projections/,ca5a55b7b6e8cc89d533c36d3a34e42d0482be0614b6ef2eff2b699974b7da28,2026-10-07T00:07:33.040923+00:00,C,1,False,0.5529999999999999,0.521,1068.0,253.3,368.0,70.7,28.9,37.0,0.0,98.6,178.3,60.0,115.2
Svi Mykhailiuk,UTA,SF,28.7,11.428571428571429,4.2996515679442515,1.118466898954704,0.9825783972125436,0.2578397212543554,0.0,0.8815331010452963,1.54006968641115,3.6759581881533103,0.22299651567944254,0.26480836236933797,2152517,https://www.cbssports.com/fantasy/basketball/stats/SF/2026/season/projections/,f98caa164746e43805fc7c808cd84cb3d0d33eaf1d1736dbf24fc86c31b9f400,2026-10-07T00:08:42.996466+00:00,SF,1,False,0.419,0.8420000000000001,328.0,123.4,32.1,28.2,7.4,0.0,25.3,44.2,105.5,6.4,7.6
T.J. McConnell,IND,PG,78.4,14.757653061224488,7.571428571428571,1.9311224489795917,3.7436224489795915,0.6989795918367346,0.12372448979591835,0.18877551020408162,3.446428571428571,6.372448979591836,0.471938775510204,0.6033163265306122,2198705,https://www.cbssports.com/fantasy/basketball/stats/PG/2026/season/projections/,867486dbf920d0a7f8247d362c4a18a7308ea6951db42a6fcbe5afcb56ca03af,2026-10-07T00:08:41.788836+00:00,PG,2,False,0.541,0.782,1157.0,593.6,151.4,293.5,54.8,9.7,14.8,270.2,499.6,37.0,47.3
Taelon Peter,SA,SG,28.7,6.02787456445993,2.2857142857142856,0.7421602787456446,0.5400696864111498,0.2613240418118467,0.0,0.5156794425087108,0.8571428571428572,1.9895470383275262,0.16724738675958187,0.26480836236933797,3178559,https://www.cbssports.com/fantasy/basketball/stats/SG/2026/season/projections/,37f70f9d423d81536367f40def389cdea0b84e5f5b98b7530f93d5b8063030d4,2026-10-07T00:08:42.254757+00:00,SG,1,False,0.431,0.632,173.0,65.6,21.3,15.5,7.5,0.0,14.8,24.6,57.1,4.8,7.6
Tari Eason,HOU,PF,78.4,18.941326530612244,7.738520408163265,4.454081632653061,0.9987244897959182,1.0357142857142856,0.4987244897959183,0.9604591836734693,2.9999999999999996,6.485969387755102,0.7959183673469387,1.0459183673469388,3178111,https://www.cbssports.com/fantasy/basketball/stats/PF/2026/season/projections/,5804ecddccb008ec445e51431f2a1ffbda4a5dd983a453cf7b38d272dd9e00fc,2026-10-07T00:08:42.664441+00:00,PF,2,False,0.46299999999999997,0.7609999999999999,1485.0,606.7,349.2,78.3,81.2,39.1,75.3,235.2,508.5,62.4,82.0
Taurean Prince,DET,SG,28.7,14.285714285714286,3.7282229965156795,1.9268292682926829,1.0348432055749128,0.5435540069686411,0.27526132404181186,0.8222996515679443,1.4320557491289199,3.1428571428571432,0.2264808362369338,0.27177700348432055,2245318,https://www.cbssports.com/fantasy/basketball/stats/PF/2026/season/projections/,5804ecddccb008ec445e51431f2a1ffbda4a5dd983a453cf7b38d272dd9e00fc,2026-10-07T00:08:42.664441+00:00,PF,1,False,0.456,0.833,410.0,107.0,55.3,29.7,15.6,7.9,23.6,41.1,90.2,6.5,7.8
Taylor Hendricks,MEM,PF,78.3,14.661558109833972,4.982120051085569,2.609195402298851,0.6270753512132823,0.6206896551724138,0.46743295019157094,0.7752234993614304,1.839080459770115,4.071519795657727,0.5274584929757343,0.7701149425287356,28955162,https://www.cbssports.com/fantasy/basketball/stats/C/2026/season/projections/,ca5a55b7b6e8cc89d533c36d3a34e42d0482be0614b6ef2eff2b699974b7da28,2026-10-07T00:07:33.040923+00:00,C,1,False,0.452,0.685,1148.0,390.1,204.3,49.1,48.6,36.6,60.7,144.0,318.8,41.3,60.3
Terance Mann,BKN,SG,28.7,11.777003484320558,3.4878048780487805,1.4529616724738676,1.0731707317073171,0.2578397212543554,0.0,0.4912891986062718,1.4041811846689896,2.8780487804878048,0.3832752613240418,0.5156794425087108,2202577,https://www.cbssports.com/fantasy/basketball/stats/SG/2026/season/projections/,37f70f9d423d81536367f40def389cdea0b84e5f5b98b7530f93d5b8063030d4,2026-10-07T00:08:42.254757+00:00,SG,1,False,0.488,0.743,338.0,100.1,41.7,30.8,7.4,0.0,14.1,40.3,82.6,11.0,14.8
Terrence Shannon Jr.,MIN,SG,78.4,9.51530612244898,4.131377551020408,1.125,0.7040816326530612,0.260204081632653,0.07653061224489795,0.4183673469387754,1.4209183673469388,3.193877551020408,0.8380102040816326,0.9948979591836734,3142402,https://www.cbssports.com/fantasy/basketball/stats/SG/2026/season/projections/,37f70f9d423d81536367f40def389cdea0b84e5f5b98b7530f93d5b8063030d4,2026-10-07T00:08:42.254757+00:00,SG,1,False,0.445,0.8420000000000001,746.0,323.9,88.2,55.2,20.4,6.0,32.8,111.4,250.4,65.7,78.0
Thomas Bryant,CLE,C,28.7,5.714285714285714,3.0662020905923346,1.9059233449477353,0.29965156794425085,0.3066202090592335,0.2578397212543554,0.3170731707317073,1.1219512195121952,2.1881533101045294,0.4250871080139373,0.5156794425087108,2202681,https://www.cbssports.com/fantasy/basketball/stats/C/2026/season/projections/,ca5a55b7b6e8cc89d533c36d3a34e42d0482be0614b6ef2eff2b699974b7da28,2026-10-07T00:07:33.040923+00:00,C,1,False,0.513,0.8240000000000001,164.0,88.0,54.7,8.6,8.8,7.4,9.1,32.2,62.8,12.2,14.8
Tidjane Salaun,CHA,PF,28.7,11.358885017421603,3.1463414634146343,2.1846689895470384,0.5156794425087108,0.2578397212543554,0.0,0.5156794425087108,1.146341463414634,2.679442508710802,0.5296167247386759,0.7665505226480837,29333998,https://www.cbssports.com/fantasy/basketball/stats/SF/2026/season/projections/,f98caa164746e43805fc7c808cd84cb3d0d33eaf1d1736dbf24fc86c31b9f400,2026-10-07T00:08:42.996466+00:00,SF,1,False,0.428,0.691,326.0,90.3,62.7,14.8,7.4,0.0,14.8,32.9,76.9,15.2,22.0
Tim Hardaway Jr.,MIA,SG,78.4,23.201530612244895,9.496173469387754,2.0918367346938775,1.2130102040816324,0.5140306122448979,0.10586734693877552,1.8801020408163265,3.082908163265306,7.38392857142857,1.4795918367346939,1.7908163265306123,2067672,https://www.cbssports.com/fantasy/basketball/stats/SG/2026/season/projections/,37f70f9d423d81536367f40def389cdea0b84e5f5b98b7530f93d5b8063030d4,2026-10-07T00:08:42.254757+00:00,SG,2,False,0.418,0.826,1819.0,744.5,164.0,95.1,40.3,8.3,147.4,241.7,578.9,116.0,140.4
Tobi Lawal,DAL,PF,28.7,2.857142857142857,2.505226480836237,0.7735191637630662,0.2787456445993031,0.0,0.0,0.26480836236933797,1.0801393728222997,1.665505226480836,0.2578397212543554,0.37282229965156793,28954553,https://www.cbssports.com/fantasy/basketball/stats/PF/2026/season/projections/,5804ecddccb008ec445e51431f2a1ffbda4a5dd983a453cf7b38d272dd9e00fc,2026-10-07T00:08:42.664441+00:00,PF,1,False,0.649,0.6920000000000001,82.0,71.9,22.2,8.0,0.0,0.0,7.6,31.0,47.8,7.4,10.7
Tobias Harris,SA,PF,78.3,30.57471264367816,13.489144316730524,5.703703703703704,2.2375478927203063,0.8480204342273309,0.5568326947637293,1.3882503192848021,5.021711366538953,10.680715197956577,2.0395913154533845,2.3627075351213285,1780830,https://www.cbssports.com/fantasy/basketball/stats/PF/2026/season/projections/,5804ecddccb008ec445e51431f2a1ffbda4a5dd983a453cf7b38d272dd9e00fc,2026-10-07T00:08:42.664441+00:00,PF,2,False,0.47,0.863,2394.0,1056.2,446.6,175.2,66.4,43.6,108.7,393.2,836.3,159.7,185.0
Toby Okani,MEM,SF,28.7,8.571428571428571,3.9268292682926833,1.2857142857142856,0.5156794425087108,0.2682926829268293,0.2578397212543554,0.6585365853658536,1.4912891986062717,3.8885017421602788,0.2613240418118467,0.5226480836236934,26542750,https://www.cbssports.com/fantasy/basketball/stats/SF/2026/season/projections/,f98caa164746e43805fc7c808cd84cb3d0d33eaf1d1736dbf24fc86c31b9f400,2026-10-07T00:08:42.996466+00:00,SF,1,False,0.384,0.5,246.0,112.7,36.9,14.8,7.7,7.4,18.9,42.8,111.6,7.5,15.0
Toumani Camara,POR,SF,78.3,32.618135376756065,11.213282247765006,5.094508301404853,2.1008939974457217,1.2503192848020435,0.5236270753512133,2.0191570881226055,3.9872286079182633,8.88888888888889,1.223499361430396,1.6960408684546617,3141429,https://www.cbssports.com/fantasy/basketball/stats/PF/2026/season/projections/,5804ecddccb008ec445e51431f2a1ffbda4a5dd983a453cf7b38d272dd9e00fc,2026-10-07T00:08:42.664441+00:00,PF,2,False,0.449,0.721,2554.0,878.0,398.9,164.5,97.9,41.0,158.1,312.2,696.0,95.8,132.8
Trae Young,WAS,PG,78.3,34.61047254150702,18.513409961685824,2.7011494252873565,7.653895274584929,0.8582375478927203,0.18901660280970628,1.8991060025542783,5.619412515964241,13.830140485312901,5.376756066411239,6.191570881226054,2938032,https://www.cbssports.com/fantasy/basketball/stats/PG/2026/season/projections/,867486dbf920d0a7f8247d362c4a18a7308ea6951db42a6fcbe5afcb56ca03af,2026-10-07T00:08:41.788836+00:00,PG,2,False,0.406,0.868,2710.0,1449.6,211.5,599.3,67.2,14.8,148.7,440.0,1082.9,421.0,484.8
Trayce Jackson-Davis,TOR,C,28.7,5.714285714285714,2.832752613240418,1.9198606271777003,0.5191637630662022,0.2613240418118467,0.27526132404181186,0.0,1.1428571428571428,2.0209059233449476,0.42160278745644597,0.770034843205575,3141642,https://www.cbssports.com/fantasy/basketball/stats/C/2026/season/projections/,ca5a55b7b6e8cc89d533c36d3a34e42d0482be0614b6ef2eff2b699974b7da28,2026-10-07T00:07:33.040923+00:00,C,1,False,0.5660000000000001,0.5479999999999999,164.0,81.3,55.1,14.9,7.5,7.9,0.0,32.8,58.0,12.1,22.1
Tre Johnson,WAS,SG,78.3,17.905491698595146,7.821200510855683,1.987228607918263,1.3128991060025543,0.367816091954023,0.18901660280970628,1.1047254150702428,2.876117496807152,6.904214559386974,0.9680715197956578,1.1187739463601531,29559402,https://www.cbssports.com/fantasy/basketball/stats/SG/2026/season/projections/,37f70f9d423d81536367f40def389cdea0b84e5f5b98b7530f93d5b8063030d4,2026-10-07T00:08:42.254757+00:00,SG,1,False,0.41700000000000004,0.865,1402.0,612.4,155.6,102.8,28.8,14.8,86.5,225.2,540.6,75.8,87.6
Tre Jones,CHI,PG,78.3,18.109833971902937,7.509578544061303,1.8135376756066413,3.1851851851851856,0.6973180076628352,0.09450830140485314,0.3588761174968072,2.8033205619412516,5.2005108556832695,1.528735632183908,1.8263090676883782,3041299,https://www.cbssports.com/fantasy/basketball/stats/PG/2026/season/projections/,867486dbf920d0a7f8247d362c4a18a7308ea6951db42a6fcbe5afcb56ca03af,2026-10-07T00:08:41.788836+00:00,PG,2,False,0.539,0.8370000000000001,1418.0,588.0,142.0,249.4,54.6,7.4,28.1,219.5,407.2,119.7,143.0
Tre Mann,WAS,PG,78.3,11.519795657726693,4.500638569604087,1.2477650063856962,1.1928480204342276,0.34738186462324394,0.09450830140485314,0.5006385696040869,1.7458492975734354,4.637292464878672,0.49169859514687103,0.5593869731800766,3141539,https://www.cbssports.com/fantasy/basketball/stats/SG/2026/season/projections/,37f70f9d423d81536367f40def389cdea0b84e5f5b98b7530f93d5b8063030d4,2026-10-07T00:08:42.254757+00:00,SG,1,False,0.376,0.879,902.0,352.4,97.7,93.4,27.2,7.4,39.2,136.7,363.1,38.5,43.8
Trendon Watford,NO,PF,28.7,8.850174216027876,4.696864111498258,1.7108013937282232,1.1707317073170733,0.2578397212543554,0.2578397212543554,0.2857142857142857,1.7038327526132404,3.271777003484321,0.9094076655052266,1.181184668989547,3141898,https://www.cbssports.com/fantasy/basketball/stats/PF/2026/season/projections/,5804ecddccb008ec445e51431f2a1ffbda4a5dd983a453cf7b38d272dd9e00fc,2026-10-07T00:08:42.664441+00:00,PF,1,False,0.521,0.77,254.0,134.8,49.1,33.6,7.4,7.4,8.2,48.9,93.9,26.1,33.9
Trevon Brazile,DEN,PF,28.7,2.857142857142857,2.56794425087108,0.8257839721254355,0.2578397212543554,0.0,0.0,0.2682926829268293,1.0209059233449478,1.6097560975609757,0.35888501742160284,0.5156794425087108,26776691,https://www.cbssports.com/fantasy/basketball/stats/PF/2026/season/projections/,5804ecddccb008ec445e51431f2a1ffbda4a5dd983a453cf7b38d272dd9e00fc,2026-10-07T00:08:42.664441+00:00,PF,1,False,0.634,0.696,82.0,73.7,23.7,7.4,0.0,0.0,7.7,29.3,46.2,10.3,14.8
Trey Murphy III,NO,SF,78.3,35.68326947637293,20.450830140485312,5.068965517241379,3.2784163473818646,1.1392081736909323,0.4687100893997446,2.8390804597701154,6.974457215836527,14.671775223499361,3.6679438058748404,4.137931034482759,3041735,https://www.cbssports.com/fantasy/basketball/stats/PF/2026/season/projections/,5804ecddccb008ec445e51431f2a1ffbda4a5dd983a453cf7b38d272dd9e00fc,2026-10-07T00:08:42.664441+00:00,PF,2,False,0.475,0.8859999999999999,2794.0,1601.3,396.9,256.7,89.2,36.7,222.3,546.1,1148.8,287.2,324.0
Tristan Vukcevic,WAS,PF,72.3,10.53941908713693,6.21853388658368,2.3139695712309822,0.7302904564315352,0.29045643153526973,0.46749654218533887,0.6168741355463347,2.1922544951590597,4.3513139695712315,1.2641770401106502,1.619640387275242,29118351,https://www.cbssports.com/fantasy/basketball/stats/C/2026/season/projections/,ca5a55b7b6e8cc89d533c36d3a34e42d0482be0614b6ef2eff2b699974b7da28,2026-10-07T00:07:33.040923+00:00,C,1,False,0.504,0.7809999999999999,762.0,449.6,167.3,52.8,21.0,33.8,44.6,158.5,314.6,91.4,117.1
Tristan da Silva,ORL,SF,78.3,16.883780332056194,5.735632183908047,2.5657726692209453,1.0549169859514687,0.46998722860791825,0.210727969348659,0.8620689655172414,2.1519795657726695,4.896551724137931,0.6066411238825032,0.6960408684546616,3178386,https://www.cbssports.com/fantasy/basketball/stats/PF/2026/season/projections/,5804ecddccb008ec445e51431f2a1ffbda4a5dd983a453cf7b38d272dd9e00fc,2026-10-07T00:08:42.664441+00:00,PF,2,False,0.439,0.872,1322.0,449.1,200.9,82.6,36.8,16.5,67.5,168.5,383.4,47.5,54.5
Ty Jerome,MEM,SG,78.3,24.316730523627076,14.33844189016603,2.584929757343551,4.23882503192848,1.197956577266922,0.0970625798212005,1.798212005108557,5.106002554278417,10.86845466155811,2.3614303959131546,2.71264367816092,2268642,https://www.cbssports.com/fantasy/basketball/stats/PG/2026/season/projections/,867486dbf920d0a7f8247d362c4a18a7308ea6951db42a6fcbe5afcb56ca03af,2026-10-07T00:08:41.788836+00:00,PG,2,False,0.47,0.871,1904.0,1122.7,202.4,331.9,93.8,7.6,140.8,399.8,851.0,184.9,212.4
Tyler Bilodeau,BKN,PF,28.7,2.857142857142857,2.062717770034843,0.7665505226480837,0.2578397212543554,0.0,0.0,0.2578397212543554,0.8571428571428572,1.4285714285714286,0.21951219512195122,0.31358885017421606,28954652,https://www.cbssports.com/fantasy/basketball/stats/PF/2026/season/projections/,5804ecddccb008ec445e51431f2a1ffbda4a5dd983a453cf7b38d272dd9e00fc,2026-10-07T00:08:42.664441+00:00,PF,1,False,0.6,0.7,82.0,59.2,22.0,7.4,0.0,0.0,7.4,24.6,41.0,6.3,9.0
Tyler Herro,MIL,PG,78.3,34.61047254150702,20.872286079182633,4.270753512132822,4.443167305236271,0.6960408684546616,0.18901660280970628,2.8556832694763727,7.482758620689655,15.881226053639848,3.0434227330779056,3.4329501915708813,3042352,https://www.cbssports.com/fantasy/basketball/stats/SG/2026/season/projections/,37f70f9d423d81536367f40def389cdea0b84e5f5b98b7530f93d5b8063030d4,2026-10-07T00:08:42.254757+00:00,SG,2,False,0.47100000000000003,0.887,2710.0,1634.3,334.4,347.9,54.5,14.8,223.6,585.9,1243.5,238.3,268.8
Tyler Kolek,NY,PG,28.7,5.714285714285714,1.554006968641115,0.5470383275261324,1.0592334494773519,0.2508710801393728,0.0,0.2578397212543554,0.6341463414634146,1.4355400696864113,0.1986062717770035,0.26480836236933797,26541829,https://www.cbssports.com/fantasy/basketball/stats/PG/2026/season/projections/,867486dbf920d0a7f8247d362c4a18a7308ea6951db42a6fcbe5afcb56ca03af,2026-10-07T00:08:41.788836+00:00,PG,1,False,0.442,0.75,164.0,44.6,15.7,30.4,7.2,0.0,7.4,18.2,41.2,5.7,7.6
Tyler Nickel,NY,SF,28.7,2.857142857142857,2.292682926829268,0.5156794425087108,0.2578397212543554,0.09407665505226481,0.0,0.5156794425087108,0.8606271777003485,1.9616724738675957,0.19512195121951217,0.26480836236933797,28954724,https://www.cbssports.com/fantasy/basketball/stats/SF/2026/season/projections/,f98caa164746e43805fc7c808cd84cb3d0d33eaf1d1736dbf24fc86c31b9f400,2026-10-07T00:08:42.996466+00:00,SF,1,False,0.439,0.737,82.0,65.8,14.8,7.4,2.7,0.0,14.8,24.7,56.3,5.6,7.6
Tyrese Haliburton,IND,PG,78.4,33.69897959183673,18.334183673469386,3.707908163265306,9.487244897959183,1.1237244897959182,0.5255102040816326,2.688775510204082,6.590561224489796,13.869897959183673,2.454081632653061,2.9005102040816326,3041074,https://www.cbssports.com/fantasy/basketball/stats/PG/2026/season/projections/,867486dbf920d0a7f8247d362c4a18a7308ea6951db42a6fcbe5afcb56ca03af,2026-10-07T00:08:41.788836+00:00,PG,2,False,0.475,0.846,2642.0,1437.4,290.7,743.8,88.1,41.2,210.8,516.7,1087.4,192.4,227.4
Tyrese Maxey,PHI,PG,78.4,37.88265306122449,26.075255102040813,4.1020408163265305,6.188775510204081,1.5637755102040813,0.7015306122448979,2.7257653061224487,9.235969387755102,19.442602040816325,4.883928571428571,5.514030612244897,3142479,https://www.cbssports.com/fantasy/basketball/stats/PG/2026/season/projections/,867486dbf920d0a7f8247d362c4a18a7308ea6951db42a6fcbe5afcb56ca03af,2026-10-07T00:08:41.788836+00:00,PG,2,False,0.475,0.8859999999999999,2970.0,2044.3,321.6,485.2,122.6,55.0,213.7,724.1,1524.3,382.9,432.3
Tyrese Proctor,CLE,PG,28.7,5.714285714285714,2.7909407665505226,0.5958188153310106,0.818815331010453,0.3066202090592335,0.0,0.40069686411149824,0.9337979094076656,2.10801393728223,0.45993031358885017,0.5156794425087108,28954235,https://www.cbssports.com/fantasy/basketball/stats/PG/2026/season/projections/,867486dbf920d0a7f8247d362c4a18a7308ea6951db42a6fcbe5afcb56ca03af,2026-10-07T00:08:41.788836+00:00,PG,1,False,0.44299999999999995,0.892,164.0,80.1,17.1,23.5,8.8,0.0,11.5,26.8,60.5,13.2,14.8
Tyson Etienne,BKN,PG,28.7,8.571428571428571,3.696864111498258,0.5993031358885017,0.8153310104529616,0.2578397212543554,0.0,0.8536585365853658,1.2334494773519165,3.1951219512195124,0.6341463414634146,0.7665505226480837,3142076,https://www.cbssports.com/fantasy/basketball/stats/PG/2026/season/projections/,867486dbf920d0a7f8247d362c4a18a7308ea6951db42a6fcbe5afcb56ca03af,2026-10-07T00:08:41.788836+00:00,PG,1,False,0.386,0.8270000000000001,246.0,106.1,17.2,23.4,7.4,0.0,24.5,35.4,91.7,18.2,22.0
Tyus Jones,DEN,PG,78.3,15.772669220945083,4.669220945083015,1.3461047254150704,2.7867177522349937,0.4367816091954024,0.002554278416347382,0.8646232439335888,1.7790549169859518,3.9616858237547894,0.2937420178799489,0.33971902937420184,2152376,https://www.cbssports.com/fantasy/basketball/stats/PG/2026/season/projections/,867486dbf920d0a7f8247d362c4a18a7308ea6951db42a6fcbe5afcb56ca03af,2026-10-07T00:08:41.788836+00:00,PG,1,False,0.449,0.865,1235.0,365.6,105.4,218.2,34.2,0.2,67.7,139.3,310.2,23.0,26.6
VJ Edgecombe,PHI,SG,78.4,35.67602040816326,14.880102040816324,5.758928571428571,3.8571428571428568,1.280612244897959,0.5216836734693877,1.7678571428571426,5.660714285714286,12.404336734693876,1.7895408163265307,2.2091836734693873,29556603,https://www.cbssports.com/fantasy/basketball/stats/SG/2026/season/projections/,37f70f9d423d81536367f40def389cdea0b84e5f5b98b7530f93d5b8063030d4,2026-10-07T00:08:42.254757+00:00,SG,2,False,0.456,0.81,2797.0,1166.6,451.5,302.4,100.4,40.9,138.6,443.8,972.5,140.3,173.2
Victor Wembanyama,SA,C,78.3,31.49425287356322,23.30651340996169,10.544061302681992,3.045977011494253,1.0140485312899108,2.7471264367816093,1.8850574712643677,8.10727969348659,16.744572158365262,5.196679438058748,6.236270753512133,29005036,https://www.cbssports.com/fantasy/basketball/stats/C/2026/season/projections/,ca5a55b7b6e8cc89d533c36d3a34e42d0482be0614b6ef2eff2b699974b7da28,2026-10-07T00:07:33.040923+00:00,C,1,False,0.484,0.833,2466.0,1824.9,825.6,238.5,79.4,215.1,147.6,634.8,1311.1,406.9,488.3
Vince Williams Jr.,UTA,SF,17.5,11.428571428571429,2.994285714285714,1.56,1.5714285714285714,0.26857142857142857,0.017142857142857144,0.5428571428571428,1.1828571428571428,3.1542857142857144,0.4114285714285714,0.5257142857142857,3041425,https://www.cbssports.com/fantasy/basketball/stats/PF/2026/season/projections/,5804ecddccb008ec445e51431f2a1ffbda4a5dd983a453cf7b38d272dd9e00fc,2026-10-07T00:08:42.664441+00:00,PF,1,False,0.375,0.7829999999999999,200.0,52.4,27.3,27.5,4.7,0.3,9.5,20.7,55.2,7.2,9.2
Vit Krejci,POR,SF,77.1,14.721141374837874,4.853437094682231,1.7626459143968873,1.0817120622568095,0.40337224383917,0.29571984435797666,1.0894941634241246,1.6381322957198445,3.652399481193256,0.4345006485084306,0.5953307392996109,26555945,https://www.cbssports.com/fantasy/basketball/stats/SF/2026/season/projections/,f98caa164746e43805fc7c808cd84cb3d0d33eaf1d1736dbf24fc86c31b9f400,2026-10-07T00:08:42.996466+00:00,SF,1,False,0.449,0.73,1135.0,374.2,135.9,83.4,31.1,22.8,84.0,126.3,281.6,33.5,45.9
Walker Kessler,LAL,C,79.3,30.353089533417403,11.28499369482976,10.389659520807061,1.5813366960907946,0.7931904161412359,1.8398486759142498,0.1878940731399748,4.711223203026482,6.688524590163935,1.6746532156368223,3.090794451450189,3178012,https://www.cbssports.com/fantasy/basketball/stats/C/2026/season/projections/,ca5a55b7b6e8cc89d533c36d3a34e42d0482be0614b6ef2eff2b699974b7da28,2026-10-07T00:07:33.040923+00:00,C,1,False,0.7040000000000001,0.542,2407.0,894.9,823.9,125.4,62.9,145.9,14.9,373.6,530.4,132.8,245.1
Walter Clayton Jr.,MEM,PG,78.3,15.7088122605364,5.206896551724138,1.3946360153256705,2.611749680715198,0.4508301404853129,0.20689655172413793,0.768837803320562,1.703703703703704,4.472541507024266,0.9885057471264369,1.0970625798212006,26775614,https://www.cbssports.com/fantasy/basketball/stats/PG/2026/season/projections/,867486dbf920d0a7f8247d362c4a18a7308ea6951db42a6fcbe5afcb56ca03af,2026-10-07T00:08:41.788836+00:00,PG,1,False,0.381,0.9009999999999999,1230.0,407.7,109.2,204.5,35.3,16.2,60.2,133.4,350.2,77.4,85.9
Wendell Carter Jr.,ORL,C,78.3,28.378033205619413,10.402298850574713,7.305236270753513,1.9591315453384421,0.7432950191570882,0.6436781609195402,0.7100893997445722,3.7688378033205625,7.499361430395914,2.173690932311622,2.8556832694763727,2892260,https://www.cbssports.com/fantasy/basketball/stats/C/2026/season/projections/,ca5a55b7b6e8cc89d533c36d3a34e42d0482be0614b6ef2eff2b699974b7da28,2026-10-07T00:07:33.040923+00:00,C,1,False,0.503,0.7609999999999999,2222.0,814.5,572.0,153.4,58.2,50.4,55.6,295.1,587.2,170.2,223.6
Will Richard,GS,PG,29.1,11.40893470790378,3.381443298969072,1.3333333333333333,0.6632302405498282,0.6323024054982818,0.0,0.5773195876288659,1.2577319587628866,2.6288659793814433,0.3917525773195876,0.46048109965635736,26776919,https://www.cbssports.com/fantasy/basketball/stats/SG/2026/season/projections/,37f70f9d423d81536367f40def389cdea0b84e5f5b98b7530f93d5b8063030d4,2026-10-07T00:08:42.254757+00:00,SG,1,False,0.478,0.851,332.0,98.4,38.8,19.3,18.4,0.0,16.8,36.6,76.5,11.4,13.4
Will Riley,WAS,SF,78.3,16.85823754789272,6.849297573435504,2.0153256704980844,1.2822477650063857,0.4776500638569604,0.09450830140485314,0.6002554278416348,2.3665389527458496,5.434227330779055,1.4661558109833972,1.8326947637292466,29557611,https://www.cbssports.com/fantasy/basketball/stats/SF/2026/season/projections/,f98caa164746e43805fc7c808cd84cb3d0d33eaf1d1736dbf24fc86c31b9f400,2026-10-07T00:08:42.996466+00:00,SF,2,False,0.435,0.8,1320.0,536.3,157.8,100.4,37.4,7.4,47.0,185.3,425.5,114.8,143.5
Yaxel Lendeborg,GS,PF,79.3,25.23329129886507,10.39344262295082,5.388398486759143,1.4627994955863808,0.7452711223203027,0.8348045397225726,0.9672131147540984,3.986128625472888,7.847414880201765,1.471626733921816,2.0441361916771754,29231622,https://www.cbssports.com/fantasy/basketball/stats/PF/2026/season/projections/,5804ecddccb008ec445e51431f2a1ffbda4a5dd983a453cf7b38d272dd9e00fc,2026-10-07T00:08:42.664441+00:00,PF,2,False,0.508,0.72,2001.0,824.2,427.3,116.0,59.1,66.2,76.7,316.1,622.3,116.7,162.1
Yves Missi,NO,C,78.3,25.261813537675607,8.24904214559387,7.071519795657728,1.3103448275862069,0.39208173690932313,1.3077905491698596,0.0,3.363984674329502,6.071519795657727,1.5236270753512133,2.5351213282247764,29231829,https://www.cbssports.com/fantasy/basketball/stats/C/2026/season/projections/,ca5a55b7b6e8cc89d533c36d3a34e42d0482be0614b6ef2eff2b699974b7da28,2026-10-07T00:07:33.040923+00:00,C,1,False,0.5539999999999999,0.601,1978.0,645.9,553.7,102.6,30.7,102.4,0.0,263.4,475.4,119.3,198.5
Zaccharie Risacher,DAL,SF,78.3,17.77777777777778,7.164750957854406,2.4086845466155813,0.7266922094508301,0.421455938697318,0.3652618135376756,0.8212005108556832,2.78544061302682,6.121328224776501,0.7828863346104725,1.1340996168582376,29275376,https://www.cbssports.com/fantasy/basketball/stats/SG/2026/season/projections/,37f70f9d423d81536367f40def389cdea0b84e5f5b98b7530f93d5b8063030d4,2026-10-07T00:08:42.254757+00:00,SG,1,False,0.455,0.69,1392.0,561.0,188.6,56.9,33.0,28.6,64.3,218.1,479.3,61.3,88.8
Zach Collins,CHI,C,78.3,11.673052362707535,4.515964240102171,2.7305236270753515,1.0842911877394636,0.27841634738186466,0.2848020434227331,0.3627075351213282,1.6653895274584931,3.2784163473818646,0.7726692209450831,0.9144316730523626,2268081,https://www.cbssports.com/fantasy/basketball/stats/C/2026/season/projections/,ca5a55b7b6e8cc89d533c36d3a34e42d0482be0614b6ef2eff2b699974b7da28,2026-10-07T00:07:33.040923+00:00,C,1,False,0.508,0.845,914.0,353.6,213.8,84.9,21.8,22.3,28.4,130.4,256.7,60.5,71.6
Zach Edey,MEM,C,78.3,25.261813537675607,10.066411238825033,7.462324393358876,1.1762452107279693,0.5530012771392081,1.2196679438058748,0.280970625798212,4.044699872286079,6.945083014048531,1.7343550446998726,2.4150702426564497,3178244,https://www.cbssports.com/fantasy/basketball/stats/C/2026/season/projections/,ca5a55b7b6e8cc89d533c36d3a34e42d0482be0614b6ef2eff2b699974b7da28,2026-10-07T00:07:33.040923+00:00,C,1,False,0.5820000000000001,0.718,1978.0,788.2,584.3,92.1,43.3,95.5,22.0,316.7,543.8,135.8,189.1
Zach LaVine,SAC,SG,78.3,33.69093231162197,19.088122605363985,3.3333333333333335,3.1174968071519795,0.7828863346104725,0.21583652618135377,2.372924648786718,6.924648786717753,13.518518518518519,2.873563218390805,3.4061302681992336,2135543,https://www.cbssports.com/fantasy/basketball/stats/SG/2026/season/projections/,37f70f9d423d81536367f40def389cdea0b84e5f5b98b7530f93d5b8063030d4,2026-10-07T00:08:42.254757+00:00,SG,2,False,0.512,0.8440000000000001,2638.0,1494.6,261.0,244.1,61.3,16.9,185.8,542.2,1058.5,225.0,266.7
Ziaire Williams,LAL,SF,29.1,14.15807560137457,5.436426116838487,1.9828178694158076,0.5154639175257731,0.549828178694158,0.25773195876288657,0.7663230240549828,1.6941580756013743,3.9347079037800685,1.1168384879725086,1.3333333333333333,3177616,https://www.cbssports.com/fantasy/basketball/stats/SG/2026/season/projections/,37f70f9d423d81536367f40def389cdea0b84e5f5b98b7530f93d5b8063030d4,2026-10-07T00:08:42.254757+00:00,SG,1,False,0.431,0.838,412.0,158.2,57.7,15.0,16.0,7.5,22.3,49.3,114.5,32.5,38.8
Zion Williamson,NO,PF,74.4,28.924731182795696,21.43279569892473,5.556451612903225,4.229838709677419,0.9516129032258064,0.5094086021505376,0.0,8.111559139784946,13.784946236559138,5.220430107526881,7.504032258064515,3042398,https://www.cbssports.com/fantasy/basketball/stats/PF/2026/season/projections/,5804ecddccb008ec445e51431f2a1ffbda4a5dd983a453cf7b38d272dd9e00fc,2026-10-07T00:08:42.664441+00:00,PF,2,False,0.588,0.696,2152.0,1594.6,413.4,314.7,70.8,37.9,0.0,603.5,1025.6,388.4,558.3
