player,nba_team,positions,games,minutes_pg,pts_pg,reb_pg,ast_pg,stl_pg,blk_pg,fg3m_pg,fgm_pg,fga_pg,ftm_pg,fta_pg,source_player_id,source_url,source_sha256,retrieved_at,source_stat_id,sparse_zero_stat_ids,fg_pct,ft_pct,minutes_total,pts_total,reb_total,ast_total,stl_total,blk_total,fg3m_total,fgm_total,fga_total,ftm_total,fta_total
AJ Dybantsa,WSH,SF,72.0,32.2,20.09722222222222,4.902777777777778,2.8055555555555554,1.0,0.8055555555555556,0.6805555555555556,7.319444444444445,15.305555555555555,4.777777777777778,5.902777777777778,5142718,https://lm-api-reads.fantasy.espn.com/apis/v3/games/fba/seasons/2027/segments/0/leaguedefaults/1?view=kona_player_info,9f5a8f4a339eb48efbc35de132b41c4614525f66f8f5637dcb1b46fa4cba772a,2026-10-07T01:21:54.381563+00:00,102027,,0.478,0.809,2318.4,1447.0,353.0,202.0,72.0,58.0,49.0,527.0,1102.0,344.0,425.0
AJ Green,MIL,SG,76.0,25.400000000000002,9.013157894736842,2.3947368421052633,1.6973684210526316,0.5,0.10526315789473684,2.5526315789473686,2.9342105263157894,6.894736842105263,0.5921052631578947,0.6973684210526315,4397475,https://lm-api-reads.fantasy.espn.com/apis/v3/games/fba/seasons/2027/segments/0/leaguedefaults/1?view=kona_player_info,9f5a8f4a339eb48efbc35de132b41c4614525f66f8f5637dcb1b46fa4cba772a,2026-10-07T01:21:54.381563+00:00,102027,,0.425,0.853,1930.4,685.0,182.0,129.0,38.0,8.0,194.0,223.0,524.0,45.0,53.0
Aaron Gordon,DEN,PF,66.0,29.3,15.545454545454545,5.5,3.106060606060606,0.5,0.30303030303030304,1.5151515151515151,5.454545454545454,10.5,3.121212121212121,4.0,3064290,https://lm-api-reads.fantasy.espn.com/apis/v3/games/fba/seasons/2027/segments/0/leaguedefaults/1?view=kona_player_info,9f5a8f4a339eb48efbc35de132b41c4614525f66f8f5637dcb1b46fa4cba772a,2026-10-07T01:21:54.381563+00:00,102027,,0.52,0.78,1933.8,1026.0,363.0,205.0,33.0,20.0,100.0,360.0,693.0,206.0,264.0
Aaron Nesmith,IND,"SG,SF",64.0,28.2,13.0625,4.09375,1.5,0.796875,0.5,2.09375,4.59375,9.703125,1.78125,2.09375,4396909,https://lm-api-reads.fantasy.espn.com/apis/v3/games/fba/seasons/2027/segments/0/leaguedefaults/1?view=kona_player_info,9f5a8f4a339eb48efbc35de132b41c4614525f66f8f5637dcb1b46fa4cba772a,2026-10-07T01:21:54.381563+00:00,102027,,0.474,0.849,1804.8,836.0,262.0,96.0,51.0,32.0,134.0,294.0,621.0,114.0,134.0
Aaron Wiggins,ATL,"SG,SF",72.0,20.299999999999997,10.13888888888889,3.3055555555555554,1.5,0.6944444444444444,0.19444444444444445,1.4305555555555556,3.9444444444444446,8.097222222222221,0.8194444444444444,1.0,4397183,https://lm-api-reads.fantasy.espn.com/apis/v3/games/fba/seasons/2027/segments/0/leaguedefaults/1?view=kona_player_info,9f5a8f4a339eb48efbc35de132b41c4614525f66f8f5637dcb1b46fa4cba772a,2026-10-07T01:21:54.381563+00:00,102027,,0.487,0.814,1461.6,730.0,238.0,108.0,50.0,14.0,103.0,284.0,583.0,59.0,72.0
Ace Bailey,UTAH,"SF,PF",72.0,28.200000000000003,14.180555555555555,4.305555555555555,1.9027777777777777,0.9027777777777778,0.6944444444444444,1.9583333333333333,5.625,12.694444444444445,0.9722222222222222,1.3055555555555556,4873138,https://lm-api-reads.fantasy.espn.com/apis/v3/games/fba/seasons/2027/segments/0/leaguedefaults/1?view=kona_player_info,9f5a8f4a339eb48efbc35de132b41c4614525f66f8f5637dcb1b46fa4cba772a,2026-10-07T01:21:54.381563+00:00,102027,,0.443,0.75,2030.4,1021.0,310.0,137.0,65.0,50.0,141.0,405.0,914.0,70.0,94.0
Adem Bona,PHI,C,69.0,17.2,4.927536231884058,4.304347826086956,0.5072463768115942,0.4057971014492754,1.2028985507246377,0.028985507246376812,1.8840579710144927,3.101449275362319,1.1304347826086956,1.5942028985507246,5105637,https://lm-api-reads.fantasy.espn.com/apis/v3/games/fba/seasons/2027/segments/0/leaguedefaults/1?view=kona_player_info,9f5a8f4a339eb48efbc35de132b41c4614525f66f8f5637dcb1b46fa4cba772a,2026-10-07T01:21:54.381563+00:00,102027,,0.61,0.703,1186.8,340.0,297.0,35.0,28.0,83.0,2.0,130.0,214.0,78.0,110.0
Ajay Mitchell,OKC,"PG,SG",55.0,23.5,12.163636363636364,3.0,3.309090909090909,1.1090909090909091,0.3090909090909091,0.9818181818181818,4.509090909090909,9.309090909090909,2.1636363636363636,2.5090909090909093,4900671,https://lm-api-reads.fantasy.espn.com/apis/v3/games/fba/seasons/2027/segments/0/leaguedefaults/1?view=kona_player_info,9f5a8f4a339eb48efbc35de132b41c4614525f66f8f5637dcb1b46fa4cba772a,2026-10-07T01:21:54.381563+00:00,102027,,0.485,0.869,1292.5,669.0,165.0,182.0,61.0,17.0,54.0,248.0,512.0,119.0,138.0
Al Horford,GS,"PF,C",56.0,25.400000000000002,8.696428571428571,5.803571428571429,2.392857142857143,0.6071428571428571,1.0,1.75,3.2142857142857144,7.107142857142857,0.5178571428571429,0.6071428571428571,3213,https://lm-api-reads.fantasy.espn.com/apis/v3/games/fba/seasons/2027/segments/0/leaguedefaults/1?view=kona_player_info,9f5a8f4a339eb48efbc35de132b41c4614525f66f8f5637dcb1b46fa4cba772a,2026-10-07T01:21:54.381563+00:00,102027,,0.452,0.87,1422.4,487.0,325.0,134.0,34.0,56.0,98.0,180.0,398.0,29.0,34.0
Alex Caruso,OKC,"PG,SG",69.0,24.3,8.376811594202898,3.5942028985507246,2.6956521739130435,1.6956521739130435,0.5072463768115942,1.3043478260869565,3.0579710144927534,7.101449275362318,0.9565217391304348,1.2028985507246377,2991350,https://lm-api-reads.fantasy.espn.com/apis/v3/games/fba/seasons/2027/segments/0/leaguedefaults/1?view=kona_player_info,9f5a8f4a339eb48efbc35de132b41c4614525f66f8f5637dcb1b46fa4cba772a,2026-10-07T01:21:54.381563+00:00,102027,,0.431,0.803,1676.7,578.0,248.0,186.0,117.0,35.0,90.0,211.0,490.0,66.0,83.0
Alex Sarr,WSH,"PF,C",66.0,28.599999999999998,16.5,7.606060606060606,2.803030303030303,0.803030303030303,2.0,1.2121212121212122,6.575757575757576,14.106060606060606,2.1363636363636362,3.106060606060606,5160992,https://lm-api-reads.fantasy.espn.com/apis/v3/games/fba/seasons/2027/segments/0/leaguedefaults/1?view=kona_player_info,9f5a8f4a339eb48efbc35de132b41c4614525f66f8f5637dcb1b46fa4cba772a,2026-10-07T01:21:54.381563+00:00,102027,,0.466,0.69,1887.6,1089.0,502.0,185.0,53.0,132.0,80.0,434.0,931.0,141.0,205.0
Alperen Sengun,HOU,C,72.0,32.7,20.02777777777778,9.402777777777779,5.694444444444445,1.1944444444444444,1.0,0.4583333333333333,7.916666666666667,15.402777777777779,3.736111111111111,5.402777777777778,4871144,https://lm-api-reads.fantasy.espn.com/apis/v3/games/fba/seasons/2027/segments/0/leaguedefaults/1?view=kona_player_info,9f5a8f4a339eb48efbc35de132b41c4614525f66f8f5637dcb1b46fa4cba772a,2026-10-07T01:21:54.381563+00:00,102027,,0.514,0.692,2354.4,1442.0,677.0,410.0,86.0,72.0,33.0,570.0,1109.0,269.0,389.0
Amen Thompson,HOU,"SG,SF",78.0,36.5,17.705128205128204,7.705128205128205,5.102564102564102,1.5,0.7051282051282052,0.3076923076923077,6.846153846153846,12.794871794871796,3.7051282051282053,4.794871794871795,4684740,https://lm-api-reads.fantasy.espn.com/apis/v3/games/fba/seasons/2027/segments/0/leaguedefaults/1?view=kona_player_info,9f5a8f4a339eb48efbc35de132b41c4614525f66f8f5637dcb1b46fa4cba772a,2026-10-07T01:21:54.381563+00:00,102027,,0.535,0.773,2847.0,1381.0,601.0,398.0,117.0,55.0,24.0,534.0,998.0,289.0,374.0
Andre Drummond,NY,C,60.0,19.4,6.65,8.4,1.2,0.7,0.7,0.4166666666666667,2.65,5.5,0.9333333333333333,1.5,6585,https://lm-api-reads.fantasy.espn.com/apis/v3/games/fba/seasons/2027/segments/0/leaguedefaults/1?view=kona_player_info,9f5a8f4a339eb48efbc35de132b41c4614525f66f8f5637dcb1b46fa4cba772a,2026-10-07T01:21:54.381563+00:00,102027,,0.481,0.625,1164.0,399.0,504.0,72.0,42.0,42.0,25.0,159.0,330.0,56.0,90.0
Andrew Nembhard,IND,"PG,SG",71.0,30.699999999999996,12.591549295774648,3.0,5.901408450704225,1.0985915492957747,0.09859154929577464,1.2112676056338028,4.71830985915493,10.19718309859155,1.943661971830986,2.3943661971830985,4395712,https://lm-api-reads.fantasy.espn.com/apis/v3/games/fba/seasons/2027/segments/0/leaguedefaults/1?view=kona_player_info,9f5a8f4a339eb48efbc35de132b41c4614525f66f8f5637dcb1b46fa4cba772a,2026-10-07T01:21:54.381563+00:00,102027,,0.463,0.81,2179.7,894.0,213.0,419.0,78.0,7.0,86.0,335.0,724.0,138.0,170.0
Andrew Wiggins,MIA,"SF,PF",67.0,30.4,15.656716417910447,4.8059701492537314,2.701492537313433,1.1044776119402986,1.0,2.044776119402985,5.791044776119403,12.298507462686567,2.029850746268657,2.5970149253731343,3059319,https://lm-api-reads.fantasy.espn.com/apis/v3/games/fba/seasons/2027/segments/0/leaguedefaults/1?view=kona_player_info,9f5a8f4a339eb48efbc35de132b41c4614525f66f8f5637dcb1b46fa4cba772a,2026-10-07T01:21:54.381563+00:00,102027,,0.471,0.779,2036.8,1049.0,322.0,181.0,74.0,67.0,137.0,388.0,824.0,136.0,174.0
Anfernee Simons,PHI,"PG,SG",66.0,25.099999999999998,14.727272727272727,2.303030303030303,3.0,0.5,0.10606060606060606,2.5303030303030303,5.287878787878788,12.196969696969697,1.621212121212121,1.803030303030303,4351851,https://lm-api-reads.fantasy.espn.com/apis/v3/games/fba/seasons/2027/segments/0/leaguedefaults/1?view=kona_player_info,9f5a8f4a339eb48efbc35de132b41c4614525f66f8f5637dcb1b46fa4cba772a,2026-10-07T01:21:54.381563+00:00,102027,,0.434,0.902,1656.6,972.0,152.0,198.0,33.0,7.0,167.0,349.0,805.0,107.0,119.0
Anthony Black,ORL,"PG,SG",69.0,28.9,13.826086956521738,3.6956521739130435,3.5072463768115942,1.4057971014492754,0.6956521739130435,1.391304347826087,4.971014492753623,11.202898550724637,2.4927536231884058,3.4057971014492754,4712849,https://lm-api-reads.fantasy.espn.com/apis/v3/games/fba/seasons/2027/segments/0/leaguedefaults/1?view=kona_player_info,9f5a8f4a339eb48efbc35de132b41c4614525f66f8f5637dcb1b46fa4cba772a,2026-10-07T01:21:54.381563+00:00,102027,,0.444,0.733,1994.1,954.0,255.0,242.0,97.0,48.0,96.0,343.0,773.0,172.0,235.0
Anthony Davis,WSH,"PF,C",61.0,32.2,22.59016393442623,11.39344262295082,3.19672131147541,1.098360655737705,2.098360655737705,0.4426229508196721,8.60655737704918,16.0,4.934426229508197,6.19672131147541,6583,https://lm-api-reads.fantasy.espn.com/apis/v3/games/fba/seasons/2027/segments/0/leaguedefaults/1?view=kona_player_info,9f5a8f4a339eb48efbc35de132b41c4614525f66f8f5637dcb1b46fa4cba772a,2026-10-07T01:21:54.381563+00:00,102027,,0.538,0.796,1964.2,1378.0,695.0,195.0,67.0,128.0,27.0,525.0,976.0,301.0,378.0
Anthony Edwards,MIN,"SG,SF",72.0,35.8,30.305555555555557,5.194444444444445,4.0,1.3055555555555556,0.8055555555555556,3.638888888888889,10.277777777777779,21.40277777777778,6.111111111111111,7.597222222222222,4594268,https://lm-api-reads.fantasy.espn.com/apis/v3/games/fba/seasons/2027/segments/0/leaguedefaults/1?view=kona_player_info,9f5a8f4a339eb48efbc35de132b41c4614525f66f8f5637dcb1b46fa4cba772a,2026-10-07T01:21:54.381563+00:00,102027,,0.48,0.805,2577.6,2182.0,374.0,288.0,94.0,58.0,262.0,740.0,1541.0,440.0,547.0
Asa Newell,ATL,PF,66.0,14.1,6.318181818181818,2.696969696969697,0.696969696969697,0.3939393939393939,0.3939393939393939,0.8181818181818182,2.5303030303030303,4.696969696969697,0.4393939393939394,0.803030303030303,4873201,https://lm-api-reads.fantasy.espn.com/apis/v3/games/fba/seasons/2027/segments/0/leaguedefaults/1?view=kona_player_info,9f5a8f4a339eb48efbc35de132b41c4614525f66f8f5637dcb1b46fa4cba772a,2026-10-07T01:21:54.381563+00:00,102027,,0.538,0.552,930.6,417.0,178.0,46.0,26.0,26.0,54.0,167.0,310.0,29.0,53.0
Ausar Thompson,DET,"SF,PF",70.0,26.8,10.4,6.0,3.1,2.0,1.0,0.11428571428571428,4.357142857142857,8.3,1.5714285714285714,2.7,4684742,https://lm-api-reads.fantasy.espn.com/apis/v3/games/fba/seasons/2027/segments/0/leaguedefaults/1?view=kona_player_info,9f5a8f4a339eb48efbc35de132b41c4614525f66f8f5637dcb1b46fa4cba772a,2026-10-07T01:21:54.381563+00:00,102027,,0.525,0.58,1876.0,728.0,420.0,217.0,140.0,70.0,8.0,305.0,581.0,110.0,189.0
Austin Reaves,LAL,"PG,SG",67.0,36.599999999999994,23.417910447761194,4.895522388059701,5.895522388059701,1.1044776119402986,0.40298507462686567,2.5074626865671643,7.447761194029851,15.402985074626866,6.014925373134329,6.895522388059701,4066457,https://lm-api-reads.fantasy.espn.com/apis/v3/games/fba/seasons/2027/segments/0/leaguedefaults/1?view=kona_player_info,9f5a8f4a339eb48efbc35de132b41c4614525f66f8f5637dcb1b46fa4cba772a,2026-10-07T01:21:54.381563+00:00,102027,,0.484,0.871,2452.2,1569.0,328.0,395.0,74.0,27.0,168.0,499.0,1032.0,403.0,462.0
Ayo Dosunmu,MIN,"PG,SG",72.0,29.400000000000002,15.26388888888889,3.5972222222222223,3.9027777777777777,0.9027777777777778,0.3055555555555556,1.8333333333333333,5.805555555555555,11.305555555555555,1.8194444444444444,2.0972222222222223,4397002,https://lm-api-reads.fantasy.espn.com/apis/v3/games/fba/seasons/2027/segments/0/leaguedefaults/1?view=kona_player_info,9f5a8f4a339eb48efbc35de132b41c4614525f66f8f5637dcb1b46fa4cba772a,2026-10-07T01:21:54.381563+00:00,102027,,0.514,0.865,2116.8,1099.0,259.0,281.0,65.0,22.0,132.0,418.0,814.0,131.0,151.0
Bam Adebayo,MIA,"PF,C",73.0,32.4,20.15068493150685,10.0,3.2054794520547945,1.2054794520547945,0.6986301369863014,1.7534246575342465,6.945205479452055,15.698630136986301,4.506849315068493,5.794520547945205,4066261,https://lm-api-reads.fantasy.espn.com/apis/v3/games/fba/seasons/2027/segments/0/leaguedefaults/1?view=kona_player_info,9f5a8f4a339eb48efbc35de132b41c4614525f66f8f5637dcb1b46fa4cba772a,2026-10-07T01:21:54.381563+00:00,102027,,0.442,0.778,2365.2,1471.0,730.0,234.0,88.0,51.0,128.0,507.0,1146.0,329.0,423.0
Baylor Scheierman,BOS,SG,72.0,25.1,7.513888888888889,4.694444444444445,2.0,0.8055555555555556,0.09722222222222222,1.6944444444444444,2.638888888888889,5.902777777777778,0.5416666666666666,0.5972222222222222,4593841,https://lm-api-reads.fantasy.espn.com/apis/v3/games/fba/seasons/2027/segments/0/leaguedefaults/1?view=kona_player_info,9f5a8f4a339eb48efbc35de132b41c4614525f66f8f5637dcb1b46fa4cba772a,2026-10-07T01:21:54.381563+00:00,102027,,0.448,0.893,1807.2,541.0,338.0,144.0,58.0,7.0,122.0,190.0,425.0,39.0,43.0
Ben Sheppard,IND,"SG,SF",62.0,18.700000000000003,5.612903225806452,2.5,1.403225806451613,0.5967741935483871,0.0967741935483871,1.096774193548387,2.0483870967741935,4.903225806451613,0.41935483870967744,0.5,4433076,https://lm-api-reads.fantasy.espn.com/apis/v3/games/fba/seasons/2027/segments/0/leaguedefaults/1?view=kona_player_info,9f5a8f4a339eb48efbc35de132b41c4614525f66f8f5637dcb1b46fa4cba772a,2026-10-07T01:21:54.381563+00:00,102027,,0.419,0.832,1159.4,348.0,155.0,87.0,37.0,6.0,68.0,127.0,304.0,26.0,31.0
Ben Simmons,SAC,PG,37.0,21.2,5.0,5.0,5.297297297297297,0.7027027027027027,0.5135135135135135,0.0,2.27027027027027,4.297297297297297,0.4594594594594595,0.7027027027027027,3907387,https://lm-api-reads.fantasy.espn.com/apis/v3/games/fba/seasons/2027/segments/0/leaguedefaults/1?view=kona_player_info,9f5a8f4a339eb48efbc35de132b41c4614525f66f8f5637dcb1b46fa4cba772a,2026-10-07T01:21:54.381563+00:00,102027,17,0.531,0.651,784.4,185.0,185.0,196.0,26.0,19.0,0.0,84.0,159.0,17.0,26.0
Bennedict Mathurin,NO,"SG,SF",68.0,29.2,16.529411764705884,5.102941176470588,2.1029411764705883,0.7058823529411765,0.29411764705882354,1.3676470588235294,5.367647058823529,12.102941176470589,4.426470588235294,5.205882352941177,4683634,https://lm-api-reads.fantasy.espn.com/apis/v3/games/fba/seasons/2027/segments/0/leaguedefaults/1?view=kona_player_info,9f5a8f4a339eb48efbc35de132b41c4614525f66f8f5637dcb1b46fa4cba772a,2026-10-07T01:21:54.381563+00:00,102027,,0.443,0.85,1985.6,1124.0,347.0,143.0,48.0,20.0,93.0,365.0,823.0,301.0,354.0
Bilal Coulibaly,WSH,"SG,SF",68.0,24.0,10.25,3.8970588235294117,2.2941176470588234,1.2058823529411764,0.7941176470588235,1.0,3.6176470588235294,8.5,2.014705882352941,2.7058823529411766,5104155,https://lm-api-reads.fantasy.espn.com/apis/v3/games/fba/seasons/2027/segments/0/leaguedefaults/1?view=kona_player_info,9f5a8f4a339eb48efbc35de132b41c4614525f66f8f5637dcb1b46fa4cba772a,2026-10-07T01:21:54.381563+00:00,102027,,0.425,0.744,1632.0,697.0,265.0,156.0,82.0,54.0,68.0,246.0,578.0,137.0,184.0
Bobby Portis,MIA,"PF,C",65.0,24.3,13.646153846153846,6.707692307692308,1.6,0.6,0.2,1.8615384615384616,5.492307692307692,11.307692307692308,0.8,1.1076923076923078,3064482,https://lm-api-reads.fantasy.espn.com/apis/v3/games/fba/seasons/2027/segments/0/leaguedefaults/1?view=kona_player_info,9f5a8f4a339eb48efbc35de132b41c4614525f66f8f5637dcb1b46fa4cba772a,2026-10-07T01:21:54.381563+00:00,102027,,0.486,0.733,1579.5,887.0,436.0,104.0,39.0,13.0,121.0,357.0,735.0,52.0,72.0
Bogdan Bogdanovic,HOU,"SG,SF",65.0,17.6,8.753846153846155,2.1076923076923078,1.9076923076923078,0.6,0.2,1.5846153846153845,3.0923076923076924,7.3076923076923075,0.9846153846153847,1.1076923076923078,3037789,https://lm-api-reads.fantasy.espn.com/apis/v3/games/fba/seasons/2027/segments/0/leaguedefaults/1?view=kona_player_info,9f5a8f4a339eb48efbc35de132b41c4614525f66f8f5637dcb1b46fa4cba772a,2026-10-07T01:21:54.381563+00:00,102027,,0.423,0.895,1144.0,569.0,137.0,124.0,39.0,13.0,103.0,201.0,475.0,64.0,72.0
Bones Hyland,MIN,PG,62.0,16.2,8.338709677419354,1.6935483870967742,2.596774193548387,0.5967741935483871,0.1935483870967742,1.6290322580645162,2.9193548387096775,6.5,0.8709677419354839,1.096774193548387,4592492,https://lm-api-reads.fantasy.espn.com/apis/v3/games/fba/seasons/2027/segments/0/leaguedefaults/1?view=kona_player_info,9f5a8f4a339eb48efbc35de132b41c4614525f66f8f5637dcb1b46fa4cba772a,2026-10-07T01:21:54.381563+00:00,102027,,0.449,0.786,1004.4,517.0,105.0,161.0,37.0,12.0,101.0,181.0,403.0,54.0,68.0
Bradley Beal,LAC,"SG,SF",62.0,25.299999999999997,13.564516129032258,2.903225806451613,3.306451612903226,0.8064516129032258,0.4032258064516129,1.5,5.225806451612903,10.403225806451612,1.6129032258064515,2.0,6580,https://lm-api-reads.fantasy.espn.com/apis/v3/games/fba/seasons/2027/segments/0/leaguedefaults/1?view=kona_player_info,9f5a8f4a339eb48efbc35de132b41c4614525f66f8f5637dcb1b46fa4cba772a,2026-10-07T01:21:54.381563+00:00,102027,,0.503,0.807,1568.6,841.0,180.0,205.0,50.0,25.0,93.0,324.0,645.0,100.0,124.0
Brandin Podziemski,GS,"PG,SG",79.0,30.9,14.658227848101266,5.594936708860759,4.0,1.2025316455696202,0.20253164556962025,2.0126582278481013,5.177215189873418,11.405063291139241,2.2911392405063293,2.8987341772151898,4709138,https://lm-api-reads.fantasy.espn.com/apis/v3/games/fba/seasons/2027/segments/0/leaguedefaults/1?view=kona_player_info,9f5a8f4a339eb48efbc35de132b41c4614525f66f8f5637dcb1b46fa4cba772a,2026-10-07T01:21:54.381563+00:00,102027,,0.454,0.791,2441.1,1158.0,442.0,316.0,95.0,16.0,159.0,409.0,901.0,181.0,229.0
Brandon Ingram,LAC,"SF,PF",67.0,35.3,22.55223880597015,5.701492537313433,4.8059701492537314,0.8059701492537313,0.7014925373134329,1.7462686567164178,8.447761194029852,17.597014925373134,3.91044776119403,4.8059701492537314,3913176,https://lm-api-reads.fantasy.espn.com/apis/v3/games/fba/seasons/2027/segments/0/leaguedefaults/1?view=kona_player_info,9f5a8f4a339eb48efbc35de132b41c4614525f66f8f5637dcb1b46fa4cba772a,2026-10-07T01:21:54.381563+00:00,102027,,0.48,0.816,2365.1,1511.0,382.0,322.0,54.0,47.0,117.0,566.0,1179.0,262.0,322.0
Brandon Miller,CHA,"SG,SF",68.0,34.0,22.279411764705884,5.397058823529412,3.7058823529411766,1.1029411764705883,0.7058823529411765,3.5,7.75,17.897058823529413,3.2794117647058822,3.7058823529411766,4433287,https://lm-api-reads.fantasy.espn.com/apis/v3/games/fba/seasons/2027/segments/0/leaguedefaults/1?view=kona_player_info,9f5a8f4a339eb48efbc35de132b41c4614525f66f8f5637dcb1b46fa4cba772a,2026-10-07T01:21:54.381563+00:00,102027,,0.433,0.888,2312.0,1515.0,367.0,252.0,75.0,48.0,238.0,527.0,1217.0,223.0,252.0
Brayden Burries,MIL,SG,71.0,25.8,10.971830985915492,2.704225352112676,4.098591549295775,1.0985915492957747,0.29577464788732394,0.4225352112676056,3.9577464788732395,8.80281690140845,2.6338028169014085,3.1971830985915495,5082206,https://lm-api-reads.fantasy.espn.com/apis/v3/games/fba/seasons/2027/segments/0/leaguedefaults/1?view=kona_player_info,9f5a8f4a339eb48efbc35de132b41c4614525f66f8f5637dcb1b46fa4cba772a,2026-10-07T01:21:54.381563+00:00,102027,,0.449,0.821,1831.8,779.0,192.0,291.0,78.0,21.0,30.0,281.0,625.0,187.0,227.0
Brice Sensabaugh,UTAH,"SG,SF",72.0,21.6,13.375,2.9027777777777777,1.6944444444444444,0.6944444444444444,0.09722222222222222,2.013888888888889,4.722222222222222,10.305555555555555,1.9166666666666667,2.3055555555555554,5105839,https://lm-api-reads.fantasy.espn.com/apis/v3/games/fba/seasons/2027/segments/0/leaguedefaults/1?view=kona_player_info,9f5a8f4a339eb48efbc35de132b41c4614525f66f8f5637dcb1b46fa4cba772a,2026-10-07T01:21:54.381563+00:00,102027,,0.459,0.831,1555.2,963.0,209.0,122.0,50.0,7.0,145.0,340.0,742.0,138.0,166.0
Bronny James,LAL,"PG,SG",63.0,11.9,3.888888888888889,0.7936507936507936,1.6031746031746033,0.6031746031746031,0.09523809523809523,0.6825396825396826,1.4761904761904763,3.6984126984126986,0.25396825396825395,0.30158730158730157,4683774,https://lm-api-reads.fantasy.espn.com/apis/v3/games/fba/seasons/2027/segments/0/leaguedefaults/1?view=kona_player_info,9f5a8f4a339eb48efbc35de132b41c4614525f66f8f5637dcb1b46fa4cba772a,2026-10-07T01:21:54.381563+00:00,102027,,0.4,0.839,749.7,245.0,50.0,101.0,38.0,6.0,43.0,93.0,233.0,16.0,19.0
Brook Lopez,LAC,C,72.0,26.200000000000003,10.625,4.305555555555555,1.5,0.5972222222222222,1.6944444444444444,1.6111111111111112,3.9444444444444446,8.305555555555555,1.125,1.4027777777777777,3448,https://lm-api-reads.fantasy.espn.com/apis/v3/games/fba/seasons/2027/segments/0/leaguedefaults/1?view=kona_player_info,9f5a8f4a339eb48efbc35de132b41c4614525f66f8f5637dcb1b46fa4cba772a,2026-10-07T01:21:54.381563+00:00,102027,,0.475,0.806,1886.4,765.0,310.0,108.0,43.0,122.0,116.0,284.0,598.0,81.0,101.0
Bub Carrington,WSH,"PG,SG",82.0,25.099999999999998,9.487804878048781,3.097560975609756,4.097560975609756,0.5975609756097561,0.1951219512195122,1.7926829268292683,3.402439024390244,8.097560975609756,0.8902439024390244,1.1951219512195121,4845374,https://lm-api-reads.fantasy.espn.com/apis/v3/games/fba/seasons/2027/segments/0/leaguedefaults/1?view=kona_player_info,9f5a8f4a339eb48efbc35de132b41c4614525f66f8f5637dcb1b46fa4cba772a,2026-10-07T01:21:54.381563+00:00,102027,,0.42,0.739,2058.2,778.0,254.0,336.0,49.0,16.0,147.0,279.0,664.0,73.0,98.0
Buddy Hield,CHI,"SG,SF",62.0,18.200000000000003,8.725806451612904,2.5,1.5,0.8064516129032258,0.1935483870967742,1.7580645161290323,3.193548387096774,7.403225806451613,0.5806451612903226,0.6935483870967742,2990984,https://lm-api-reads.fantasy.espn.com/apis/v3/games/fba/seasons/2027/segments/0/leaguedefaults/1?view=kona_player_info,9f5a8f4a339eb48efbc35de132b41c4614525f66f8f5637dcb1b46fa4cba772a,2026-10-07T01:21:54.381563+00:00,102027,,0.432,0.82,1128.4,541.0,155.0,93.0,50.0,12.0,109.0,198.0,459.0,36.0,43.0
CJ McCollum,ATL,"PG,SG",73.0,30.2,19.10958904109589,3.3972602739726026,3.904109589041096,0.7945205479452054,0.5068493150684932,2.643835616438356,7.041095890410959,15.506849315068493,2.3835616438356166,3.095890410958904,2490149,https://lm-api-reads.fantasy.espn.com/apis/v3/games/fba/seasons/2027/segments/0/leaguedefaults/1?view=kona_player_info,9f5a8f4a339eb48efbc35de132b41c4614525f66f8f5637dcb1b46fa4cba772a,2026-10-07T01:21:54.381563+00:00,102027,,0.454,0.767,2204.6,1395.0,248.0,285.0,58.0,37.0,193.0,514.0,1132.0,174.0,226.0
Cade Cunningham,DET,PG,69.0,34.8,24.6231884057971,5.594202898550725,9.797101449275363,1.4057971014492754,0.7971014492753623,2.0,8.898550724637682,19.304347826086957,4.826086956521739,5.898550724637682,4432166,https://lm-api-reads.fantasy.espn.com/apis/v3/games/fba/seasons/2027/segments/0/leaguedefaults/1?view=kona_player_info,9f5a8f4a339eb48efbc35de132b41c4614525f66f8f5637dcb1b46fa4cba772a,2026-10-07T01:21:54.381563+00:00,102027,,0.461,0.819,2401.2,1699.0,386.0,676.0,97.0,55.0,138.0,614.0,1332.0,333.0,407.0
Caleb Martin,DAL,SG,67.0,17.0,4.731343283582089,2.701492537313433,1.507462686567164,0.7014925373134329,0.29850746268656714,0.4626865671641791,1.7611940298507462,4.0,0.746268656716418,1.1940298507462686,3138160,https://lm-api-reads.fantasy.espn.com/apis/v3/games/fba/seasons/2027/segments/0/leaguedefaults/1?view=kona_player_info,9f5a8f4a339eb48efbc35de132b41c4614525f66f8f5637dcb1b46fa4cba772a,2026-10-07T01:21:54.381563+00:00,102027,,0.442,0.622,1139.0,317.0,181.0,101.0,47.0,20.0,31.0,118.0,268.0,50.0,80.0
Caleb Wilson,CHI,SF,71.0,32.1,17.91549295774648,8.098591549295774,1.9014084507042253,1.0985915492957747,1.3943661971830985,0.7323943661971831,6.704225352112676,13.704225352112676,3.7746478873239435,4.901408450704225,5095151,https://lm-api-reads.fantasy.espn.com/apis/v3/games/fba/seasons/2027/segments/0/leaguedefaults/1?view=kona_player_info,9f5a8f4a339eb48efbc35de132b41c4614525f66f8f5637dcb1b46fa4cba772a,2026-10-07T01:21:54.381563+00:00,102027,,0.489,0.771,2279.1,1272.0,575.0,135.0,78.0,99.0,52.0,476.0,973.0,268.0,348.0
Cameron Boozer,MEM,PF,72.0,31.700000000000003,18.51388888888889,7.902777777777778,3.0972222222222223,1.0972222222222223,0.8055555555555556,0.3333333333333333,7.194444444444445,14.597222222222221,3.7916666666666665,4.805555555555555,5041935,https://lm-api-reads.fantasy.espn.com/apis/v3/games/fba/seasons/2027/segments/0/leaguedefaults/1?view=kona_player_info,9f5a8f4a339eb48efbc35de132b41c4614525f66f8f5637dcb1b46fa4cba772a,2026-10-07T01:21:54.381563+00:00,102027,,0.493,0.789,2282.4,1333.0,569.0,223.0,79.0,58.0,24.0,518.0,1051.0,273.0,346.0
Cameron Johnson,DEN,"SF,PF",68.0,28.8,13.161764705882353,3.8970588235294117,2.5,0.7941176470588235,0.39705882352941174,2.176470588235294,4.514705882352941,9.602941176470589,1.9558823529411764,2.2941176470588234,3138196,https://lm-api-reads.fantasy.espn.com/apis/v3/games/fba/seasons/2027/segments/0/leaguedefaults/1?view=kona_player_info,9f5a8f4a339eb48efbc35de132b41c4614525f66f8f5637dcb1b46fa4cba772a,2026-10-07T01:21:54.381563+00:00,102027,,0.471,0.849,1958.4,895.0,265.0,170.0,54.0,27.0,148.0,307.0,653.0,133.0,156.0
Caris LeVert,MIL,"SG,SF",61.0,20.7,8.540983606557377,2.2950819672131146,2.901639344262295,0.9016393442622951,0.6065573770491803,1.1311475409836065,3.1147540983606556,7.295081967213115,1.180327868852459,1.7049180327868851,2991043,https://lm-api-reads.fantasy.espn.com/apis/v3/games/fba/seasons/2027/segments/0/leaguedefaults/1?view=kona_player_info,9f5a8f4a339eb48efbc35de132b41c4614525f66f8f5637dcb1b46fa4cba772a,2026-10-07T01:21:54.381563+00:00,102027,,0.427,0.695,1262.7,521.0,140.0,177.0,55.0,37.0,69.0,190.0,445.0,72.0,104.0
Cason Wallace,OKC,"PG,SG",76.0,26.400000000000002,8.421052631578947,3.1052631578947367,2.5,1.894736842105263,0.39473684210526316,1.2763157894736843,3.25,7.394736842105263,0.6447368421052632,0.8026315789473685,4683692,https://lm-api-reads.fantasy.espn.com/apis/v3/games/fba/seasons/2027/segments/0/leaguedefaults/1?view=kona_player_info,9f5a8f4a339eb48efbc35de132b41c4614525f66f8f5637dcb1b46fa4cba772a,2026-10-07T01:21:54.381563+00:00,102027,,0.439,0.808,2006.4,640.0,236.0,190.0,144.0,30.0,97.0,247.0,562.0,49.0,61.0
Cedric Coward,MEM,"SG,SF",69.0,28.5,15.36231884057971,6.507246376811594,3.0,0.6956521739130435,0.5072463768115942,1.6956521739130435,5.536231884057971,11.507246376811594,2.5942028985507246,3.0,4903027,https://lm-api-reads.fantasy.espn.com/apis/v3/games/fba/seasons/2027/segments/0/leaguedefaults/1?view=kona_player_info,9f5a8f4a339eb48efbc35de132b41c4614525f66f8f5637dcb1b46fa4cba772a,2026-10-07T01:21:54.381563+00:00,102027,,0.482,0.867,1966.5,1060.0,449.0,207.0,48.0,35.0,117.0,382.0,794.0,179.0,207.0
Charles Bassey,GS,C,17.0,11.299999999999999,5.235294117647059,4.294117647058823,0.5294117647058824,0.29411764705882354,0.8235294117647058,0.0,2.176470588235294,3.411764705882353,0.8823529411764706,1.2941176470588236,4397886,https://lm-api-reads.fantasy.espn.com/apis/v3/games/fba/seasons/2027/segments/0/leaguedefaults/1?view=kona_player_info,9f5a8f4a339eb48efbc35de132b41c4614525f66f8f5637dcb1b46fa4cba772a,2026-10-07T01:21:54.381563+00:00,102027,17,0.638,0.687,192.1,89.0,73.0,9.0,5.0,14.0,0.0,37.0,58.0,15.0,22.0
Chet Holmgren,OKC,"PF,C",65.0,28.9,16.50769230769231,8.4,2.0,0.6,2.1076923076923078,1.4,6.061538461538461,11.307692307692308,2.9846153846153847,3.8,4433255,https://lm-api-reads.fantasy.espn.com/apis/v3/games/fba/seasons/2027/segments/0/leaguedefaults/1?view=kona_player_info,9f5a8f4a339eb48efbc35de132b41c4614525f66f8f5637dcb1b46fa4cba772a,2026-10-07T01:21:54.381563+00:00,102027,,0.536,0.786,1878.5,1073.0,546.0,130.0,39.0,137.0,91.0,394.0,735.0,194.0,247.0
Christian Braun,DEN,"SG,SF",65.0,27.5,10.938461538461539,4.2,2.3076923076923075,0.7076923076923077,0.3076923076923077,0.8769230769230769,4.2,7.907692307692308,1.6615384615384616,2.1076923076923078,4431767,https://lm-api-reads.fantasy.espn.com/apis/v3/games/fba/seasons/2027/segments/0/leaguedefaults/1?view=kona_player_info,9f5a8f4a339eb48efbc35de132b41c4614525f66f8f5637dcb1b46fa4cba772a,2026-10-07T01:21:54.381563+00:00,102027,,0.532,0.789,1787.5,711.0,273.0,150.0,46.0,20.0,57.0,273.0,514.0,108.0,137.0
Clint Capela,HOU,C,62.0,16.799999999999997,6.629032258064516,6.693548387096774,0.9032258064516129,0.5,0.9032258064516129,0.0,2.838709677419355,5.096774193548387,0.9516129032258065,1.596774193548387,3102529,https://lm-api-reads.fantasy.espn.com/apis/v3/games/fba/seasons/2027/segments/0/leaguedefaults/1?view=kona_player_info,9f5a8f4a339eb48efbc35de132b41c4614525f66f8f5637dcb1b46fa4cba772a,2026-10-07T01:21:54.381563+00:00,102027,17,0.556,0.595,1041.6,411.0,415.0,56.0,31.0,56.0,0.0,176.0,316.0,59.0,99.0
Coby White,CHA,"PG,SG",72.0,33.5,20.0,4.097222222222222,4.805555555555555,0.6944444444444444,0.19444444444444445,2.7777777777777777,6.777777777777778,15.097222222222221,3.6666666666666665,4.305555555555555,4395651,https://lm-api-reads.fantasy.espn.com/apis/v3/games/fba/seasons/2027/segments/0/leaguedefaults/1?view=kona_player_info,9f5a8f4a339eb48efbc35de132b41c4614525f66f8f5637dcb1b46fa4cba772a,2026-10-07T01:21:54.381563+00:00,102027,,0.449,0.853,2412.0,1440.0,295.0,346.0,50.0,14.0,200.0,488.0,1087.0,264.0,310.0
Cody Williams,MIN,SG,64.0,22.8,7.921875,2.703125,1.90625,0.703125,0.40625,0.421875,3.1875,7.0,1.125,1.59375,4895758,https://lm-api-reads.fantasy.espn.com/apis/v3/games/fba/seasons/2027/segments/0/leaguedefaults/1?view=kona_player_info,9f5a8f4a339eb48efbc35de132b41c4614525f66f8f5637dcb1b46fa4cba772a,2026-10-07T01:21:54.381563+00:00,102027,,0.456,0.707,1459.2,507.0,173.0,122.0,45.0,26.0,27.0,204.0,448.0,72.0,102.0
Collin Gillespie,PHX,PG,73.0,26.8,11.917808219178083,3.904109589041096,4.397260273972603,1.2054794520547945,0.2054794520547945,2.73972602739726,4.1506849315068495,9.904109589041095,0.8767123287671232,1.0,4278585,https://lm-api-reads.fantasy.espn.com/apis/v3/games/fba/seasons/2027/segments/0/leaguedefaults/1?view=kona_player_info,9f5a8f4a339eb48efbc35de132b41c4614525f66f8f5637dcb1b46fa4cba772a,2026-10-07T01:21:54.381563+00:00,102027,,0.419,0.872,1956.4,870.0,285.0,321.0,88.0,15.0,200.0,303.0,723.0,64.0,73.0
Collin Murray-Boyles,TOR,PF,66.0,22.900000000000002,8.924242424242424,5.196969696969697,1.893939393939394,1.0,1.0,0.30303030303030304,3.6515151515151514,6.303030303030303,1.3181818181818181,2.0,5093267,https://lm-api-reads.fantasy.espn.com/apis/v3/games/fba/seasons/2027/segments/0/leaguedefaults/1?view=kona_player_info,9f5a8f4a339eb48efbc35de132b41c4614525f66f8f5637dcb1b46fa4cba772a,2026-10-07T01:21:54.381563+00:00,102027,,0.579,0.657,1511.4,589.0,343.0,125.0,66.0,66.0,20.0,241.0,416.0,87.0,132.0
Collin Sexton,LAL,"PG,SG",70.0,25.8,17.32857142857143,2.5,4.1,0.9,0.2,1.6857142857142857,6.057142857142857,12.5,3.5285714285714285,4.1,4277811,https://lm-api-reads.fantasy.espn.com/apis/v3/games/fba/seasons/2027/segments/0/leaguedefaults/1?view=kona_player_info,9f5a8f4a339eb48efbc35de132b41c4614525f66f8f5637dcb1b46fa4cba772a,2026-10-07T01:21:54.381563+00:00,102027,,0.484,0.859,1806.0,1213.0,175.0,287.0,63.0,14.0,118.0,424.0,875.0,247.0,287.0
Cooper Flagg,DAL,"SF,PF",72.0,35.5,22.26388888888889,7.0,4.805555555555555,1.3055555555555556,1.0,1.0972222222222223,8.430555555555555,18.0,4.305555555555555,5.194444444444445,5041939,https://lm-api-reads.fantasy.espn.com/apis/v3/games/fba/seasons/2027/segments/0/leaguedefaults/1?view=kona_player_info,9f5a8f4a339eb48efbc35de132b41c4614525f66f8f5637dcb1b46fa4cba772a,2026-10-07T01:21:54.381563+00:00,102027,,0.468,0.827,2556.0,1603.0,504.0,346.0,94.0,72.0,79.0,607.0,1296.0,310.0,374.0
Corey Kispert,ATL,"SG,SF",65.0,20.3,9.861538461538462,2.4,1.6,0.3076923076923077,0.2,1.6153846153846154,3.4461538461538463,7.4,1.353846153846154,1.7076923076923076,4280151,https://lm-api-reads.fantasy.espn.com/apis/v3/games/fba/seasons/2027/segments/0/leaguedefaults/1?view=kona_player_info,9f5a8f4a339eb48efbc35de132b41c4614525f66f8f5637dcb1b46fa4cba772a,2026-10-07T01:21:54.381563+00:00,102027,,0.466,0.796,1319.5,641.0,156.0,104.0,20.0,13.0,105.0,224.0,481.0,88.0,111.0
D'Angelo Russell,FA,"PG,SG",48.0,17.2,9.020833333333334,2.0,3.5,0.5,0.20833333333333334,1.2708333333333333,3.1875,7.791666666666667,1.375,1.7916666666666667,3136776,https://lm-api-reads.fantasy.espn.com/apis/v3/games/fba/seasons/2027/segments/0/leaguedefaults/1?view=kona_player_info,9f5a8f4a339eb48efbc35de132b41c4614525f66f8f5637dcb1b46fa4cba772a,2026-10-07T01:21:54.381563+00:00,102027,,0.409,0.762,825.6,433.0,96.0,168.0,24.0,10.0,61.0,153.0,374.0,66.0,86.0
Dalton Knecht,LAL,"SG,SF",66.0,12.0,5.181818181818182,1.696969696969697,0.5,0.19696969696969696,0.19696969696969696,0.8787878787878788,1.9696969696969697,4.303030303030303,0.36363636363636365,0.5,4897943,https://lm-api-reads.fantasy.espn.com/apis/v3/games/fba/seasons/2027/segments/0/leaguedefaults/1?view=kona_player_info,9f5a8f4a339eb48efbc35de132b41c4614525f66f8f5637dcb1b46fa4cba772a,2026-10-07T01:21:54.381563+00:00,102027,,0.458,0.741,792.0,342.0,112.0,33.0,13.0,13.0,58.0,130.0,284.0,24.0,33.0
Damian Lillard,POR,PG,65.0,31.4,21.661538461538463,4.0,6.2,1.0,0.2,2.876923076923077,6.630769230769231,15.107692307692307,5.523076923076923,6.0,6606,https://lm-api-reads.fantasy.espn.com/apis/v3/games/fba/seasons/2027/segments/0/leaguedefaults/1?view=kona_player_info,9f5a8f4a339eb48efbc35de132b41c4614525f66f8f5637dcb1b46fa4cba772a,2026-10-07T01:21:54.381563+00:00,102027,,0.439,0.921,2041.0,1408.0,260.0,403.0,65.0,13.0,187.0,431.0,982.0,359.0,390.0
Daniel Gafford,DAL,C,68.0,22.5,10.691176470588236,7.102941176470588,1.2941176470588236,0.7058823529411765,1.7058823529411764,0.0,4.352941176470588,6.294117647058823,1.9852941176470589,2.8970588235294117,4278049,https://lm-api-reads.fantasy.espn.com/apis/v3/games/fba/seasons/2027/segments/0/leaguedefaults/1?view=kona_player_info,9f5a8f4a339eb48efbc35de132b41c4614525f66f8f5637dcb1b46fa4cba772a,2026-10-07T01:21:54.381563+00:00,102027,17,0.692,0.683,1530.0,727.0,483.0,88.0,48.0,116.0,0.0,296.0,428.0,135.0,197.0
Danny Wolf,BKN,"PF,C",71.0,24.099999999999998,10.28169014084507,5.704225352112676,2.6056338028169015,0.6056338028169014,0.6056338028169014,1.380281690140845,3.6056338028169015,8.901408450704226,1.6901408450704225,2.1971830985915495,5107173,https://lm-api-reads.fantasy.espn.com/apis/v3/games/fba/seasons/2027/segments/0/leaguedefaults/1?view=kona_player_info,9f5a8f4a339eb48efbc35de132b41c4614525f66f8f5637dcb1b46fa4cba772a,2026-10-07T01:21:54.381563+00:00,102027,,0.405,0.771,1711.1,730.0,405.0,185.0,43.0,43.0,98.0,256.0,632.0,120.0,156.0
Darius Acuff Jr.,SAC,PG,73.0,30.6,16.904109589041095,3.3013698630136985,5.904109589041096,1.095890410958904,0.3013698630136986,0.863013698630137,6.041095890410959,13.602739726027398,3.958904109589041,4.698630136986301,5142620,https://lm-api-reads.fantasy.espn.com/apis/v3/games/fba/seasons/2027/segments/0/leaguedefaults/1?view=kona_player_info,9f5a8f4a339eb48efbc35de132b41c4614525f66f8f5637dcb1b46fa4cba772a,2026-10-07T01:21:54.381563+00:00,102027,,0.444,0.843,2233.8,1234.0,241.0,431.0,80.0,22.0,63.0,441.0,993.0,289.0,343.0
Darius Garland,LAC,PG,69.0,35.2,21.6231884057971,3.0,7.405797101449275,1.3043478260869565,0.2028985507246377,2.927536231884058,7.840579710144928,17.0,3.0144927536231885,3.5072463768115942,4396907,https://lm-api-reads.fantasy.espn.com/apis/v3/games/fba/seasons/2027/segments/0/leaguedefaults/1?view=kona_player_info,9f5a8f4a339eb48efbc35de132b41c4614525f66f8f5637dcb1b46fa4cba772a,2026-10-07T01:21:54.381563+00:00,102027,,0.461,0.86,2428.8,1492.0,207.0,511.0,90.0,14.0,202.0,541.0,1173.0,208.0,242.0
Darryn Peterson,UTAH,"PG,SG",73.0,29.7,19.438356164383563,3.7945205479452055,2.7945205479452055,1.3013698630136987,0.3013698630136986,0.9178082191780822,7.041095890410959,15.602739726027398,4.438356164383562,5.397260273972603,5041955,https://lm-api-reads.fantasy.espn.com/apis/v3/games/fba/seasons/2027/segments/0/leaguedefaults/1?view=kona_player_info,9f5a8f4a339eb48efbc35de132b41c4614525f66f8f5637dcb1b46fa4cba772a,2026-10-07T01:21:54.381563+00:00,102027,,0.451,0.823,2168.1,1419.0,277.0,204.0,95.0,22.0,67.0,514.0,1139.0,324.0,394.0
Davion Mitchell,MIA,PG,71.0,27.7,8.915492957746478,2.507042253521127,6.0,0.9014084507042254,0.19718309859154928,1.2253521126760563,3.5492957746478875,7.295774647887324,0.5915492957746479,0.9014084507042254,4278053,https://lm-api-reads.fantasy.espn.com/apis/v3/games/fba/seasons/2027/segments/0/leaguedefaults/1?view=kona_player_info,9f5a8f4a339eb48efbc35de132b41c4614525f66f8f5637dcb1b46fa4cba772a,2026-10-07T01:21:54.381563+00:00,102027,,0.486,0.657,1966.7,633.0,178.0,426.0,64.0,14.0,87.0,252.0,518.0,42.0,64.0
Day'Ron Sharpe,BKN,C,69.0,22.0,9.710144927536232,8.405797101449275,2.2028985507246377,0.8985507246376812,1.0,0.21739130434782608,4.0144927536231885,7.507246376811594,1.463768115942029,2.101449275362319,4432194,https://lm-api-reads.fantasy.espn.com/apis/v3/games/fba/seasons/2027/segments/0/leaguedefaults/1?view=kona_player_info,9f5a8f4a339eb48efbc35de132b41c4614525f66f8f5637dcb1b46fa4cba772a,2026-10-07T01:21:54.381563+00:00,102027,,0.535,0.696,1518.0,670.0,580.0,152.0,62.0,69.0,15.0,277.0,518.0,101.0,145.0
De'Aaron Fox,SA,"PG,SG",71.0,31.300000000000004,20.633802816901408,4.0,5.605633802816901,1.3943661971830985,0.29577464788732394,2.0140845070422535,7.690140845070423,16.295774647887324,3.23943661971831,4.197183098591549,4066259,https://lm-api-reads.fantasy.espn.com/apis/v3/games/fba/seasons/2027/segments/0/leaguedefaults/1?view=kona_player_info,9f5a8f4a339eb48efbc35de132b41c4614525f66f8f5637dcb1b46fa4cba772a,2026-10-07T01:21:54.381563+00:00,102027,,0.472,0.771,2222.3,1465.0,284.0,398.0,99.0,21.0,143.0,546.0,1157.0,230.0,298.0
De'Andre Hunter,SAC,"SF,PF",65.0,27.6,15.476923076923077,4.0,1.7076923076923076,0.7076923076923077,0.2,2.0615384615384613,5.2153846153846155,11.6,2.9846153846153847,3.5076923076923077,4065732,https://lm-api-reads.fantasy.espn.com/apis/v3/games/fba/seasons/2027/segments/0/leaguedefaults/1?view=kona_player_info,9f5a8f4a339eb48efbc35de132b41c4614525f66f8f5637dcb1b46fa4cba772a,2026-10-07T01:21:54.381563+00:00,102027,,0.449,0.853,1794.0,1006.0,260.0,111.0,46.0,13.0,134.0,339.0,754.0,194.0,228.0
De'Anthony Melton,GS,"PG,SG",65.0,23.1,12.153846153846153,3.2,2.6,1.6,0.4,1.4923076923076923,4.338461538461538,10.707692307692307,1.9846153846153847,2.4,4066436,https://lm-api-reads.fantasy.espn.com/apis/v3/games/fba/seasons/2027/segments/0/leaguedefaults/1?view=kona_player_info,9f5a8f4a339eb48efbc35de132b41c4614525f66f8f5637dcb1b46fa4cba772a,2026-10-07T01:21:54.381563+00:00,102027,,0.406,0.824,1501.5,790.0,208.0,169.0,104.0,26.0,97.0,282.0,696.0,129.0,156.0
DeMar DeRozan,DEN,"SF,PF",77.0,28.900000000000002,17.5974025974026,3.0,3.8051948051948052,0.8051948051948052,0.2987012987012987,0.7142857142857143,6.246753246753247,12.896103896103897,4.3896103896103895,5.103896103896104,3978,https://lm-api-reads.fantasy.espn.com/apis/v3/games/fba/seasons/2027/segments/0/leaguedefaults/1?view=kona_player_info,9f5a8f4a339eb48efbc35de132b41c4614525f66f8f5637dcb1b46fa4cba772a,2026-10-07T01:21:54.381563+00:00,102027,,0.484,0.86,2225.3,1355.0,231.0,293.0,62.0,23.0,55.0,481.0,993.0,338.0,393.0
Dean Wade,PHI,PF,58.0,21.5,5.551724137931035,4.103448275862069,1.206896551724138,0.7068965517241379,0.39655172413793105,1.3275862068965518,1.9137931034482758,4.5,0.39655172413793105,0.603448275862069,3912848,https://lm-api-reads.fantasy.espn.com/apis/v3/games/fba/seasons/2027/segments/0/leaguedefaults/1?view=kona_player_info,9f5a8f4a339eb48efbc35de132b41c4614525f66f8f5637dcb1b46fa4cba772a,2026-10-07T01:21:54.381563+00:00,102027,,0.424,0.675,1247.0,322.0,238.0,70.0,41.0,23.0,77.0,111.0,261.0,23.0,35.0
Deandre Ayton,WSH,C,64.0,23.8,11.46875,7.59375,1.0,0.59375,0.703125,0.03125,5.234375,8.59375,0.96875,1.40625,4278129,https://lm-api-reads.fantasy.espn.com/apis/v3/games/fba/seasons/2027/segments/0/leaguedefaults/1?view=kona_player_info,9f5a8f4a339eb48efbc35de132b41c4614525f66f8f5637dcb1b46fa4cba772a,2026-10-07T01:21:54.381563+00:00,102027,,0.609,0.692,1523.2,734.0,486.0,64.0,38.0,45.0,2.0,335.0,550.0,62.0,90.0
Dejounte Murray,NO,"PG,SG",68.0,32.4,19.529411764705884,5.397058823529412,6.397058823529412,1.5,0.29411764705882354,2.088235294117647,7.382352941176471,16.5,2.676470588235294,3.2941176470588234,3907497,https://lm-api-reads.fantasy.espn.com/apis/v3/games/fba/seasons/2027/segments/0/leaguedefaults/1?view=kona_player_info,9f5a8f4a339eb48efbc35de132b41c4614525f66f8f5637dcb1b46fa4cba772a,2026-10-07T01:21:54.381563+00:00,102027,,0.447,0.812,2203.2,1328.0,367.0,435.0,102.0,20.0,142.0,502.0,1122.0,182.0,224.0
Deni Avdija,POR,"SF,PF",72.0,33.7,23.02777777777778,7.194444444444445,6.305555555555555,0.8055555555555556,0.5972222222222222,1.8611111111111112,7.236111111111111,15.5,6.694444444444445,8.402777777777779,4683021,https://lm-api-reads.fantasy.espn.com/apis/v3/games/fba/seasons/2027/segments/0/leaguedefaults/1?view=kona_player_info,9f5a8f4a339eb48efbc35de132b41c4614525f66f8f5637dcb1b46fa4cba772a,2026-10-07T01:21:54.381563+00:00,102027,,0.467,0.797,2426.4,1658.0,518.0,454.0,58.0,43.0,134.0,521.0,1116.0,482.0,605.0
Dennis Schroder,CHA,PG,72.0,24.700000000000003,11.166666666666666,2.5,4.902777777777778,0.6944444444444444,0.19444444444444445,1.3333333333333333,3.875,9.305555555555555,2.0833333333333335,2.5,3032979,https://lm-api-reads.fantasy.espn.com/apis/v3/games/fba/seasons/2027/segments/0/leaguedefaults/1?view=kona_player_info,9f5a8f4a339eb48efbc35de132b41c4614525f66f8f5637dcb1b46fa4cba772a,2026-10-07T01:21:54.381563+00:00,102027,,0.416,0.836,1778.4,804.0,180.0,353.0,50.0,14.0,96.0,279.0,670.0,150.0,180.0
Dereck Lively II,DAL,C,65.0,23.6,8.846153846153847,7.2,1.6,0.6,1.5076923076923077,0.0,3.9384615384615387,5.4,0.9692307692307692,1.7076923076923076,4683688,https://lm-api-reads.fantasy.espn.com/apis/v3/games/fba/seasons/2027/segments/0/leaguedefaults/1?view=kona_player_info,9f5a8f4a339eb48efbc35de132b41c4614525f66f8f5637dcb1b46fa4cba772a,2026-10-07T01:21:54.381563+00:00,102027,17,0.729,0.566,1534.0,575.0,468.0,104.0,39.0,98.0,0.0,256.0,351.0,63.0,111.0
Derik Queen,NO,"PF,C",76.0,26.400000000000002,12.342105263157896,7.394736842105263,3.8947368421052633,1.105263157894737,1.0,0.2894736842105263,4.592105263157895,9.697368421052632,2.8684210526315788,3.6052631578947367,4869780,https://lm-api-reads.fantasy.espn.com/apis/v3/games/fba/seasons/2027/segments/0/leaguedefaults/1?view=kona_player_info,9f5a8f4a339eb48efbc35de132b41c4614525f66f8f5637dcb1b46fa4cba772a,2026-10-07T01:21:54.381563+00:00,102027,,0.473,0.795,2006.4,938.0,562.0,296.0,84.0,76.0,22.0,349.0,737.0,218.0,274.0
Derrick Jones Jr.,LAC,"SF,PF",68.0,25.400000000000002,9.705882352941176,3.3970588235294117,1.1029411764705883,0.8970588235294118,0.7941176470588235,1.0588235294117647,3.661764705882353,7.294117647058823,1.3235294117647058,1.7941176470588236,3936099,https://lm-api-reads.fantasy.espn.com/apis/v3/games/fba/seasons/2027/segments/0/leaguedefaults/1?view=kona_player_info,9f5a8f4a339eb48efbc35de132b41c4614525f66f8f5637dcb1b46fa4cba772a,2026-10-07T01:21:54.381563+00:00,102027,,0.502,0.737,1727.2,660.0,231.0,75.0,61.0,54.0,72.0,249.0,496.0,90.0,122.0
Derrick White,BOS,"PG,SG",77.0,34.3,16.558441558441558,4.5064935064935066,5.298701298701299,1.103896103896104,1.1948051948051948,2.857142857142857,5.688311688311688,14.194805194805195,2.324675324675325,2.5974025974025974,3078576,https://lm-api-reads.fantasy.espn.com/apis/v3/games/fba/seasons/2027/segments/0/leaguedefaults/1?view=kona_player_info,9f5a8f4a339eb48efbc35de132b41c4614525f66f8f5637dcb1b46fa4cba772a,2026-10-07T01:21:54.381563+00:00,102027,,0.401,0.894,2641.1,1275.0,347.0,408.0,85.0,92.0,220.0,438.0,1093.0,179.0,200.0
Desmond Bane,ORL,"SG,SF",72.0,33.7,20.680555555555557,4.805555555555555,4.805555555555555,1.0972222222222223,0.5,2.375,7.444444444444445,15.5,3.4166666666666665,3.8055555555555554,4066320,https://lm-api-reads.fantasy.espn.com/apis/v3/games/fba/seasons/2027/segments/0/leaguedefaults/1?view=kona_player_info,9f5a8f4a339eb48efbc35de132b41c4614525f66f8f5637dcb1b46fa4cba772a,2026-10-07T01:21:54.381563+00:00,102027,,0.48,0.898,2426.4,1489.0,346.0,346.0,79.0,36.0,171.0,536.0,1116.0,246.0,274.0
Devin Booker,PHX,"PG,SG",72.0,35.8,26.458333333333332,4.194444444444445,6.694444444444445,0.9027777777777778,0.3055555555555556,2.2083333333333335,8.944444444444445,19.09722222222222,6.361111111111111,7.194444444444445,3136193,https://lm-api-reads.fantasy.espn.com/apis/v3/games/fba/seasons/2027/segments/0/leaguedefaults/1?view=kona_player_info,9f5a8f4a339eb48efbc35de132b41c4614525f66f8f5637dcb1b46fa4cba772a,2026-10-07T01:21:54.381563+00:00,102027,,0.468,0.883,2577.6,1905.0,302.0,482.0,65.0,22.0,159.0,644.0,1375.0,458.0,518.0
Devin Vassell,SA,"SG,SF",69.0,27.5,14.304347826086957,3.5072463768115942,2.6956521739130435,0.8985507246376812,0.4057971014492754,2.1449275362318843,5.27536231884058,11.695652173913043,1.608695652173913,2.0,4395630,https://lm-api-reads.fantasy.espn.com/apis/v3/games/fba/seasons/2027/segments/0/leaguedefaults/1?view=kona_player_info,9f5a8f4a339eb48efbc35de132b41c4614525f66f8f5637dcb1b46fa4cba772a,2026-10-07T01:21:54.381563+00:00,102027,,0.451,0.804,1897.5,987.0,242.0,186.0,62.0,28.0,148.0,364.0,807.0,111.0,138.0
Dillon Brooks,PHX,"SG,SF",69.0,30.700000000000003,18.579710144927535,3.5942028985507246,1.6956521739130435,1.0,0.2028985507246377,2.2753623188405796,6.855072463768116,15.797101449275363,2.5942028985507246,3.101449275362319,3155526,https://lm-api-reads.fantasy.espn.com/apis/v3/games/fba/seasons/2027/segments/0/leaguedefaults/1?view=kona_player_info,9f5a8f4a339eb48efbc35de132b41c4614525f66f8f5637dcb1b46fa4cba772a,2026-10-07T01:21:54.381563+00:00,102027,,0.434,0.839,2118.3,1282.0,248.0,117.0,69.0,14.0,157.0,473.0,1090.0,179.0,214.0
Domantas Sabonis,SAC,"PF,C",69.0,34.8,18.942028985507246,13.594202898550725,6.797101449275362,0.7971014492753623,0.5072463768115942,0.5942028985507246,7.507246376811594,12.797101449275363,3.3333333333333335,4.594202898550725,3155942,https://lm-api-reads.fantasy.espn.com/apis/v3/games/fba/seasons/2027/segments/0/leaguedefaults/1?view=kona_player_info,9f5a8f4a339eb48efbc35de132b41c4614525f66f8f5637dcb1b46fa4cba772a,2026-10-07T01:21:54.381563+00:00,102027,,0.586,0.725,2401.2,1307.0,938.0,469.0,55.0,35.0,41.0,518.0,883.0,230.0,317.0
Donovan Clingan,POR,C,73.0,26.2,11.438356164383562,11.095890410958905,2.0,0.6027397260273972,1.6986301369863013,0.9863013698630136,4.383561643835616,8.397260273972602,1.6849315068493151,2.506849315068493,5105565,https://lm-api-reads.fantasy.espn.com/apis/v3/games/fba/seasons/2027/segments/0/leaguedefaults/1?view=kona_player_info,9f5a8f4a339eb48efbc35de132b41c4614525f66f8f5637dcb1b46fa4cba772a,2026-10-07T01:21:54.381563+00:00,102027,,0.522,0.673,1912.6,835.0,810.0,146.0,44.0,124.0,72.0,320.0,613.0,123.0,183.0
Donovan Mitchell,CLE,"PG,SG",71.0,33.9,26.788732394366196,4.802816901408451,5.704225352112676,1.6056338028169015,0.29577464788732394,3.323943661971831,9.253521126760564,19.901408450704224,4.957746478873239,5.802816901408451,3908809,https://lm-api-reads.fantasy.espn.com/apis/v3/games/fba/seasons/2027/segments/0/leaguedefaults/1?view=kona_player_info,9f5a8f4a339eb48efbc35de132b41c4614525f66f8f5637dcb1b46fa4cba772a,2026-10-07T01:21:54.381563+00:00,102027,,0.465,0.854,2406.9,1902.0,341.0,405.0,114.0,21.0,236.0,657.0,1413.0,352.0,412.0
Donte DiVincenzo,MIN,"PG,SG",4.0,24.1,10.25,3.25,3.0,1.0,0.25,2.5,3.5,8.25,0.75,1.0,3934673,https://lm-api-reads.fantasy.espn.com/apis/v3/games/fba/seasons/2027/segments/0/leaguedefaults/1?view=kona_player_info,9f5a8f4a339eb48efbc35de132b41c4614525f66f8f5637dcb1b46fa4cba772a,2026-10-07T01:21:54.381563+00:00,102027,,0.41,0.747,96.4,41.0,13.0,12.0,4.0,1.0,10.0,14.0,33.0,3.0,4.0
Dorian Finney-Smith,ATL,PF,64.0,18.1,4.328125,2.703125,1.0,0.5,0.203125,0.96875,1.5625,4.09375,0.234375,0.296875,2578185,https://lm-api-reads.fantasy.espn.com/apis/v3/games/fba/seasons/2027/segments/0/leaguedefaults/1?view=kona_player_info,9f5a8f4a339eb48efbc35de132b41c4614525f66f8f5637dcb1b46fa4cba772a,2026-10-07T01:21:54.381563+00:00,102027,,0.383,0.772,1158.4,277.0,173.0,64.0,32.0,13.0,62.0,100.0,262.0,15.0,19.0
Draymond Green,GS,"PF,C",64.0,27.9,8.6875,6.09375,5.703125,1.09375,0.796875,1.25,3.15625,7.203125,1.125,1.59375,6589,https://lm-api-reads.fantasy.espn.com/apis/v3/games/fba/seasons/2027/segments/0/leaguedefaults/1?view=kona_player_info,9f5a8f4a339eb48efbc35de132b41c4614525f66f8f5637dcb1b46fa4cba772a,2026-10-07T01:21:54.381563+00:00,102027,,0.439,0.702,1785.6,556.0,390.0,365.0,70.0,51.0,80.0,202.0,461.0,72.0,102.0
Duncan Robinson,DET,"SG,SF",76.0,26.2,11.697368421052632,2.5,2.1052631578947367,0.6052631578947368,0.19736842105263158,2.723684210526316,3.986842105263158,8.802631578947368,1.0,1.3026315789473684,3157465,https://lm-api-reads.fantasy.espn.com/apis/v3/games/fba/seasons/2027/segments/0/leaguedefaults/1?view=kona_player_info,9f5a8f4a339eb48efbc35de132b41c4614525f66f8f5637dcb1b46fa4cba772a,2026-10-07T01:21:54.381563+00:00,102027,,0.453,0.771,1991.2,889.0,190.0,160.0,46.0,15.0,207.0,303.0,669.0,76.0,99.0
Dylan Harper,SA,"PG,SG",72.0,29.299999999999997,15.208333333333334,4.402777777777778,5.0,1.0,0.5,1.125,6.208333333333333,12.305555555555555,1.6666666666666667,2.1944444444444446,5037871,https://lm-api-reads.fantasy.espn.com/apis/v3/games/fba/seasons/2027/segments/0/leaguedefaults/1?view=kona_player_info,9f5a8f4a339eb48efbc35de132b41c4614525f66f8f5637dcb1b46fa4cba772a,2026-10-07T01:21:54.381563+00:00,102027,,0.505,0.756,2109.6,1095.0,317.0,360.0,72.0,36.0,81.0,447.0,886.0,120.0,158.0
Dyson Daniels,ATL,"PG,SG",75.0,32.4,11.733333333333333,6.506666666666667,5.6,2.0,0.4,0.37333333333333335,5.1866666666666665,10.106666666666667,0.9866666666666667,1.6,4869342,https://lm-api-reads.fantasy.espn.com/apis/v3/games/fba/seasons/2027/segments/0/leaguedefaults/1?view=kona_player_info,9f5a8f4a339eb48efbc35de132b41c4614525f66f8f5637dcb1b46fa4cba772a,2026-10-07T01:21:54.381563+00:00,102027,,0.513,0.613,2430.0,880.0,488.0,420.0,150.0,30.0,28.0,389.0,758.0,74.0,120.0
Egor Demin,BKN,"PG,SG",71.0,32.300000000000004,13.253521126760564,4.098591549295775,4.295774647887324,1.0,0.39436619718309857,3.084507042253521,4.422535211267606,11.098591549295774,1.323943661971831,1.6056338028169015,5175643,https://lm-api-reads.fantasy.espn.com/apis/v3/games/fba/seasons/2027/segments/0/leaguedefaults/1?view=kona_player_info,9f5a8f4a339eb48efbc35de132b41c4614525f66f8f5637dcb1b46fa4cba772a,2026-10-07T01:21:54.381563+00:00,102027,,0.399,0.831,2293.3,941.0,291.0,305.0,71.0,28.0,219.0,314.0,788.0,94.0,114.0
Evan Mobley,CLE,"PF,C",66.0,33.300000000000004,18.924242424242426,9.803030303030303,3.606060606060606,0.8939393939393939,1.696969696969697,0.9696969696969697,7.46969696969697,13.393939393939394,3.015151515151515,4.5,4432158,https://lm-api-reads.fantasy.espn.com/apis/v3/games/fba/seasons/2027/segments/0/leaguedefaults/1?view=kona_player_info,9f5a8f4a339eb48efbc35de132b41c4614525f66f8f5637dcb1b46fa4cba772a,2026-10-07T01:21:54.381563+00:00,102027,,0.557,0.67,2197.8,1249.0,647.0,238.0,59.0,112.0,64.0,493.0,884.0,199.0,297.0
Franz Wagner,ORL,"SF,PF",66.0,34.0,22.545454545454547,5.696969696969697,4.196969696969697,1.196969696969697,0.3939393939393939,1.5606060606060606,8.242424242424242,17.393939393939394,4.5,5.303030303030303,4566434,https://lm-api-reads.fantasy.espn.com/apis/v3/games/fba/seasons/2027/segments/0/leaguedefaults/1?view=kona_player_info,9f5a8f4a339eb48efbc35de132b41c4614525f66f8f5637dcb1b46fa4cba772a,2026-10-07T01:21:54.381563+00:00,102027,,0.474,0.849,2244.0,1488.0,376.0,277.0,79.0,26.0,103.0,544.0,1148.0,297.0,350.0
Fred VanVleet,HOU,"PG,SG",68.0,32.199999999999996,13.970588235294118,3.3970588235294117,6.0,1.2941176470588236,0.5,2.5441176470588234,4.705882352941177,11.897058823529411,2.014705882352941,2.3970588235294117,2991230,https://lm-api-reads.fantasy.espn.com/apis/v3/games/fba/seasons/2027/segments/0/leaguedefaults/1?view=kona_player_info,9f5a8f4a339eb48efbc35de132b41c4614525f66f8f5637dcb1b46fa4cba772a,2026-10-07T01:21:54.381563+00:00,102027,,0.396,0.837,2189.6,950.0,231.0,408.0,88.0,34.0,173.0,320.0,809.0,137.0,163.0
GG Jackson,MEM,PF,69.0,23.0,13.217391304347826,4.507246376811594,1.5072463768115942,0.5942028985507246,0.7971014492753623,1.3043478260869565,4.884057971014493,10.101449275362318,2.1449275362318843,2.898550724637681,5105550,https://lm-api-reads.fantasy.espn.com/apis/v3/games/fba/seasons/2027/segments/0/leaguedefaults/1?view=kona_player_info,9f5a8f4a339eb48efbc35de132b41c4614525f66f8f5637dcb1b46fa4cba772a,2026-10-07T01:21:54.381563+00:00,102027,,0.484,0.742,1587.0,912.0,311.0,104.0,41.0,55.0,90.0,337.0,697.0,148.0,200.0
Gary Harris,FA,SG,48.0,14.5,2.875,1.2916666666666667,1.0,0.6041666666666666,0.20833333333333334,0.625,1.0416666666666667,2.3958333333333335,0.16666666666666666,0.20833333333333334,2999547,https://lm-api-reads.fantasy.espn.com/apis/v3/games/fba/seasons/2027/segments/0/leaguedefaults/1?view=kona_player_info,9f5a8f4a339eb48efbc35de132b41c4614525f66f8f5637dcb1b46fa4cba772a,2026-10-07T01:21:54.381563+00:00,102027,,0.432,0.813,696.0,138.0,62.0,48.0,29.0,10.0,30.0,50.0,115.0,8.0,10.0
Gary Trent Jr.,MIL,"SG,SF",67.0,22.299999999999997,8.925373134328359,1.2985074626865671,1.1940298507462686,0.5970149253731343,0.1044776119402985,2.014925373134328,3.1044776119402986,7.8059701492537314,0.7014925373134329,0.8955223880597015,4277843,https://lm-api-reads.fantasy.espn.com/apis/v3/games/fba/seasons/2027/segments/0/leaguedefaults/1?view=kona_player_info,9f5a8f4a339eb48efbc35de132b41c4614525f66f8f5637dcb1b46fa4cba772a,2026-10-07T01:21:54.381563+00:00,102027,,0.398,0.787,1494.1,598.0,87.0,80.0,40.0,7.0,135.0,208.0,523.0,47.0,60.0
Giannis Antetokounmpo,MIA,"PF,C",67.0,33.599999999999994,32.059701492537314,11.402985074626866,6.298507462686567,1.1044776119402986,0.8059701492537313,0.4925373134328358,12.044776119402986,19.29850746268657,7.477611940298507,11.507462686567164,3032977,https://lm-api-reads.fantasy.espn.com/apis/v3/games/fba/seasons/2027/segments/0/leaguedefaults/1?view=kona_player_info,9f5a8f4a339eb48efbc35de132b41c4614525f66f8f5637dcb1b46fa4cba772a,2026-10-07T01:21:54.381563+00:00,102027,,0.624,0.65,2251.2,2148.0,764.0,422.0,74.0,54.0,33.0,807.0,1293.0,501.0,771.0
Goga Bitadze,ORL,C,65.0,13.3,5.030769230769231,4.3076923076923075,1.2,0.5076923076923077,0.9076923076923077,0.03076923076923077,2.046153846153846,3.1076923076923078,0.9076923076923077,1.3076923076923077,4348700,https://lm-api-reads.fantasy.espn.com/apis/v3/games/fba/seasons/2027/segments/0/leaguedefaults/1?view=kona_player_info,9f5a8f4a339eb48efbc35de132b41c4614525f66f8f5637dcb1b46fa4cba772a,2026-10-07T01:21:54.381563+00:00,102027,,0.659,0.695,864.5,327.0,280.0,78.0,33.0,59.0,2.0,133.0,202.0,59.0,85.0
Gradey Dick,LAC,"SG,SF",72.0,25.799999999999997,11.23611111111111,3.4027777777777777,1.3055555555555556,1.0,0.19444444444444445,1.4861111111111112,3.9583333333333335,9.5,1.8333333333333333,2.0972222222222223,5106258,https://lm-api-reads.fantasy.espn.com/apis/v3/games/fba/seasons/2027/segments/0/leaguedefaults/1?view=kona_player_info,9f5a8f4a339eb48efbc35de132b41c4614525f66f8f5637dcb1b46fa4cba772a,2026-10-07T01:21:54.381563+00:00,102027,,0.417,0.871,1857.6,809.0,245.0,94.0,72.0,14.0,107.0,285.0,684.0,132.0,151.0
Grant Williams,CHA,PF,63.0,19.400000000000002,6.888888888888889,3.6984126984126986,1.507936507936508,0.5079365079365079,0.5079365079365079,1.3492063492063493,2.2063492063492065,5.095238095238095,1.126984126984127,1.3968253968253967,4066218,https://lm-api-reads.fantasy.espn.com/apis/v3/games/fba/seasons/2027/segments/0/leaguedefaults/1?view=kona_player_info,9f5a8f4a339eb48efbc35de132b41c4614525f66f8f5637dcb1b46fa4cba772a,2026-10-07T01:21:54.381563+00:00,102027,,0.432,0.81,1222.2,434.0,233.0,95.0,32.0,32.0,85.0,139.0,321.0,71.0,88.0
Grayson Allen,CHA,"PG,SG",63.0,26.099999999999998,14.047619047619047,2.9047619047619047,3.2063492063492065,1.0952380952380953,0.30158730158730157,2.7301587301587302,4.507936507936508,10.904761904761905,2.3015873015873014,2.6984126984126986,3135045,https://lm-api-reads.fantasy.espn.com/apis/v3/games/fba/seasons/2027/segments/0/leaguedefaults/1?view=kona_player_info,9f5a8f4a339eb48efbc35de132b41c4614525f66f8f5637dcb1b46fa4cba772a,2026-10-07T01:21:54.381563+00:00,102027,,0.413,0.854,1644.3,885.0,183.0,202.0,69.0,19.0,172.0,284.0,687.0,145.0,170.0
Gui Santos,GS,SF,66.0,23.900000000000002,7.393939393939394,5.393939393939394,2.393939393939394,0.803030303030303,0.30303030303030304,1.0757575757575757,2.6515151515151514,5.696969696969697,1.0151515151515151,1.393939393939394,4997536,https://lm-api-reads.fantasy.espn.com/apis/v3/games/fba/seasons/2027/segments/0/leaguedefaults/1?view=kona_player_info,9f5a8f4a339eb48efbc35de132b41c4614525f66f8f5637dcb1b46fa4cba772a,2026-10-07T01:21:54.381563+00:00,102027,,0.464,0.728,1577.4,488.0,356.0,158.0,53.0,20.0,71.0,175.0,376.0,67.0,92.0
Hannes Steinbach,CHA,PF,71.0,17.900000000000002,7.070422535211268,4.098591549295775,1.0985915492957747,0.704225352112676,0.9014084507042254,0.19718309859154928,2.788732394366197,5.901408450704225,1.295774647887324,1.704225352112676,5281370,https://lm-api-reads.fantasy.espn.com/apis/v3/games/fba/seasons/2027/segments/0/leaguedefaults/1?view=kona_player_info,9f5a8f4a339eb48efbc35de132b41c4614525f66f8f5637dcb1b46fa4cba772a,2026-10-07T01:21:54.381563+00:00,102027,,0.472,0.761,1270.9,502.0,291.0,78.0,50.0,64.0,14.0,198.0,419.0,92.0,121.0
Harrison Barnes,SA,"SF,PF",80.0,20.5,8.65,2.4,1.2,0.5,0.1,1.4,2.975,6.2,1.3,1.6,6578,https://lm-api-reads.fantasy.espn.com/apis/v3/games/fba/seasons/2027/segments/0/leaguedefaults/1?view=kona_player_info,9f5a8f4a339eb48efbc35de132b41c4614525f66f8f5637dcb1b46fa4cba772a,2026-10-07T01:21:54.381563+00:00,102027,,0.479,0.812,1640.0,692.0,192.0,96.0,40.0,8.0,112.0,238.0,496.0,104.0,128.0
Herbert Jones,NO,"SF,PF",63.0,27.099999999999998,8.619047619047619,3.2063492063492065,2.6031746031746033,1.507936507936508,0.5079365079365079,1.3174603174603174,3.1587301587301586,8.0,0.9841269841269841,1.2063492063492063,4277813,https://lm-api-reads.fantasy.espn.com/apis/v3/games/fba/seasons/2027/segments/0/leaguedefaults/1?view=kona_player_info,9f5a8f4a339eb48efbc35de132b41c4614525f66f8f5637dcb1b46fa4cba772a,2026-10-07T01:21:54.381563+00:00,102027,,0.394,0.816,1707.3,543.0,202.0,164.0,95.0,32.0,83.0,199.0,504.0,62.0,76.0
Hugo Gonzalez,BOS,SF,74.0,21.7,5.77027027027027,4.905405405405405,0.7972972972972973,0.7972972972972973,0.40540540540540543,0.8378378378378378,2.3378378378378377,4.905405405405405,0.25675675675675674,0.5,5175647,https://lm-api-reads.fantasy.espn.com/apis/v3/games/fba/seasons/2027/segments/0/leaguedefaults/1?view=kona_player_info,9f5a8f4a339eb48efbc35de132b41c4614525f66f8f5637dcb1b46fa4cba772a,2026-10-07T01:21:54.381563+00:00,102027,,0.476,0.5,1605.8,427.0,363.0,59.0,59.0,30.0,62.0,173.0,363.0,19.0,37.0
Immanuel Quickley,TOR,"PG,SG",65.0,31.4,17.046153846153846,4.0,5.8,1.1076923076923078,0.1076923076923077,2.6153846153846154,5.8307692307692305,13.307692307692308,2.769230769230769,3.3076923076923075,4395724,https://lm-api-reads.fantasy.espn.com/apis/v3/games/fba/seasons/2027/segments/0/leaguedefaults/1?view=kona_player_info,9f5a8f4a339eb48efbc35de132b41c4614525f66f8f5637dcb1b46fa4cba772a,2026-10-07T01:21:54.381563+00:00,102027,,0.438,0.837,2041.0,1108.0,260.0,377.0,72.0,7.0,170.0,379.0,865.0,180.0,215.0
Isaac Okoro,CHI,"SG,SF",68.0,21.599999999999998,7.382352941176471,2.2941176470588234,1.2941176470588236,0.6029411764705882,0.39705882352941174,0.9411764705882353,2.676470588235294,5.794117647058823,1.088235294117647,1.3970588235294117,4432822,https://lm-api-reads.fantasy.espn.com/apis/v3/games/fba/seasons/2027/segments/0/leaguedefaults/1?view=kona_player_info,9f5a8f4a339eb48efbc35de132b41c4614525f66f8f5637dcb1b46fa4cba772a,2026-10-07T01:21:54.381563+00:00,102027,,0.462,0.782,1468.8,502.0,156.0,88.0,41.0,27.0,64.0,182.0,394.0,74.0,95.0
Isaiah Collier,UTAH,PG,67.0,22.700000000000003,9.850746268656716,2.4029850746268657,6.1940298507462686,1.0,0.29850746268656714,0.417910447761194,3.671641791044776,7.597014925373134,2.08955223880597,2.8955223880597014,4683766,https://lm-api-reads.fantasy.espn.com/apis/v3/games/fba/seasons/2027/segments/0/leaguedefaults/1?view=kona_player_info,9f5a8f4a339eb48efbc35de132b41c4614525f66f8f5637dcb1b46fa4cba772a,2026-10-07T01:21:54.381563+00:00,102027,,0.483,0.718,1520.9,660.0,161.0,415.0,67.0,20.0,28.0,246.0,509.0,140.0,194.0
Isaiah Hartenstein,OKC,C,64.0,25.0,9.46875,9.59375,3.5,1.0,0.796875,0.0,4.046875,6.59375,1.375,2.203125,4222252,https://lm-api-reads.fantasy.espn.com/apis/v3/games/fba/seasons/2027/segments/0/leaguedefaults/1?view=kona_player_info,9f5a8f4a339eb48efbc35de132b41c4614525f66f8f5637dcb1b46fa4cba772a,2026-10-07T01:21:54.381563+00:00,102027,17,0.614,0.627,1600.0,606.0,614.0,224.0,64.0,51.0,0.0,259.0,422.0,88.0,141.0
Isaiah Jackson,LAC,"PF,C",67.0,18.4,7.552238805970149,5.895522388059701,1.1044776119402986,0.7014925373134329,1.0,0.0,3.0597014925373136,4.8059701492537314,1.4328358208955223,2.1940298507462686,4432170,https://lm-api-reads.fantasy.espn.com/apis/v3/games/fba/seasons/2027/segments/0/leaguedefaults/1?view=kona_player_info,9f5a8f4a339eb48efbc35de132b41c4614525f66f8f5637dcb1b46fa4cba772a,2026-10-07T01:21:54.381563+00:00,102027,17,0.638,0.648,1232.8,506.0,395.0,74.0,47.0,67.0,0.0,205.0,322.0,96.0,147.0
Isaiah Joe,DET,SG,72.0,21.1,10.75,2.5,1.4027777777777777,0.6944444444444444,0.19444444444444445,2.5277777777777777,3.4444444444444446,7.597222222222222,1.3333333333333333,1.5,4395702,https://lm-api-reads.fantasy.espn.com/apis/v3/games/fba/seasons/2027/segments/0/leaguedefaults/1?view=kona_player_info,9f5a8f4a339eb48efbc35de132b41c4614525f66f8f5637dcb1b46fa4cba772a,2026-10-07T01:21:54.381563+00:00,102027,,0.453,0.888,1519.2,774.0,180.0,101.0,50.0,14.0,182.0,248.0,547.0,96.0,108.0
Isaiah Stewart,MEM,"PF,C",69.0,24.7,10.333333333333334,5.695652173913044,1.4057971014492754,0.30434782608695654,1.6956521739130435,0.7101449275362319,3.9420289855072466,7.202898550724638,1.7391304347826086,2.3043478260869565,4432810,https://lm-api-reads.fantasy.espn.com/apis/v3/games/fba/seasons/2027/segments/0/leaguedefaults/1?view=kona_player_info,9f5a8f4a339eb48efbc35de132b41c4614525f66f8f5637dcb1b46fa4cba772a,2026-10-07T01:21:54.381563+00:00,102027,,0.548,0.756,1704.3,713.0,393.0,97.0,21.0,117.0,49.0,272.0,497.0,120.0,159.0
Ivica Zubac,IND,C,69.0,30.0,14.289855072463768,10.898550724637682,2.101449275362319,0.5072463768115942,1.1014492753623188,0.0,6.173913043478261,9.898550724637682,1.9420289855072463,2.7971014492753623,4017837,https://lm-api-reads.fantasy.espn.com/apis/v3/games/fba/seasons/2027/segments/0/leaguedefaults/1?view=kona_player_info,9f5a8f4a339eb48efbc35de132b41c4614525f66f8f5637dcb1b46fa4cba772a,2026-10-07T01:21:54.381563+00:00,102027,17,0.624,0.694,2070.0,986.0,752.0,145.0,35.0,76.0,0.0,426.0,683.0,134.0,193.0
Ja Morant,POR,PG,65.0,28.6,21.015384615384615,3.8,7.2,1.0,0.3076923076923077,1.4307692307692308,7.2615384615384615,16.4,5.061538461538461,6.0,4279888,https://lm-api-reads.fantasy.espn.com/apis/v3/games/fba/seasons/2027/segments/0/leaguedefaults/1?view=kona_player_info,9f5a8f4a339eb48efbc35de132b41c4614525f66f8f5637dcb1b46fa4cba772a,2026-10-07T01:21:54.381563+00:00,102027,,0.443,0.844,1859.0,1366.0,247.0,468.0,65.0,20.0,93.0,472.0,1066.0,329.0,390.0
Ja'Kobe Walter,TOR,SG,69.0,21.6,8.028985507246377,2.7971014492753623,1.3043478260869565,1.0,0.2028985507246377,1.565217391304348,2.681159420289855,6.101449275362318,1.1014492753623188,1.4057971014492754,4684272,https://lm-api-reads.fantasy.espn.com/apis/v3/games/fba/seasons/2027/segments/0/leaguedefaults/1?view=kona_player_info,9f5a8f4a339eb48efbc35de132b41c4614525f66f8f5637dcb1b46fa4cba772a,2026-10-07T01:21:54.381563+00:00,102027,,0.44,0.79,1490.4,554.0,193.0,90.0,69.0,14.0,108.0,185.0,421.0,76.0,97.0
Jabari Smith Jr.,HOU,"PF,C",73.0,32.1,14.136986301369863,6.794520547945205,1.6027397260273972,0.6027397260273972,0.7945205479452054,2.0273972602739727,5.068493150684931,11.301369863013699,1.9726027397260273,2.506849315068493,4432639,https://lm-api-reads.fantasy.espn.com/apis/v3/games/fba/seasons/2027/segments/0/leaguedefaults/1?view=kona_player_info,9f5a8f4a339eb48efbc35de132b41c4614525f66f8f5637dcb1b46fa4cba772a,2026-10-07T01:21:54.381563+00:00,102027,,0.449,0.789,2343.3,1032.0,496.0,117.0,44.0,58.0,148.0,370.0,825.0,144.0,183.0
Jaden Hardy,LAL,SG,60.0,15.3,8.566666666666666,1.6,1.2,0.3,0.1,1.5166666666666666,3.05,7.2,0.95,1.3,4868423,https://lm-api-reads.fantasy.espn.com/apis/v3/games/fba/seasons/2027/segments/0/leaguedefaults/1?view=kona_player_info,9f5a8f4a339eb48efbc35de132b41c4614525f66f8f5637dcb1b46fa4cba772a,2026-10-07T01:21:54.381563+00:00,102027,,0.423,0.73,918.0,514.0,96.0,72.0,18.0,6.0,91.0,183.0,432.0,57.0,78.0
Jaden McDaniels,MIN,"SF,PF",74.0,31.700000000000003,14.175675675675675,4.405405405405405,2.5,1.0945945945945945,1.0,1.3783783783783783,5.486486486486487,10.797297297297296,1.8243243243243243,2.2027027027027026,4431671,https://lm-api-reads.fantasy.espn.com/apis/v3/games/fba/seasons/2027/segments/0/leaguedefaults/1?view=kona_player_info,9f5a8f4a339eb48efbc35de132b41c4614525f66f8f5637dcb1b46fa4cba772a,2026-10-07T01:21:54.381563+00:00,102027,,0.508,0.83,2345.8,1049.0,326.0,185.0,81.0,74.0,102.0,406.0,799.0,135.0,163.0
Jae'Sean Tate,HOU,SF,54.0,12.1,3.5,2.2962962962962963,0.7962962962962963,0.5,0.09259259259259259,0.2777777777777778,1.4074074074074074,2.9074074074074074,0.4074074074074074,0.5925925925925926,3136777,https://lm-api-reads.fantasy.espn.com/apis/v3/games/fba/seasons/2027/segments/0/leaguedefaults/1?view=kona_player_info,9f5a8f4a339eb48efbc35de132b41c4614525f66f8f5637dcb1b46fa4cba772a,2026-10-07T01:21:54.381563+00:00,102027,,0.484,0.669,653.4,189.0,124.0,43.0,27.0,5.0,15.0,76.0,157.0,22.0,32.0
Jaime Jaquez Jr.,MIL,"SG,SF",74.0,27.3,14.364864864864865,4.905405405405405,4.297297297297297,0.7027027027027027,0.2972972972972973,0.7567567567567568,5.72972972972973,11.405405405405405,2.1486486486486487,2.7972972972972974,4432848,https://lm-api-reads.fantasy.espn.com/apis/v3/games/fba/seasons/2027/segments/0/leaguedefaults/1?view=kona_player_info,9f5a8f4a339eb48efbc35de132b41c4614525f66f8f5637dcb1b46fa4cba772a,2026-10-07T01:21:54.381563+00:00,102027,,0.503,0.769,2020.2,1063.0,363.0,318.0,52.0,22.0,56.0,424.0,844.0,159.0,207.0
Jake LaRavia,LAL,"SF,PF",77.0,29.200000000000003,9.64935064935065,4.701298701298701,2.1948051948051948,1.4025974025974026,0.5064935064935064,1.12987012987013,3.4285714285714284,7.5064935064935066,1.6623376623376624,2.1948051948051948,4592691,https://lm-api-reads.fantasy.espn.com/apis/v3/games/fba/seasons/2027/segments/0/leaguedefaults/1?view=kona_player_info,9f5a8f4a339eb48efbc35de132b41c4614525f66f8f5637dcb1b46fa4cba772a,2026-10-07T01:21:54.381563+00:00,102027,,0.458,0.755,2248.4,743.0,362.0,169.0,108.0,39.0,87.0,264.0,578.0,128.0,169.0
Jakob Poeltl,TOR,C,66.0,27.0,12.045454545454545,8.393939393939394,2.393939393939394,0.8939393939393939,1.106060606060606,0.0,5.318181818181818,8.106060606060606,1.4090909090909092,2.303030303030303,3134908,https://lm-api-reads.fantasy.espn.com/apis/v3/games/fba/seasons/2027/segments/0/leaguedefaults/1?view=kona_player_info,9f5a8f4a339eb48efbc35de132b41c4614525f66f8f5637dcb1b46fa4cba772a,2026-10-07T01:21:54.381563+00:00,102027,17,0.657,0.615,1782.0,795.0,554.0,158.0,59.0,73.0,0.0,351.0,535.0,93.0,152.0
Jalen Brunson,NY,PG,72.0,35.3,26.916666666666668,3.3055555555555554,6.902777777777778,0.9027777777777778,0.09722222222222222,2.611111111111111,9.51388888888889,20.0,5.277777777777778,6.305555555555555,3934672,https://lm-api-reads.fantasy.espn.com/apis/v3/games/fba/seasons/2027/segments/0/leaguedefaults/1?view=kona_player_info,9f5a8f4a339eb48efbc35de132b41c4614525f66f8f5637dcb1b46fa4cba772a,2026-10-07T01:21:54.381563+00:00,102027,,0.476,0.837,2541.6,1938.0,238.0,497.0,65.0,7.0,188.0,685.0,1440.0,380.0,454.0
Jalen Duren,DET,C,72.0,31.0,20.25,11.694444444444445,2.3055555555555554,0.9027777777777778,1.0,0.0,7.791666666666667,11.902777777777779,4.666666666666667,6.305555555555555,4433621,https://lm-api-reads.fantasy.espn.com/apis/v3/games/fba/seasons/2027/segments/0/leaguedefaults/1?view=kona_player_info,9f5a8f4a339eb48efbc35de132b41c4614525f66f8f5637dcb1b46fa4cba772a,2026-10-07T01:21:54.381563+00:00,102027,17,0.655,0.74,2232.0,1458.0,842.0,166.0,65.0,72.0,0.0,561.0,857.0,336.0,454.0
Jalen Green,PHX,"SG,SF",64.0,32.4,21.40625,4.59375,3.5,1.09375,0.296875,2.75,7.890625,18.703125,2.875,3.703125,4437244,https://lm-api-reads.fantasy.espn.com/apis/v3/games/fba/seasons/2027/segments/0/leaguedefaults/1?view=kona_player_info,9f5a8f4a339eb48efbc35de132b41c4614525f66f8f5637dcb1b46fa4cba772a,2026-10-07T01:21:54.381563+00:00,102027,,0.422,0.778,2073.6,1370.0,294.0,224.0,70.0,19.0,176.0,505.0,1197.0,184.0,237.0
Jalen Johnson,ATL,PF,72.0,36.7,22.98611111111111,10.597222222222221,7.902777777777778,1.3055555555555556,0.5,1.6805555555555556,8.569444444444445,17.5,4.166666666666667,5.305555555555555,4701230,https://lm-api-reads.fantasy.espn.com/apis/v3/games/fba/seasons/2027/segments/0/leaguedefaults/1?view=kona_player_info,9f5a8f4a339eb48efbc35de132b41c4614525f66f8f5637dcb1b46fa4cba772a,2026-10-07T01:21:54.381563+00:00,102027,,0.49,0.785,2642.4,1655.0,763.0,569.0,94.0,36.0,121.0,617.0,1260.0,300.0,382.0
Jalen Pickett,LAC,"PG,SG",49.0,11.3,3.5510204081632653,1.510204081632653,1.5918367346938775,0.20408163265306123,0.10204081632653061,0.6938775510204082,1.346938775510204,3.204081632653061,0.16326530612244897,0.20408163265306123,4398390,https://lm-api-reads.fantasy.espn.com/apis/v3/games/fba/seasons/2027/segments/0/leaguedefaults/1?view=kona_player_info,9f5a8f4a339eb48efbc35de132b41c4614525f66f8f5637dcb1b46fa4cba772a,2026-10-07T01:21:54.381563+00:00,102027,,0.423,0.786,553.7,174.0,74.0,78.0,10.0,5.0,34.0,66.0,157.0,8.0,10.0
Jalen Smith,CHI,"PF,C",66.0,19.5,9.787878787878787,6.393939393939394,1.196969696969697,0.3939393939393939,0.803030303030303,1.4242424242424243,3.5454545454545454,7.303030303030303,1.2727272727272727,1.696969696969697,4397189,https://lm-api-reads.fantasy.espn.com/apis/v3/games/fba/seasons/2027/segments/0/leaguedefaults/1?view=kona_player_info,9f5a8f4a339eb48efbc35de132b41c4614525f66f8f5637dcb1b46fa4cba772a,2026-10-07T01:21:54.381563+00:00,102027,,0.485,0.749,1287.0,646.0,422.0,79.0,26.0,53.0,94.0,234.0,482.0,84.0,112.0
Jalen Suggs,ORL,"PG,SG",62.0,26.299999999999997,13.209677419354838,3.403225806451613,4.0,1.5,0.6935483870967742,2.0,4.693548387096774,10.693548387096774,1.8225806451612903,2.193548387096774,4432165,https://lm-api-reads.fantasy.espn.com/apis/v3/games/fba/seasons/2027/segments/0/leaguedefaults/1?view=kona_player_info,9f5a8f4a339eb48efbc35de132b41c4614525f66f8f5637dcb1b46fa4cba772a,2026-10-07T01:21:54.381563+00:00,102027,,0.439,0.831,1630.6,819.0,211.0,248.0,93.0,43.0,124.0,291.0,663.0,113.0,136.0
Jalen Williams,OKC,"SF,PF",70.0,32.8,20.62857142857143,4.9,5.3,1.4,0.6,1.4714285714285715,7.957142857142857,15.8,3.242857142857143,4.0,4593803,https://lm-api-reads.fantasy.espn.com/apis/v3/games/fba/seasons/2027/segments/0/leaguedefaults/1?view=kona_player_info,9f5a8f4a339eb48efbc35de132b41c4614525f66f8f5637dcb1b46fa4cba772a,2026-10-07T01:21:54.381563+00:00,102027,,0.504,0.809,2296.0,1444.0,343.0,371.0,98.0,42.0,103.0,557.0,1106.0,227.0,280.0
Jalen Wilson,ATL,PF,63.0,18.0,6.9523809523809526,2.3968253968253967,1.0952380952380953,0.3968253968253968,0.0,1.0793650793650793,2.2698412698412698,5.698412698412699,1.3333333333333333,1.7936507936507937,4431714,https://lm-api-reads.fantasy.espn.com/apis/v3/games/fba/seasons/2027/segments/0/leaguedefaults/1?view=kona_player_info,9f5a8f4a339eb48efbc35de132b41c4614525f66f8f5637dcb1b46fa4cba772a,2026-10-07T01:21:54.381563+00:00,102027,1,0.397,0.745,1134.0,438.0,151.0,69.0,25.0,0.0,68.0,143.0,359.0,84.0,113.0
Jamal Cain,ORL,SF,69.0,19.3,8.289855072463768,3.101449275362319,1.1014492753623188,0.5942028985507246,0.2028985507246377,1.0724637681159421,2.8840579710144927,6.101449275362318,1.4492753623188406,1.7971014492753623,4278572,https://lm-api-reads.fantasy.espn.com/apis/v3/games/fba/seasons/2027/segments/0/leaguedefaults/1?view=kona_player_info,9f5a8f4a339eb48efbc35de132b41c4614525f66f8f5637dcb1b46fa4cba772a,2026-10-07T01:21:54.381563+00:00,102027,,0.472,0.807,1331.7,572.0,214.0,76.0,41.0,14.0,74.0,199.0,421.0,100.0,124.0
Jamal Murray,DEN,PG,69.0,35.0,23.057971014492754,4.101449275362318,6.594202898550725,1.1014492753623188,0.5072463768115942,2.7681159420289854,8.289855072463768,17.304347826086957,3.710144927536232,4.202898550724638,3936299,https://lm-api-reads.fantasy.espn.com/apis/v3/games/fba/seasons/2027/segments/0/leaguedefaults/1?view=kona_player_info,9f5a8f4a339eb48efbc35de132b41c4614525f66f8f5637dcb1b46fa4cba772a,2026-10-07T01:21:54.381563+00:00,102027,,0.479,0.883,2415.0,1591.0,283.0,455.0,76.0,35.0,191.0,572.0,1194.0,256.0,290.0
Jamal Shead,TOR,PG,81.0,23.3,7.074074074074074,1.8024691358024691,5.506172839506172,1.0,0.19753086419753085,1.0617283950617284,2.45679012345679,6.604938271604938,1.0987654320987654,1.3950617283950617,4432241,https://lm-api-reads.fantasy.espn.com/apis/v3/games/fba/seasons/2027/segments/0/leaguedefaults/1?view=kona_player_info,9f5a8f4a339eb48efbc35de132b41c4614525f66f8f5637dcb1b46fa4cba772a,2026-10-07T01:21:54.381563+00:00,102027,,0.373,0.783,1887.3,573.0,146.0,446.0,81.0,16.0,86.0,199.0,535.0,89.0,113.0
James Harden,CLE,"PG,SG",73.0,33.6,20.575342465753426,5.0,8.095890410958905,1.2054794520547945,0.6027397260273972,2.808219178082192,6.068493150684931,14.301369863013699,5.63013698630137,6.397260273972603,3992,https://lm-api-reads.fantasy.espn.com/apis/v3/games/fba/seasons/2027/segments/0/leaguedefaults/1?view=kona_player_info,9f5a8f4a339eb48efbc35de132b41c4614525f66f8f5637dcb1b46fa4cba772a,2026-10-07T01:21:54.381563+00:00,102027,,0.424,0.879,2452.8,1502.0,365.0,591.0,88.0,44.0,205.0,443.0,1044.0,411.0,467.0
Jarace Walker,IND,"SF,PF",63.0,18.599999999999998,7.714285714285714,3.6031746031746033,1.7936507936507937,0.6984126984126984,0.30158730158730157,1.2063492063492063,2.746031746031746,6.301587301587301,1.0158730158730158,1.3968253968253967,5106060,https://lm-api-reads.fantasy.espn.com/apis/v3/games/fba/seasons/2027/segments/0/leaguedefaults/1?view=kona_player_info,9f5a8f4a339eb48efbc35de132b41c4614525f66f8f5637dcb1b46fa4cba772a,2026-10-07T01:21:54.381563+00:00,102027,,0.437,0.727,1171.8,486.0,227.0,113.0,44.0,19.0,76.0,173.0,397.0,64.0,88.0
Jared McCain,OKC,"PG,SG",69.0,24.7,12.057971014492754,2.898550724637681,2.0,0.6956521739130435,0.10144927536231885,2.1159420289855073,4.405797101449275,10.304347826086957,1.1304347826086956,1.3043478260869565,4683778,https://lm-api-reads.fantasy.espn.com/apis/v3/games/fba/seasons/2027/segments/0/leaguedefaults/1?view=kona_player_info,9f5a8f4a339eb48efbc35de132b41c4614525f66f8f5637dcb1b46fa4cba772a,2026-10-07T01:21:54.381563+00:00,102027,,0.428,0.866,1704.3,832.0,200.0,138.0,48.0,7.0,146.0,304.0,711.0,78.0,90.0
Jaren Jackson Jr.,UTAH,"PF,C",62.0,31.4,21.887096774193548,5.693548387096774,2.096774193548387,1.1935483870967742,1.596774193548387,1.903225806451613,7.838709677419355,16.693548387096776,4.306451612903226,5.403225806451613,4277961,https://lm-api-reads.fantasy.espn.com/apis/v3/games/fba/seasons/2027/segments/0/leaguedefaults/1?view=kona_player_info,9f5a8f4a339eb48efbc35de132b41c4614525f66f8f5637dcb1b46fa4cba772a,2026-10-07T01:21:54.381563+00:00,102027,,0.469,0.797,1946.8,1357.0,353.0,130.0,74.0,99.0,118.0,486.0,1035.0,267.0,335.0
Jarred Vanderbilt,LAL,"SF,PF",62.0,17.6,4.548387096774194,4.693548387096774,1.1935483870967742,1.0,0.3064516129032258,0.3709677419354839,1.7903225806451613,3.693548387096774,0.5967741935483871,1.0,4278077,https://lm-api-reads.fantasy.espn.com/apis/v3/games/fba/seasons/2027/segments/0/leaguedefaults/1?view=kona_player_info,9f5a8f4a339eb48efbc35de132b41c4614525f66f8f5637dcb1b46fa4cba772a,2026-10-07T01:21:54.381563+00:00,102027,,0.484,0.6,1091.2,282.0,291.0,74.0,62.0,19.0,23.0,111.0,229.0,37.0,62.0
Jarrett Allen,CLE,C,71.0,30.300000000000004,15.774647887323944,10.0,2.1971830985915495,0.9014084507042254,1.0,0.0,6.366197183098592,9.704225352112676,3.0422535211267605,4.197183098591549,4066328,https://lm-api-reads.fantasy.espn.com/apis/v3/games/fba/seasons/2027/segments/0/leaguedefaults/1?view=kona_player_info,9f5a8f4a339eb48efbc35de132b41c4614525f66f8f5637dcb1b46fa4cba772a,2026-10-07T01:21:54.381563+00:00,102027,17,0.657,0.723,2151.3,1120.0,710.0,156.0,64.0,71.0,0.0,452.0,689.0,216.0,298.0
Jase Richardson,ORL,SG,54.0,10.9,4.481481481481482,1.2037037037037037,1.0925925925925926,0.4074074074074074,0.0,0.5370370370370371,1.6481481481481481,3.5,0.6481481481481481,0.9074074074074074,5239561,https://lm-api-reads.fantasy.espn.com/apis/v3/games/fba/seasons/2027/segments/0/leaguedefaults/1?view=kona_player_info,9f5a8f4a339eb48efbc35de132b41c4614525f66f8f5637dcb1b46fa4cba772a,2026-10-07T01:21:54.381563+00:00,102027,1,0.473,0.717,588.6,242.0,65.0,59.0,22.0,0.0,29.0,89.0,189.0,35.0,49.0
Jaxson Hayes,UTAH,C,64.0,16.8,6.34375,3.90625,0.796875,0.5,0.703125,0.03125,2.578125,3.5,1.15625,1.796875,4397077,https://lm-api-reads.fantasy.espn.com/apis/v3/games/fba/seasons/2027/segments/0/leaguedefaults/1?view=kona_player_info,9f5a8f4a339eb48efbc35de132b41c4614525f66f8f5637dcb1b46fa4cba772a,2026-10-07T01:21:54.381563+00:00,102027,,0.737,0.639,1075.2,406.0,250.0,51.0,32.0,45.0,2.0,165.0,224.0,74.0,115.0
Jaylen Brown,PHI,"SG,SF",71.0,32.4,23.929577464788732,5.901408450704225,4.295774647887324,1.0985915492957747,0.39436619718309857,1.8873239436619718,8.873239436619718,18.507042253521128,4.295774647887324,5.605633802816901,3917376,https://lm-api-reads.fantasy.espn.com/apis/v3/games/fba/seasons/2027/segments/0/leaguedefaults/1?view=kona_player_info,9f5a8f4a339eb48efbc35de132b41c4614525f66f8f5637dcb1b46fa4cba772a,2026-10-07T01:21:54.381563+00:00,102027,,0.48,0.767,2300.4,1699.0,419.0,305.0,78.0,28.0,134.0,630.0,1314.0,305.0,398.0
Jaylen Clark,MIN,SG,68.0,13.1,4.044117647058823,1.7058823529411764,0.6029411764705882,0.7058823529411765,0.10294117647058823,0.5,1.4411764705882353,3.2941176470588234,0.6617647058823529,1.0,4432247,https://lm-api-reads.fantasy.espn.com/apis/v3/games/fba/seasons/2027/segments/0/leaguedefaults/1?view=kona_player_info,9f5a8f4a339eb48efbc35de132b41c4614525f66f8f5637dcb1b46fa4cba772a,2026-10-07T01:21:54.381563+00:00,102027,,0.437,0.668,890.8,275.0,116.0,41.0,48.0,7.0,34.0,98.0,224.0,45.0,68.0
Jaylen Wells,MEM,"SG,SF",71.0,25.0,11.577464788732394,3.0985915492957745,1.5070422535211268,0.8028169014084507,0.09859154929577464,1.7605633802816902,4.042253521126761,9.394366197183098,1.732394366197183,2.1971830985915495,5112087,https://lm-api-reads.fantasy.espn.com/apis/v3/games/fba/seasons/2027/segments/0/leaguedefaults/1?view=kona_player_info,9f5a8f4a339eb48efbc35de132b41c4614525f66f8f5637dcb1b46fa4cba772a,2026-10-07T01:21:54.381563+00:00,102027,,0.43,0.788,1775.0,822.0,220.0,107.0,57.0,7.0,125.0,287.0,667.0,123.0,156.0
Jaylin Williams,OKC,"PF,C",67.0,19.0,6.91044776119403,5.402985074626866,2.4029850746268657,0.5074626865671642,0.5970149253731343,1.462686567164179,2.208955223880597,5.1940298507462686,1.0298507462686568,1.2985074626865671,4432823,https://lm-api-reads.fantasy.espn.com/apis/v3/games/fba/seasons/2027/segments/0/leaguedefaults/1?view=kona_player_info,9f5a8f4a339eb48efbc35de132b41c4614525f66f8f5637dcb1b46fa4cba772a,2026-10-07T01:21:54.381563+00:00,102027,,0.425,0.792,1273.0,463.0,362.0,161.0,34.0,40.0,98.0,148.0,348.0,69.0,87.0
Jaylon Tyson,CLE,"SG,SF",62.0,26.700000000000003,12.919354838709678,5.096774193548387,2.193548387096774,0.8064516129032258,0.4032258064516129,1.9516129032258065,4.887096774193548,10.0,1.1935483870967742,1.596774193548387,4683747,https://lm-api-reads.fantasy.espn.com/apis/v3/games/fba/seasons/2027/segments/0/leaguedefaults/1?view=kona_player_info,9f5a8f4a339eb48efbc35de132b41c4614525f66f8f5637dcb1b46fa4cba772a,2026-10-07T01:21:54.381563+00:00,102027,,0.489,0.741,1655.4,801.0,316.0,136.0,50.0,25.0,121.0,303.0,620.0,74.0,99.0
Jayson Tatum,BOS,"SF,PF",70.0,36.2,26.7,8.6,5.8,1.1,0.5,3.3714285714285714,9.128571428571428,20.1,5.071428571428571,6.2,4065648,https://lm-api-reads.fantasy.espn.com/apis/v3/games/fba/seasons/2027/segments/0/leaguedefaults/1?view=kona_player_info,9f5a8f4a339eb48efbc35de132b41c4614525f66f8f5637dcb1b46fa4cba772a,2026-10-07T01:21:54.381563+00:00,102027,,0.454,0.818,2534.0,1869.0,602.0,406.0,77.0,35.0,236.0,639.0,1407.0,355.0,434.0
Jerami Grant,MEM,PF,68.0,29.400000000000002,17.61764705882353,3.3970588235294117,2.1029411764705883,0.7058823529411765,0.7058823529411765,2.2794117647058822,5.544117647058823,12.5,4.25,5.205882352941177,2991070,https://lm-api-reads.fantasy.espn.com/apis/v3/games/fba/seasons/2027/segments/0/leaguedefaults/1?view=kona_player_info,9f5a8f4a339eb48efbc35de132b41c4614525f66f8f5637dcb1b46fa4cba772a,2026-10-07T01:21:54.381563+00:00,102027,,0.444,0.817,1999.2,1198.0,231.0,143.0,48.0,48.0,155.0,377.0,850.0,289.0,354.0
Jeremiah Fears,NO,"PG,SG",77.0,26.4,14.636363636363637,3.8051948051948052,3.5064935064935066,1.1948051948051948,0.4025974025974026,1.2597402597402598,5.467532467532467,12.597402597402597,2.4415584415584415,3.103896103896104,5144091,https://lm-api-reads.fantasy.espn.com/apis/v3/games/fba/seasons/2027/segments/0/leaguedefaults/1?view=kona_player_info,9f5a8f4a339eb48efbc35de132b41c4614525f66f8f5637dcb1b46fa4cba772a,2026-10-07T01:21:54.381563+00:00,102027,,0.434,0.789,2032.8,1127.0,293.0,270.0,92.0,31.0,97.0,421.0,970.0,188.0,239.0
Jeremy Sochan,POR,PF,66.0,21.3,8.545454545454545,4.893939393939394,2.196969696969697,0.696969696969697,0.3939393939393939,0.5606060606060606,3.4393939393939394,7.196969696969697,1.106060606060606,1.5,4610139,https://lm-api-reads.fantasy.espn.com/apis/v3/games/fba/seasons/2027/segments/0/leaguedefaults/1?view=kona_player_info,9f5a8f4a339eb48efbc35de132b41c4614525f66f8f5637dcb1b46fa4cba772a,2026-10-07T01:21:54.381563+00:00,102027,,0.477,0.735,1405.8,564.0,323.0,145.0,46.0,26.0,37.0,227.0,475.0,73.0,99.0
Jericho Sims,MIL,C,64.0,18.5,4.4375,5.203125,1.40625,0.296875,0.296875,0.0,1.9375,2.5,0.5625,0.90625,4277922,https://lm-api-reads.fantasy.espn.com/apis/v3/games/fba/seasons/2027/segments/0/leaguedefaults/1?view=kona_player_info,9f5a8f4a339eb48efbc35de132b41c4614525f66f8f5637dcb1b46fa4cba772a,2026-10-07T01:21:54.381563+00:00,102027,17,0.772,0.621,1184.0,284.0,333.0,90.0,19.0,19.0,0.0,124.0,160.0,36.0,58.0
Jett Howard,DAL,SF,66.0,12.4,5.212121212121212,1.5,0.803030303030303,0.19696969696969696,0.19696969696969696,0.9696969696969697,1.8484848484848484,4.5,0.5454545454545454,0.6060606060606061,5105806,https://lm-api-reads.fantasy.espn.com/apis/v3/games/fba/seasons/2027/segments/0/leaguedefaults/1?view=kona_player_info,9f5a8f4a339eb48efbc35de132b41c4614525f66f8f5637dcb1b46fa4cba772a,2026-10-07T01:21:54.381563+00:00,102027,,0.411,0.921,818.4,344.0,99.0,53.0,13.0,13.0,64.0,122.0,297.0,36.0,40.0
Jevon Carter,ORL,PG,51.0,15.4,6.0588235294117645,1.607843137254902,1.607843137254902,0.7058823529411765,0.19607843137254902,1.392156862745098,2.215686274509804,5.607843137254902,0.23529411764705882,0.29411764705882354,3133635,https://lm-api-reads.fantasy.espn.com/apis/v3/games/fba/seasons/2027/segments/0/leaguedefaults/1?view=kona_player_info,9f5a8f4a339eb48efbc35de132b41c4614525f66f8f5637dcb1b46fa4cba772a,2026-10-07T01:21:54.381563+00:00,102027,,0.397,0.786,785.4,309.0,82.0,82.0,36.0,10.0,71.0,113.0,286.0,12.0,15.0
Jimmy Butler III,GS,"SG,SF",39.0,32.4,19.41025641025641,5.410256410256411,5.102564102564102,1.4102564102564104,0.3076923076923077,0.8205128205128205,6.128205128205129,12.102564102564102,6.333333333333333,7.410256410256411,6430,https://lm-api-reads.fantasy.espn.com/apis/v3/games/fba/seasons/2027/segments/0/leaguedefaults/1?view=kona_player_info,9f5a8f4a339eb48efbc35de132b41c4614525f66f8f5637dcb1b46fa4cba772a,2026-10-07T01:21:54.381563+00:00,102027,,0.507,0.855,1263.6,757.0,211.0,199.0,55.0,12.0,32.0,239.0,472.0,247.0,289.0
Joel Embiid,PHI,C,54.0,31.6,27.40740740740741,8.203703703703704,4.203703703703703,0.7037037037037037,1.2037037037037037,1.3703703703703705,9.055555555555555,18.5,7.925925925925926,9.203703703703704,3059318,https://lm-api-reads.fantasy.espn.com/apis/v3/games/fba/seasons/2027/segments/0/leaguedefaults/1?view=kona_player_info,9f5a8f4a339eb48efbc35de132b41c4614525f66f8f5637dcb1b46fa4cba772a,2026-10-07T01:21:54.381563+00:00,102027,,0.489,0.862,1706.4,1480.0,443.0,227.0,38.0,65.0,74.0,489.0,999.0,428.0,497.0
John Collins,DET,"PF,C",68.0,30.6,16.36764705882353,7.705882352941177,1.2941176470588236,0.7941176470588235,0.8970588235294118,1.4411764705882353,6.3088235294117645,11.705882352941176,2.3088235294117645,2.8970588235294117,3908845,https://lm-api-reads.fantasy.espn.com/apis/v3/games/fba/seasons/2027/segments/0/leaguedefaults/1?view=kona_player_info,9f5a8f4a339eb48efbc35de132b41c4614525f66f8f5637dcb1b46fa4cba772a,2026-10-07T01:21:54.381563+00:00,102027,,0.539,0.795,2080.8,1113.0,524.0,88.0,54.0,61.0,98.0,429.0,796.0,157.0,197.0
Johni Broome,FA,PF,33.0,8.299999999999999,1.5151515151515151,2.393939393939394,0.6060606060606061,0.5151515151515151,0.30303030303030304,0.0,0.6060606060606061,3.606060606060606,0.30303030303030304,0.9090909090909091,4433569,https://lm-api-reads.fantasy.espn.com/apis/v3/games/fba/seasons/2027/segments/0/leaguedefaults/1?view=kona_player_info,9f5a8f4a339eb48efbc35de132b41c4614525f66f8f5637dcb1b46fa4cba772a,2026-10-07T01:21:54.381563+00:00,102027,17,0.167,0.333,273.9,50.0,79.0,20.0,17.0,10.0,0.0,20.0,119.0,10.0,30.0
Johnny Furphy,IND,SG,61.0,16.1,4.540983606557377,3.80327868852459,1.0,0.5081967213114754,0.19672131147540983,0.5737704918032787,1.7540983606557377,3.80327868852459,0.45901639344262296,0.9016393442622951,5157066,https://lm-api-reads.fantasy.espn.com/apis/v3/games/fba/seasons/2027/segments/0/leaguedefaults/1?view=kona_player_info,9f5a8f4a339eb48efbc35de132b41c4614525f66f8f5637dcb1b46fa4cba772a,2026-10-07T01:21:54.381563+00:00,102027,,0.461,0.519,982.1,277.0,232.0,61.0,31.0,12.0,35.0,107.0,232.0,28.0,55.0
Jonathan Isaac,ORL,PF,55.0,11.3,3.3454545454545452,3.0,0.509090909090909,0.509090909090909,0.7090909090909091,0.2545454545454545,1.1636363636363636,2.709090909090909,0.7636363636363637,1.2,4065654,https://lm-api-reads.fantasy.espn.com/apis/v3/games/fba/seasons/2027/segments/0/leaguedefaults/1?view=kona_player_info,9f5a8f4a339eb48efbc35de132b41c4614525f66f8f5637dcb1b46fa4cba772a,2026-10-07T01:21:54.381563+00:00,102027,,0.428,0.63,621.5,184.0,165.0,28.0,28.0,39.0,14.0,64.0,149.0,42.0,66.0
Jonathan Kuminga,MIN,"SF,PF",67.0,27.299999999999997,15.119402985074627,6.1940298507462686,2.5970149253731343,0.8059701492537313,0.40298507462686567,1.1044776119402986,5.477611940298507,11.701492537313433,3.0597014925373136,4.298507462686567,4433247,https://lm-api-reads.fantasy.espn.com/apis/v3/games/fba/seasons/2027/segments/0/leaguedefaults/1?view=kona_player_info,9f5a8f4a339eb48efbc35de132b41c4614525f66f8f5637dcb1b46fa4cba772a,2026-10-07T01:21:54.381563+00:00,102027,,0.468,0.713,1829.1,1013.0,415.0,174.0,54.0,27.0,74.0,367.0,784.0,205.0,288.0
Jonathan Mogbo,SAC,PF,66.0,12.6,3.4545454545454546,3.196969696969697,1.303030303030303,0.5,0.3939393939393939,0.09090909090909091,1.4090909090909092,2.803030303030303,0.5454545454545454,0.803030303030303,5107897,https://lm-api-reads.fantasy.espn.com/apis/v3/games/fba/seasons/2027/segments/0/leaguedefaults/1?view=kona_player_info,9f5a8f4a339eb48efbc35de132b41c4614525f66f8f5637dcb1b46fa4cba772a,2026-10-07T01:21:54.381563+00:00,102027,,0.501,0.688,831.6,228.0,211.0,86.0,33.0,26.0,6.0,93.0,185.0,36.0,53.0
Jordan Clarkson,NY,"SG,SF",66.0,19.0,9.590909090909092,2.0,1.696969696969697,0.5,0.10606060606060606,1.121212121212121,3.5757575757575757,8.106060606060606,1.3181818181818181,1.606060606060606,2528426,https://lm-api-reads.fantasy.espn.com/apis/v3/games/fba/seasons/2027/segments/0/leaguedefaults/1?view=kona_player_info,9f5a8f4a339eb48efbc35de132b41c4614525f66f8f5637dcb1b46fa4cba772a,2026-10-07T01:21:54.381563+00:00,102027,,0.442,0.828,1254.0,633.0,132.0,112.0,33.0,7.0,74.0,236.0,535.0,87.0,106.0
Jordan Hawkins,MEM,SG,65.0,15.4,6.184615384615385,1.9076923076923078,0.9076923076923077,0.3076923076923077,0.2,1.1384615384615384,2.1846153846153844,5.907692307692308,0.676923076923077,0.8,4683750,https://lm-api-reads.fantasy.espn.com/apis/v3/games/fba/seasons/2027/segments/0/leaguedefaults/1?view=kona_player_info,9f5a8f4a339eb48efbc35de132b41c4614525f66f8f5637dcb1b46fa4cba772a,2026-10-07T01:21:54.381563+00:00,102027,,0.369,0.837,1001.0,402.0,124.0,59.0,20.0,13.0,74.0,142.0,384.0,44.0,52.0
Jordan McLaughlin,SA,PG,64.0,10.1,3.1875,1.09375,1.59375,0.59375,0.09375,0.625,1.125,2.5,0.3125,0.40625,3134916,https://lm-api-reads.fantasy.espn.com/apis/v3/games/fba/seasons/2027/segments/0/leaguedefaults/1?view=kona_player_info,9f5a8f4a339eb48efbc35de132b41c4614525f66f8f5637dcb1b46fa4cba772a,2026-10-07T01:21:54.381563+00:00,102027,,0.45,0.77,646.4,204.0,70.0,102.0,38.0,6.0,40.0,72.0,160.0,20.0,26.0
Jordan Poole,NO,"PG,SG",66.0,22.099999999999998,13.227272727272727,2.0,3.196969696969697,0.803030303030303,0.30303030303030304,2.0454545454545454,4.545454545454546,11.106060606060606,2.090909090909091,2.393939393939394,4277956,https://lm-api-reads.fantasy.espn.com/apis/v3/games/fba/seasons/2027/segments/0/leaguedefaults/1?view=kona_player_info,9f5a8f4a339eb48efbc35de132b41c4614525f66f8f5637dcb1b46fa4cba772a,2026-10-07T01:21:54.381563+00:00,102027,,0.409,0.874,1458.6,873.0,132.0,211.0,53.0,20.0,135.0,300.0,733.0,138.0,158.0
Jordan Walsh,BOS,SF,71.0,21.5,6.352112676056338,4.802816901408451,1.0,0.9014084507042254,0.6056338028169014,0.8591549295774648,2.3661971830985915,4.704225352112676,0.7605633802816901,1.0,4683689,https://lm-api-reads.fantasy.espn.com/apis/v3/games/fba/seasons/2027/segments/0/leaguedefaults/1?view=kona_player_info,9f5a8f4a339eb48efbc35de132b41c4614525f66f8f5637dcb1b46fa4cba772a,2026-10-07T01:21:54.381563+00:00,102027,,0.502,0.765,1526.5,451.0,341.0,71.0,64.0,43.0,61.0,168.0,334.0,54.0,71.0
Jose Alvarado,NY,PG,66.0,20.400000000000002,7.818181818181818,2.5,3.5,1.0,0.10606060606060606,1.5151515151515151,2.8484848484848486,6.893939393939394,0.6060606060606061,0.803030303030303,4277869,https://lm-api-reads.fantasy.espn.com/apis/v3/games/fba/seasons/2027/segments/0/leaguedefaults/1?view=kona_player_info,9f5a8f4a339eb48efbc35de132b41c4614525f66f8f5637dcb1b46fa4cba772a,2026-10-07T01:21:54.381563+00:00,102027,,0.412,0.767,1346.4,516.0,165.0,231.0,66.0,7.0,100.0,188.0,455.0,40.0,53.0
Josh Giddey,CHI,"PG,SG",68.0,35.5,18.5,9.205882352941176,9.602941176470589,1.2058823529411764,0.6029411764705882,2.014705882352941,6.5588235294117645,14.5,3.3676470588235294,4.397058823529412,4871145,https://lm-api-reads.fantasy.espn.com/apis/v3/games/fba/seasons/2027/segments/0/leaguedefaults/1?view=kona_player_info,9f5a8f4a339eb48efbc35de132b41c4614525f66f8f5637dcb1b46fa4cba772a,2026-10-07T01:21:54.381563+00:00,102027,,0.452,0.767,2414.0,1258.0,626.0,653.0,82.0,41.0,137.0,446.0,986.0,229.0,299.0
Josh Green,UTAH,SG,59.0,18.3,4.983050847457627,2.0,1.0,0.6949152542372882,0.1016949152542373,1.0677966101694916,1.7118644067796611,3.7966101694915255,0.4915254237288136,0.5932203389830508,4432811,https://lm-api-reads.fantasy.espn.com/apis/v3/games/fba/seasons/2027/segments/0/leaguedefaults/1?view=kona_player_info,9f5a8f4a339eb48efbc35de132b41c4614525f66f8f5637dcb1b46fa4cba772a,2026-10-07T01:21:54.381563+00:00,102027,,0.452,0.813,1079.7,294.0,118.0,59.0,41.0,6.0,63.0,101.0,224.0,29.0,35.0
Josh Hart,NY,"SG,SF",68.0,31.5,12.205882352941176,7.705882352941177,5.0,1.2058823529411764,0.29411764705882354,1.4411764705882353,4.647058823529412,9.102941176470589,1.4705882352941178,2.0,3062679,https://lm-api-reads.fantasy.espn.com/apis/v3/games/fba/seasons/2027/segments/0/leaguedefaults/1?view=kona_player_info,9f5a8f4a339eb48efbc35de132b41c4614525f66f8f5637dcb1b46fa4cba772a,2026-10-07T01:21:54.381563+00:00,102027,,0.511,0.732,2142.0,830.0,524.0,340.0,82.0,20.0,98.0,316.0,619.0,100.0,136.0
Jrue Holiday,POR,"PG,SG",68.0,29.099999999999998,12.558823529411764,4.5,4.705882352941177,0.8970588235294118,0.39705882352941174,2.0,4.720588235294118,10.294117647058824,1.1176470588235294,1.2941176470588236,3995,https://lm-api-reads.fantasy.espn.com/apis/v3/games/fba/seasons/2027/segments/0/leaguedefaults/1?view=kona_player_info,9f5a8f4a339eb48efbc35de132b41c4614525f66f8f5637dcb1b46fa4cba772a,2026-10-07T01:21:54.381563+00:00,102027,,0.458,0.856,1978.8,854.0,306.0,320.0,61.0,27.0,136.0,321.0,700.0,76.0,88.0
Julian Champagnie,SA,"SF,PF",82.0,26.700000000000003,10.78048780487805,5.402439024390244,1.5,0.6951219512195121,0.5,2.317073170731707,3.548780487804878,8.195121951219512,1.3658536585365855,1.5975609756097562,4592479,https://lm-api-reads.fantasy.espn.com/apis/v3/games/fba/seasons/2027/segments/0/leaguedefaults/1?view=kona_player_info,9f5a8f4a339eb48efbc35de132b41c4614525f66f8f5637dcb1b46fa4cba772a,2026-10-07T01:21:54.381563+00:00,102027,,0.433,0.85,2189.4,884.0,443.0,123.0,57.0,41.0,190.0,291.0,672.0,112.0,131.0
Julian Phillips,HOU,SF,52.0,10.100000000000001,3.230769230769231,1.3076923076923077,0.3076923076923077,0.5,0.19230769230769232,0.46153846153846156,1.1538461538461537,2.6923076923076925,0.46153846153846156,0.5961538461538461,5105553,https://lm-api-reads.fantasy.espn.com/apis/v3/games/fba/seasons/2027/segments/0/leaguedefaults/1?view=kona_player_info,9f5a8f4a339eb48efbc35de132b41c4614525f66f8f5637dcb1b46fa4cba772a,2026-10-07T01:21:54.381563+00:00,102027,,0.429,0.782,525.2,168.0,68.0,16.0,26.0,10.0,24.0,60.0,140.0,24.0,31.0
Julian Strawther,DEN,SF,66.0,16.0,7.454545454545454,2.0,1.106060606060606,0.5,0.10606060606060606,1.0909090909090908,2.696969696969697,5.893939393939394,0.9696969696969697,1.196969696969697,4432181,https://lm-api-reads.fantasy.espn.com/apis/v3/games/fba/seasons/2027/segments/0/leaguedefaults/1?view=kona_player_info,9f5a8f4a339eb48efbc35de132b41c4614525f66f8f5637dcb1b46fa4cba772a,2026-10-07T01:21:54.381563+00:00,102027,,0.456,0.814,1056.0,492.0,132.0,73.0,33.0,7.0,72.0,178.0,389.0,64.0,79.0
Julius Randle,BKN,PF,72.0,34.3,22.041666666666668,8.097222222222221,5.0,0.6944444444444444,0.19444444444444445,1.5694444444444444,7.819444444444445,16.40277777777778,4.833333333333333,6.097222222222222,3064514,https://lm-api-reads.fantasy.espn.com/apis/v3/games/fba/seasons/2027/segments/0/leaguedefaults/1?view=kona_player_info,9f5a8f4a339eb48efbc35de132b41c4614525f66f8f5637dcb1b46fa4cba772a,2026-10-07T01:21:54.381563+00:00,102027,,0.477,0.792,2469.6,1587.0,583.0,360.0,50.0,14.0,113.0,563.0,1181.0,348.0,439.0
Jusuf Nurkic,UTAH,C,64.0,23.1,9.4375,9.09375,3.40625,1.0,0.703125,0.453125,3.65625,7.296875,1.671875,2.703125,3102530,https://lm-api-reads.fantasy.espn.com/apis/v3/games/fba/seasons/2027/segments/0/leaguedefaults/1?view=kona_player_info,9f5a8f4a339eb48efbc35de132b41c4614525f66f8f5637dcb1b46fa4cba772a,2026-10-07T01:21:54.381563+00:00,102027,,0.5,0.62,1478.4,604.0,582.0,218.0,64.0,45.0,29.0,234.0,467.0,107.0,173.0
Karl-Anthony Towns,NY,C,70.0,32.7,21.942857142857143,11.2,4.4,0.9,0.6,1.8285714285714285,7.757142857142857,15.2,4.6,5.4,3136195,https://lm-api-reads.fantasy.espn.com/apis/v3/games/fba/seasons/2027/segments/0/leaguedefaults/1?view=kona_player_info,9f5a8f4a339eb48efbc35de132b41c4614525f66f8f5637dcb1b46fa4cba772a,2026-10-07T01:21:54.381563+00:00,102027,,0.51,0.852,2289.0,1536.0,784.0,308.0,63.0,42.0,128.0,543.0,1064.0,322.0,378.0
Kasparas Jakucionis,MIL,PG,68.0,22.599999999999998,7.852941176470588,3.2941176470588234,3.2941176470588234,0.7941176470588235,0.20588235294117646,1.5588235294117647,2.4411764705882355,5.705882352941177,1.411764705882353,1.6029411764705883,5214640,https://lm-api-reads.fantasy.espn.com/apis/v3/games/fba/seasons/2027/segments/0/leaguedefaults/1?view=kona_player_info,9f5a8f4a339eb48efbc35de132b41c4614525f66f8f5637dcb1b46fa4cba772a,2026-10-07T01:21:54.381563+00:00,102027,,0.429,0.879,1536.8,534.0,224.0,224.0,54.0,14.0,106.0,166.0,388.0,96.0,109.0
Kawhi Leonard,TOR,"SF,PF",63.0,32.800000000000004,25.063492063492063,6.2063492063492065,3.507936507936508,1.6984126984126984,0.6031746031746031,2.3174603174603177,9.174603174603174,18.0,4.396825396825397,5.0,6450,https://lm-api-reads.fantasy.espn.com/apis/v3/games/fba/seasons/2027/segments/0/leaguedefaults/1?view=kona_player_info,9f5a8f4a339eb48efbc35de132b41c4614525f66f8f5637dcb1b46fa4cba772a,2026-10-07T01:21:54.381563+00:00,102027,,0.51,0.879,2066.4,1579.0,391.0,221.0,107.0,38.0,146.0,578.0,1134.0,277.0,315.0
Keaton Wagler,LAC,"PG,SG",70.0,28.1,13.32857142857143,3.1,4.3,1.0,0.2,0.5714285714285714,5.071428571428571,11.1,2.6142857142857143,3.1,5254165,https://lm-api-reads.fantasy.espn.com/apis/v3/games/fba/seasons/2027/segments/0/leaguedefaults/1?view=kona_player_info,9f5a8f4a339eb48efbc35de132b41c4614525f66f8f5637dcb1b46fa4cba772a,2026-10-07T01:21:54.381563+00:00,102027,,0.457,0.843,1967.0,933.0,217.0,301.0,70.0,14.0,40.0,355.0,777.0,183.0,217.0
Keegan Murray,SAC,"SF,PF",71.0,34.1,13.830985915492958,6.0,1.6056338028169015,0.9014084507042254,1.0,2.0422535211267605,5.323943661971831,12.0,1.1408450704225352,1.3943661971830985,4594327,https://lm-api-reads.fantasy.espn.com/apis/v3/games/fba/seasons/2027/segments/0/leaguedefaults/1?view=kona_player_info,9f5a8f4a339eb48efbc35de132b41c4614525f66f8f5637dcb1b46fa4cba772a,2026-10-07T01:21:54.381563+00:00,102027,,0.444,0.818,2421.1,982.0,426.0,114.0,64.0,71.0,145.0,378.0,852.0,81.0,99.0
Kel'el Ware,MIL,C,72.0,24.299999999999997,11.86111111111111,9.597222222222221,0.8055555555555556,0.8055555555555556,1.1944444444444444,1.2083333333333333,4.847222222222222,9.097222222222221,0.9583333333333334,1.3055555555555556,5105623,https://lm-api-reads.fantasy.espn.com/apis/v3/games/fba/seasons/2027/segments/0/leaguedefaults/1?view=kona_player_info,9f5a8f4a339eb48efbc35de132b41c4614525f66f8f5637dcb1b46fa4cba772a,2026-10-07T01:21:54.381563+00:00,102027,,0.533,0.734,1749.6,854.0,691.0,58.0,58.0,86.0,87.0,349.0,655.0,69.0,94.0
Keldon Johnson,SA,"SF,PF",77.0,25.1,13.64935064935065,5.194805194805195,1.8051948051948052,0.5974025974025974,0.19480519480519481,1.3376623376623376,5.12987012987013,10.506493506493506,2.051948051948052,2.5974025974025974,4395723,https://lm-api-reads.fantasy.espn.com/apis/v3/games/fba/seasons/2027/segments/0/leaguedefaults/1?view=kona_player_info,9f5a8f4a339eb48efbc35de132b41c4614525f66f8f5637dcb1b46fa4cba772a,2026-10-07T01:21:54.381563+00:00,102027,,0.488,0.787,1932.7,1051.0,400.0,139.0,46.0,15.0,103.0,395.0,809.0,158.0,200.0
Kelly Oubre Jr.,IND,"SG,SF",67.0,26.299999999999997,12.238805970149254,4.402985074626866,1.2985074626865671,1.1044776119402986,0.5074626865671642,1.1940298507462686,4.537313432835821,9.895522388059701,1.9701492537313432,2.5970149253731343,3133603,https://lm-api-reads.fantasy.espn.com/apis/v3/games/fba/seasons/2027/segments/0/leaguedefaults/1?view=kona_player_info,9f5a8f4a339eb48efbc35de132b41c4614525f66f8f5637dcb1b46fa4cba772a,2026-10-07T01:21:54.381563+00:00,102027,,0.458,0.755,1762.1,820.0,295.0,87.0,74.0,34.0,80.0,304.0,663.0,132.0,174.0
Kenrich Williams,OKC,SF,65.0,15.4,6.323076923076923,3.3076923076923075,1.4,0.6,0.1076923076923077,0.8923076923076924,2.4615384615384617,5.2,0.5076923076923077,0.8,3133626,https://lm-api-reads.fantasy.espn.com/apis/v3/games/fba/seasons/2027/segments/0/leaguedefaults/1?view=kona_player_info,9f5a8f4a339eb48efbc35de132b41c4614525f66f8f5637dcb1b46fa4cba772a,2026-10-07T01:21:54.381563+00:00,102027,,0.474,0.643,1001.0,411.0,215.0,91.0,39.0,7.0,58.0,160.0,338.0,33.0,52.0
Kentavious Caldwell-Pope,PHI,"SG,SF",68.0,23.599999999999998,7.735294117647059,2.0,1.8970588235294117,1.0,0.29411764705882354,1.2205882352941178,2.7205882352941178,6.205882352941177,1.0735294117647058,1.2058823529411764,2581018,https://lm-api-reads.fantasy.espn.com/apis/v3/games/fba/seasons/2027/segments/0/leaguedefaults/1?view=kona_player_info,9f5a8f4a339eb48efbc35de132b41c4614525f66f8f5637dcb1b46fa4cba772a,2026-10-07T01:21:54.381563+00:00,102027,,0.438,0.891,1604.8,526.0,136.0,129.0,68.0,20.0,83.0,185.0,422.0,73.0,82.0
Keon Ellis,BKN,"SG,SF",72.0,21.0,6.972222222222222,2.0,1.0972222222222223,1.1944444444444444,0.6944444444444444,1.3611111111111112,2.4305555555555554,5.402777777777778,0.75,1.0,4702177,https://lm-api-reads.fantasy.espn.com/apis/v3/games/fba/seasons/2027/segments/0/leaguedefaults/1?view=kona_player_info,9f5a8f4a339eb48efbc35de132b41c4614525f66f8f5637dcb1b46fa4cba772a,2026-10-07T01:21:54.381563+00:00,102027,,0.45,0.751,1512.0,502.0,144.0,79.0,86.0,50.0,98.0,175.0,389.0,54.0,72.0
Kevin Durant,HOU,"SF,PF",72.0,34.599999999999994,24.98611111111111,5.597222222222222,4.402777777777778,0.8055555555555556,1.0,2.263888888888889,9.0,17.194444444444443,4.722222222222222,5.5,3202,https://lm-api-reads.fantasy.espn.com/apis/v3/games/fba/seasons/2027/segments/0/leaguedefaults/1?view=kona_player_info,9f5a8f4a339eb48efbc35de132b41c4614525f66f8f5637dcb1b46fa4cba772a,2026-10-07T01:21:54.381563+00:00,102027,,0.523,0.859,2491.2,1799.0,403.0,317.0,58.0,72.0,163.0,648.0,1238.0,340.0,396.0
Kevin Huerter,DET,"SG,SF",69.0,23.6,10.318840579710145,3.5072463768115942,2.5942028985507246,0.8985507246376812,0.5072463768115942,1.5797101449275361,3.9855072463768115,8.898550724637682,0.7681159420289855,1.0,4066372,https://lm-api-reads.fantasy.espn.com/apis/v3/games/fba/seasons/2027/segments/0/leaguedefaults/1?view=kona_player_info,9f5a8f4a339eb48efbc35de132b41c4614525f66f8f5637dcb1b46fa4cba772a,2026-10-07T01:21:54.381563+00:00,102027,,0.447,0.768,1628.4,712.0,242.0,179.0,62.0,35.0,109.0,275.0,614.0,53.0,69.0
Kevin Porter Jr.,MIL,"PG,SG",66.0,26.8,14.075757575757576,4.303030303030303,5.696969696969697,1.696969696969697,0.3939393939393939,0.9848484848484849,5.121212121212121,11.106060606060606,2.8484848484848486,3.303030303030303,4397140,https://lm-api-reads.fantasy.espn.com/apis/v3/games/fba/seasons/2027/segments/0/leaguedefaults/1?view=kona_player_info,9f5a8f4a339eb48efbc35de132b41c4614525f66f8f5637dcb1b46fa4cba772a,2026-10-07T01:21:54.381563+00:00,102027,,0.462,0.861,1768.8,929.0,284.0,376.0,112.0,26.0,65.0,338.0,733.0,188.0,218.0
Kevon Looney,LAL,C,65.0,15.4,4.230769230769231,5.8,1.7076923076923076,0.5076923076923077,0.4,0.015384615384615385,1.7692307692307692,3.3076923076923075,0.676923076923077,1.1076923076923078,3155535,https://lm-api-reads.fantasy.espn.com/apis/v3/games/fba/seasons/2027/segments/0/leaguedefaults/1?view=kona_player_info,9f5a8f4a339eb48efbc35de132b41c4614525f66f8f5637dcb1b46fa4cba772a,2026-10-07T01:21:54.381563+00:00,102027,,0.534,0.621,1001.0,275.0,377.0,111.0,33.0,26.0,1.0,115.0,215.0,44.0,72.0
Keyonte George,UTAH,"PG,SG",68.0,33.199999999999996,22.264705882352942,3.7058823529411766,6.102941176470588,1.0,0.20588235294117646,2.5441176470588234,7.044117647058823,15.897058823529411,5.632352941176471,6.397058823529412,4433627,https://lm-api-reads.fantasy.espn.com/apis/v3/games/fba/seasons/2027/segments/0/leaguedefaults/1?view=kona_player_info,9f5a8f4a339eb48efbc35de132b41c4614525f66f8f5637dcb1b46fa4cba772a,2026-10-07T01:21:54.381563+00:00,102027,,0.443,0.881,2257.6,1514.0,252.0,415.0,68.0,14.0,173.0,479.0,1081.0,383.0,435.0
Khaman Maluach,PHX,C,65.0,23.0,7.769230769230769,7.507692307692308,0.3076923076923077,0.3076923076923077,1.9076923076923078,0.2923076923076923,3.1384615384615384,5.907692307692308,1.2,1.7076923076923076,5203685,https://lm-api-reads.fantasy.espn.com/apis/v3/games/fba/seasons/2027/segments/0/leaguedefaults/1?view=kona_player_info,9f5a8f4a339eb48efbc35de132b41c4614525f66f8f5637dcb1b46fa4cba772a,2026-10-07T01:21:54.381563+00:00,102027,,0.533,0.71,1495.0,505.0,488.0,20.0,20.0,124.0,19.0,204.0,384.0,78.0,111.0
Khris Middleton,WSH,"SF,PF",53.0,20.3,10.09433962264151,3.3962264150943398,3.207547169811321,0.6981132075471698,0.20754716981132076,1.1132075471698113,3.7169811320754715,8.09433962264151,1.5471698113207548,1.7924528301886793,6609,https://lm-api-reads.fantasy.espn.com/apis/v3/games/fba/seasons/2027/segments/0/leaguedefaults/1?view=kona_player_info,9f5a8f4a339eb48efbc35de132b41c4614525f66f8f5637dcb1b46fa4cba772a,2026-10-07T01:21:54.381563+00:00,102027,,0.459,0.858,1075.9,535.0,180.0,170.0,37.0,11.0,59.0,197.0,429.0,82.0,95.0
Kingston Flemings,ATL,"PG,SG",71.0,24.8,10.915492957746478,2.8028169014084505,3.704225352112676,1.1971830985915493,0.5070422535211268,0.36619718309859156,4.197183098591549,9.704225352112676,2.1549295774647885,2.704225352112676,5149077,https://lm-api-reads.fantasy.espn.com/apis/v3/games/fba/seasons/2027/segments/0/leaguedefaults/1?view=kona_player_info,9f5a8f4a339eb48efbc35de132b41c4614525f66f8f5637dcb1b46fa4cba772a,2026-10-07T01:21:54.381563+00:00,102027,,0.432,0.797,1760.8,775.0,199.0,263.0,85.0,36.0,26.0,298.0,689.0,153.0,192.0
Klay Thompson,MIA,"SG,SF",70.0,23.0,12.4,2.3,1.5,0.5,0.3,2.9714285714285715,4.385714285714286,11.0,0.6571428571428571,0.8,6475,https://lm-api-reads.fantasy.espn.com/apis/v3/games/fba/seasons/2027/segments/0/leaguedefaults/1?view=kona_player_info,9f5a8f4a339eb48efbc35de132b41c4614525f66f8f5637dcb1b46fa4cba772a,2026-10-07T01:21:54.381563+00:00,102027,,0.399,0.814,1610.0,868.0,161.0,105.0,35.0,21.0,208.0,307.0,770.0,46.0,56.0
Kobe Brown,IND,PF,62.0,10.8,3.4193548387096775,2.096774193548387,0.9032258064516129,0.3064516129032258,0.0967741935483871,0.46774193548387094,1.3225806451612903,2.903225806451613,0.3064516129032258,0.4032258064516129,4431752,https://lm-api-reads.fantasy.espn.com/apis/v3/games/fba/seasons/2027/segments/0/leaguedefaults/1?view=kona_player_info,9f5a8f4a339eb48efbc35de132b41c4614525f66f8f5637dcb1b46fa4cba772a,2026-10-07T01:21:54.381563+00:00,102027,,0.455,0.777,669.6,212.0,130.0,56.0,19.0,6.0,29.0,82.0,180.0,19.0,25.0
Koby Brea,PHX,SG,63.0,10.200000000000001,5.349206349206349,1.0,1.2063492063492063,0.09523809523809523,0.0,1.5555555555555556,1.7936507936507937,4.301587301587301,0.20634920634920634,0.20634920634920634,4591259,https://lm-api-reads.fantasy.espn.com/apis/v3/games/fba/seasons/2027/segments/0/leaguedefaults/1?view=kona_player_info,9f5a8f4a339eb48efbc35de132b41c4614525f66f8f5637dcb1b46fa4cba772a,2026-10-07T01:21:54.381563+00:00,102027,1,0.417,1.0,642.6,337.0,63.0,76.0,6.0,0.0,98.0,113.0,271.0,13.0,13.0
Kon Knueppel,CHA,"SG,SF",78.0,34.199999999999996,20.012820512820515,5.794871794871795,3.7051282051282053,0.7948717948717948,0.2948717948717949,3.6538461538461537,6.884615384615385,14.5,2.58974358974359,3.0,5061575,https://lm-api-reads.fantasy.espn.com/apis/v3/games/fba/seasons/2027/segments/0/leaguedefaults/1?view=kona_player_info,9f5a8f4a339eb48efbc35de132b41c4614525f66f8f5637dcb1b46fa4cba772a,2026-10-07T01:21:54.381563+00:00,102027,,0.475,0.863,2667.6,1561.0,452.0,289.0,62.0,23.0,285.0,537.0,1131.0,202.0,234.0
Kris Dunn,LAC,"PG,SG",75.0,22.0,5.986666666666666,2.9066666666666667,3.1066666666666665,1.4,0.30666666666666664,0.8266666666666667,2.36,5.1066666666666665,0.44,0.6,2991139,https://lm-api-reads.fantasy.espn.com/apis/v3/games/fba/seasons/2027/segments/0/leaguedefaults/1?view=kona_player_info,9f5a8f4a339eb48efbc35de132b41c4614525f66f8f5637dcb1b46fa4cba772a,2026-10-07T01:21:54.381563+00:00,102027,,0.463,0.739,1650.0,449.0,218.0,233.0,105.0,23.0,62.0,177.0,383.0,33.0,45.0
Kris Murray,MEM,PF,68.0,21.900000000000002,5.602941176470588,3.3970588235294117,1.2941176470588236,0.7941176470588235,0.39705882352941174,0.5735294117647058,2.1911764705882355,4.794117647058823,0.6470588235294118,1.0,4594326,https://lm-api-reads.fantasy.espn.com/apis/v3/games/fba/seasons/2027/segments/0/leaguedefaults/1?view=kona_player_info,9f5a8f4a339eb48efbc35de132b41c4614525f66f8f5637dcb1b46fa4cba772a,2026-10-07T01:21:54.381563+00:00,102027,,0.456,0.649,1489.2,381.0,231.0,88.0,54.0,27.0,39.0,149.0,326.0,44.0,68.0
Kristaps Porzingis,GS,"PF,C",59.0,27.7,18.847457627118644,6.508474576271187,2.2033898305084745,0.6949152542372882,1.5932203389830508,2.0,6.322033898305085,13.0,4.203389830508475,5.0,3102531,https://lm-api-reads.fantasy.espn.com/apis/v3/games/fba/seasons/2027/segments/0/leaguedefaults/1?view=kona_player_info,9f5a8f4a339eb48efbc35de132b41c4614525f66f8f5637dcb1b46fa4cba772a,2026-10-07T01:21:54.381563+00:00,102027,,0.486,0.839,1634.3,1112.0,384.0,130.0,41.0,94.0,118.0,373.0,767.0,248.0,295.0
Kyle Anderson,TOR,"SF,PF",62.0,17.700000000000003,5.451612903225806,3.096774193548387,2.903225806451613,0.8064516129032258,0.5,0.1935483870967742,2.161290322580645,4.5,0.9354838709677419,1.3064516129032258,2993874,https://lm-api-reads.fantasy.espn.com/apis/v3/games/fba/seasons/2027/segments/0/leaguedefaults/1?view=kona_player_info,9f5a8f4a339eb48efbc35de132b41c4614525f66f8f5637dcb1b46fa4cba772a,2026-10-07T01:21:54.381563+00:00,102027,,0.481,0.714,1097.4,338.0,192.0,180.0,50.0,31.0,12.0,134.0,279.0,58.0,81.0
Kyle Filipowski,UTAH,"PF,C",73.0,22.0,10.657534246575343,6.698630136986301,2.3972602739726026,0.9041095890410958,0.5068493150684932,0.9178082191780822,3.9452054794520546,8.0,1.8493150684931507,2.506849315068493,4684793,https://lm-api-reads.fantasy.espn.com/apis/v3/games/fba/seasons/2027/segments/0/leaguedefaults/1?view=kona_player_info,9f5a8f4a339eb48efbc35de132b41c4614525f66f8f5637dcb1b46fa4cba772a,2026-10-07T01:21:54.381563+00:00,102027,,0.493,0.739,1606.0,778.0,489.0,175.0,66.0,37.0,67.0,288.0,584.0,135.0,183.0
Kyle Kuzma,MIL,"SF,PF",68.0,25.7,13.029411764705882,4.602941176470588,2.6029411764705883,0.6029411764705882,0.39705882352941174,1.2205882352941178,4.9411764705882355,10.294117647058824,1.9264705882352942,2.7058823529411766,3134907,https://lm-api-reads.fantasy.espn.com/apis/v3/games/fba/seasons/2027/segments/0/leaguedefaults/1?view=kona_player_info,9f5a8f4a339eb48efbc35de132b41c4614525f66f8f5637dcb1b46fa4cba772a,2026-10-07T01:21:54.381563+00:00,102027,,0.48,0.714,1747.6,886.0,313.0,177.0,41.0,27.0,83.0,336.0,700.0,131.0,184.0
Kyrie Irving,DAL,PG,59.0,34.6,24.576271186440678,4.796610169491525,4.796610169491525,1.305084745762712,0.5084745762711864,2.847457627118644,9.135593220338983,18.796610169491526,3.457627118644068,3.7966101694915255,6442,https://lm-api-reads.fantasy.espn.com/apis/v3/games/fba/seasons/2027/segments/0/leaguedefaults/1?view=kona_player_info,9f5a8f4a339eb48efbc35de132b41c4614525f66f8f5637dcb1b46fa4cba772a,2026-10-07T01:21:54.381563+00:00,102027,,0.486,0.91,2041.4,1450.0,283.0,283.0,77.0,30.0,168.0,539.0,1109.0,204.0,224.0
Kyshawn George,WSH,"SG,SF",66.0,29.400000000000002,13.984848484848484,5.106060606060606,4.196969696969697,1.0,0.8939393939393939,2.0606060606060606,4.96969696969697,11.606060606060606,1.9848484848484849,2.5,5174563,https://lm-api-reads.fantasy.espn.com/apis/v3/games/fba/seasons/2027/segments/0/leaguedefaults/1?view=kona_player_info,9f5a8f4a339eb48efbc35de132b41c4614525f66f8f5637dcb1b46fa4cba772a,2026-10-07T01:21:54.381563+00:00,102027,,0.429,0.796,1940.4,923.0,337.0,277.0,66.0,59.0,136.0,328.0,766.0,131.0,165.0
LaMelo Ball,MIN,PG,68.0,31.8,23.08823529411765,5.397058823529412,8.0,1.2941176470588236,0.29411764705882354,4.220588235294118,8.058823529411764,19.794117647058822,2.75,3.1029411764705883,4432816,https://lm-api-reads.fantasy.espn.com/apis/v3/games/fba/seasons/2027/segments/0/leaguedefaults/1?view=kona_player_info,9f5a8f4a339eb48efbc35de132b41c4614525f66f8f5637dcb1b46fa4cba772a,2026-10-07T01:21:54.381563+00:00,102027,,0.407,0.889,2162.4,1570.0,367.0,544.0,88.0,20.0,287.0,548.0,1346.0,187.0,211.0
Landry Shamet,NY,SG,67.0,20.799999999999997,8.388059701492537,1.5970149253731343,1.1940298507462686,0.5970149253731343,0.19402985074626866,1.791044776119403,2.8656716417910446,6.507462686567164,0.8656716417910447,1.1940298507462686,3914044,https://lm-api-reads.fantasy.espn.com/apis/v3/games/fba/seasons/2027/segments/0/leaguedefaults/1?view=kona_player_info,9f5a8f4a339eb48efbc35de132b41c4614525f66f8f5637dcb1b46fa4cba772a,2026-10-07T01:21:54.381563+00:00,102027,,0.44,0.717,1393.6,562.0,107.0,80.0,40.0,13.0,120.0,192.0,436.0,58.0,80.0
Larry Nance Jr.,IND,PF,62.0,17.799999999999997,5.903225806451613,4.193548387096774,1.5,0.8064516129032258,0.3064516129032258,0.7258064516129032,2.338709677419355,4.5,0.5,0.6935483870967742,2580365,https://lm-api-reads.fantasy.espn.com/apis/v3/games/fba/seasons/2027/segments/0/leaguedefaults/1?view=kona_player_info,9f5a8f4a339eb48efbc35de132b41c4614525f66f8f5637dcb1b46fa4cba772a,2026-10-07T01:21:54.381563+00:00,102027,,0.519,0.712,1103.6,366.0,260.0,93.0,50.0,19.0,45.0,145.0,279.0,31.0,43.0
Lauri Markkanen,UTAH,"SF,PF",69.0,34.0,23.82608695652174,7.202898550724638,1.8985507246376812,0.8985507246376812,0.5072463768115942,3.0434782608695654,8.028985507246377,17.304347826086957,4.72463768115942,5.304347826086956,4066336,https://lm-api-reads.fantasy.espn.com/apis/v3/games/fba/seasons/2027/segments/0/leaguedefaults/1?view=kona_player_info,9f5a8f4a339eb48efbc35de132b41c4614525f66f8f5637dcb1b46fa4cba772a,2026-10-07T01:21:54.381563+00:00,102027,,0.464,0.892,2346.0,1644.0,497.0,131.0,62.0,35.0,210.0,554.0,1194.0,326.0,366.0
LeBron James,PHI,"SF,PF",64.0,30.7,21.046875,6.296875,7.0,1.0,0.5,1.625,7.9375,15.203125,3.546875,4.703125,1966,https://lm-api-reads.fantasy.espn.com/apis/v3/games/fba/seasons/2027/segments/0/leaguedefaults/1?view=kona_player_info,9f5a8f4a339eb48efbc35de132b41c4614525f66f8f5637dcb1b46fa4cba772a,2026-10-07T01:21:54.381563+00:00,102027,,0.522,0.755,1964.8,1347.0,403.0,448.0,64.0,32.0,104.0,508.0,973.0,227.0,301.0
Leonard Miller,CHI,SF,62.0,13.600000000000001,6.870967741935484,3.403225806451613,0.8064516129032258,0.3064516129032258,0.3064516129032258,0.6129032258064516,2.7580645161290325,5.0,0.7419354838709677,1.0,5044385,https://lm-api-reads.fantasy.espn.com/apis/v3/games/fba/seasons/2027/segments/0/leaguedefaults/1?view=kona_player_info,9f5a8f4a339eb48efbc35de132b41c4614525f66f8f5637dcb1b46fa4cba772a,2026-10-07T01:21:54.381563+00:00,102027,,0.552,0.743,843.2,426.0,211.0,50.0,19.0,19.0,38.0,171.0,310.0,46.0,62.0
Liam McNeeley,CHA,SF,64.0,19.5,7.09375,3.90625,1.296875,0.296875,0.203125,1.28125,2.046875,5.09375,1.71875,2.09375,5239590,https://lm-api-reads.fantasy.espn.com/apis/v3/games/fba/seasons/2027/segments/0/leaguedefaults/1?view=kona_player_info,9f5a8f4a339eb48efbc35de132b41c4614525f66f8f5637dcb1b46fa4cba772a,2026-10-07T01:21:54.381563+00:00,102027,,0.4,0.821,1248.0,454.0,250.0,83.0,19.0,13.0,82.0,131.0,326.0,110.0,134.0
Luguentz Dort,ATL,"SG,SF",72.0,28.1,9.583333333333334,3.8055555555555554,1.4027777777777777,1.0,0.5,2.111111111111111,3.3472222222222223,8.0,0.7777777777777778,1.0,4397020,https://lm-api-reads.fantasy.espn.com/apis/v3/games/fba/seasons/2027/segments/0/leaguedefaults/1?view=kona_player_info,9f5a8f4a339eb48efbc35de132b41c4614525f66f8f5637dcb1b46fa4cba772a,2026-10-07T01:21:54.381563+00:00,102027,,0.418,0.777,2023.2,690.0,274.0,101.0,72.0,36.0,152.0,241.0,576.0,56.0,72.0
Luka Doncic,LAL,PG,68.0,36.699999999999996,33.01470588235294,8.5,8.897058823529411,1.6029411764705883,0.5,3.9558823529411766,10.926470588235293,22.897058823529413,7.205882352941177,9.205882352941176,3945274,https://lm-api-reads.fantasy.espn.com/apis/v3/games/fba/seasons/2027/segments/0/leaguedefaults/1?view=kona_player_info,9f5a8f4a339eb48efbc35de132b41c4614525f66f8f5637dcb1b46fa4cba772a,2026-10-07T01:21:54.381563+00:00,102027,,0.477,0.783,2495.6,2245.0,578.0,605.0,109.0,34.0,269.0,743.0,1557.0,490.0,626.0
Luke Kennard,PHX,SG,74.0,21.8,8.54054054054054,2.4054054054054053,2.4054054054054053,0.7027027027027027,0.0945945945945946,1.554054054054054,3.081081081081081,5.905405405405405,0.8243243243243243,0.9054054054054054,3913174,https://lm-api-reads.fantasy.espn.com/apis/v3/games/fba/seasons/2027/segments/0/leaguedefaults/1?view=kona_player_info,9f5a8f4a339eb48efbc35de132b41c4614525f66f8f5637dcb1b46fa4cba772a,2026-10-07T01:21:54.381563+00:00,102027,,0.522,0.91,1613.2,632.0,178.0,178.0,52.0,7.0,115.0,228.0,437.0,61.0,67.0
Luke Kornet,SA,C,71.0,15.599999999999998,4.985915492957746,4.394366197183099,1.295774647887324,0.39436619718309857,0.8028169014084507,0.0,2.056338028169014,3.0985915492957745,0.8732394366197183,1.0985915492957747,3064560,https://lm-api-reads.fantasy.espn.com/apis/v3/games/fba/seasons/2027/segments/0/leaguedefaults/1?view=kona_player_info,9f5a8f4a339eb48efbc35de132b41c4614525f66f8f5637dcb1b46fa4cba772a,2026-10-07T01:21:54.381563+00:00,102027,17,0.665,0.796,1107.6,354.0,312.0,92.0,28.0,57.0,0.0,146.0,220.0,62.0,78.0
Malik Monk,SAC,"PG,SG",68.0,26.2,14.852941176470589,2.7941176470588234,4.5,0.7058823529411765,0.5,2.0588235294117645,5.367647058823529,12.205882352941176,2.0588235294117645,2.3970588235294117,4066262,https://lm-api-reads.fantasy.espn.com/apis/v3/games/fba/seasons/2027/segments/0/leaguedefaults/1?view=kona_player_info,9f5a8f4a339eb48efbc35de132b41c4614525f66f8f5637dcb1b46fa4cba772a,2026-10-07T01:21:54.381563+00:00,102027,,0.44,0.855,1781.6,1010.0,190.0,306.0,48.0,34.0,140.0,365.0,830.0,140.0,163.0
Marcus Sasser,DAL,PG,60.0,13.1,5.733333333333333,1.1,2.2,0.6,0.1,1.1333333333333333,2.05,5.0,0.5,0.6,4432107,https://lm-api-reads.fantasy.espn.com/apis/v3/games/fba/seasons/2027/segments/0/leaguedefaults/1?view=kona_player_info,9f5a8f4a339eb48efbc35de132b41c4614525f66f8f5637dcb1b46fa4cba772a,2026-10-07T01:21:54.381563+00:00,102027,,0.41,0.842,786.0,344.0,66.0,132.0,36.0,6.0,68.0,123.0,300.0,30.0,36.0
Marcus Smart,HOU,"PG,SG",62.0,24.4,9.17741935483871,2.403225806451613,3.0,1.3064516129032258,0.3064516129032258,1.4838709677419355,3.0483870967741935,7.596774193548387,1.596774193548387,2.0,2990992,https://lm-api-reads.fantasy.espn.com/apis/v3/games/fba/seasons/2027/segments/0/leaguedefaults/1?view=kona_player_info,9f5a8f4a339eb48efbc35de132b41c4614525f66f8f5637dcb1b46fa4cba772a,2026-10-07T01:21:54.381563+00:00,102027,,0.402,0.797,1512.8,569.0,149.0,186.0,81.0,19.0,92.0,189.0,471.0,99.0,124.0
Mark Williams,PHX,C,24.0,24.900000000000002,12.916666666666666,8.916666666666666,1.5,0.7916666666666666,1.0,0.0,5.208333333333333,8.291666666666666,2.5,3.2083333333333335,4701232,https://lm-api-reads.fantasy.espn.com/apis/v3/games/fba/seasons/2027/segments/0/leaguedefaults/1?view=kona_player_info,9f5a8f4a339eb48efbc35de132b41c4614525f66f8f5637dcb1b46fa4cba772a,2026-10-07T01:21:54.381563+00:00,102027,17,0.629,0.776,597.6,310.0,214.0,36.0,19.0,24.0,0.0,125.0,199.0,60.0,77.0
Marvin Bagley III,DEN,"PF,C",61.0,19.099999999999998,9.950819672131148,5.80327868852459,1.2950819672131149,0.39344262295081966,0.7049180327868853,0.36065573770491804,4.032786885245901,6.60655737704918,1.5245901639344261,2.2950819672131146,4277848,https://lm-api-reads.fantasy.espn.com/apis/v3/games/fba/seasons/2027/segments/0/leaguedefaults/1?view=kona_player_info,9f5a8f4a339eb48efbc35de132b41c4614525f66f8f5637dcb1b46fa4cba772a,2026-10-07T01:21:54.381563+00:00,102027,,0.612,0.665,1165.1,607.0,354.0,79.0,24.0,43.0,22.0,246.0,403.0,93.0,140.0
Matas Buzelis,CHI,"SF,PF",74.0,30.5,16.675675675675677,6.0,2.0945945945945947,0.7027027027027027,1.5945945945945945,2.310810810810811,5.95945945945946,12.905405405405405,2.445945945945946,3.0945945945945947,4711294,https://lm-api-reads.fantasy.espn.com/apis/v3/games/fba/seasons/2027/segments/0/leaguedefaults/1?view=kona_player_info,9f5a8f4a339eb48efbc35de132b41c4614525f66f8f5637dcb1b46fa4cba772a,2026-10-07T01:21:54.381563+00:00,102027,,0.462,0.788,2257.0,1234.0,444.0,155.0,52.0,118.0,171.0,441.0,955.0,181.0,229.0
Matisse Thybulle,LAL,SF,59.0,19.1,5.864406779661017,2.2033898305084745,1.2033898305084745,1.8983050847457628,0.5932203389830508,1.2542372881355932,2.0338983050847457,4.796610169491525,0.5423728813559322,0.6949152542372882,3907498,https://lm-api-reads.fantasy.espn.com/apis/v3/games/fba/seasons/2027/segments/0/leaguedefaults/1?view=kona_player_info,9f5a8f4a339eb48efbc35de132b41c4614525f66f8f5637dcb1b46fa4cba772a,2026-10-07T01:21:54.381563+00:00,102027,,0.424,0.773,1126.9,346.0,130.0,71.0,112.0,35.0,74.0,120.0,283.0,32.0,41.0
Max Christie,DAL,SG,77.0,28.200000000000003,11.532467532467532,3.1948051948051948,1.896103896103896,0.5974025974025974,0.4025974025974026,2.116883116883117,3.909090909090909,8.896103896103897,1.5974025974025974,1.8051948051948052,4432582,https://lm-api-reads.fantasy.espn.com/apis/v3/games/fba/seasons/2027/segments/0/leaguedefaults/1?view=kona_player_info,9f5a8f4a339eb48efbc35de132b41c4614525f66f8f5637dcb1b46fa4cba772a,2026-10-07T01:21:54.381563+00:00,102027,,0.439,0.89,2171.4,888.0,246.0,146.0,46.0,31.0,163.0,301.0,685.0,123.0,139.0
Max Strus,LAC,SF,67.0,25.9,9.850746268656716,4.0,3.1940298507462686,0.7014925373134329,0.29850746268656714,2.044776119402985,3.5074626865671643,8.298507462686567,0.7910447761194029,1.0,4065778,https://lm-api-reads.fantasy.espn.com/apis/v3/games/fba/seasons/2027/segments/0/leaguedefaults/1?view=kona_player_info,9f5a8f4a339eb48efbc35de132b41c4614525f66f8f5637dcb1b46fa4cba772a,2026-10-07T01:21:54.381563+00:00,102027,,0.423,0.798,1735.3,660.0,268.0,214.0,47.0,20.0,137.0,235.0,556.0,53.0,67.0
Michael Porter Jr.,BKN,"SF,PF",69.0,33.5,23.507246376811594,7.202898550724638,2.898550724637681,1.0,0.30434782608695654,3.318840579710145,8.391304347826088,17.89855072463768,3.4057971014492754,4.0,4278104,https://lm-api-reads.fantasy.espn.com/apis/v3/games/fba/seasons/2027/segments/0/leaguedefaults/1?view=kona_player_info,9f5a8f4a339eb48efbc35de132b41c4614525f66f8f5637dcb1b46fa4cba772a,2026-10-07T01:21:54.381563+00:00,102027,,0.469,0.85,2311.5,1622.0,497.0,200.0,69.0,21.0,229.0,579.0,1235.0,235.0,276.0
Mikal Bridges,NY,"SG,SF",82.0,33.599999999999994,15.195121951219512,3.6951219512195124,3.6951219512195124,1.1951219512195121,0.6951219512195121,1.951219512195122,6.048780487804878,12.402439024390244,1.146341463414634,1.4024390243902438,3147657,https://lm-api-reads.fantasy.espn.com/apis/v3/games/fba/seasons/2027/segments/0/leaguedefaults/1?view=kona_player_info,9f5a8f4a339eb48efbc35de132b41c4614525f66f8f5637dcb1b46fa4cba772a,2026-10-07T01:21:54.381563+00:00,102027,,0.488,0.823,2755.2,1246.0,303.0,303.0,98.0,57.0,160.0,496.0,1017.0,94.0,115.0
Mike Conley,BOS,PG,55.0,17.6,4.927272727272728,1.709090909090909,3.0,0.7090909090909091,0.2,1.0909090909090908,1.509090909090909,4.109090909090909,0.8181818181818182,0.9090909090909091,3195,https://lm-api-reads.fantasy.espn.com/apis/v3/games/fba/seasons/2027/segments/0/leaguedefaults/1?view=kona_player_info,9f5a8f4a339eb48efbc35de132b41c4614525f66f8f5637dcb1b46fa4cba772a,2026-10-07T01:21:54.381563+00:00,102027,,0.366,0.901,968.0,271.0,94.0,165.0,39.0,11.0,60.0,83.0,226.0,45.0,50.0
Mikel Brown Jr.,BKN,PG,71.0,30.199999999999996,15.929577464788732,2.507042253521127,3.3943661971830985,1.295774647887324,0.19718309859154928,0.704225352112676,5.690140845070423,13.507042253521126,3.8450704225352115,4.802816901408451,5101761,https://lm-api-reads.fantasy.espn.com/apis/v3/games/fba/seasons/2027/segments/0/leaguedefaults/1?view=kona_player_info,9f5a8f4a339eb48efbc35de132b41c4614525f66f8f5637dcb1b46fa4cba772a,2026-10-07T01:21:54.381563+00:00,102027,,0.421,0.801,2144.2,1131.0,178.0,241.0,92.0,14.0,50.0,404.0,959.0,273.0,341.0
Miles Bridges,PHX,"SF,PF",71.0,33.1,19.140845070422536,6.704225352112676,3.3943661971830985,0.704225352112676,0.5070422535211268,2.0985915492957745,7.098591549295775,15.704225352112676,2.8450704225352115,3.3943661971830985,4066383,https://lm-api-reads.fantasy.espn.com/apis/v3/games/fba/seasons/2027/segments/0/leaguedefaults/1?view=kona_player_info,9f5a8f4a339eb48efbc35de132b41c4614525f66f8f5637dcb1b46fa4cba772a,2026-10-07T01:21:54.381563+00:00,102027,,0.452,0.838,2350.1,1359.0,476.0,241.0,50.0,36.0,149.0,504.0,1115.0,202.0,241.0
Miles McBride,NY,"PG,SG",65.0,22.2,9.707692307692307,2.1076923076923078,2.2,0.8,0.2,2.1538461538461537,3.4153846153846152,8.107692307692307,0.7230769230769231,0.9076923076923077,4431823,https://lm-api-reads.fantasy.espn.com/apis/v3/games/fba/seasons/2027/segments/0/leaguedefaults/1?view=kona_player_info,9f5a8f4a339eb48efbc35de132b41c4614525f66f8f5637dcb1b46fa4cba772a,2026-10-07T01:21:54.381563+00:00,102027,,0.421,0.796,1443.0,631.0,137.0,143.0,52.0,13.0,140.0,222.0,527.0,47.0,59.0
Mitchell Robinson,BOS,C,61.0,25.400000000000002,7.344262295081967,11.098360655737705,1.098360655737705,1.1967213114754098,1.5081967213114753,0.0,3.2131147540983607,4.508196721311475,0.9180327868852459,2.19672131147541,4351852,https://lm-api-reads.fantasy.espn.com/apis/v3/games/fba/seasons/2027/segments/0/leaguedefaults/1?view=kona_player_info,9f5a8f4a339eb48efbc35de132b41c4614525f66f8f5637dcb1b46fa4cba772a,2026-10-07T01:21:54.381563+00:00,102027,17,0.715,0.417,1549.4,448.0,677.0,67.0,73.0,92.0,0.0,196.0,275.0,56.0,134.0
Mohamed Diawara,NY,PF,69.0,9.2,3.536231884057971,1.4057971014492754,0.7971014492753623,0.2028985507246377,0.10144927536231885,0.6956521739130435,1.3043478260869565,3.101449275362319,0.2318840579710145,0.30434782608695654,5289900,https://lm-api-reads.fantasy.espn.com/apis/v3/games/fba/seasons/2027/segments/0/leaguedefaults/1?view=kona_player_info,9f5a8f4a339eb48efbc35de132b41c4614525f66f8f5637dcb1b46fa4cba772a,2026-10-07T01:21:54.381563+00:00,102027,,0.423,0.75,634.8,244.0,97.0,55.0,14.0,7.0,48.0,90.0,214.0,16.0,21.0
Morez Johnson Jr.,DAL,"PF,C",71.0,24.7,10.605633802816902,5.605633802816901,1.6056338028169015,0.8028169014084507,0.9014084507042254,0.2676056338028169,4.0,8.098591549295774,2.3380281690140845,3.0985915492957745,4873153,https://lm-api-reads.fantasy.espn.com/apis/v3/games/fba/seasons/2027/segments/0/leaguedefaults/1?view=kona_player_info,9f5a8f4a339eb48efbc35de132b41c4614525f66f8f5637dcb1b46fa4cba772a,2026-10-07T01:21:54.381563+00:00,102027,,0.493,0.755,1753.7,753.0,398.0,114.0,57.0,64.0,19.0,284.0,575.0,166.0,220.0
Moritz Wagner,BKN,C,62.0,13.3,8.03225806451613,3.5,0.9032258064516129,0.5,0.0967741935483871,0.6451612903225806,2.774193548387097,5.903225806451613,1.8387096774193548,2.306451612903226,3150844,https://lm-api-reads.fantasy.espn.com/apis/v3/games/fba/seasons/2027/segments/0/leaguedefaults/1?view=kona_player_info,9f5a8f4a339eb48efbc35de132b41c4614525f66f8f5637dcb1b46fa4cba772a,2026-10-07T01:21:54.381563+00:00,102027,,0.471,0.799,824.6,498.0,217.0,56.0,31.0,6.0,40.0,172.0,366.0,114.0,143.0
Moses Moody,GS,"SG,SF",12.0,24.7,11.583333333333334,3.1666666666666665,1.5,0.9166666666666666,0.5,2.3333333333333335,3.9166666666666665,8.916666666666666,1.4166666666666667,1.8333333333333333,4432171,https://lm-api-reads.fantasy.espn.com/apis/v3/games/fba/seasons/2027/segments/0/leaguedefaults/1?view=kona_player_info,9f5a8f4a339eb48efbc35de132b41c4614525f66f8f5637dcb1b46fa4cba772a,2026-10-07T01:21:54.381563+00:00,102027,,0.44,0.775,296.4,139.0,38.0,18.0,11.0,6.0,28.0,47.0,107.0,17.0,22.0
Mouhamed Gueye,ATL,PF,70.0,15.4,4.557142857142857,3.6,0.9,0.8,0.5,0.5142857142857142,1.7571428571428571,3.9,0.5285714285714286,0.8,4712863,https://lm-api-reads.fantasy.espn.com/apis/v3/games/fba/seasons/2027/segments/0/leaguedefaults/1?view=kona_player_info,9f5a8f4a339eb48efbc35de132b41c4614525f66f8f5637dcb1b46fa4cba772a,2026-10-07T01:21:54.381563+00:00,102027,,0.449,0.658,1078.0,319.0,252.0,63.0,56.0,35.0,36.0,123.0,273.0,37.0,56.0
Moussa Diabate,CHA,"PF,C",70.0,24.6,7.5,8.3,1.7,0.7,0.9,0.0,3.0,4.8,1.5,2.3,4433249,https://lm-api-reads.fantasy.espn.com/apis/v3/games/fba/seasons/2027/segments/0/leaguedefaults/1?view=kona_player_info,9f5a8f4a339eb48efbc35de132b41c4614525f66f8f5637dcb1b46fa4cba772a,2026-10-07T01:21:54.381563+00:00,102027,17,0.626,0.652,1722.0,525.0,581.0,119.0,49.0,63.0,0.0,210.0,336.0,105.0,161.0
Myles Turner,MIL,C,71.0,27.400000000000002,12.422535211267606,5.507042253521127,1.5070422535211268,0.704225352112676,1.704225352112676,2.084507042253521,4.197183098591549,9.394366197183098,1.943661971830986,2.6056338028169015,3133628,https://lm-api-reads.fantasy.espn.com/apis/v3/games/fba/seasons/2027/segments/0/leaguedefaults/1?view=kona_player_info,9f5a8f4a339eb48efbc35de132b41c4614525f66f8f5637dcb1b46fa4cba772a,2026-10-07T01:21:54.381563+00:00,102027,,0.447,0.746,1945.4,882.0,391.0,107.0,50.0,121.0,148.0,298.0,667.0,138.0,185.0
Naji Marshall,DAL,"SF,PF",70.0,24.2,11.442857142857143,4.1,2.6,0.9,0.1,0.8,4.314285714285714,8.6,2.0142857142857142,2.6,4278594,https://lm-api-reads.fantasy.espn.com/apis/v3/games/fba/seasons/2027/segments/0/leaguedefaults/1?view=kona_player_info,9f5a8f4a339eb48efbc35de132b41c4614525f66f8f5637dcb1b46fa4cba772a,2026-10-07T01:21:54.381563+00:00,102027,,0.502,0.777,1694.0,801.0,287.0,182.0,63.0,7.0,56.0,302.0,602.0,141.0,182.0
Nate Ament,MIL,SF,70.0,17.7,5.6571428571428575,3.6,0.7,0.7,0.8,0.18571428571428572,2.3142857142857145,5.4,0.8428571428571429,1.2,5164559,https://lm-api-reads.fantasy.espn.com/apis/v3/games/fba/seasons/2027/segments/0/leaguedefaults/1?view=kona_player_info,9f5a8f4a339eb48efbc35de132b41c4614525f66f8f5637dcb1b46fa4cba772a,2026-10-07T01:21:54.381563+00:00,102027,,0.429,0.701,1239.0,396.0,252.0,49.0,49.0,56.0,13.0,162.0,378.0,59.0,84.0
Naz Reid,CHA,"PF,C",76.0,30.3,15.868421052631579,7.105263157894737,2.5,1.105263157894737,1.105263157894737,2.460526315789474,6.0,13.105263157894736,1.4078947368421053,1.894736842105263,4396971,https://lm-api-reads.fantasy.espn.com/apis/v3/games/fba/seasons/2027/segments/0/leaguedefaults/1?view=kona_player_info,9f5a8f4a339eb48efbc35de132b41c4614525f66f8f5637dcb1b46fa4cba772a,2026-10-07T01:21:54.381563+00:00,102027,,0.458,0.739,2302.8,1206.0,540.0,190.0,84.0,84.0,187.0,456.0,996.0,107.0,144.0
Neemias Queta,BOS,C,72.0,23.6,9.472222222222221,7.694444444444445,1.5,0.6944444444444444,1.1944444444444444,0.013888888888888888,3.986111111111111,6.097222222222222,1.4861111111111112,2.0972222222222223,4397424,https://lm-api-reads.fantasy.espn.com/apis/v3/games/fba/seasons/2027/segments/0/leaguedefaults/1?view=kona_player_info,9f5a8f4a339eb48efbc35de132b41c4614525f66f8f5637dcb1b46fa4cba772a,2026-10-07T01:21:54.381563+00:00,102027,,0.653,0.706,1699.2,682.0,554.0,108.0,50.0,86.0,1.0,287.0,439.0,107.0,151.0
Nic Claxton,CHI,C,69.0,27.8,11.55072463768116,7.101449275362318,3.4057971014492754,0.6956521739130435,1.2028985507246377,0.057971014492753624,4.811594202898551,8.405797101449275,1.8695652173913044,3.101449275362319,4278067,https://lm-api-reads.fantasy.espn.com/apis/v3/games/fba/seasons/2027/segments/0/leaguedefaults/1?view=kona_player_info,9f5a8f4a339eb48efbc35de132b41c4614525f66f8f5637dcb1b46fa4cba772a,2026-10-07T01:21:54.381563+00:00,102027,,0.573,0.602,1918.2,797.0,490.0,235.0,48.0,83.0,4.0,332.0,580.0,129.0,214.0
Nickeil Alexander-Walker,ATL,"PG,SG",79.0,32.3,19.151898734177216,3.4050632911392404,3.5063291139240507,1.2025316455696202,0.5063291139240507,3.0253164556962027,6.493670886075949,14.20253164556962,3.1392405063291138,3.5063291139240507,4278039,https://lm-api-reads.fantasy.espn.com/apis/v3/games/fba/seasons/2027/segments/0/leaguedefaults/1?view=kona_player_info,9f5a8f4a339eb48efbc35de132b41c4614525f66f8f5637dcb1b46fa4cba772a,2026-10-07T01:21:54.381563+00:00,102027,,0.457,0.896,2551.7,1513.0,269.0,277.0,95.0,40.0,239.0,513.0,1122.0,248.0,277.0
Nikola Jokic,DEN,C,72.0,35.599999999999994,28.25,12.694444444444445,10.097222222222221,1.5972222222222223,0.8055555555555556,1.6944444444444444,10.583333333333334,18.40277777777778,5.388888888888889,6.597222222222222,3112335,https://lm-api-reads.fantasy.espn.com/apis/v3/games/fba/seasons/2027/segments/0/leaguedefaults/1?view=kona_player_info,9f5a8f4a339eb48efbc35de132b41c4614525f66f8f5637dcb1b46fa4cba772a,2026-10-07T01:21:54.381563+00:00,102027,,0.575,0.817,2563.2,2034.0,914.0,727.0,115.0,58.0,122.0,762.0,1325.0,388.0,475.0
Nikola Jovic,MIA,PF,71.0,22.900000000000002,9.67605633802817,4.197183098591549,2.8028169014084505,0.704225352112676,0.39436619718309857,1.352112676056338,3.2816901408450705,8.507042253521126,1.7605633802816902,2.507042253521127,4997528,https://lm-api-reads.fantasy.espn.com/apis/v3/games/fba/seasons/2027/segments/0/leaguedefaults/1?view=kona_player_info,9f5a8f4a339eb48efbc35de132b41c4614525f66f8f5637dcb1b46fa4cba772a,2026-10-07T01:21:54.381563+00:00,102027,,0.386,0.703,1625.9,687.0,298.0,199.0,50.0,28.0,96.0,233.0,604.0,125.0,178.0
Nikola Vucevic,ORL,C,72.0,25.1,13.76388888888889,7.694444444444445,2.6944444444444446,0.5972222222222222,0.5972222222222222,1.2083333333333333,5.708333333333333,11.402777777777779,1.1388888888888888,1.4027777777777777,6478,https://lm-api-reads.fantasy.espn.com/apis/v3/games/fba/seasons/2027/segments/0/leaguedefaults/1?view=kona_player_info,9f5a8f4a339eb48efbc35de132b41c4614525f66f8f5637dcb1b46fa4cba772a,2026-10-07T01:21:54.381563+00:00,102027,,0.501,0.818,1807.2,991.0,554.0,194.0,43.0,43.0,87.0,411.0,821.0,82.0,101.0
Nique Clifford,SAC,"SG,SF",72.0,27.4,9.430555555555555,4.097222222222222,2.5972222222222223,1.0,0.3055555555555556,1.1388888888888888,3.638888888888889,8.694444444444445,1.0138888888888888,1.4027777777777777,4702384,https://lm-api-reads.fantasy.espn.com/apis/v3/games/fba/seasons/2027/segments/0/leaguedefaults/1?view=kona_player_info,9f5a8f4a339eb48efbc35de132b41c4614525f66f8f5637dcb1b46fa4cba772a,2026-10-07T01:21:54.381563+00:00,102027,,0.418,0.722,1972.8,679.0,295.0,187.0,72.0,22.0,82.0,262.0,626.0,73.0,101.0
Noa Essengue,CHI,PF,64.0,7.9,0.0,0.0,0.0,1.296875,0.0,0.0,0.0,4.0,0.0,0.0,5242496,https://lm-api-reads.fantasy.espn.com/apis/v3/games/fba/seasons/2027/segments/0/leaguedefaults/1?view=kona_player_info,9f5a8f4a339eb48efbc35de132b41c4614525f66f8f5637dcb1b46fa4cba772a,2026-10-07T01:21:54.381563+00:00,102027,"0,1,13,15,16,17,3,6",0,0,505.6,0.0,0.0,0.0,83.0,0.0,0.0,0.0,256.0,0.0,0.0
Noah Clowney,BKN,PF,69.0,19.6,8.797101449275363,3.101449275362319,1.1014492753623188,0.5072463768115942,0.5072463768115942,1.4202898550724639,2.7246376811594204,6.898550724637682,1.9275362318840579,2.4057971014492754,4712896,https://lm-api-reads.fantasy.espn.com/apis/v3/games/fba/seasons/2027/segments/0/leaguedefaults/1?view=kona_player_info,9f5a8f4a339eb48efbc35de132b41c4614525f66f8f5637dcb1b46fa4cba772a,2026-10-07T01:21:54.381563+00:00,102027,,0.394,0.805,1352.4,607.0,214.0,76.0,35.0,35.0,98.0,188.0,476.0,133.0,166.0
Nolan Traore,BKN,PG,71.0,25.0,10.028169014084508,2.0,4.295774647887324,0.9014084507042254,0.5070422535211268,1.2394366197183098,3.647887323943662,9.605633802816902,1.4929577464788732,1.9014084507042253,5279130,https://lm-api-reads.fantasy.espn.com/apis/v3/games/fba/seasons/2027/segments/0/leaguedefaults/1?view=kona_player_info,9f5a8f4a339eb48efbc35de132b41c4614525f66f8f5637dcb1b46fa4cba772a,2026-10-07T01:21:54.381563+00:00,102027,,0.38,0.787,1775.0,712.0,142.0,305.0,64.0,36.0,88.0,259.0,682.0,106.0,135.0
Norman Powell,CHI,"SG,SF",69.0,33.8,24.028985507246375,3.7971014492753623,2.5942028985507246,1.2028985507246377,0.30434782608695654,3.072463768115942,8.08695652173913,17.10144927536232,4.782608695652174,5.797101449275362,2595516,https://lm-api-reads.fantasy.espn.com/apis/v3/games/fba/seasons/2027/segments/0/leaguedefaults/1?view=kona_player_info,9f5a8f4a339eb48efbc35de132b41c4614525f66f8f5637dcb1b46fa4cba772a,2026-10-07T01:21:54.381563+00:00,102027,,0.473,0.824,2332.2,1658.0,262.0,179.0,83.0,21.0,212.0,558.0,1180.0,330.0,400.0
OG Anunoby,NY,"SF,PF",68.0,33.800000000000004,16.91176470588235,5.205882352941177,2.2058823529411766,1.5,0.7058823529411765,2.338235294117647,5.926470588235294,12.294117647058824,2.7205882352941178,3.2941176470588234,3934719,https://lm-api-reads.fantasy.espn.com/apis/v3/games/fba/seasons/2027/segments/0/leaguedefaults/1?view=kona_player_info,9f5a8f4a339eb48efbc35de132b41c4614525f66f8f5637dcb1b46fa4cba772a,2026-10-07T01:21:54.381563+00:00,102027,,0.482,0.825,2298.4,1150.0,354.0,150.0,102.0,48.0,159.0,403.0,836.0,185.0,224.0
Obi Toppin,IND,PF,63.0,20.0,10.587301587301587,4.0,1.6984126984126984,0.6031746031746031,0.3968253968253968,1.3492063492063493,4.063492063492063,7.507936507936508,1.1111111111111112,1.3968253968253967,4278355,https://lm-api-reads.fantasy.espn.com/apis/v3/games/fba/seasons/2027/segments/0/leaguedefaults/1?view=kona_player_info,9f5a8f4a339eb48efbc35de132b41c4614525f66f8f5637dcb1b46fa4cba772a,2026-10-07T01:21:54.381563+00:00,102027,,0.542,0.798,1260.0,667.0,252.0,107.0,38.0,25.0,85.0,256.0,473.0,70.0,88.0
Olivier-Maxence Prosper,MEM,PF,64.0,17.1,8.875,3.296875,0.90625,0.703125,0.203125,0.984375,3.203125,6.0,1.484375,2.0,4595400,https://lm-api-reads.fantasy.espn.com/apis/v3/games/fba/seasons/2027/segments/0/leaguedefaults/1?view=kona_player_info,9f5a8f4a339eb48efbc35de132b41c4614525f66f8f5637dcb1b46fa4cba772a,2026-10-07T01:21:54.381563+00:00,102027,,0.534,0.741,1094.4,568.0,211.0,58.0,45.0,13.0,63.0,205.0,384.0,95.0,128.0
Onyeka Okongwu,ATL,C,72.0,30.599999999999998,14.958333333333334,7.805555555555555,3.0,1.0972222222222223,1.0,1.75,5.541666666666667,11.305555555555555,2.125,2.8055555555555554,4431680,https://lm-api-reads.fantasy.espn.com/apis/v3/games/fba/seasons/2027/segments/0/leaguedefaults/1?view=kona_player_info,9f5a8f4a339eb48efbc35de132b41c4614525f66f8f5637dcb1b46fa4cba772a,2026-10-07T01:21:54.381563+00:00,102027,,0.491,0.758,2203.2,1077.0,562.0,216.0,79.0,72.0,126.0,399.0,814.0,153.0,202.0
Oso Ighodaro,PHX,PF,79.0,27.6,7.924050632911392,6.30379746835443,2.6962025316455698,1.1012658227848102,0.8987341772151899,0.0,3.569620253164557,5.506329113924051,0.7848101265822784,1.6962025316455696,4601023,https://lm-api-reads.fantasy.espn.com/apis/v3/games/fba/seasons/2027/segments/0/leaguedefaults/1?view=kona_player_info,9f5a8f4a339eb48efbc35de132b41c4614525f66f8f5637dcb1b46fa4cba772a,2026-10-07T01:21:54.381563+00:00,102027,17,0.649,0.462,2180.4,626.0,498.0,213.0,87.0,71.0,0.0,282.0,435.0,62.0,134.0
P.J. Washington,DAL,"SF,PF",64.0,29.0,13.1875,6.59375,1.703125,0.90625,1.0,1.328125,4.890625,10.90625,2.078125,3.0,4278078,https://lm-api-reads.fantasy.espn.com/apis/v3/games/fba/seasons/2027/segments/0/leaguedefaults/1?view=kona_player_info,9f5a8f4a339eb48efbc35de132b41c4614525f66f8f5637dcb1b46fa4cba772a,2026-10-07T01:21:54.381563+00:00,102027,,0.449,0.692,1856.0,844.0,422.0,109.0,58.0,64.0,85.0,313.0,698.0,133.0,192.0
Pacome Dadiet,NY,SF,58.0,9.0,3.086206896551724,1.706896551724138,0.7068965517241379,0.20689655172413793,0.10344827586206896,0.4482758620689655,1.0344827586206897,3.103448275862069,0.5689655172413793,0.7068965517241379,5211983,https://lm-api-reads.fantasy.espn.com/apis/v3/games/fba/seasons/2027/segments/0/leaguedefaults/1?view=kona_player_info,9f5a8f4a339eb48efbc35de132b41c4614525f66f8f5637dcb1b46fa4cba772a,2026-10-07T01:21:54.381563+00:00,102027,,0.332,0.805,522.0,179.0,99.0,41.0,12.0,6.0,26.0,60.0,180.0,33.0,41.0
Paolo Banchero,ORL,"SF,PF",69.0,35.2,23.420289855072465,7.898550724637682,5.202898550724638,0.7971014492753623,0.5942028985507246,1.434782608695652,7.9855072463768115,17.507246376811594,6.0144927536231885,8.0,4432573,https://lm-api-reads.fantasy.espn.com/apis/v3/games/fba/seasons/2027/segments/0/leaguedefaults/1?view=kona_player_info,9f5a8f4a339eb48efbc35de132b41c4614525f66f8f5637dcb1b46fa4cba772a,2026-10-07T01:21:54.381563+00:00,102027,,0.456,0.751,2428.8,1616.0,545.0,359.0,55.0,41.0,99.0,551.0,1208.0,415.0,552.0
Pascal Siakam,IND,PF,74.0,34.8,22.7972972972973,7.297297297297297,4.0,1.0,0.5,1.554054054054054,8.783783783783784,17.094594594594593,3.675675675675676,5.094594594594595,3149673,https://lm-api-reads.fantasy.espn.com/apis/v3/games/fba/seasons/2027/segments/0/leaguedefaults/1?view=kona_player_info,9f5a8f4a339eb48efbc35de132b41c4614525f66f8f5637dcb1b46fa4cba772a,2026-10-07T01:21:54.381563+00:00,102027,,0.514,0.72,2575.2,1687.0,540.0,296.0,74.0,37.0,115.0,650.0,1265.0,272.0,377.0
Pat Connaughton,CHA,SG,66.0,9.4,3.242424242424242,1.803030303030303,0.803030303030303,0.30303030303030304,0.10606060606060606,0.5606060606060606,1.1666666666666667,2.606060606060606,0.3484848484848485,0.5,2578239,https://lm-api-reads.fantasy.espn.com/apis/v3/games/fba/seasons/2027/segments/0/leaguedefaults/1?view=kona_player_info,9f5a8f4a339eb48efbc35de132b41c4614525f66f8f5637dcb1b46fa4cba772a,2026-10-07T01:21:54.381563+00:00,102027,,0.45,0.688,620.4,214.0,119.0,53.0,20.0,7.0,37.0,77.0,172.0,23.0,33.0
Patrick Williams,CHI,PF,72.0,20.0,6.888888888888889,2.9027777777777777,1.4027777777777777,0.6944444444444444,0.4027777777777778,1.25,2.4583333333333335,6.5,0.7222222222222222,1.0,4431687,https://lm-api-reads.fantasy.espn.com/apis/v3/games/fba/seasons/2027/segments/0/leaguedefaults/1?view=kona_player_info,9f5a8f4a339eb48efbc35de132b41c4614525f66f8f5637dcb1b46fa4cba772a,2026-10-07T01:21:54.381563+00:00,102027,,0.379,0.723,1440.0,496.0,209.0,101.0,50.0,29.0,90.0,177.0,468.0,52.0,72.0
Paul George,BOS,"SF,PF",55.0,33.2,19.818181818181817,5.4,3.8,1.709090909090909,0.509090909090909,2.9272727272727272,7.0181818181818185,15.50909090909091,2.8545454545454545,3.309090909090909,4251,https://lm-api-reads.fantasy.espn.com/apis/v3/games/fba/seasons/2027/segments/0/leaguedefaults/1?view=kona_player_info,9f5a8f4a339eb48efbc35de132b41c4614525f66f8f5637dcb1b46fa4cba772a,2026-10-07T01:21:54.381563+00:00,102027,,0.453,0.866,1826.0,1090.0,297.0,209.0,94.0,28.0,161.0,386.0,853.0,157.0,182.0
Paul Reed,DET,"PF,C",63.0,13.799999999999999,7.428571428571429,4.396825396825397,1.2063492063492063,0.9047619047619048,0.9047619047619048,0.19047619047619047,3.0793650793650795,5.095238095238095,1.0793650793650793,1.6031746031746033,4278562,https://lm-api-reads.fantasy.espn.com/apis/v3/games/fba/seasons/2027/segments/0/leaguedefaults/1?view=kona_player_info,9f5a8f4a339eb48efbc35de132b41c4614525f66f8f5637dcb1b46fa4cba772a,2026-10-07T01:21:54.381563+00:00,102027,,0.603,0.672,869.4,468.0,277.0,76.0,57.0,57.0,12.0,194.0,321.0,68.0,101.0
Payton Pritchard,BOS,"PG,SG",72.0,30.799999999999997,16.041666666666668,3.8055555555555554,4.805555555555555,0.6944444444444444,0.09722222222222222,2.625,6.0,12.902777777777779,1.4166666666666667,1.5972222222222223,4066354,https://lm-api-reads.fantasy.espn.com/apis/v3/games/fba/seasons/2027/segments/0/leaguedefaults/1?view=kona_player_info,9f5a8f4a339eb48efbc35de132b41c4614525f66f8f5637dcb1b46fa4cba772a,2026-10-07T01:21:54.381563+00:00,102027,,0.465,0.885,2217.6,1155.0,274.0,346.0,50.0,7.0,189.0,432.0,929.0,102.0,115.0
Peyton Watson,CLE,"SF,PF",71.0,30.699999999999996,14.23943661971831,5.0,2.0985915492957745,0.9014084507042254,1.295774647887324,1.4366197183098592,5.169014084507042,10.605633802816902,2.464788732394366,3.3943661971830985,4576087,https://lm-api-reads.fantasy.espn.com/apis/v3/games/fba/seasons/2027/segments/0/leaguedefaults/1?view=kona_player_info,9f5a8f4a339eb48efbc35de132b41c4614525f66f8f5637dcb1b46fa4cba772a,2026-10-07T01:21:54.381563+00:00,102027,,0.488,0.724,2179.7,1011.0,355.0,149.0,64.0,92.0,102.0,367.0,753.0,175.0,241.0
Precious Achiuwa,SAC,"PF,C",71.0,24.3,9.943661971830986,6.802816901408451,1.3943661971830985,0.9014084507042254,0.704225352112676,0.36619718309859156,4.253521126760563,8.098591549295774,1.0704225352112675,1.9014084507042253,4431679,https://lm-api-reads.fantasy.espn.com/apis/v3/games/fba/seasons/2027/segments/0/leaguedefaults/1?view=kona_player_info,9f5a8f4a339eb48efbc35de132b41c4614525f66f8f5637dcb1b46fa4cba772a,2026-10-07T01:21:54.381563+00:00,102027,,0.525,0.56,1725.3,706.0,483.0,99.0,64.0,50.0,26.0,302.0,575.0,76.0,135.0
Quentin Grimes,LAL,"SG,SF",73.0,30.8,14.917808219178083,4.205479452054795,3.3972602739726026,1.0,0.3972602739726027,2.0684931506849313,5.136986301369863,11.301369863013699,2.5753424657534247,3.2054794520547945,4397014,https://lm-api-reads.fantasy.espn.com/apis/v3/games/fba/seasons/2027/segments/0/leaguedefaults/1?view=kona_player_info,9f5a8f4a339eb48efbc35de132b41c4614525f66f8f5637dcb1b46fa4cba772a,2026-10-07T01:21:54.381563+00:00,102027,,0.454,0.804,2248.4,1089.0,307.0,248.0,73.0,29.0,151.0,375.0,825.0,188.0,234.0
RJ Barrett,TOR,"SG,SF",66.0,30.8,19.742424242424242,5.606060606060606,3.893939393939394,0.696969696969697,0.30303030303030304,1.696969696969697,7.303030303030303,15.106060606060606,3.4393939393939394,5.0,4395625,https://lm-api-reads.fantasy.espn.com/apis/v3/games/fba/seasons/2027/segments/0/leaguedefaults/1?view=kona_player_info,9f5a8f4a339eb48efbc35de132b41c4614525f66f8f5637dcb1b46fa4cba772a,2026-10-07T01:21:54.381563+00:00,102027,,0.484,0.689,2032.8,1303.0,370.0,257.0,46.0,20.0,112.0,482.0,997.0,227.0,330.0
Rayan Rupert,PHI,SG,61.0,15.700000000000001,4.868852459016393,2.7049180327868854,1.0,0.8032786885245902,0.09836065573770492,0.639344262295082,1.8032786885245902,4.60655737704918,0.6229508196721312,0.8032786885245902,5099752,https://lm-api-reads.fantasy.espn.com/apis/v3/games/fba/seasons/2027/segments/0/leaguedefaults/1?view=kona_player_info,9f5a8f4a339eb48efbc35de132b41c4614525f66f8f5637dcb1b46fa4cba772a,2026-10-07T01:21:54.381563+00:00,102027,,0.392,0.776,957.7,297.0,165.0,61.0,49.0,6.0,39.0,110.0,281.0,38.0,49.0
Reed Sheppard,HOU,"PG,SG",76.0,26.7,13.473684210526315,3.0,3.3947368421052633,1.5,0.6973684210526315,2.776315789473684,4.947368421052632,11.605263157894736,0.8026315789473685,1.0,4711272,https://lm-api-reads.fantasy.espn.com/apis/v3/games/fba/seasons/2027/segments/0/leaguedefaults/1?view=kona_player_info,9f5a8f4a339eb48efbc35de132b41c4614525f66f8f5637dcb1b46fa4cba772a,2026-10-07T01:21:54.381563+00:00,102027,,0.426,0.803,2029.2,1024.0,228.0,258.0,114.0,53.0,211.0,376.0,882.0,61.0,76.0
Rob Dillingham,FA,PG,68.0,20.5,8.602941176470589,2.7058823529411766,3.1029411764705883,1.0,0.10294117647058823,0.8823529411764706,3.4558823529411766,8.705882352941176,0.8088235294117647,1.1029411764705883,4684275,https://lm-api-reads.fantasy.espn.com/apis/v3/games/fba/seasons/2027/segments/0/leaguedefaults/1?view=kona_player_info,9f5a8f4a339eb48efbc35de132b41c4614525f66f8f5637dcb1b46fa4cba772a,2026-10-07T01:21:54.381563+00:00,102027,,0.398,0.741,1394.0,585.0,184.0,211.0,68.0,7.0,60.0,235.0,592.0,55.0,75.0
Robert Williams III,POR,C,59.0,20.0,7.52542372881356,7.796610169491525,1.2033898305084745,0.6949152542372882,1.694915254237288,0.15254237288135594,3.3220338983050848,4.796610169491525,0.7288135593220338,1.1016949152542372,4066211,https://lm-api-reads.fantasy.espn.com/apis/v3/games/fba/seasons/2027/segments/0/leaguedefaults/1?view=kona_player_info,9f5a8f4a339eb48efbc35de132b41c4614525f66f8f5637dcb1b46fa4cba772a,2026-10-07T01:21:54.381563+00:00,102027,,0.693,0.66,1180.0,444.0,460.0,71.0,41.0,100.0,9.0,196.0,283.0,43.0,65.0
Ronald Holland II,DET,"SF,PF",79.0,18.5,7.6455696202531644,3.5949367088607596,1.2025316455696202,1.0,0.3037974683544304,0.569620253164557,2.8227848101265822,6.405063291139241,1.4303797468354431,1.7974683544303798,4683771,https://lm-api-reads.fantasy.espn.com/apis/v3/games/fba/seasons/2027/segments/0/leaguedefaults/1?view=kona_player_info,9f5a8f4a339eb48efbc35de132b41c4614525f66f8f5637dcb1b46fa4cba772a,2026-10-07T01:21:54.381563+00:00,102027,,0.442,0.792,1461.5,604.0,284.0,95.0,79.0,24.0,45.0,223.0,506.0,113.0,142.0
Royce O'Neale,CHA,"SF,PF",76.0,24.5,8.473684210526315,4.197368421052632,2.3026315789473686,0.8947368421052632,0.39473684210526316,2.3157894736842106,2.9342105263157894,7.0,0.2894736842105263,0.39473684210526316,2583632,https://lm-api-reads.fantasy.espn.com/apis/v3/games/fba/seasons/2027/segments/0/leaguedefaults/1?view=kona_player_info,9f5a8f4a339eb48efbc35de132b41c4614525f66f8f5637dcb1b46fa4cba772a,2026-10-07T01:21:54.381563+00:00,102027,,0.42,0.712,1862.0,644.0,319.0,175.0,68.0,30.0,176.0,223.0,532.0,22.0,30.0
Rudy Gobert,MIN,C,72.0,32.5,11.930555555555555,11.694444444444445,1.5972222222222223,0.6944444444444444,1.6944444444444444,0.0,4.708333333333333,7.0,2.513888888888889,4.194444444444445,3032976,https://lm-api-reads.fantasy.espn.com/apis/v3/games/fba/seasons/2027/segments/0/leaguedefaults/1?view=kona_player_info,9f5a8f4a339eb48efbc35de132b41c4614525f66f8f5637dcb1b46fa4cba772a,2026-10-07T01:21:54.381563+00:00,102027,17,0.672,0.599,2340.0,859.0,842.0,115.0,50.0,122.0,0.0,339.0,504.0,181.0,302.0
Rui Hachimura,LAC,"SF,PF",71.0,27.7,11.830985915492958,3.704225352112676,1.0,0.6056338028169014,0.29577464788732394,1.6056338028169015,4.605633802816901,8.901408450704226,1.0140845070422535,1.3943661971830985,4066648,https://lm-api-reads.fantasy.espn.com/apis/v3/games/fba/seasons/2027/segments/0/leaguedefaults/1?view=kona_player_info,9f5a8f4a339eb48efbc35de132b41c4614525f66f8f5637dcb1b46fa4cba772a,2026-10-07T01:21:54.381563+00:00,102027,,0.518,0.726,1966.7,840.0,263.0,71.0,43.0,21.0,114.0,327.0,632.0,72.0,99.0
Ryan Dunn,PHX,"SF,PF",71.0,22.599999999999998,7.042253521126761,4.802816901408451,1.6056338028169015,1.0,0.5070422535211268,0.9859154929577465,2.8309859154929575,6.295774647887324,0.39436619718309857,0.8028169014084507,4888725,https://lm-api-reads.fantasy.espn.com/apis/v3/games/fba/seasons/2027/segments/0/leaguedefaults/1?view=kona_player_info,9f5a8f4a339eb48efbc35de132b41c4614525f66f8f5637dcb1b46fa4cba772a,2026-10-07T01:21:54.381563+00:00,102027,,0.449,0.489,1604.6,500.0,341.0,114.0,71.0,36.0,70.0,201.0,447.0,28.0,57.0
Ryan Kalkbrenner,CHA,C,69.0,23.2,8.217391304347826,5.898550724637682,0.7971014492753623,0.5072463768115942,1.5942028985507246,0.0,3.463768115942029,4.594202898550725,1.289855072463768,1.7971014492753623,4576060,https://lm-api-reads.fantasy.espn.com/apis/v3/games/fba/seasons/2027/segments/0/leaguedefaults/1?view=kona_player_info,9f5a8f4a339eb48efbc35de132b41c4614525f66f8f5637dcb1b46fa4cba772a,2026-10-07T01:21:54.381563+00:00,102027,17,0.753,0.716,1600.8,567.0,407.0,55.0,35.0,110.0,0.0,239.0,317.0,89.0,124.0
Ryan Rollins,MIL,"PG,SG",69.0,28.0,14.91304347826087,4.0,4.797101449275362,1.3043478260869565,0.4057971014492754,2.1449275362318843,5.666666666666667,12.0,1.434782608695652,1.7971014492753623,4591725,https://lm-api-reads.fantasy.espn.com/apis/v3/games/fba/seasons/2027/segments/0/leaguedefaults/1?view=kona_player_info,9f5a8f4a339eb48efbc35de132b41c4614525f66f8f5637dcb1b46fa4cba772a,2026-10-07T01:21:54.381563+00:00,102027,,0.472,0.796,1932.0,1029.0,276.0,331.0,90.0,28.0,148.0,391.0,828.0,99.0,124.0
Saddiq Bey,NO,"SF,PF",71.0,27.099999999999998,14.732394366197184,4.901408450704225,2.0985915492957745,0.8028169014084507,0.09859154929577464,1.7605633802816902,5.056338028169014,11.295774647887324,2.859154929577465,3.3943661971830985,4397136,https://lm-api-reads.fantasy.espn.com/apis/v3/games/fba/seasons/2027/segments/0/leaguedefaults/1?view=kona_player_info,9f5a8f4a339eb48efbc35de132b41c4614525f66f8f5637dcb1b46fa4cba772a,2026-10-07T01:21:54.381563+00:00,102027,,0.447,0.84,1924.1,1046.0,348.0,149.0,57.0,7.0,125.0,359.0,802.0,203.0,241.0
Sam Hauser,BOS,"SF,PF",77.0,25.299999999999997,9.61038961038961,3.896103896103896,1.4025974025974026,0.5064935064935064,0.2987012987012987,2.6233766233766236,3.3636363636363638,7.896103896103896,0.2597402597402597,0.2987012987012987,4065804,https://lm-api-reads.fantasy.espn.com/apis/v3/games/fba/seasons/2027/segments/0/leaguedefaults/1?view=kona_player_info,9f5a8f4a339eb48efbc35de132b41c4614525f66f8f5637dcb1b46fa4cba772a,2026-10-07T01:21:54.381563+00:00,102027,,0.425,0.866,1948.1,740.0,300.0,108.0,39.0,23.0,202.0,259.0,608.0,20.0,23.0
Sam Merrill,CLE,SG,62.0,23.0,10.596774193548388,2.306451612903226,2.0,0.5967741935483871,0.0967741935483871,2.596774193548387,3.564516129032258,7.903225806451613,0.8709677419354839,1.0,4066757,https://lm-api-reads.fantasy.espn.com/apis/v3/games/fba/seasons/2027/segments/0/leaguedefaults/1?view=kona_player_info,9f5a8f4a339eb48efbc35de132b41c4614525f66f8f5637dcb1b46fa4cba772a,2026-10-07T01:21:54.381563+00:00,102027,,0.451,0.865,1426.0,657.0,143.0,124.0,37.0,6.0,161.0,221.0,490.0,54.0,62.0
Santi Aldama,DAL,"SF,PF",66.0,23.7,11.015151515151516,5.606060606060606,2.393939393939394,0.696969696969697,0.6060606060606061,1.5606060606060606,4.196969696969697,9.0,1.0606060606060606,1.606060606060606,4593125,https://lm-api-reads.fantasy.espn.com/apis/v3/games/fba/seasons/2027/segments/0/leaguedefaults/1?view=kona_player_info,9f5a8f4a339eb48efbc35de132b41c4614525f66f8f5637dcb1b46fa4cba772a,2026-10-07T01:21:54.381563+00:00,102027,,0.467,0.662,1564.2,727.0,370.0,158.0,46.0,40.0,103.0,277.0,594.0,70.0,106.0
Scoot Henderson,POR,"PG,SG",66.0,27.0,14.424242424242424,2.893939393939394,4.5,1.0,0.30303030303030304,1.8484848484848484,4.893939393939394,11.803030303030303,2.787878787878788,3.393939393939394,4683678,https://lm-api-reads.fantasy.espn.com/apis/v3/games/fba/seasons/2027/segments/0/leaguedefaults/1?view=kona_player_info,9f5a8f4a339eb48efbc35de132b41c4614525f66f8f5637dcb1b46fa4cba772a,2026-10-07T01:21:54.381563+00:00,102027,,0.415,0.82,1782.0,952.0,191.0,297.0,66.0,20.0,122.0,323.0,779.0,184.0,224.0
Scottie Barnes,TOR,"SG,SF",72.0,33.8,18.819444444444443,7.694444444444445,6.0,1.4027777777777777,1.3055555555555556,1.0416666666666667,7.263888888888889,15.0,3.25,4.097222222222222,4433134,https://lm-api-reads.fantasy.espn.com/apis/v3/games/fba/seasons/2027/segments/0/leaguedefaults/1?view=kona_player_info,9f5a8f4a339eb48efbc35de132b41c4614525f66f8f5637dcb1b46fa4cba772a,2026-10-07T01:21:54.381563+00:00,102027,,0.484,0.792,2433.6,1355.0,554.0,432.0,101.0,94.0,75.0,523.0,1080.0,234.0,295.0
Scotty Pippen Jr.,MEM,"PG,SG",63.0,24.3,11.952380952380953,3.2063492063492065,5.095238095238095,1.7936507936507937,0.3968253968253968,1.2380952380952381,4.428571428571429,9.507936507936508,1.8571428571428572,2.507936507936508,4431785,https://lm-api-reads.fantasy.espn.com/apis/v3/games/fba/seasons/2027/segments/0/leaguedefaults/1?view=kona_player_info,9f5a8f4a339eb48efbc35de132b41c4614525f66f8f5637dcb1b46fa4cba772a,2026-10-07T01:21:54.381563+00:00,102027,,0.467,0.743,1530.9,753.0,202.0,321.0,113.0,25.0,78.0,279.0,599.0,117.0,158.0
Shaedon Sharpe,POR,"SG,SF",27.0,25.4,16.814814814814813,3.7037037037037037,2.2962962962962963,1.0,0.1111111111111111,1.7037037037037037,6.296296296296297,14.0,2.5185185185185186,3.185185185185185,4914336,https://lm-api-reads.fantasy.espn.com/apis/v3/games/fba/seasons/2027/segments/0/leaguedefaults/1?view=kona_player_info,9f5a8f4a339eb48efbc35de132b41c4614525f66f8f5637dcb1b46fa4cba772a,2026-10-07T01:21:54.381563+00:00,102027,,0.449,0.789,685.8,454.0,100.0,62.0,27.0,3.0,46.0,170.0,378.0,68.0,86.0
Shai Gilgeous-Alexander,OKC,PG,76.0,33.800000000000004,31.25,4.894736842105263,6.394736842105263,1.6973684210526316,0.8947368421052632,1.7105263157894737,10.881578947368421,20.30263157894737,7.776315789473684,8.802631578947368,4278073,https://lm-api-reads.fantasy.espn.com/apis/v3/games/fba/seasons/2027/segments/0/leaguedefaults/1?view=kona_player_info,9f5a8f4a339eb48efbc35de132b41c4614525f66f8f5637dcb1b46fa4cba772a,2026-10-07T01:21:54.381563+00:00,102027,,0.536,0.884,2568.8,2375.0,372.0,486.0,129.0,68.0,130.0,827.0,1543.0,591.0,669.0
Sidy Cissoko,POR,SG,62.0,16.2,4.451612903225806,2.0,1.3064516129032258,0.5967741935483871,0.3064516129032258,0.6290322580645161,1.5483870967741935,3.806451612903226,0.7258064516129032,1.096774193548387,5081727,https://lm-api-reads.fantasy.espn.com/apis/v3/games/fba/seasons/2027/segments/0/leaguedefaults/1?view=kona_player_info,9f5a8f4a339eb48efbc35de132b41c4614525f66f8f5637dcb1b46fa4cba772a,2026-10-07T01:21:54.381563+00:00,102027,,0.406,0.653,1004.4,276.0,124.0,81.0,37.0,19.0,39.0,96.0,236.0,45.0,68.0
Simone Fontecchio,MIA,SF,71.0,17.099999999999998,8.19718309859155,3.0,1.3943661971830985,0.5070422535211268,0.09859154929577464,1.6338028169014085,2.6901408450704225,6.507042253521127,1.1830985915492958,1.3943661971830985,3899664,https://lm-api-reads.fantasy.espn.com/apis/v3/games/fba/seasons/2027/segments/0/leaguedefaults/1?view=kona_player_info,9f5a8f4a339eb48efbc35de132b41c4614525f66f8f5637dcb1b46fa4cba772a,2026-10-07T01:21:54.381563+00:00,102027,,0.414,0.841,1214.1,582.0,213.0,99.0,36.0,7.0,116.0,191.0,462.0,84.0,99.0
Stephen Curry,GS,PG,66.0,32.0,25.78787878787879,4.196969696969697,5.303030303030303,1.0,0.3939393939393939,4.5606060606060606,8.484848484848484,18.696969696969695,4.257575757575758,4.606060606060606,3975,https://lm-api-reads.fantasy.espn.com/apis/v3/games/fba/seasons/2027/segments/0/leaguedefaults/1?view=kona_player_info,9f5a8f4a339eb48efbc35de132b41c4614525f66f8f5637dcb1b46fa4cba772a,2026-10-07T01:21:54.381563+00:00,102027,,0.454,0.926,2112.0,1702.0,277.0,350.0,66.0,26.0,301.0,560.0,1234.0,281.0,304.0
Stephon Castle,SA,"PG,SG",72.0,32.7,18.13888888888889,5.597222222222222,7.597222222222222,1.1944444444444444,0.3055555555555556,1.3194444444444444,6.208333333333333,13.402777777777779,4.402777777777778,6.0,4845367,https://lm-api-reads.fantasy.espn.com/apis/v3/games/fba/seasons/2027/segments/0/leaguedefaults/1?view=kona_player_info,9f5a8f4a339eb48efbc35de132b41c4614525f66f8f5637dcb1b46fa4cba772a,2026-10-07T01:21:54.381563+00:00,102027,,0.463,0.733,2354.4,1306.0,403.0,547.0,86.0,22.0,95.0,447.0,965.0,317.0,432.0
Steven Adams,HOU,C,63.0,12.0,3.238095238095238,4.698412698412699,0.9047619047619048,0.30158730158730157,0.3968253968253968,0.0,1.253968253968254,2.3968253968253967,0.7301587301587301,1.3968253968253967,2991235,https://lm-api-reads.fantasy.espn.com/apis/v3/games/fba/seasons/2027/segments/0/leaguedefaults/1?view=kona_player_info,9f5a8f4a339eb48efbc35de132b41c4614525f66f8f5637dcb1b46fa4cba772a,2026-10-07T01:21:54.381563+00:00,102027,17,0.523,0.526,756.0,204.0,296.0,57.0,19.0,25.0,0.0,79.0,151.0,46.0,88.0
T.J. McConnell,IND,PG,70.0,17.8,9.428571428571429,2.5,4.9,1.0,0.2,0.24285714285714285,4.285714285714286,8.0,0.6142857142857143,0.8,2530530,https://lm-api-reads.fantasy.espn.com/apis/v3/games/fba/seasons/2027/segments/0/leaguedefaults/1?view=kona_player_info,9f5a8f4a339eb48efbc35de132b41c4614525f66f8f5637dcb1b46fa4cba772a,2026-10-07T01:21:54.381563+00:00,102027,,0.535,0.775,1246.0,660.0,175.0,343.0,70.0,14.0,17.0,300.0,560.0,43.0,56.0
Tari Eason,HOU,"SF,PF",66.0,24.900000000000002,10.378787878787879,6.106060606060606,1.393939393939394,1.196969696969697,0.5,1.4242424242424243,4.015151515151516,9.393939393939394,0.9242424242424242,1.196969696969697,4433192,https://lm-api-reads.fantasy.espn.com/apis/v3/games/fba/seasons/2027/segments/0/leaguedefaults/1?view=kona_player_info,9f5a8f4a339eb48efbc35de132b41c4614525f66f8f5637dcb1b46fa4cba772a,2026-10-07T01:21:54.381563+00:00,102027,,0.427,0.769,1643.4,685.0,403.0,92.0,79.0,33.0,94.0,265.0,620.0,61.0,79.0
Taurean Prince,DET,SF,62.0,16.4,5.806451612903226,2.096774193548387,1.1935483870967742,0.5,0.1935483870967742,1.3870967741935485,2.0806451612903225,4.596774193548387,0.25806451612903225,0.3064516129032258,2990962,https://lm-api-reads.fantasy.espn.com/apis/v3/games/fba/seasons/2027/segments/0/leaguedefaults/1?view=kona_player_info,9f5a8f4a339eb48efbc35de132b41c4614525f66f8f5637dcb1b46fa4cba772a,2026-10-07T01:21:54.381563+00:00,102027,,0.451,0.854,1016.8,360.0,130.0,74.0,31.0,12.0,86.0,129.0,285.0,16.0,19.0
Terance Mann,BKN,"SG,SF",71.0,23.8,7.323943661971831,3.0985915492957745,2.704225352112676,0.704225352112676,0.19718309859154928,0.8732394366197183,2.76056338028169,5.901408450704225,0.9295774647887324,1.1971830985915493,3907823,https://lm-api-reads.fantasy.espn.com/apis/v3/games/fba/seasons/2027/segments/0/leaguedefaults/1?view=kona_player_info,9f5a8f4a339eb48efbc35de132b41c4614525f66f8f5637dcb1b46fa4cba772a,2026-10-07T01:21:54.381563+00:00,102027,,0.468,0.778,1689.8,520.0,220.0,192.0,50.0,14.0,62.0,196.0,419.0,66.0,85.0
Terrence Shannon Jr.,MIN,SG,69.0,20.7,9.231884057971014,2.0,1.5072463768115942,0.5072463768115942,0.10144927536231885,1.173913043478261,2.9855072463768115,6.594202898550725,2.0869565217391304,2.5942028985507246,4432847,https://lm-api-reads.fantasy.espn.com/apis/v3/games/fba/seasons/2027/segments/0/leaguedefaults/1?view=kona_player_info,9f5a8f4a339eb48efbc35de132b41c4614525f66f8f5637dcb1b46fa4cba772a,2026-10-07T01:21:54.381563+00:00,102027,,0.453,0.8,1428.3,637.0,138.0,104.0,35.0,7.0,81.0,206.0,455.0,144.0,179.0
Thomas Bryant,CLE,C,68.0,12.6,6.1911764705882355,3.5,0.6029411764705882,0.29411764705882354,0.5,0.7352941176470589,2.2794117647058822,4.5,0.8970588235294118,1.1029411764705883,3934723,https://lm-api-reads.fantasy.espn.com/apis/v3/games/fba/seasons/2027/segments/0/leaguedefaults/1?view=kona_player_info,9f5a8f4a339eb48efbc35de132b41c4614525f66f8f5637dcb1b46fa4cba772a,2026-10-07T01:21:54.381563+00:00,102027,,0.508,0.814,856.8,421.0,238.0,41.0,20.0,34.0,50.0,155.0,306.0,61.0,75.0
Tim Hardaway Jr.,MIA,"SG,SF",80.0,26.9,13.275,2.6,1.4,0.5,0.1,2.7125,4.3,9.8,1.9625,2.4,2528210,https://lm-api-reads.fantasy.espn.com/apis/v3/games/fba/seasons/2027/segments/0/leaguedefaults/1?view=kona_player_info,9f5a8f4a339eb48efbc35de132b41c4614525f66f8f5637dcb1b46fa4cba772a,2026-10-07T01:21:54.381563+00:00,102027,,0.439,0.818,2152.0,1062.0,208.0,112.0,40.0,8.0,217.0,344.0,784.0,157.0,192.0
Tobias Harris,SA,"SF,PF",71.0,30.5,14.52112676056338,5.704225352112676,2.6056338028169015,1.0,0.6056338028169014,1.2816901408450705,5.492957746478873,11.507042253521126,2.2535211267605635,2.6056338028169015,6440,https://lm-api-reads.fantasy.espn.com/apis/v3/games/fba/seasons/2027/segments/0/leaguedefaults/1?view=kona_player_info,9f5a8f4a339eb48efbc35de132b41c4614525f66f8f5637dcb1b46fa4cba772a,2026-10-07T01:21:54.381563+00:00,102027,,0.478,0.869,2165.5,1031.0,405.0,185.0,71.0,43.0,91.0,390.0,817.0,160.0,185.0
Toumani Camara,POR,"SF,PF",75.0,29.4,10.666666666666666,5.0,2.0,1.1066666666666667,0.5066666666666667,1.8,3.8933333333333335,8.706666666666667,1.08,1.5066666666666666,4431736,https://lm-api-reads.fantasy.espn.com/apis/v3/games/fba/seasons/2027/segments/0/leaguedefaults/1?view=kona_player_info,9f5a8f4a339eb48efbc35de132b41c4614525f66f8f5637dcb1b46fa4cba772a,2026-10-07T01:21:54.381563+00:00,102027,,0.447,0.724,2205.0,800.0,375.0,150.0,83.0,38.0,135.0,292.0,653.0,81.0,113.0
Trae Young,WSH,PG,71.0,34.5,23.830985915492956,2.8028169014084505,10.80281690140845,1.1971830985915493,0.19718309859154928,2.9014084507042255,7.352112676056338,17.507042253521128,6.225352112676056,7.197183098591549,4277905,https://lm-api-reads.fantasy.espn.com/apis/v3/games/fba/seasons/2027/segments/0/leaguedefaults/1?view=kona_player_info,9f5a8f4a339eb48efbc35de132b41c4614525f66f8f5637dcb1b46fa4cba772a,2026-10-07T01:21:54.381563+00:00,102027,,0.42,0.865,2449.5,1692.0,199.0,767.0,85.0,14.0,206.0,522.0,1243.0,442.0,511.0
Trayce Jackson-Davis,TOR,PF,65.0,15.9,6.8307692307692305,4.907692307692308,1.4,0.4,0.8,0.0,2.8923076923076922,4.6,1.0461538461538462,1.9076923076923078,4431684,https://lm-api-reads.fantasy.espn.com/apis/v3/games/fba/seasons/2027/segments/0/leaguedefaults/1?view=kona_player_info,9f5a8f4a339eb48efbc35de132b41c4614525f66f8f5637dcb1b46fa4cba772a,2026-10-07T01:21:54.381563+00:00,102027,17,0.628,0.552,1033.5,444.0,319.0,91.0,26.0,52.0,0.0,188.0,299.0,68.0,124.0
Tre Johnson,WSH,SG,68.0,25.3,12.867647058823529,3.0,2.1029411764705883,0.6029411764705882,0.29411764705882354,2.0,4.779411764705882,11.397058823529411,1.3088235294117647,1.5,5238230,https://lm-api-reads.fantasy.espn.com/apis/v3/games/fba/seasons/2027/segments/0/leaguedefaults/1?view=kona_player_info,9f5a8f4a339eb48efbc35de132b41c4614525f66f8f5637dcb1b46fa4cba772a,2026-10-07T01:21:54.381563+00:00,102027,,0.419,0.874,1720.4,875.0,204.0,143.0,41.0,20.0,136.0,325.0,775.0,89.0,102.0
Tre Jones,CHI,PG,68.0,22.3,11.132352941176471,2.6029411764705883,4.5,1.0,0.10294117647058823,0.5147058823529411,4.176470588235294,7.602941176470588,2.264705882352941,2.7058823529411766,4395626,https://lm-api-reads.fantasy.espn.com/apis/v3/games/fba/seasons/2027/segments/0/leaguedefaults/1?view=kona_player_info,9f5a8f4a339eb48efbc35de132b41c4614525f66f8f5637dcb1b46fa4cba772a,2026-10-07T01:21:54.381563+00:00,102027,,0.549,0.841,1516.4,757.0,177.0,306.0,68.0,7.0,35.0,284.0,517.0,154.0,184.0
Tre Mann,WSH,"PG,SG",67.0,16.299999999999997,7.223880597014926,2.1940298507462686,2.1044776119402986,0.5970149253731343,0.1044776119402985,1.1940298507462686,2.716417910447761,7.298507462686567,0.5970149253731343,0.7014925373134329,4432819,https://lm-api-reads.fantasy.espn.com/apis/v3/games/fba/seasons/2027/segments/0/leaguedefaults/1?view=kona_player_info,9f5a8f4a339eb48efbc35de132b41c4614525f66f8f5637dcb1b46fa4cba772a,2026-10-07T01:21:54.381563+00:00,102027,,0.372,0.848,1092.1,484.0,147.0,141.0,40.0,7.0,80.0,182.0,489.0,40.0,47.0
Trey Lyles,MIN,PF,64.0,19.7,6.890625,4.5,1.203125,0.5,0.296875,1.296875,2.375,5.5,0.84375,1.203125,3136196,https://lm-api-reads.fantasy.espn.com/apis/v3/games/fba/seasons/2027/segments/0/leaguedefaults/1?view=kona_player_info,9f5a8f4a339eb48efbc35de132b41c4614525f66f8f5637dcb1b46fa4cba772a,2026-10-07T01:21:54.381563+00:00,102027,,0.432,0.7,1260.8,441.0,288.0,77.0,32.0,19.0,83.0,152.0,352.0,54.0,77.0
Trey Murphy III,NO,"SG,SF",68.0,32.5,19.544117647058822,5.205882352941177,3.3970588235294117,1.2941176470588236,0.39705882352941174,2.985294117647059,6.779411764705882,14.5,3.0,3.3970588235294117,4397688,https://lm-api-reads.fantasy.espn.com/apis/v3/games/fba/seasons/2027/segments/0/leaguedefaults/1?view=kona_player_info,9f5a8f4a339eb48efbc35de132b41c4614525f66f8f5637dcb1b46fa4cba772a,2026-10-07T01:21:54.381563+00:00,102027,,0.468,0.884,2210.0,1329.0,354.0,231.0,88.0,27.0,203.0,461.0,986.0,204.0,231.0
Tristan Vukcevic,WSH,PF,61.0,13.799999999999999,9.0,3.098360655737705,1.098360655737705,0.5081967213114754,0.7049180327868853,1.0163934426229508,3.1311475409836067,6.508196721311475,1.721311475409836,2.19672131147541,4997537,https://lm-api-reads.fantasy.espn.com/apis/v3/games/fba/seasons/2027/segments/0/leaguedefaults/1?view=kona_player_info,9f5a8f4a339eb48efbc35de132b41c4614525f66f8f5637dcb1b46fa4cba772a,2026-10-07T01:21:54.381563+00:00,102027,,0.481,0.783,841.8,549.0,189.0,67.0,31.0,43.0,62.0,191.0,397.0,105.0,134.0
Tristan da Silva,ORL,"SF,PF",77.0,21.4,8.337662337662337,3.1948051948051948,1.4025974025974026,0.7012987012987013,0.2987012987012987,1.3246753246753247,3.064935064935065,6.896103896103896,0.8831168831168831,1.0,4702382,https://lm-api-reads.fantasy.espn.com/apis/v3/games/fba/seasons/2027/segments/0/leaguedefaults/1?view=kona_player_info,9f5a8f4a339eb48efbc35de132b41c4614525f66f8f5637dcb1b46fa4cba772a,2026-10-07T01:21:54.381563+00:00,102027,,0.445,0.883,1647.8,642.0,246.0,108.0,54.0,23.0,102.0,236.0,531.0,68.0,77.0
Ty Jerome,MEM,"PG,SG",64.0,25.8,19.828125,3.203125,5.59375,1.296875,0.203125,2.71875,6.984375,14.296875,3.140625,3.59375,4065733,https://lm-api-reads.fantasy.espn.com/apis/v3/games/fba/seasons/2027/segments/0/leaguedefaults/1?view=kona_player_info,9f5a8f4a339eb48efbc35de132b41c4614525f66f8f5637dcb1b46fa4cba772a,2026-10-07T01:21:54.381563+00:00,102027,,0.488,0.874,1651.2,1269.0,205.0,358.0,83.0,13.0,174.0,447.0,915.0,201.0,230.0
Tyler Herro,MIL,"PG,SG",67.0,34.0,22.53731343283582,5.104477611940299,4.701492537313433,0.8059701492537313,0.29850746268656714,2.8955223880597014,8.149253731343284,17.104477611940297,3.343283582089552,3.701492537313433,4395725,https://lm-api-reads.fantasy.espn.com/apis/v3/games/fba/seasons/2027/segments/0/leaguedefaults/1?view=kona_player_info,9f5a8f4a339eb48efbc35de132b41c4614525f66f8f5637dcb1b46fa4cba772a,2026-10-07T01:21:54.381563+00:00,102027,,0.477,0.903,2278.0,1510.0,342.0,315.0,54.0,20.0,194.0,546.0,1146.0,224.0,248.0
Tyrese Haliburton,IND,"PG,SG",64.0,33.1,19.15625,3.703125,9.90625,1.296875,0.703125,2.921875,6.796875,14.296875,2.640625,3.09375,4396993,https://lm-api-reads.fantasy.espn.com/apis/v3/games/fba/seasons/2027/segments/0/leaguedefaults/1?view=kona_player_info,9f5a8f4a339eb48efbc35de132b41c4614525f66f8f5637dcb1b46fa4cba772a,2026-10-07T01:21:54.381563+00:00,102027,,0.475,0.853,2118.4,1226.0,237.0,634.0,83.0,45.0,187.0,435.0,915.0,169.0,198.0
Tyrese Maxey,PHI,"PG,SG",71.0,34.199999999999996,24.830985915492956,3.507042253521127,5.802816901408451,1.6056338028169015,0.6056338028169014,2.816901408450704,8.704225352112676,19.098591549295776,4.605633802816901,5.197183098591549,4431678,https://lm-api-reads.fantasy.espn.com/apis/v3/games/fba/seasons/2027/segments/0/leaguedefaults/1?view=kona_player_info,9f5a8f4a339eb48efbc35de132b41c4614525f66f8f5637dcb1b46fa4cba772a,2026-10-07T01:21:54.381563+00:00,102027,,0.456,0.887,2428.2,1763.0,249.0,412.0,114.0,43.0,200.0,618.0,1356.0,327.0,369.0
Tyus Jones,DEN,PG,69.0,17.5,4.695652173913044,1.4057971014492754,3.101449275362319,0.5942028985507246,0.10144927536231885,0.8840579710144928,1.7826086956521738,4.507246376811594,0.2463768115942029,0.30434782608695654,3135046,https://lm-api-reads.fantasy.espn.com/apis/v3/games/fba/seasons/2027/segments/0/leaguedefaults/1?view=kona_player_info,9f5a8f4a339eb48efbc35de132b41c4614525f66f8f5637dcb1b46fa4cba772a,2026-10-07T01:21:54.381563+00:00,102027,,0.397,0.837,1207.5,324.0,97.0,214.0,41.0,7.0,61.0,123.0,311.0,17.0,21.0
VJ Edgecombe,PHI,SG,72.0,33.3,15.222222222222221,5.402777777777778,4.0,1.4027777777777777,0.5,1.875,5.736111111111111,13.097222222222221,1.875,2.3055555555555554,5124612,https://lm-api-reads.fantasy.espn.com/apis/v3/games/fba/seasons/2027/segments/0/leaguedefaults/1?view=kona_player_info,9f5a8f4a339eb48efbc35de132b41c4614525f66f8f5637dcb1b46fa4cba772a,2026-10-07T01:21:54.381563+00:00,102027,,0.438,0.818,2397.6,1096.0,389.0,288.0,101.0,36.0,135.0,413.0,943.0,135.0,166.0
Victor Wembanyama,SA,C,67.0,31.900000000000002,26.328358208955223,12.194029850746269,3.5074626865671643,1.1044776119402986,3.5074626865671643,2.1791044776119404,9.194029850746269,18.29850746268657,5.7611940298507465,7.0,5104157,https://lm-api-reads.fantasy.espn.com/apis/v3/games/fba/seasons/2027/segments/0/leaguedefaults/1?view=kona_player_info,9f5a8f4a339eb48efbc35de132b41c4614525f66f8f5637dcb1b46fa4cba772a,2026-10-07T01:21:54.381563+00:00,102027,,0.502,0.824,2137.3,1764.0,817.0,235.0,74.0,235.0,146.0,616.0,1226.0,386.0,469.0
Vit Krejci,POR,PG,65.0,25.7,8.707692307692307,3.3076923076923075,3.1076923076923078,0.8,0.5076923076923077,1.9076923076923078,3.076923076923077,6.2,0.6461538461538462,0.9076923076923077,4578893,https://lm-api-reads.fantasy.espn.com/apis/v3/games/fba/seasons/2027/segments/0/leaguedefaults/1?view=kona_player_info,9f5a8f4a339eb48efbc35de132b41c4614525f66f8f5637dcb1b46fa4cba772a,2026-10-07T01:21:54.381563+00:00,102027,,0.496,0.718,1670.5,566.0,215.0,202.0,52.0,33.0,124.0,200.0,403.0,42.0,59.0
Walker Kessler,LAL,C,64.0,31.4,11.5,12.40625,1.703125,0.703125,2.59375,0.125,4.96875,7.5,1.4375,2.703125,4433136,https://lm-api-reads.fantasy.espn.com/apis/v3/games/fba/seasons/2027/segments/0/leaguedefaults/1?view=kona_player_info,9f5a8f4a339eb48efbc35de132b41c4614525f66f8f5637dcb1b46fa4cba772a,2026-10-07T01:21:54.381563+00:00,102027,,0.662,0.532,2009.6,736.0,794.0,109.0,45.0,166.0,8.0,318.0,480.0,92.0,173.0
Walter Clayton Jr.,MEM,"PG,SG",71.0,25.099999999999998,9.619718309859154,2.507042253521127,5.0,0.8028169014084507,0.29577464788732394,1.323943661971831,3.1549295774647885,8.19718309859155,1.9859154929577465,2.1971830985915495,4896372,https://lm-api-reads.fantasy.espn.com/apis/v3/games/fba/seasons/2027/segments/0/leaguedefaults/1?view=kona_player_info,9f5a8f4a339eb48efbc35de132b41c4614525f66f8f5637dcb1b46fa4cba772a,2026-10-07T01:21:54.381563+00:00,102027,,0.384,0.901,1782.1,683.0,178.0,355.0,57.0,21.0,94.0,224.0,582.0,141.0,156.0
Wendell Carter Jr.,ORL,C,72.0,25.4,9.972222222222221,6.694444444444445,1.8055555555555556,0.6944444444444444,0.5,0.8055555555555556,3.5972222222222223,7.194444444444445,1.9722222222222223,2.5972222222222223,4277847,https://lm-api-reads.fantasy.espn.com/apis/v3/games/fba/seasons/2027/segments/0/leaguedefaults/1?view=kona_player_info,9f5a8f4a339eb48efbc35de132b41c4614525f66f8f5637dcb1b46fa4cba772a,2026-10-07T01:21:54.381563+00:00,102027,,0.5,0.761,1828.8,718.0,482.0,130.0,50.0,36.0,58.0,259.0,518.0,142.0,187.0
Yang Hansen,POR,C,65.0,12.7,3.9846153846153847,2.8,0.9076923076923077,0.1076923076923077,0.4,0.2153846153846154,1.3076923076923077,4.2,1.1538461538461537,1.4,5217746,https://lm-api-reads.fantasy.espn.com/apis/v3/games/fba/seasons/2027/segments/0/leaguedefaults/1?view=kona_player_info,9f5a8f4a339eb48efbc35de132b41c4614525f66f8f5637dcb1b46fa4cba772a,2026-10-07T01:21:54.381563+00:00,102027,,0.31,0.824,825.5,259.0,182.0,59.0,7.0,26.0,14.0,85.0,273.0,75.0,91.0
Yaxel Lendeborg,GS,"SF,PF",71.0,24.599999999999998,10.605633802816902,5.098591549295775,2.1971830985915495,1.0,0.8028169014084507,0.2676056338028169,4.140845070422535,8.80281690140845,2.056338028169014,2.6056338028169015,5175737,https://lm-api-reads.fantasy.espn.com/apis/v3/games/fba/seasons/2027/segments/0/leaguedefaults/1?view=kona_player_info,9f5a8f4a339eb48efbc35de132b41c4614525f66f8f5637dcb1b46fa4cba772a,2026-10-07T01:21:54.381563+00:00,102027,,0.471,0.789,1746.6,753.0,362.0,156.0,71.0,57.0,19.0,294.0,625.0,146.0,185.0
Yves Missi,NO,C,67.0,25.1,7.537313432835821,7.507462686567164,1.5970149253731343,0.40298507462686567,1.8059701492537314,0.0,3.1641791044776117,5.8059701492537314,1.208955223880597,2.1044776119402986,5061589,https://lm-api-reads.fantasy.espn.com/apis/v3/games/fba/seasons/2027/segments/0/leaguedefaults/1?view=kona_player_info,9f5a8f4a339eb48efbc35de132b41c4614525f66f8f5637dcb1b46fa4cba772a,2026-10-07T01:21:54.381563+00:00,102027,17,0.545,0.575,1681.7,505.0,503.0,107.0,27.0,121.0,0.0,212.0,389.0,81.0,141.0
Zaccharie Risacher,DAL,SF,68.0,22.8,10.102941176470589,3.7941176470588234,1.2058823529411764,0.8970588235294118,0.5,1.4705882352941178,3.823529411764706,8.397058823529411,0.9852941176470589,1.5,5211175,https://lm-api-reads.fantasy.espn.com/apis/v3/games/fba/seasons/2027/segments/0/leaguedefaults/1?view=kona_player_info,9f5a8f4a339eb48efbc35de132b41c4614525f66f8f5637dcb1b46fa4cba772a,2026-10-07T01:21:54.381563+00:00,102027,,0.456,0.66,1550.4,687.0,258.0,82.0,61.0,34.0,100.0,260.0,571.0,67.0,102.0
Zach Collins,CHI,C,56.0,14.700000000000001,6.982142857142857,4.196428571428571,1.5,0.30357142857142855,0.39285714285714285,0.6071428571428571,2.642857142857143,5.0,1.0892857142857142,1.3928571428571428,4066650,https://lm-api-reads.fantasy.espn.com/apis/v3/games/fba/seasons/2027/segments/0/leaguedefaults/1?view=kona_player_info,9f5a8f4a339eb48efbc35de132b41c4614525f66f8f5637dcb1b46fa4cba772a,2026-10-07T01:21:54.381563+00:00,102027,,0.53,0.772,823.2,391.0,235.0,84.0,17.0,22.0,34.0,148.0,280.0,61.0,78.0
Zach Edey,MEM,C,62.0,26.4,12.725806451612904,10.806451612903226,1.1935483870967742,0.6935483870967742,1.8064516129032258,0.20967741935483872,5.241935483870968,8.596774193548388,2.032258064516129,2.693548387096774,4600663,https://lm-api-reads.fantasy.espn.com/apis/v3/games/fba/seasons/2027/segments/0/leaguedefaults/1?view=kona_player_info,9f5a8f4a339eb48efbc35de132b41c4614525f66f8f5637dcb1b46fa4cba772a,2026-10-07T01:21:54.381563+00:00,102027,,0.609,0.751,1636.8,789.0,670.0,74.0,43.0,112.0,13.0,325.0,533.0,126.0,167.0
Zach LaVine,SAC,"SG,SF",61.0,32.8,20.508196721311474,3.80327868852459,3.3934426229508197,0.7049180327868853,0.19672131147540983,2.7540983606557377,7.311475409836065,14.901639344262295,3.1311475409836067,3.7049180327868854,3064440,https://lm-api-reads.fantasy.espn.com/apis/v3/games/fba/seasons/2027/segments/0/leaguedefaults/1?view=kona_player_info,9f5a8f4a339eb48efbc35de132b41c4614525f66f8f5637dcb1b46fa4cba772a,2026-10-07T01:21:54.381563+00:00,102027,,0.491,0.848,2000.8,1251.0,232.0,207.0,43.0,12.0,168.0,446.0,909.0,191.0,226.0
Ziaire Williams,LAL,"SG,SF",65.0,23.0,10.123076923076923,2.8,1.1076923076923078,1.3076923076923077,0.4,1.5384615384615385,3.276923076923077,7.8,2.0307692307692307,2.4,4433137,https://lm-api-reads.fantasy.espn.com/apis/v3/games/fba/seasons/2027/segments/0/leaguedefaults/1?view=kona_player_info,9f5a8f4a339eb48efbc35de132b41c4614525f66f8f5637dcb1b46fa4cba772a,2026-10-07T01:21:54.381563+00:00,102027,,0.421,0.845,1495.0,658.0,182.0,72.0,85.0,26.0,100.0,213.0,507.0,132.0,156.0
Zion Williamson,NO,"PF,C",64.0,30.9,22.84375,6.09375,4.296875,1.09375,0.703125,0.0625,8.734375,15.0,5.3125,7.59375,4395628,https://lm-api-reads.fantasy.espn.com/apis/v3/games/fba/seasons/2027/segments/0/leaguedefaults/1?view=kona_player_info,9f5a8f4a339eb48efbc35de132b41c4614525f66f8f5637dcb1b46fa4cba772a,2026-10-07T01:21:54.381563+00:00,102027,,0.582,0.7,1977.6,1462.0,390.0,275.0,70.0,45.0,4.0,559.0,960.0,340.0,486.0
