source_id,season,league_year,franchise_sheet,finish,player,player_id,stage,roster_order,recorded_cost,contract_year_recorded,acquisition_class,raw_name,source_cell,cost_cell,contract_year_cell,note_raw
59a6a80ce913c1ee51e35c213b85ca13bb78380df68a73fa1ceb164b84c647a6,2025-26,11,Jason,14,Giannis Antetokounmpo,giannisantetokounmpo,opening,3,53,1,auction,Giannis Antetokounmpo,A4,B4,C4,
59a6a80ce913c1ee51e35c213b85ca13bb78380df68a73fa1ceb164b84c647a6,2025-26,11,Peter,3,Stephen Curry,stephencurry,opening,3,51,1,auction,Stephen Curry,A4,B4,C4,
59a6a80ce913c1ee51e35c213b85ca13bb78380df68a73fa1ceb164b84c647a6,2025-26,11,Benji,15,Trae Young,traeyoung,opening,3,48,1,auction,Trae Young,A4,B4,C4,
59a6a80ce913c1ee51e35c213b85ca13bb78380df68a73fa1ceb164b84c647a6,2025-26,11,Isaac,10,Jalen Brunson,jalenbrunson,opening,3,45,1,auction,Jalen Brunson,A4,B4,C4,
59a6a80ce913c1ee51e35c213b85ca13bb78380df68a73fa1ceb164b84c647a6,2025-26,11,Alvin,2,Amen Thompson,amenthompson,opening,4,43,1,auction,Amen Thompson,A5,B5,C5,
59a6a80ce913c1ee51e35c213b85ca13bb78380df68a73fa1ceb164b84c647a6,2025-26,11,Darren,5,Domantas Sabonis,domantassabonis,opening,3,40,1,auction,Domantas Sabonis,A4,B4,C4,
59a6a80ce913c1ee51e35c213b85ca13bb78380df68a73fa1ceb164b84c647a6,2025-26,11,Graham,1,James Harden,jamesharden,opening,3,39,1,auction,James Harden,A4,B4,C4,
59a6a80ce913c1ee51e35c213b85ca13bb78380df68a73fa1ceb164b84c647a6,2025-26,11,Ian,12,Alperen Sengun,alperensengun,opening,3,39,1,auction,Alperen Sengun,A4,B4,C4,
59a6a80ce913c1ee51e35c213b85ca13bb78380df68a73fa1ceb164b84c647a6,2025-26,11,Benji,15,Jalen Johnson,jalenjohnson,opening,5,38,1,auction,Jalen Johnson,A6,B6,C6,
59a6a80ce913c1ee51e35c213b85ca13bb78380df68a73fa1ceb164b84c647a6,2025-26,11,Ron,7,Cooper Flagg,cooperflagg,opening,3,37,1,auction,Cooper Flagg,A4,B4,C4,
59a6a80ce913c1ee51e35c213b85ca13bb78380df68a73fa1ceb164b84c647a6,2025-26,11,Ian,12,Pascal Siakam,pascalsiakam,opening,6,36,1,auction,Pascal Siakam,A7,B7,C7,
59a6a80ce913c1ee51e35c213b85ca13bb78380df68a73fa1ceb164b84c647a6,2025-26,11,Kerry,4,Josh Giddey,joshgiddey,opening,3,34,1,auction,Josh Giddey,A4,B4,C4,
59a6a80ce913c1ee51e35c213b85ca13bb78380df68a73fa1ceb164b84c647a6,2025-26,11,Isaac,10,Myles Turner,mylesturner,opening,5,34,1,auction,Myles Turner,A6,B6,C6,
59a6a80ce913c1ee51e35c213b85ca13bb78380df68a73fa1ceb164b84c647a6,2025-26,11,Peter,3,Jaylen Brown,jaylenbrown,opening,4,33,1,auction,Jaylen Brown,A5,B5,C5,
59a6a80ce913c1ee51e35c213b85ca13bb78380df68a73fa1ceb164b84c647a6,2025-26,11,Benji,15,LaMelo Ball,lameloball,opening,4,33,1,auction,LaMelo Ball,A5,B5,C5,
59a6a80ce913c1ee51e35c213b85ca13bb78380df68a73fa1ceb164b84c647a6,2025-26,11,Mark,13,Bam Adebayo,bamadebayo,opening,3,30,1,auction,Bam Adebayo,A4,B4,C4,
59a6a80ce913c1ee51e35c213b85ca13bb78380df68a73fa1ceb164b84c647a6,2025-26,11,Ian,12,Zion Williamson,zionwilliamson,opening,5,29,1,auction,Zion Williamson,A6,B6,C6,
59a6a80ce913c1ee51e35c213b85ca13bb78380df68a73fa1ceb164b84c647a6,2025-26,11,Jason,14,De'Aaron Fox,deaaronfox,opening,4,29,1,auction,De'Aaron Fox,A5,B5,C5,
59a6a80ce913c1ee51e35c213b85ca13bb78380df68a73fa1ceb164b84c647a6,2025-26,11,Alvin,2,Brandon Ingram,brandoningram,opening,3,28,1,auction,Brandon Ingram,A4,B4,C4,
59a6a80ce913c1ee51e35c213b85ca13bb78380df68a73fa1ceb164b84c647a6,2025-26,11,Arthur,6,Kawhi Leonard,kawhileonard,opening,4,27,1,auction,Kawhi Leonard,A5,B5,C5,
59a6a80ce913c1ee51e35c213b85ca13bb78380df68a73fa1ceb164b84c647a6,2025-26,11,Brent,8,LeBron James,lebronjames,opening,3,27,1,auction,LeBron James,A4,B4,C4,
59a6a80ce913c1ee51e35c213b85ca13bb78380df68a73fa1ceb164b84c647a6,2025-26,11,Darren,5,Payton Pritchard,paytonpritchard,opening,6,26,1,auction,Payton Pritchard,A7,B7,C7,
59a6a80ce913c1ee51e35c213b85ca13bb78380df68a73fa1ceb164b84c647a6,2025-26,11,Brent,8,Ivica Zubac,ivicazubac,opening,4,26,1,auction,Ivica Zubac,A5,B5,C5,
59a6a80ce913c1ee51e35c213b85ca13bb78380df68a73fa1ceb164b84c647a6,2025-26,11,Kerry,4,Jaren Jackson Jr,jarenjacksonjr,opening,4,25,1,auction,Jaren Jackson Jr,A5,B5,C5,
59a6a80ce913c1ee51e35c213b85ca13bb78380df68a73fa1ceb164b84c647a6,2025-26,11,Mark,13,Brandon Miller,brandonmiller,opening,6,25,1,auction,Brandon Miller,A7,B7,C7,
59a6a80ce913c1ee51e35c213b85ca13bb78380df68a73fa1ceb164b84c647a6,2025-26,11,Kerry,4,Walker Kessler,walkerkessler,opening,5,24,1,auction,Walker Kessler,A6,B6,C6,
59a6a80ce913c1ee51e35c213b85ca13bb78380df68a73fa1ceb164b84c647a6,2025-26,11,Arthur,6,Zach LaVine,zachlavine,opening,7,24,1,auction,Zach LaVine,A8,B8,C8,
59a6a80ce913c1ee51e35c213b85ca13bb78380df68a73fa1ceb164b84c647a6,2025-26,11,Ian,12,Coby White,cobywhite,opening,7,24,1,auction,Coby  White,A8,B8,C8,
59a6a80ce913c1ee51e35c213b85ca13bb78380df68a73fa1ceb164b84c647a6,2025-26,11,Alvin,2,Matas Buzelis,matasbuzelis,opening,9,23,1,auction,Matas Buzelis,A10,B10,C10,
59a6a80ce913c1ee51e35c213b85ca13bb78380df68a73fa1ceb164b84c647a6,2025-26,11,Joe,11,Nikola Vucevic,nikolavucevic,opening,5,23,1,auction,Nikola Vucevic,A6,B6,C6,
59a6a80ce913c1ee51e35c213b85ca13bb78380df68a73fa1ceb164b84c647a6,2025-26,11,Ian,12,Jayson Tatum,jaysontatum,opening,4,23,1,auction,Jayson Tatum,A5,B5,C5,
59a6a80ce913c1ee51e35c213b85ca13bb78380df68a73fa1ceb164b84c647a6,2025-26,11,Mark,13,Deni Avdija,deniavdija,opening,4,23,1,auction,Deni Avdija,A5,B5,C5,
59a6a80ce913c1ee51e35c213b85ca13bb78380df68a73fa1ceb164b84c647a6,2025-26,11,Mark,13,Jimmy Butler,jimmybutler,opening,5,23,1,auction,Jimmy Butler III,A6,B6,C6,
59a6a80ce913c1ee51e35c213b85ca13bb78380df68a73fa1ceb164b84c647a6,2025-26,11,Brent,8,Lauri Markkanen,laurimarkkanen,opening,5,21,1,auction,Lauri Markkanen,A6,B6,C6,
59a6a80ce913c1ee51e35c213b85ca13bb78380df68a73fa1ceb164b84c647a6,2025-26,11,Graham,1,Jalen Duren,jalenduren,opening,6,20,1,auction,Jalen Duren,A7,B7,C7,
59a6a80ce913c1ee51e35c213b85ca13bb78380df68a73fa1ceb164b84c647a6,2025-26,11,Graham,1,Mikal Bridges,mikalbridges,opening,8,20,1,auction,Mikal Bridges,A9,B9,C9,
59a6a80ce913c1ee51e35c213b85ca13bb78380df68a73fa1ceb164b84c647a6,2025-26,11,Darren,5,DeMar DeRozan,demarderozan,opening,4,20,1,auction,DeMar DeRozan,A5,B5,C5,
59a6a80ce913c1ee51e35c213b85ca13bb78380df68a73fa1ceb164b84c647a6,2025-26,11,Isaac,10,Miles Bridges,milesbridges,opening,6,19,1,auction,Miles Bridges,A7,B7,C7,
59a6a80ce913c1ee51e35c213b85ca13bb78380df68a73fa1ceb164b84c647a6,2025-26,11,Mark,13,Kristaps Porzingis,kristapsporzingis,opening,7,19,1,auction,Kristaps Porzingis,A8,B8,C8,
59a6a80ce913c1ee51e35c213b85ca13bb78380df68a73fa1ceb164b84c647a6,2025-26,11,Ron,7,Ausar Thompson,ausarthompson,opening,6,18,1,auction,Ausar Thompson,A7,B7,C7,
59a6a80ce913c1ee51e35c213b85ca13bb78380df68a73fa1ceb164b84c647a6,2025-26,11,Max,9,Christian Braun,christianbraun,opening,6,18,1,auction,Christian Braun,A7,B7,C7,
59a6a80ce913c1ee51e35c213b85ca13bb78380df68a73fa1ceb164b84c647a6,2025-26,11,Alvin,2,Jordan Poole,jordanpoole,opening,8,17,1,auction,Jordan Poole,A9,B9,C9,
59a6a80ce913c1ee51e35c213b85ca13bb78380df68a73fa1ceb164b84c647a6,2025-26,11,Joe,11,Darius Garland,dariusgarland,opening,4,17,1,auction,Darius Garland,A5,B5,C5,
59a6a80ce913c1ee51e35c213b85ca13bb78380df68a73fa1ceb164b84c647a6,2025-26,11,Graham,1,Bennedict Mathurin,bennedictmathurin,opening,7,16,1,auction,Bennedict Mathurin,A8,B8,C8,
59a6a80ce913c1ee51e35c213b85ca13bb78380df68a73fa1ceb164b84c647a6,2025-26,11,Alvin,2,Deandre Ayton,deandreayton,opening,6,16,1,auction,Deandre Ayton,A7,B7,C7,
59a6a80ce913c1ee51e35c213b85ca13bb78380df68a73fa1ceb164b84c647a6,2025-26,11,Peter,3,Rudy Gobert,rudygobert,opening,5,16,1,auction,Rudy Gobert,A6,B6,C6,
59a6a80ce913c1ee51e35c213b85ca13bb78380df68a73fa1ceb164b84c647a6,2025-26,11,Darren,5,Naz Reid,nazreid,opening,7,16,1,auction,Naz Reid,A8,B8,C8,
59a6a80ce913c1ee51e35c213b85ca13bb78380df68a73fa1ceb164b84c647a6,2025-26,11,Ron,7,Alex Sarr,alexsarr,opening,5,16,1,auction,Alex Sarr,A6,B6,C6,
59a6a80ce913c1ee51e35c213b85ca13bb78380df68a73fa1ceb164b84c647a6,2025-26,11,Joe,11,John Collins,johncollins,opening,8,16,1,auction,John Collins,A9,B9,C9,
59a6a80ce913c1ee51e35c213b85ca13bb78380df68a73fa1ceb164b84c647a6,2025-26,11,Graham,1,Jarrett Allen,jarrettallen,opening,5,15,1,auction,Jarrett Allen,A6,B6,C6,
59a6a80ce913c1ee51e35c213b85ca13bb78380df68a73fa1ceb164b84c647a6,2025-26,11,Arthur,6,Tyrese Haliburton,tyresehaliburton,opening,3,15,1,auction,Tyrese Haliburton,A4,B4,C4,
59a6a80ce913c1ee51e35c213b85ca13bb78380df68a73fa1ceb164b84c647a6,2025-26,11,Arthur,6,Donovan Clingan,donovanclingan,opening,10,15,1,auction,Donovan Clingan,A11,B11,C11,
59a6a80ce913c1ee51e35c213b85ca13bb78380df68a73fa1ceb164b84c647a6,2025-26,11,Ron,7,Cameron Johnson,cameronjohnson,opening,8,15,1,auction,Cameron Johnson,A9,B9,C9,
59a6a80ce913c1ee51e35c213b85ca13bb78380df68a73fa1ceb164b84c647a6,2025-26,11,Isaac,10,Jakob Poeltl,jakobpoeltl,opening,7,15,1,auction,Jakob Poeltl,A8,B8,C8,
59a6a80ce913c1ee51e35c213b85ca13bb78380df68a73fa1ceb164b84c647a6,2025-26,11,Joe,11,Tyler Herro,tylerherro,opening,3,15,1,auction,Tyler Herro,A4,B4,C4,
59a6a80ce913c1ee51e35c213b85ca13bb78380df68a73fa1ceb164b84c647a6,2025-26,11,Brent,8,Isaiah Hartenstein,isaiahhartenstein,opening,7,14,1,auction,Isaiah Hartenstein,A8,B8,C8,
59a6a80ce913c1ee51e35c213b85ca13bb78380df68a73fa1ceb164b84c647a6,2025-26,11,Joe,11,Kel'el Ware,kelelware,opening,6,14,1,auction,Kel'el Ware,A7,B7,C7,
59a6a80ce913c1ee51e35c213b85ca13bb78380df68a73fa1ceb164b84c647a6,2025-26,11,Brent,8,Andrew Nembhard,andrewnembhard,opening,6,13,1,auction,Andrew Nembhard,A7,B7,C7,
59a6a80ce913c1ee51e35c213b85ca13bb78380df68a73fa1ceb164b84c647a6,2025-26,11,Max,9,Herbert Jones,herbertjones,opening,8,13,1,auction,Herbert Jones,A9,B9,C9,
59a6a80ce913c1ee51e35c213b85ca13bb78380df68a73fa1ceb164b84c647a6,2025-26,11,Joe,11,Dereck Lively II,derecklivelyii,opening,7,13,1,auction,Dereck Lively II,A8,B8,C8,
59a6a80ce913c1ee51e35c213b85ca13bb78380df68a73fa1ceb164b84c647a6,2025-26,11,Joe,11,Cason Wallace,casonwallace,opening,9,13,1,auction,Cason Wallace,A10,B10,C10,
59a6a80ce913c1ee51e35c213b85ca13bb78380df68a73fa1ceb164b84c647a6,2025-26,11,Benji,15,Onyeka Okongwu,onyekaokongwu,opening,7,13,1,auction,Onyeka Okongwu,A8,B8,C8,
59a6a80ce913c1ee51e35c213b85ca13bb78380df68a73fa1ceb164b84c647a6,2025-26,11,Graham,1,Michael Porter Jr.,michaelporterjr,opening,4,12,1,auction,Michael Porter Jr,A5,B5,C5,
59a6a80ce913c1ee51e35c213b85ca13bb78380df68a73fa1ceb164b84c647a6,2025-26,11,Alvin,2,Jalen Green,jalengreen,opening,7,12,1,auction,Jalen Green,A8,B8,C8,
59a6a80ce913c1ee51e35c213b85ca13bb78380df68a73fa1ceb164b84c647a6,2025-26,11,Peter,3,Cam Thomas,camthomas,opening,7,12,1,auction,Cam Thomas,A8,B8,C8,
59a6a80ce913c1ee51e35c213b85ca13bb78380df68a73fa1ceb164b84c647a6,2025-26,11,Arthur,6,Josh Hart,joshhart,opening,5,12,1,auction,Josh Hart,A6,B6,C6,
59a6a80ce913c1ee51e35c213b85ca13bb78380df68a73fa1ceb164b84c647a6,2025-26,11,Kerry,4,Toumani Camara,toumanicamara,opening,7,11,1,auction,Toumani Camara,A8,B8,C8,
59a6a80ce913c1ee51e35c213b85ca13bb78380df68a73fa1ceb164b84c647a6,2025-26,11,Peter,3,Shaedon Sharpe,shaedonsharpe,opening,8,10,1,auction,Shaedon Sharpe,A9,B9,C9,
59a6a80ce913c1ee51e35c213b85ca13bb78380df68a73fa1ceb164b84c647a6,2025-26,11,Ron,7,Mark Williams,markwilliams,opening,4,10,1,auction,Mark Williams,A5,B5,C5,
59a6a80ce913c1ee51e35c213b85ca13bb78380df68a73fa1ceb164b84c647a6,2025-26,11,Max,9,Sam Hauser,samhauser,opening,7,10,1,auction,Sam Hauser,A8,B8,C8,
59a6a80ce913c1ee51e35c213b85ca13bb78380df68a73fa1ceb164b84c647a6,2025-26,11,Isaac,10,Anfernee Simons,anferneesimons,opening,8,10,1,auction,Anfernee Simons,A9,B9,C9,
59a6a80ce913c1ee51e35c213b85ca13bb78380df68a73fa1ceb164b84c647a6,2025-26,11,Joe,11,Aaron Gordon,aarongordon,opening,11,10,1,auction,Aaron Gordon,A12,B12,C12,
59a6a80ce913c1ee51e35c213b85ca13bb78380df68a73fa1ceb164b84c647a6,2025-26,11,Benji,15,Keegan Murray,keeganmurray,opening,6,9,1,auction,Keegan Murray,A7,B7,C7,
59a6a80ce913c1ee51e35c213b85ca13bb78380df68a73fa1ceb164b84c647a6,2025-26,11,Graham,1,Malik Monk,malikmonk,opening,9,8,1,auction,Malik Monk,A10,B10,C10,
59a6a80ce913c1ee51e35c213b85ca13bb78380df68a73fa1ceb164b84c647a6,2025-26,11,Graham,1,Jaden McDaniels,jadenmcdaniels,opening,11,8,1,auction,Jaden McDaniels,A12,B12,C12,
59a6a80ce913c1ee51e35c213b85ca13bb78380df68a73fa1ceb164b84c647a6,2025-26,11,Peter,3,D'Angelo Russell,dangelorussell,opening,6,8,1,auction,D'Angelo Russell,A7,B7,C7,
59a6a80ce913c1ee51e35c213b85ca13bb78380df68a73fa1ceb164b84c647a6,2025-26,11,Kerry,4,Tobias Harris,tobiasharris,opening,6,8,1,auction,Tobias Harris,A7,B7,C7,
59a6a80ce913c1ee51e35c213b85ca13bb78380df68a73fa1ceb164b84c647a6,2025-26,11,Kerry,4,Tari Eason,tarieason,opening,10,8,1,auction,Tari Eason,A11,B11,C11,
59a6a80ce913c1ee51e35c213b85ca13bb78380df68a73fa1ceb164b84c647a6,2025-26,11,Darren,5,Andrew Wiggins,andrewwiggins,opening,8,8,1,auction,Andrew Wiggins,A9,B9,C9,
59a6a80ce913c1ee51e35c213b85ca13bb78380df68a73fa1ceb164b84c647a6,2025-26,11,Arthur,6,Kyrie Irving,kyrieirving,opening,6,8,1,auction,Kyrie Irving,A7,B7,C7,
59a6a80ce913c1ee51e35c213b85ca13bb78380df68a73fa1ceb164b84c647a6,2025-26,11,Arthur,6,Jaden Ivey,jadenivey,opening,13,8,1,auction,Jaden Ivey,A14,B14,C14,
59a6a80ce913c1ee51e35c213b85ca13bb78380df68a73fa1ceb164b84c647a6,2025-26,11,Ron,7,Draymond Green,draymondgreen,opening,9,8,1,auction,Draymond Green,A10,B10,C10,
59a6a80ce913c1ee51e35c213b85ca13bb78380df68a73fa1ceb164b84c647a6,2025-26,11,Brent,8,RJ Barrett,rjbarrett,opening,8,8,1,auction,RJ Barrett,A9,B9,C9,
59a6a80ce913c1ee51e35c213b85ca13bb78380df68a73fa1ceb164b84c647a6,2025-26,11,Max,9,Bradley Beal,bradleybeal,opening,4,8,1,auction,Bradley Beal,A5,B5,C5,
59a6a80ce913c1ee51e35c213b85ca13bb78380df68a73fa1ceb164b84c647a6,2025-26,11,Joe,11,Jay Huff,jayhuff,opening,10,8,1,auction,Jay Huff,A11,B11,C11,
59a6a80ce913c1ee51e35c213b85ca13bb78380df68a73fa1ceb164b84c647a6,2025-26,11,Arthur,6,Daniel Gafford,danielgafford,opening,15,7,1,auction,Daniel Gafford,A16,B16,C16,
59a6a80ce913c1ee51e35c213b85ca13bb78380df68a73fa1ceb164b84c647a6,2025-26,11,Ron,7,Santi Aldama,santialdama,opening,10,7,1,auction,Santi Aldama,A11,B11,C11,
59a6a80ce913c1ee51e35c213b85ca13bb78380df68a73fa1ceb164b84c647a6,2025-26,11,Brent,8,CJ McCollum,cjmccollum,opening,12,7,1,auction,CJ McCollum,A13,B13,C13,
59a6a80ce913c1ee51e35c213b85ca13bb78380df68a73fa1ceb164b84c647a6,2025-26,11,Isaac,10,Fred VanVleet,fredvanvleet,opening,4,7,1,auction,Fred VanVleet,A5,B5,C5,
59a6a80ce913c1ee51e35c213b85ca13bb78380df68a73fa1ceb164b84c647a6,2025-26,11,Isaac,10,Devin Vassell,devinvassell,opening,10,7,1,auction,Devin Vassell,A11,B11,C11,
59a6a80ce913c1ee51e35c213b85ca13bb78380df68a73fa1ceb164b84c647a6,2025-26,11,Alvin,2,Zach Edey,zachedey,opening,5,6,1,auction,Zach Edey,A6,B6,C6,
59a6a80ce913c1ee51e35c213b85ca13bb78380df68a73fa1ceb164b84c647a6,2025-26,11,Peter,3,Bobby Portis,bobbyportis,opening,13,6,1,auction,Bobby Portis,A14,B14,C14,
59a6a80ce913c1ee51e35c213b85ca13bb78380df68a73fa1ceb164b84c647a6,2025-26,11,Arthur,6,Paul George,paulgeorge,opening,8,6,1,auction,Paul George,A9,B9,C9,
59a6a80ce913c1ee51e35c213b85ca13bb78380df68a73fa1ceb164b84c647a6,2025-26,11,Brent,8,Jalen Suggs,jalensuggs,opening,9,6,1,auction,Jalen Suggs,A10,B10,C10,
59a6a80ce913c1ee51e35c213b85ca13bb78380df68a73fa1ceb164b84c647a6,2025-26,11,Max,9,Nic Claxton,nicclaxton,opening,9,6,1,auction,Nic Claxton,A10,B10,C10,
59a6a80ce913c1ee51e35c213b85ca13bb78380df68a73fa1ceb164b84c647a6,2025-26,11,Isaac,10,Kevin Porter Jr.,kevinporterjr,opening,11,6,1,auction,Kevin Porter Jr,A12,B12,C12,
59a6a80ce913c1ee51e35c213b85ca13bb78380df68a73fa1ceb164b84c647a6,2025-26,11,Joe,11,De'Andre Hunter,deandrehunter,opening,12,6,1,auction,De'Andre Hunter,A13,B13,C13,
59a6a80ce913c1ee51e35c213b85ca13bb78380df68a73fa1ceb164b84c647a6,2025-26,11,Kerry,4,Klay Thompson,klaythompson,opening,8,5,1,auction,Klay Thompson,A9,B9,C9,
59a6a80ce913c1ee51e35c213b85ca13bb78380df68a73fa1ceb164b84c647a6,2025-26,11,Arthur,6,Brook Lopez,brooklopez,opening,11,5,1,auction,Brook Lopez,A12,B12,C12,
59a6a80ce913c1ee51e35c213b85ca13bb78380df68a73fa1ceb164b84c647a6,2025-26,11,Arthur,6,Reed Sheppard,reedsheppard,opening,14,5,1,auction,Reed Sheppard,A15,B15,C15,
59a6a80ce913c1ee51e35c213b85ca13bb78380df68a73fa1ceb164b84c647a6,2025-26,11,Brent,8,Stephon Castle,stephoncastle,opening,10,5,1,auction,Stephon Castle,A11,B11,C11,
59a6a80ce913c1ee51e35c213b85ca13bb78380df68a73fa1ceb164b84c647a6,2025-26,11,Brent,8,Zaccharie Risacher,zaccharierisacher,opening,14,5,1,auction,Zaccharie Risacher,A15,B15,C15,
59a6a80ce913c1ee51e35c213b85ca13bb78380df68a73fa1ceb164b84c647a6,2025-26,11,Max,9,Jrue Holiday,jrueholiday,opening,5,5,1,auction,Jrue Holiday,A6,B6,C6,
59a6a80ce913c1ee51e35c213b85ca13bb78380df68a73fa1ceb164b84c647a6,2025-26,11,Isaac,10,Neemias Queta,neemiasqueta,opening,13,5,1,auction,Neemias Queta,A14,B14,C14,
59a6a80ce913c1ee51e35c213b85ca13bb78380df68a73fa1ceb164b84c647a6,2025-26,11,Joe,11,Obi Toppin,obitoppin,opening,14,5,1,auction,Obi Toppin,A15,B15,C15,
59a6a80ce913c1ee51e35c213b85ca13bb78380df68a73fa1ceb164b84c647a6,2025-26,11,Ian,12,Keyonte George,keyontegeorge,opening,9,5,1,auction,Keyonte George,A10,B10,C10,
59a6a80ce913c1ee51e35c213b85ca13bb78380df68a73fa1ceb164b84c647a6,2025-26,11,Peter,3,Yang Hansen,yanghansen,opening,11,4,1,auction,Yang Hansen,A12,B12,C12,
59a6a80ce913c1ee51e35c213b85ca13bb78380df68a73fa1ceb164b84c647a6,2025-26,11,Kerry,4,Dennis Schroder,dennisschroder,opening,11,4,1,auction,Dennis Schroder,A12,B12,C12,
59a6a80ce913c1ee51e35c213b85ca13bb78380df68a73fa1ceb164b84c647a6,2025-26,11,Ron,7,Brandin Podziemski,brandinpodziemski,opening,7,4,1,auction,Brandin Podziemski,A8,B8,C8,
59a6a80ce913c1ee51e35c213b85ca13bb78380df68a73fa1ceb164b84c647a6,2025-26,11,Ron,7,Donte DiVincenzo,dontedivincenzo,opening,11,4,1,auction,Donte DiVincenzo,A12,B12,C12,
59a6a80ce913c1ee51e35c213b85ca13bb78380df68a73fa1ceb164b84c647a6,2025-26,11,Brent,8,Nickeil Alexander-Walker,nickeilalexanderwalker,opening,11,4,1,auction,Nickeil Alexander-Walker,A12,B12,C12,
59a6a80ce913c1ee51e35c213b85ca13bb78380df68a73fa1ceb164b84c647a6,2025-26,11,Isaac,10,Keon Ellis,keonellis,opening,9,4,1,auction,Keon Ellis,A10,B10,C10,
59a6a80ce913c1ee51e35c213b85ca13bb78380df68a73fa1ceb164b84c647a6,2025-26,11,Isaac,10,Aaron Nesmith,aaronnesmith,opening,12,4,1,auction,Aaron Nesmith,A13,B13,C13,
59a6a80ce913c1ee51e35c213b85ca13bb78380df68a73fa1ceb164b84c647a6,2025-26,11,Joe,11,Kon Knueppel,konknueppel,opening,13,4,1,auction,Kon Knueppel,A14,B14,C14,
59a6a80ce913c1ee51e35c213b85ca13bb78380df68a73fa1ceb164b84c647a6,2025-26,11,Graham,1,Quentin Grimes,quentingrimes,opening,10,3,1,auction,Quentin Grimes,A11,B11,C11,
59a6a80ce913c1ee51e35c213b85ca13bb78380df68a73fa1ceb164b84c647a6,2025-26,11,Kerry,4,Jonathan Kuminga,jonathankuminga,opening,9,3,1,auction,Jonathan Kuminga,A10,B10,C10,
59a6a80ce913c1ee51e35c213b85ca13bb78380df68a73fa1ceb164b84c647a6,2025-26,11,Kerry,4,Al Horford,alhorford,opening,14,3,1,auction,Al Horford,A15,B15,C15,
59a6a80ce913c1ee51e35c213b85ca13bb78380df68a73fa1ceb164b84c647a6,2025-26,11,Darren,5,Jabari Smith Jr.,jabarismithjr,opening,9,3,1,auction,Jabari Smith  Jr,A10,B10,C10,
59a6a80ce913c1ee51e35c213b85ca13bb78380df68a73fa1ceb164b84c647a6,2025-26,11,Arthur,6,VJ Edgecombe,vjedgecombe,opening,9,3,1,auction,VJ Edgecombe,A10,B10,C10,
59a6a80ce913c1ee51e35c213b85ca13bb78380df68a73fa1ceb164b84c647a6,2025-26,11,Ron,7,Nikola Jovic,nikolajovic,opening,12,3,1,auction,Nikola Jovic,A13,B13,C13,
59a6a80ce913c1ee51e35c213b85ca13bb78380df68a73fa1ceb164b84c647a6,2025-26,11,Ron,7,Dylan Harper,dylanharper,opening,15,3,1,auction,Dylan Harper,A16,B16,C16,
59a6a80ce913c1ee51e35c213b85ca13bb78380df68a73fa1ceb164b84c647a6,2025-26,11,Brent,8,Jaylen Wells,jaylenwells,opening,13,3,1,auction,Jaylen Wells,A14,B14,C14,
59a6a80ce913c1ee51e35c213b85ca13bb78380df68a73fa1ceb164b84c647a6,2025-26,11,Brent,8,Ace Bailey,acebailey,opening,15,3,1,auction,Ace Bailey,A16,B16,C16,
59a6a80ce913c1ee51e35c213b85ca13bb78380df68a73fa1ceb164b84c647a6,2025-26,11,Ian,12,Collin Sexton,collinsexton,opening,8,3,1,auction,Collin Sexton,A9,B9,C9,
59a6a80ce913c1ee51e35c213b85ca13bb78380df68a73fa1ceb164b84c647a6,2025-26,11,Graham,1,Harrison Barnes,harrisonbarnes,opening,12,2,1,auction,Harrison Barnes,A13,B13,C13,
59a6a80ce913c1ee51e35c213b85ca13bb78380df68a73fa1ceb164b84c647a6,2025-26,11,Graham,1,Chris Paul,chrispaul,opening,13,2,1,auction,Chris Paul,A14,B14,C14,
59a6a80ce913c1ee51e35c213b85ca13bb78380df68a73fa1ceb164b84c647a6,2025-26,11,Alvin,2,Adem Bona,adembona,opening,13,2,1,auction,Adem Bona,A14,B14,C14,
59a6a80ce913c1ee51e35c213b85ca13bb78380df68a73fa1ceb164b84c647a6,2025-26,11,Peter,3,Isaiah Collier,isaiahcollier,opening,10,2,1,auction,Isaiah Collier,A11,B11,C11,
59a6a80ce913c1ee51e35c213b85ca13bb78380df68a73fa1ceb164b84c647a6,2025-26,11,Peter,3,Yves Missi,yvesmissi,opening,12,2,1,auction,Yves Missi,A13,B13,C13,
59a6a80ce913c1ee51e35c213b85ca13bb78380df68a73fa1ceb164b84c647a6,2025-26,11,Kerry,4,Jonas Valanciunas,jonasvalanciunas,opening,12,2,1,auction,Jonas Valanciunas,A13,B13,C13,
59a6a80ce913c1ee51e35c213b85ca13bb78380df68a73fa1ceb164b84c647a6,2025-26,11,Kerry,4,Scotty Pippen Jr,scottypippenjr,opening,15,2,1,auction,Scotty Pippen Jr,A16,B16,C16,
59a6a80ce913c1ee51e35c213b85ca13bb78380df68a73fa1ceb164b84c647a6,2025-26,11,Arthur,6,Tre Jones,trejones,opening,12,2,1,auction,Tre Jones,A13,B13,C13,
59a6a80ce913c1ee51e35c213b85ca13bb78380df68a73fa1ceb164b84c647a6,2025-26,11,Ron,7,Davion Mitchell,davionmitchell,opening,13,2,1,auction,Davion Mitchell,A14,B14,C14,
59a6a80ce913c1ee51e35c213b85ca13bb78380df68a73fa1ceb164b84c647a6,2025-26,11,Max,9,Dejounte Murray,dejountemurray,opening,3,2,1,auction,Dejounte Murray,A4,B4,C4,
59a6a80ce913c1ee51e35c213b85ca13bb78380df68a73fa1ceb164b84c647a6,2025-26,11,Max,9,Bub Carrington,bubcarrington,opening,10,2,1,auction,Bub Carrington,A11,B11,C11,
59a6a80ce913c1ee51e35c213b85ca13bb78380df68a73fa1ceb164b84c647a6,2025-26,11,Max,9,Ty Jerome,tyjerome,opening,11,2,1,auction,Ty Jerome,A12,B12,C12,
59a6a80ce913c1ee51e35c213b85ca13bb78380df68a73fa1ceb164b84c647a6,2025-26,11,Joe,11,TJ McConnell,tjmcconnell,opening,15,2,1,auction,TJ McConnell,A16,B16,C16,
59a6a80ce913c1ee51e35c213b85ca13bb78380df68a73fa1ceb164b84c647a6,2025-26,11,Graham,1,PJ Washington,pjwashington,opening,14,1,1,auction,PJ Washington,A15,B15,C15,
59a6a80ce913c1ee51e35c213b85ca13bb78380df68a73fa1ceb164b84c647a6,2025-26,11,Graham,1,Goga Bitadze,gogabitadze,opening,15,1,1,auction,Goga Bitadze,A16,B16,C16,
59a6a80ce913c1ee51e35c213b85ca13bb78380df68a73fa1ceb164b84c647a6,2025-26,11,Alvin,2,Jordan Clarkson,jordanclarkson,opening,10,1,1,auction,Jordan Clarkson,A11,B11,C11,
59a6a80ce913c1ee51e35c213b85ca13bb78380df68a73fa1ceb164b84c647a6,2025-26,11,Alvin,2,Moses Moody,mosesmoody,opening,11,1,1,auction,Moses Moody,A12,B12,C12,
59a6a80ce913c1ee51e35c213b85ca13bb78380df68a73fa1ceb164b84c647a6,2025-26,11,Alvin,2,Damian Lillard,damianlillard,opening,12,1,1,auction,Damian Lillard,A13,B13,C13,
59a6a80ce913c1ee51e35c213b85ca13bb78380df68a73fa1ceb164b84c647a6,2025-26,11,Alvin,2,Tre Johnson,trejohnson,opening,14,1,1,auction,Tre Johnson,A15,B15,C15,
59a6a80ce913c1ee51e35c213b85ca13bb78380df68a73fa1ceb164b84c647a6,2025-26,11,Alvin,2,Ryan Kalkbrenner,ryankalkbrenner,opening,15,1,1,auction,Ryan Kalkbrenner,A16,B16,C16,
59a6a80ce913c1ee51e35c213b85ca13bb78380df68a73fa1ceb164b84c647a6,2025-26,11,Peter,3,Khris Middleton,khrismiddleton,opening,9,1,1,auction,Khris Middleton,A10,B10,C10,
59a6a80ce913c1ee51e35c213b85ca13bb78380df68a73fa1ceb164b84c647a6,2025-26,11,Peter,3,Collin Murray-Boyles,collinmurrayboyles,opening,14,1,1,auction,Collin Murray-Boyles,A15,B15,C15,
59a6a80ce913c1ee51e35c213b85ca13bb78380df68a73fa1ceb164b84c647a6,2025-26,11,Peter,3,Egor Demin,egordemin,opening,15,1,1,auction,Egor Demin,A16,B16,C16,
59a6a80ce913c1ee51e35c213b85ca13bb78380df68a73fa1ceb164b84c647a6,2025-26,11,Kerry,4,Kyle Filipowski,kylefilipowski,opening,13,1,1,auction,Kyle Filipowski,A14,B14,C14,
59a6a80ce913c1ee51e35c213b85ca13bb78380df68a73fa1ceb164b84c647a6,2025-26,11,Darren,5,Scoot Henderson,scoothenderson,opening,5,1,1,auction,Scoot Henderson,A6,B6,C6,
59a6a80ce913c1ee51e35c213b85ca13bb78380df68a73fa1ceb164b84c647a6,2025-26,11,Darren,5,Isaiah Jackson,isaiahjackson,opening,10,1,1,auction,Isaiah Jackson,A11,B11,C11,
59a6a80ce913c1ee51e35c213b85ca13bb78380df68a73fa1ceb164b84c647a6,2025-26,11,Darren,5,Taylor Hendricks,taylorhendricks,opening,11,1,1,auction,Taylor Hendricks,A12,B12,C12,
59a6a80ce913c1ee51e35c213b85ca13bb78380df68a73fa1ceb164b84c647a6,2025-26,11,Darren,5,Aaron Wiggins,aaronwiggins,opening,12,1,1,auction,Aaron Wiggins,A13,B13,C13,
59a6a80ce913c1ee51e35c213b85ca13bb78380df68a73fa1ceb164b84c647a6,2025-26,11,Darren,5,Brice Sensabaugh,bricesensabaugh,opening,13,1,1,auction,Brice Sensabaugh,A14,B14,C14,
59a6a80ce913c1ee51e35c213b85ca13bb78380df68a73fa1ceb164b84c647a6,2025-26,11,Darren,5,Khaman Maluach,khamanmaluach,opening,14,1,1,auction,Khaman Maluach,A15,B15,C15,
59a6a80ce913c1ee51e35c213b85ca13bb78380df68a73fa1ceb164b84c647a6,2025-26,11,Darren,5,Buddy Hield,buddyhield,opening,15,1,1,auction,Buddy Hield,A16,B16,C16,
59a6a80ce913c1ee51e35c213b85ca13bb78380df68a73fa1ceb164b84c647a6,2025-26,11,Ron,7,Kyshawn George,kyshawngeorge,opening,14,1,1,auction,Kyshawn George,A15,B15,C15,
59a6a80ce913c1ee51e35c213b85ca13bb78380df68a73fa1ceb164b84c647a6,2025-26,11,Max,9,Jerami Grant,jeramigrant,opening,12,1,1,auction,Jerami Grant,A13,B13,C13,
59a6a80ce913c1ee51e35c213b85ca13bb78380df68a73fa1ceb164b84c647a6,2025-26,11,Max,9,Chris Boucher,chrisboucher,opening,13,1,1,auction,Chris Boucher,A14,B14,C14,
59a6a80ce913c1ee51e35c213b85ca13bb78380df68a73fa1ceb164b84c647a6,2025-26,11,Max,9,Moussa Diabate,moussadiabate,opening,14,1,1,auction,Moussa Diabate,A15,B15,C15,
59a6a80ce913c1ee51e35c213b85ca13bb78380df68a73fa1ceb164b84c647a6,2025-26,11,Max,9,Grayson Allen,graysonallen,opening,15,1,1,auction,Grayson Allen,A16,B16,C16,
59a6a80ce913c1ee51e35c213b85ca13bb78380df68a73fa1ceb164b84c647a6,2025-26,11,Isaac,10,Jared McCain,jaredmccain,opening,14,1,1,auction,Jared McCain,A15,B15,C15,
59a6a80ce913c1ee51e35c213b85ca13bb78380df68a73fa1ceb164b84c647a6,2025-26,11,Isaac,10,Jeremy Sochan,jeremysochan,opening,15,1,1,auction,Jeremy Sochan,A16,B16,C16,
59a6a80ce913c1ee51e35c213b85ca13bb78380df68a73fa1ceb164b84c647a6,2025-26,11,Ian,12,Kyle Kuzma,kylekuzma,opening,10,1,1,auction,Kyle Kuzma,A11,B11,C11,
59a6a80ce913c1ee51e35c213b85ca13bb78380df68a73fa1ceb164b84c647a6,2025-26,11,Ian,12,Ayo Dosunmu,ayodosunmu,opening,11,1,1,auction,Ayo Dosunmu,A12,B12,C12,
59a6a80ce913c1ee51e35c213b85ca13bb78380df68a73fa1ceb164b84c647a6,2025-26,11,Ian,12,Gradey Dick,gradeydick,opening,12,1,1,auction,Gradey Dick,A13,B13,C13,
59a6a80ce913c1ee51e35c213b85ca13bb78380df68a73fa1ceb164b84c647a6,2025-26,11,Ian,12,Duncan Robinson,duncanrobinson,opening,13,1,1,auction,Duncan Robinson,A14,B14,C14,
59a6a80ce913c1ee51e35c213b85ca13bb78380df68a73fa1ceb164b84c647a6,2025-26,11,Ian,12,Russell Westbrook,russellwestbrook,opening,14,1,1,auction,Russell Westbrook,A15,B15,C15,
59a6a80ce913c1ee51e35c213b85ca13bb78380df68a73fa1ceb164b84c647a6,2025-26,11,Ian,12,Andre Drummond,andredrummond,opening,15,1,1,auction,Andre Drummond,A16,B16,C16,
59a6a80ce913c1ee51e35c213b85ca13bb78380df68a73fa1ceb164b84c647a6,2025-26,11,Mark,13,Bilal Coulibaly,bilalcoulibaly,opening,8,1,1,auction,Bilal Coulibaly,A9,B9,C9,
59a6a80ce913c1ee51e35c213b85ca13bb78380df68a73fa1ceb164b84c647a6,2025-26,11,Mark,13,Tyus Jones,tyusjones,opening,9,1,1,auction,Tyus Jones,A10,B10,C10,
59a6a80ce913c1ee51e35c213b85ca13bb78380df68a73fa1ceb164b84c647a6,2025-26,11,Mark,13,Anthony Black,anthonyblack,opening,10,1,1,auction,Anthony Black,A11,B11,C11,
59a6a80ce913c1ee51e35c213b85ca13bb78380df68a73fa1ceb164b84c647a6,2025-26,11,Mark,13,Luguentz Dort,luguentzdort,opening,11,1,1,auction,Luguentz Dort,A12,B12,C12,
59a6a80ce913c1ee51e35c213b85ca13bb78380df68a73fa1ceb164b84c647a6,2025-26,11,Mark,13,Kelly Oubre Jr.,kellyoubrejr,opening,12,1,1,auction,Kelly Oubre Jr,A13,B13,C13,
59a6a80ce913c1ee51e35c213b85ca13bb78380df68a73fa1ceb164b84c647a6,2025-26,11,Mark,13,Peyton Watson,peytonwatson,opening,13,1,1,auction,Peyton Watson,A14,B14,C14,
59a6a80ce913c1ee51e35c213b85ca13bb78380df68a73fa1ceb164b84c647a6,2025-26,11,Mark,13,Royce O'Neale,royceoneale,opening,14,1,1,auction,Royce O'Neale,A15,B15,C15,
59a6a80ce913c1ee51e35c213b85ca13bb78380df68a73fa1ceb164b84c647a6,2025-26,11,Mark,13,Jaime Jaquez Jr,jaimejaquezjr,opening,15,1,1,auction,Jaime Jaquez Jr,A16,B16,C16,
59a6a80ce913c1ee51e35c213b85ca13bb78380df68a73fa1ceb164b84c647a6,2025-26,11,Jason,14,Lonzo Ball,lonzoball,opening,5,1,1,auction,Lonzo Ball,A6,B6,C6,
59a6a80ce913c1ee51e35c213b85ca13bb78380df68a73fa1ceb164b84c647a6,2025-26,11,Jason,14,Wendell Carter Jr.,wendellcarterjr,opening,6,1,1,auction,Wendell Carter Jr,A7,B7,C7,
59a6a80ce913c1ee51e35c213b85ca13bb78380df68a73fa1ceb164b84c647a6,2025-26,11,Jason,14,Cole Anthony,coleanthony,opening,7,1,1,auction,Cole Anthony,A8,B8,C8,
59a6a80ce913c1ee51e35c213b85ca13bb78380df68a73fa1ceb164b84c647a6,2025-26,11,Jason,14,Cam Whitmore,camwhitmore,opening,8,1,1,auction,Cam Whitmore,A9,B9,C9,
59a6a80ce913c1ee51e35c213b85ca13bb78380df68a73fa1ceb164b84c647a6,2025-26,11,Jason,14,Dillon Brooks,dillonbrooks,opening,9,1,1,auction,Dillon Brooks,A10,B10,C10,
59a6a80ce913c1ee51e35c213b85ca13bb78380df68a73fa1ceb164b84c647a6,2025-26,11,Jason,14,Noah Clowney,noahclowney,opening,10,1,1,auction,Noah Clowney,A11,B11,C11,
59a6a80ce913c1ee51e35c213b85ca13bb78380df68a73fa1ceb164b84c647a6,2025-26,11,Jason,14,Gary Trent Jr.,garytrentjr,opening,11,1,1,auction,Gary Trent Jr,A12,B12,C12,
59a6a80ce913c1ee51e35c213b85ca13bb78380df68a73fa1ceb164b84c647a6,2025-26,11,Jason,14,Caris LeVert,carislevert,opening,12,1,1,auction,Caris LeVert,A13,B13,C13,
59a6a80ce913c1ee51e35c213b85ca13bb78380df68a73fa1ceb164b84c647a6,2025-26,11,Jason,14,Max Strus,maxstrus,opening,13,1,1,auction,Max Strus,A14,B14,C14,
59a6a80ce913c1ee51e35c213b85ca13bb78380df68a73fa1ceb164b84c647a6,2025-26,11,Jason,14,Grant Williams,grantwilliams,opening,14,1,1,auction,Grant Williams,A15,B15,C15,
59a6a80ce913c1ee51e35c213b85ca13bb78380df68a73fa1ceb164b84c647a6,2025-26,11,Jason,14,Rui Hachimura,ruihachimura,opening,15,1,1,auction,Rui Hachimura,A16,B16,C16,
59a6a80ce913c1ee51e35c213b85ca13bb78380df68a73fa1ceb164b84c647a6,2025-26,11,Benji,15,Terrence Shannon Jr,terrenceshannonjr,opening,8,1,1,auction,Terrence Shannon Jr,A9,B9,C9,
59a6a80ce913c1ee51e35c213b85ca13bb78380df68a73fa1ceb164b84c647a6,2025-26,11,Benji,15,Mason Plumlee,masonplumlee,opening,9,1,1,auction,Mason Plumlee,A10,B10,C10,
59a6a80ce913c1ee51e35c213b85ca13bb78380df68a73fa1ceb164b84c647a6,2025-26,11,Benji,15,Dalton Knecht,daltonknecht,opening,10,1,1,auction,Dalton Knecht,A11,B11,C11,
59a6a80ce913c1ee51e35c213b85ca13bb78380df68a73fa1ceb164b84c647a6,2025-26,11,Benji,15,Alex Caruso,alexcaruso,opening,11,1,1,auction,Alex Caruso,A12,B12,C12,
59a6a80ce913c1ee51e35c213b85ca13bb78380df68a73fa1ceb164b84c647a6,2025-26,11,Benji,15,Corey Kispert,coreykispert,opening,12,1,1,auction,Corey Kispert,A13,B13,C13,
59a6a80ce913c1ee51e35c213b85ca13bb78380df68a73fa1ceb164b84c647a6,2025-26,11,Benji,15,GG Jackson,ggjackson,opening,13,1,1,auction,GG Jackson,A14,B14,C14,
59a6a80ce913c1ee51e35c213b85ca13bb78380df68a73fa1ceb164b84c647a6,2025-26,11,Benji,15,Georges Niang,georgesniang,opening,14,1,1,auction,George Niang,A15,B15,C15,
59a6a80ce913c1ee51e35c213b85ca13bb78380df68a73fa1ceb164b84c647a6,2025-26,11,Benji,15,Jeremiah Fears,jeremiahfears,opening,15,1,1,auction,Jeremiah Fears,A16,B16,C16,
59a6a80ce913c1ee51e35c213b85ca13bb78380df68a73fa1ceb164b84c647a6,2024-25,10,Max,4,Nikola Jokic,nikolajokic,opening,3,84,1,auction,Nikola Jokic,A23,B23,C23,
59a6a80ce913c1ee51e35c213b85ca13bb78380df68a73fa1ceb164b84c647a6,2024-25,10,Kerry,12,Luka Doncic,lukadoncic,opening,3,65,1,auction,Luka Doncic,A23,B23,C23,
59a6a80ce913c1ee51e35c213b85ca13bb78380df68a73fa1ceb164b84c647a6,2024-25,10,Alvin,1,Giannis Antetokounmpo,giannisantetokounmpo,opening,3,60,1,auction,Giannis Antetokounmpo,A23,B23,C23,
59a6a80ce913c1ee51e35c213b85ca13bb78380df68a73fa1ceb164b84c647a6,2024-25,10,Mark,13,Joel Embiid,joelembiid,opening,3,59,1,auction,Joel Embiid,A22,B22,C22,
59a6a80ce913c1ee51e35c213b85ca13bb78380df68a73fa1ceb164b84c647a6,2024-25,10,Jason,10,Kevin Durant,kevindurant,opening,3,59,1,auction,Kevin Durant,A22,B22,C22,
59a6a80ce913c1ee51e35c213b85ca13bb78380df68a73fa1ceb164b84c647a6,2024-25,10,Graham,9,Stephen Curry,stephencurry,opening,4,57,1,auction,Stephen Curry,A23,B23,C23,
59a6a80ce913c1ee51e35c213b85ca13bb78380df68a73fa1ceb164b84c647a6,2024-25,10,Isaac,11,James Harden,jamesharden,opening,4,51,1,auction,James Harden,A23,B23,C23,
59a6a80ce913c1ee51e35c213b85ca13bb78380df68a73fa1ceb164b84c647a6,2024-25,10,Peter,2,Trae Young,traeyoung,opening,3,49,1,auction,Trae Young,A22,B22,C22,
59a6a80ce913c1ee51e35c213b85ca13bb78380df68a73fa1ceb164b84c647a6,2024-25,10,Joe,15,Damian Lillard,damianlillard,opening,3,46,1,auction,Damian Lillard,A22,B22,C22,
59a6a80ce913c1ee51e35c213b85ca13bb78380df68a73fa1ceb164b84c647a6,2024-25,10,Brent,7,Domantas Sabonis,domantassabonis,opening,4,45,1,auction,Domantas Sabonis,A24,B24,C24,
59a6a80ce913c1ee51e35c213b85ca13bb78380df68a73fa1ceb164b84c647a6,2024-25,10,Arthur,6,Kyrie Irving,kyrieirving,opening,4,42,1,auction,Kyrie Irving,A24,B24,C24,
59a6a80ce913c1ee51e35c213b85ca13bb78380df68a73fa1ceb164b84c647a6,2024-25,10,Ian,8,De'Aaron Fox,deaaronfox,opening,3,40,1,auction,De'Aaron Fox,A22,B22,C22,
59a6a80ce913c1ee51e35c213b85ca13bb78380df68a73fa1ceb164b84c647a6,2024-25,10,Ian,8,Alperen Sengun,alperensengun,opening,4,40,1,auction,Alperen Sengun,A23,B23,C23,
59a6a80ce913c1ee51e35c213b85ca13bb78380df68a73fa1ceb164b84c647a6,2024-25,10,Jason,10,Myles Turner,mylesturner,opening,4,40,1,auction,Myles Turner,A23,B23,C23,
59a6a80ce913c1ee51e35c213b85ca13bb78380df68a73fa1ceb164b84c647a6,2024-25,10,Alvin,1,Zion Williamson,zionwilliamson,opening,4,35,1,auction,Zion Williamson,A24,B24,C24,
59a6a80ce913c1ee51e35c213b85ca13bb78380df68a73fa1ceb164b84c647a6,2024-25,10,Ron,3,Cade Cunningham,cadecunningham,opening,3,35,1,auction,Cade Cunningham,A23,B23,C23,
59a6a80ce913c1ee51e35c213b85ca13bb78380df68a73fa1ceb164b84c647a6,2024-25,10,Darren,5,Jalen Johnson,jalenjohnson,opening,4,33,1,auction,Jalen Johnson,A24,B24,C24,
59a6a80ce913c1ee51e35c213b85ca13bb78380df68a73fa1ceb164b84c647a6,2024-25,10,Ian,8,Dejounte Murray,dejountemurray,opening,5,33,1,auction,Dejounte Murray,A24,B24,C24,
59a6a80ce913c1ee51e35c213b85ca13bb78380df68a73fa1ceb164b84c647a6,2024-25,10,Arthur,6,Jimmy Butler,jimmybutler,opening,3,32,1,auction,Jimmy Butler III,A23,B23,C23,
59a6a80ce913c1ee51e35c213b85ca13bb78380df68a73fa1ceb164b84c647a6,2024-25,10,Benji,14,Bam Adebayo,bamadebayo,opening,5,32,1,auction,Bam Adebayo,A24,B24,C24,
59a6a80ce913c1ee51e35c213b85ca13bb78380df68a73fa1ceb164b84c647a6,2024-25,10,Brent,7,Jaylen Brown,jaylenbrown,opening,3,31,1,auction,Jaylen Brown,A23,B23,C23,
59a6a80ce913c1ee51e35c213b85ca13bb78380df68a73fa1ceb164b84c647a6,2024-25,10,Graham,9,Deandre Ayton,deandreayton,opening,6,28,1,auction,Deandre Ayton,A25,B25,C25,
59a6a80ce913c1ee51e35c213b85ca13bb78380df68a73fa1ceb164b84c647a6,2024-25,10,Darren,5,DeMar DeRozan,demarderozan,opening,3,28,1,auction,DeMar DeRozan,A23,B23,C23,
59a6a80ce913c1ee51e35c213b85ca13bb78380df68a73fa1ceb164b84c647a6,2024-25,10,Benji,14,Paolo Banchero,paolobanchero,opening,6,27,1,auction,Paolo Banchero,A25,B25,C25,
59a6a80ce913c1ee51e35c213b85ca13bb78380df68a73fa1ceb164b84c647a6,2024-25,10,Graham,9,Pascal Siakam,pascalsiakam,opening,5,26,1,auction,Pascal Siakam,A24,B24,C24,
59a6a80ce913c1ee51e35c213b85ca13bb78380df68a73fa1ceb164b84c647a6,2024-25,10,Peter,2,Jamal Murray,jamalmurray,opening,5,26,1,auction,Jamal Murray,A24,B24,C24,
59a6a80ce913c1ee51e35c213b85ca13bb78380df68a73fa1ceb164b84c647a6,2024-25,10,Alvin,1,Zach LaVine,zachlavine,opening,5,24,1,auction,Zach LaVine,A25,B25,C25,
59a6a80ce913c1ee51e35c213b85ca13bb78380df68a73fa1ceb164b84c647a6,2024-25,10,Peter,2,Nikola Vucevic,nikolavucevic,opening,4,24,1,auction,Nikola Vucevic,A23,B23,C23,
59a6a80ce913c1ee51e35c213b85ca13bb78380df68a73fa1ceb164b84c647a6,2024-25,10,Benji,14,Brook Lopez,brooklopez,opening,9,24,1,auction,Brook Lopez,A28,B28,C28,
59a6a80ce913c1ee51e35c213b85ca13bb78380df68a73fa1ceb164b84c647a6,2024-25,10,Brent,7,Evan Mobley,evanmobley,opening,5,23,1,auction,Evan Mobley,A25,B25,C25,
59a6a80ce913c1ee51e35c213b85ca13bb78380df68a73fa1ceb164b84c647a6,2024-25,10,Ron,3,Josh Giddey,joshgiddey,opening,7,22,1,auction,Josh Giddey,A27,B27,C27,
59a6a80ce913c1ee51e35c213b85ca13bb78380df68a73fa1ceb164b84c647a6,2024-25,10,Graham,9,RJ Barrett,rjbarrett,opening,8,20,1,auction,RJ Barrett,A27,B27,C27,
59a6a80ce913c1ee51e35c213b85ca13bb78380df68a73fa1ceb164b84c647a6,2024-25,10,Kerry,12,Nic Claxton,nicclaxton,opening,6,20,1,auction,Nic Claxton,A26,B26,C26,
59a6a80ce913c1ee51e35c213b85ca13bb78380df68a73fa1ceb164b84c647a6,2024-25,10,Isaac,11,Rudy Gobert,rudygobert,opening,5,20,1,auction,Rudy Gobert,A24,B24,C24,
59a6a80ce913c1ee51e35c213b85ca13bb78380df68a73fa1ceb164b84c647a6,2024-25,10,Joe,15,Tobias Harris,tobiasharris,opening,6,20,1,auction,Tobias Harris,A25,B25,C25,
59a6a80ce913c1ee51e35c213b85ca13bb78380df68a73fa1ceb164b84c647a6,2024-25,10,Alvin,1,Darius Garland,dariusgarland,opening,6,19,1,auction,Darius Garland,A26,B26,C26,
59a6a80ce913c1ee51e35c213b85ca13bb78380df68a73fa1ceb164b84c647a6,2024-25,10,Darren,5,Jarrett Allen,jarrettallen,opening,6,19,1,auction,Jarrett Allen,A26,B26,C26,
59a6a80ce913c1ee51e35c213b85ca13bb78380df68a73fa1ceb164b84c647a6,2024-25,10,Isaac,11,Julius Randle,juliusrandle,opening,6,19,1,auction,Julius Randle,A25,B25,C25,
59a6a80ce913c1ee51e35c213b85ca13bb78380df68a73fa1ceb164b84c647a6,2024-25,10,Jason,10,Bogdan Bogdanovic,bogdanbogdanovic,opening,5,19,1,auction,Bogdan Bogdanovic,A24,B24,C24,
59a6a80ce913c1ee51e35c213b85ca13bb78380df68a73fa1ceb164b84c647a6,2024-25,10,Benji,14,CJ McCollum,cjmccollum,opening,3,19,1,auction,CJ McCollum,A22,B22,C22,
59a6a80ce913c1ee51e35c213b85ca13bb78380df68a73fa1ceb164b84c647a6,2024-25,10,Joe,15,D'Angelo Russell,dangelorussell,opening,7,18,1,auction,D'Angelo Russell,A26,B26,C26,
59a6a80ce913c1ee51e35c213b85ca13bb78380df68a73fa1ceb164b84c647a6,2024-25,10,Darren,5,Anfernee Simons,anferneesimons,opening,5,17,1,auction,Anfernee Simons,A25,B25,C25,
59a6a80ce913c1ee51e35c213b85ca13bb78380df68a73fa1ceb164b84c647a6,2024-25,10,Ron,3,Jordan Poole,jordanpoole,opening,5,17,1,auction,Jordan Poole,A25,B25,C25,
59a6a80ce913c1ee51e35c213b85ca13bb78380df68a73fa1ceb164b84c647a6,2024-25,10,Jason,10,Daniel Gafford,danielgafford,opening,7,17,1,auction,Daniel Gafford,A26,B26,C26,
59a6a80ce913c1ee51e35c213b85ca13bb78380df68a73fa1ceb164b84c647a6,2024-25,10,Arthur,6,Jrue Holiday,jrueholiday,opening,5,16,1,auction,Jrue Holiday,A25,B25,C25,
59a6a80ce913c1ee51e35c213b85ca13bb78380df68a73fa1ceb164b84c647a6,2024-25,10,Isaac,11,Bradley Beal,bradleybeal,opening,8,16,1,auction,Bradley Beal,A27,B27,C27,
59a6a80ce913c1ee51e35c213b85ca13bb78380df68a73fa1ceb164b84c647a6,2024-25,10,Joe,15,Jonas Valanciunas,jonasvalanciunas,opening,5,16,1,auction,Jonas Valanciunas,A24,B24,C24,
59a6a80ce913c1ee51e35c213b85ca13bb78380df68a73fa1ceb164b84c647a6,2024-25,10,Mark,13,Cam Thomas,camthomas,opening,7,16,1,auction,Cam Thomas,A26,B26,C26,
59a6a80ce913c1ee51e35c213b85ca13bb78380df68a73fa1ceb164b84c647a6,2024-25,10,Darren,5,Michael Porter Jr.,michaelporterjr,opening,7,15,1,auction,Michael Porter Jr,A27,B27,C27,
59a6a80ce913c1ee51e35c213b85ca13bb78380df68a73fa1ceb164b84c647a6,2024-25,10,Arthur,6,Ivica Zubac,ivicazubac,opening,9,15,1,auction,Ivica Zubac,A29,B29,C29,
59a6a80ce913c1ee51e35c213b85ca13bb78380df68a73fa1ceb164b84c647a6,2024-25,10,Brent,7,Brandon Ingram,brandoningram,opening,6,15,1,auction,Brandon Ingram,A26,B26,C26,
59a6a80ce913c1ee51e35c213b85ca13bb78380df68a73fa1ceb164b84c647a6,2024-25,10,Max,4,Isaiah Hartenstein,isaiahhartenstein,opening,5,15,1,auction,Isaiah Hartenstein,A25,B25,C25,
59a6a80ce913c1ee51e35c213b85ca13bb78380df68a73fa1ceb164b84c647a6,2024-25,10,Isaac,11,Kyle Kuzma,kylekuzma,opening,7,15,1,auction,Kyle Kuzma,A26,B26,C26,
59a6a80ce913c1ee51e35c213b85ca13bb78380df68a73fa1ceb164b84c647a6,2024-25,10,Benji,14,Zach Edey,zachedey,opening,7,15,1,auction,Zach Edey,A26,B26,C26,
59a6a80ce913c1ee51e35c213b85ca13bb78380df68a73fa1ceb164b84c647a6,2024-25,10,Benji,14,OG Anunoby,oganunoby,opening,8,15,1,auction,OG Anunoby,A27,B27,C27,
59a6a80ce913c1ee51e35c213b85ca13bb78380df68a73fa1ceb164b84c647a6,2024-25,10,Peter,2,Mikal Bridges,mikalbridges,opening,6,14,1,auction,Mikal Bridges,A25,B25,C25,
59a6a80ce913c1ee51e35c213b85ca13bb78380df68a73fa1ceb164b84c647a6,2024-25,10,Ron,3,Chris Paul,chrispaul,opening,6,14,1,auction,Chris Paul,A26,B26,C26,
59a6a80ce913c1ee51e35c213b85ca13bb78380df68a73fa1ceb164b84c647a6,2024-25,10,Max,4,Devin Vassell,devinvassell,opening,4,14,1,auction,Devin Vassell,A24,B24,C24,
59a6a80ce913c1ee51e35c213b85ca13bb78380df68a73fa1ceb164b84c647a6,2024-25,10,Max,4,Josh Hart,joshhart,opening,8,14,1,auction,Josh Hart,A28,B28,C28,
59a6a80ce913c1ee51e35c213b85ca13bb78380df68a73fa1ceb164b84c647a6,2024-25,10,Joe,15,Kristaps Porzingis,kristapsporzingis,opening,4,14,1,auction,Kristaps Porzingis,A23,B23,C23,
59a6a80ce913c1ee51e35c213b85ca13bb78380df68a73fa1ceb164b84c647a6,2024-25,10,Alvin,1,Tyler Herro,tylerherro,opening,7,13,1,auction,Tyler Herro,A27,B27,C27,
59a6a80ce913c1ee51e35c213b85ca13bb78380df68a73fa1ceb164b84c647a6,2024-25,10,Mark,13,Amen Thompson,amenthompson,opening,6,13,1,auction,Amen Thompson,A25,B25,C25,
59a6a80ce913c1ee51e35c213b85ca13bb78380df68a73fa1ceb164b84c647a6,2024-25,10,Kerry,12,Naz Reid,nazreid,opening,8,12,1,auction,Naz Reid,A28,B28,C28,
59a6a80ce913c1ee51e35c213b85ca13bb78380df68a73fa1ceb164b84c647a6,2024-25,10,Kerry,12,Collin Sexton,collinsexton,opening,9,12,1,auction,Collin Sexton,A29,B29,C29,
59a6a80ce913c1ee51e35c213b85ca13bb78380df68a73fa1ceb164b84c647a6,2024-25,10,Max,4,Coby White,cobywhite,opening,6,12,1,auction,Coby White,A26,B26,C26,
59a6a80ce913c1ee51e35c213b85ca13bb78380df68a73fa1ceb164b84c647a6,2024-25,10,Joe,15,Jabari Smith Jr.,jabarismithjr,opening,8,12,1,auction,Jabari Smith Jr.,A27,B27,C27,
59a6a80ce913c1ee51e35c213b85ca13bb78380df68a73fa1ceb164b84c647a6,2024-25,10,Benji,14,John Collins,johncollins,opening,10,12,1,auction,John Collins,A29,B29,C29,
59a6a80ce913c1ee51e35c213b85ca13bb78380df68a73fa1ceb164b84c647a6,2024-25,10,Peter,2,Jerami Grant,jeramigrant,opening,7,11,1,auction,Jerami Grant,A26,B26,C26,
59a6a80ce913c1ee51e35c213b85ca13bb78380df68a73fa1ceb164b84c647a6,2024-25,10,Kerry,12,Dereck Lively II,derecklivelyii,opening,7,11,1,auction,Dereck Lively II,A27,B27,C27,
59a6a80ce913c1ee51e35c213b85ca13bb78380df68a73fa1ceb164b84c647a6,2024-25,10,Ron,3,Walker Kessler,walkerkessler,opening,4,11,1,auction,Walker Kessler,A24,B24,C24,
59a6a80ce913c1ee51e35c213b85ca13bb78380df68a73fa1ceb164b84c647a6,2024-25,10,Brent,7,Keegan Murray,keeganmurray,opening,9,11,1,auction,Keegan Murray,A29,B29,C29,
59a6a80ce913c1ee51e35c213b85ca13bb78380df68a73fa1ceb164b84c647a6,2024-25,10,Mark,13,Jakob Poeltl,jakobpoeltl,opening,8,11,1,auction,Jakob Poeltl,A27,B27,C27,
59a6a80ce913c1ee51e35c213b85ca13bb78380df68a73fa1ceb164b84c647a6,2024-25,10,Mark,13,Reed Sheppard,reedsheppard,opening,9,11,1,auction,Reed Sheppard,A28,B28,C28,
59a6a80ce913c1ee51e35c213b85ca13bb78380df68a73fa1ceb164b84c647a6,2024-25,10,Kerry,12,Klay Thompson,klaythompson,opening,4,10,1,auction,Klay Thompson,A24,B24,C24,
59a6a80ce913c1ee51e35c213b85ca13bb78380df68a73fa1ceb164b84c647a6,2024-25,10,Arthur,6,Herbert Jones,herbertjones,opening,10,10,1,auction,Herbert Jones,A30,B30,C30,
59a6a80ce913c1ee51e35c213b85ca13bb78380df68a73fa1ceb164b84c647a6,2024-25,10,Arthur,6,Terry Rozier,terryrozier,opening,11,10,1,auction,Terry Rozier,A31,B31,C31,
59a6a80ce913c1ee51e35c213b85ca13bb78380df68a73fa1ceb164b84c647a6,2024-25,10,Ron,3,Alex Sarr,alexsarr,opening,10,10,1,auction,Alex Sarr,A30,B30,C30,
59a6a80ce913c1ee51e35c213b85ca13bb78380df68a73fa1ceb164b84c647a6,2024-25,10,Isaac,11,Khris Middleton,khrismiddleton,opening,3,10,1,auction,Khris Middleton,A22,B22,C22,
59a6a80ce913c1ee51e35c213b85ca13bb78380df68a73fa1ceb164b84c647a6,2024-25,10,Graham,9,Donte DiVincenzo,dontedivincenzo,opening,9,9,1,auction,Donte DiVincenzo,A28,B28,C28,
59a6a80ce913c1ee51e35c213b85ca13bb78380df68a73fa1ceb164b84c647a6,2024-25,10,Joe,15,Onyeka Okongwu,onyekaokongwu,opening,10,9,1,auction,Onyeka Okongwu,A29,B29,C29,
59a6a80ce913c1ee51e35c213b85ca13bb78380df68a73fa1ceb164b84c647a6,2024-25,10,Brent,7,Mark Williams,markwilliams,opening,8,8,1,auction,Mark Williams,A28,B28,C28,
59a6a80ce913c1ee51e35c213b85ca13bb78380df68a73fa1ceb164b84c647a6,2024-25,10,Max,4,Jalen Green,jalengreen,opening,7,8,1,auction,Jalen Green,A27,B27,C27,
59a6a80ce913c1ee51e35c213b85ca13bb78380df68a73fa1ceb164b84c647a6,2024-25,10,Joe,15,Jaime Jaquez Jr,jaimejaquezjr,opening,9,8,1,auction,Jaime Jaquez Jr.,A28,B28,C28,
59a6a80ce913c1ee51e35c213b85ca13bb78380df68a73fa1ceb164b84c647a6,2024-25,10,Ian,8,Jonathan Kuminga,jonathankuminga,opening,8,8,1,auction,Jonathan Kuminga,A27,B27,C27,
59a6a80ce913c1ee51e35c213b85ca13bb78380df68a73fa1ceb164b84c647a6,2024-25,10,Mark,13,Keyonte George,keyontegeorge,opening,5,8,1,auction,Keyonte George,A24,B24,C24,
59a6a80ce913c1ee51e35c213b85ca13bb78380df68a73fa1ceb164b84c647a6,2024-25,10,Jason,10,Tyus Jones,tyusjones,opening,8,8,1,auction,Tyus Jones,A27,B27,C27,
59a6a80ce913c1ee51e35c213b85ca13bb78380df68a73fa1ceb164b84c647a6,2024-25,10,Benji,14,Andrew Nembhard,andrewnembhard,opening,4,8,1,auction,Andrew Nembhard,A23,B23,C23,
59a6a80ce913c1ee51e35c213b85ca13bb78380df68a73fa1ceb164b84c647a6,2024-25,10,Graham,9,Kelly Olynyk,kellyolynyk,opening,7,7,1,auction,Kelly Olynyk,A26,B26,C26,
59a6a80ce913c1ee51e35c213b85ca13bb78380df68a73fa1ceb164b84c647a6,2024-25,10,Kerry,12,Aaron Gordon,aarongordon,opening,5,7,1,auction,Aaron Gordon,A25,B25,C25,
59a6a80ce913c1ee51e35c213b85ca13bb78380df68a73fa1ceb164b84c647a6,2024-25,10,Kerry,12,Stephon Castle,stephoncastle,opening,10,7,1,auction,Stephon Castle,A30,B30,C30,
59a6a80ce913c1ee51e35c213b85ca13bb78380df68a73fa1ceb164b84c647a6,2024-25,10,Darren,5,Buddy Hield,buddyhield,opening,8,7,1,auction,Buddy Hield,A28,B28,C28,
59a6a80ce913c1ee51e35c213b85ca13bb78380df68a73fa1ceb164b84c647a6,2024-25,10,Ron,3,Jalen Suggs,jalensuggs,opening,9,7,1,auction,Jalen Suggs,A29,B29,C29,
59a6a80ce913c1ee51e35c213b85ca13bb78380df68a73fa1ceb164b84c647a6,2024-25,10,Ron,3,Draymond Green,draymondgreen,opening,11,7,1,auction,Draymond Green,A31,B31,C31,
59a6a80ce913c1ee51e35c213b85ca13bb78380df68a73fa1ceb164b84c647a6,2024-25,10,Joe,15,Rui Hachimura,ruihachimura,opening,13,7,1,auction,Rui Hachimura,A32,B32,C32,
59a6a80ce913c1ee51e35c213b85ca13bb78380df68a73fa1ceb164b84c647a6,2024-25,10,Mark,13,Trey Murphy III,treymurphyiii,opening,4,7,1,auction,Trey Murphy III,A23,B23,C23,
59a6a80ce913c1ee51e35c213b85ca13bb78380df68a73fa1ceb164b84c647a6,2024-25,10,Peter,2,Clint Capela,clintcapela,opening,8,6,1,auction,Clint Capela,A27,B27,C27,
59a6a80ce913c1ee51e35c213b85ca13bb78380df68a73fa1ceb164b84c647a6,2024-25,10,Ron,3,Jusuf Nurkic,jusufnurkic,opening,8,6,1,auction,Jusuf Nurkic,A28,B28,C28,
59a6a80ce913c1ee51e35c213b85ca13bb78380df68a73fa1ceb164b84c647a6,2024-25,10,Isaac,11,Bobby Portis,bobbyportis,opening,10,6,1,auction,Bobby Portis,A29,B29,C29,
59a6a80ce913c1ee51e35c213b85ca13bb78380df68a73fa1ceb164b84c647a6,2024-25,10,Mark,13,Alex Caruso,alexcaruso,opening,10,6,1,auction,Alex Caruso,A29,B29,C29,
59a6a80ce913c1ee51e35c213b85ca13bb78380df68a73fa1ceb164b84c647a6,2024-25,10,Kerry,12,Aaron Nesmith,aaronnesmith,opening,12,5,1,auction,Aaron Nesmith,A32,B32,C32,
59a6a80ce913c1ee51e35c213b85ca13bb78380df68a73fa1ceb164b84c647a6,2024-25,10,Brent,7,Kentavious Caldwell-Pope,kentaviouscaldwellpope,opening,13,5,1,auction,Kentavious Caldwell-Pope,A33,B33,C33,
59a6a80ce913c1ee51e35c213b85ca13bb78380df68a73fa1ceb164b84c647a6,2024-25,10,Ian,8,Lonzo Ball,lonzoball,opening,6,5,1,auction,Lonzo Ball,A25,B25,C25,
59a6a80ce913c1ee51e35c213b85ca13bb78380df68a73fa1ceb164b84c647a6,2024-25,10,Jason,10,Dennis Schroder,dennisschroder,opening,6,5,1,auction,Dennis Schroder,A25,B25,C25,
59a6a80ce913c1ee51e35c213b85ca13bb78380df68a73fa1ceb164b84c647a6,2024-25,10,Graham,9,De'Andre Hunter,deandrehunter,opening,10,4,1,auction,De'Andre Hunter,A29,B29,C29,
59a6a80ce913c1ee51e35c213b85ca13bb78380df68a73fa1ceb164b84c647a6,2024-25,10,Peter,2,Kel'el Ware,kelelware,opening,9,4,1,auction,Kel'el Ware,A28,B28,C28,
59a6a80ce913c1ee51e35c213b85ca13bb78380df68a73fa1ceb164b84c647a6,2024-25,10,Peter,2,Deni Avdija,deniavdija,opening,12,4,1,auction,Deni Avdija,A31,B31,C31,
59a6a80ce913c1ee51e35c213b85ca13bb78380df68a73fa1ceb164b84c647a6,2024-25,10,Darren,5,Trayce Jackson-Davis,traycejacksondavis,opening,9,4,1,auction,Trayce Jackson-Davis,A29,B29,C29,
59a6a80ce913c1ee51e35c213b85ca13bb78380df68a73fa1ceb164b84c647a6,2024-25,10,Arthur,6,Wendell Carter Jr.,wendellcarterjr,opening,8,4,1,auction,Wendell Carter Jr,A28,B28,C28,
59a6a80ce913c1ee51e35c213b85ca13bb78380df68a73fa1ceb164b84c647a6,2024-25,10,Ron,3,Al Horford,alhorford,opening,12,4,1,auction,Al Horford,A32,B32,C32,
59a6a80ce913c1ee51e35c213b85ca13bb78380df68a73fa1ceb164b84c647a6,2024-25,10,Brent,7,Brandin Podziemski,brandinpodziemski,opening,7,4,1,auction,Brandin Podziemski,A27,B27,C27,
59a6a80ce913c1ee51e35c213b85ca13bb78380df68a73fa1ceb164b84c647a6,2024-25,10,Brent,7,Cameron Johnson,cameronjohnson,opening,10,4,1,auction,Cameron Johnson,A30,B30,C30,
59a6a80ce913c1ee51e35c213b85ca13bb78380df68a73fa1ceb164b84c647a6,2024-25,10,Brent,7,Donovan Clingan,donovanclingan,opening,12,4,1,auction,Donovan Clingan,A32,B32,C32,
59a6a80ce913c1ee51e35c213b85ca13bb78380df68a73fa1ceb164b84c647a6,2024-25,10,Isaac,11,Grayson Allen,graysonallen,opening,12,4,1,auction,Grayson Allen,A31,B31,C31,
59a6a80ce913c1ee51e35c213b85ca13bb78380df68a73fa1ceb164b84c647a6,2024-25,10,Joe,15,Ayo Dosunmu,ayodosunmu,opening,12,4,1,auction,Ayo Dosunmu,A31,B31,C31,
59a6a80ce913c1ee51e35c213b85ca13bb78380df68a73fa1ceb164b84c647a6,2024-25,10,Peter,2,Simone Fontecchio,simonefontecchio,opening,13,3,1,auction,Simone Fontecchio,A32,B32,C32,
59a6a80ce913c1ee51e35c213b85ca13bb78380df68a73fa1ceb164b84c647a6,2024-25,10,Peter,2,Matas Buzelis,matasbuzelis,opening,14,3,1,auction,Matas Buzelis,A33,B33,C33,
59a6a80ce913c1ee51e35c213b85ca13bb78380df68a73fa1ceb164b84c647a6,2024-25,10,Kerry,12,Norman Powell,normanpowell,opening,11,3,1,auction,Norman Powell,A31,B31,C31,
59a6a80ce913c1ee51e35c213b85ca13bb78380df68a73fa1ceb164b84c647a6,2024-25,10,Arthur,6,Andrew Wiggins,andrewwiggins,opening,6,3,1,auction,Andrew Wiggins,A26,B26,C26,
59a6a80ce913c1ee51e35c213b85ca13bb78380df68a73fa1ceb164b84c647a6,2024-25,10,Arthur,6,Noah Clowney,noahclowney,opening,14,3,1,auction,Noah Clowney,A34,B34,C34,
59a6a80ce913c1ee51e35c213b85ca13bb78380df68a73fa1ceb164b84c647a6,2024-25,10,Isaac,11,Dalton Knecht,daltonknecht,opening,9,3,1,auction,Dalton Knecht,A28,B28,C28,
59a6a80ce913c1ee51e35c213b85ca13bb78380df68a73fa1ceb164b84c647a6,2024-25,10,Isaac,11,Mike Conley,mikeconley,opening,11,3,1,auction,Mike Conley,A30,B30,C30,
59a6a80ce913c1ee51e35c213b85ca13bb78380df68a73fa1ceb164b84c647a6,2024-25,10,Joe,15,Jonathan Isaac,jonathanisaac,opening,14,3,1,auction,Jonathan Isaac,A33,B33,C33,
59a6a80ce913c1ee51e35c213b85ca13bb78380df68a73fa1ceb164b84c647a6,2024-25,10,Joe,15,TJ McConnell,tjmcconnell,opening,15,3,1,auction,TJ McConnell,A34,B34,C34,
59a6a80ce913c1ee51e35c213b85ca13bb78380df68a73fa1ceb164b84c647a6,2024-25,10,Ian,8,Jaden McDaniels,jadenmcdaniels,opening,10,3,1,auction,Jaden McDaniels,A29,B29,C29,
59a6a80ce913c1ee51e35c213b85ca13bb78380df68a73fa1ceb164b84c647a6,2024-25,10,Ian,8,Jordan Clarkson,jordanclarkson,opening,12,3,1,auction,Jordan Clarkson,A31,B31,C31,
59a6a80ce913c1ee51e35c213b85ca13bb78380df68a73fa1ceb164b84c647a6,2024-25,10,Mark,13,Jeremy Sochan,jeremysochan,opening,12,3,1,auction,Jeremy Sochan,A31,B31,C31,
59a6a80ce913c1ee51e35c213b85ca13bb78380df68a73fa1ceb164b84c647a6,2024-25,10,Peter,2,Bennedict Mathurin,bennedictmathurin,opening,10,2,1,auction,Bennedict Mathurin,A29,B29,C29,
59a6a80ce913c1ee51e35c213b85ca13bb78380df68a73fa1ceb164b84c647a6,2024-25,10,Peter,2,Ausar Thompson,ausarthompson,opening,11,2,1,auction,Ausar Thompson,A30,B30,C30,
59a6a80ce913c1ee51e35c213b85ca13bb78380df68a73fa1ceb164b84c647a6,2024-25,10,Peter,2,Taylor Hendricks,taylorhendricks,opening,15,2,1,auction,Taylor Hendricks,A34,B34,C34,
59a6a80ce913c1ee51e35c213b85ca13bb78380df68a73fa1ceb164b84c647a6,2024-25,10,Kerry,12,Terance Mann,terancemann,opening,14,2,1,auction,Terance Mann,A34,B34,C34,
59a6a80ce913c1ee51e35c213b85ca13bb78380df68a73fa1ceb164b84c647a6,2024-25,10,Arthur,6,De'Anthony Melton,deanthonymelton,opening,7,2,1,auction,De'Anthony Melton,A27,B27,C27,
59a6a80ce913c1ee51e35c213b85ca13bb78380df68a73fa1ceb164b84c647a6,2024-25,10,Ron,3,Marcus Smart,marcussmart,opening,13,2,1,auction,Marcus Smart,A33,B33,C33,
59a6a80ce913c1ee51e35c213b85ca13bb78380df68a73fa1ceb164b84c647a6,2024-25,10,Brent,7,Davion Mitchell,davionmitchell,opening,11,2,1,auction,Davion Mitchell,A31,B31,C31,
59a6a80ce913c1ee51e35c213b85ca13bb78380df68a73fa1ceb164b84c647a6,2024-25,10,Brent,7,Shaedon Sharpe,shaedonsharpe,opening,14,2,1,auction,Shaedon Sharpe,A34,B34,C34,
59a6a80ce913c1ee51e35c213b85ca13bb78380df68a73fa1ceb164b84c647a6,2024-25,10,Max,4,PJ Washington,pjwashington,opening,9,2,1,auction,PJ Washington,A29,B29,C29,
59a6a80ce913c1ee51e35c213b85ca13bb78380df68a73fa1ceb164b84c647a6,2024-25,10,Max,4,Zaccharie Risacher,zaccharierisacher,opening,10,2,1,auction,Zaccharie Risacher,A30,B30,C30,
59a6a80ce913c1ee51e35c213b85ca13bb78380df68a73fa1ceb164b84c647a6,2024-25,10,Max,4,Tre Jones,trejones,opening,12,2,1,auction,Tre Jones,A32,B32,C32,
59a6a80ce913c1ee51e35c213b85ca13bb78380df68a73fa1ceb164b84c647a6,2024-25,10,Max,4,Keldon Johnson,keldonjohnson,opening,13,2,1,auction,Keldon Johnson,A33,B33,C33,
59a6a80ce913c1ee51e35c213b85ca13bb78380df68a73fa1ceb164b84c647a6,2024-25,10,Isaac,11,Malik Monk,malikmonk,opening,13,2,1,auction,Malik Monk,A32,B32,C32,
59a6a80ce913c1ee51e35c213b85ca13bb78380df68a73fa1ceb164b84c647a6,2024-25,10,Ian,8,Ben Simmons,bensimmons,opening,7,2,1,auction,Ben Simmons,A26,B26,C26,
59a6a80ce913c1ee51e35c213b85ca13bb78380df68a73fa1ceb164b84c647a6,2024-25,10,Ian,8,Kelly Oubre Jr.,kellyoubrejr,opening,9,2,1,auction,Kelly Oubre Jr,A28,B28,C28,
59a6a80ce913c1ee51e35c213b85ca13bb78380df68a73fa1ceb164b84c647a6,2024-25,10,Ian,8,Russell Westbrook,russellwestbrook,opening,11,2,1,auction,Russell Westbrook,A30,B30,C30,
59a6a80ce913c1ee51e35c213b85ca13bb78380df68a73fa1ceb164b84c647a6,2024-25,10,Ian,8,Tari Eason,tarieason,opening,14,2,1,auction,Tari Eason,A33,B33,C33,
59a6a80ce913c1ee51e35c213b85ca13bb78380df68a73fa1ceb164b84c647a6,2024-25,10,Jason,10,Harrison Barnes,harrisonbarnes,opening,13,2,1,auction,Harrison Barnes,A32,B32,C32,
59a6a80ce913c1ee51e35c213b85ca13bb78380df68a73fa1ceb164b84c647a6,2024-25,10,Benji,14,Grant Williams,grantwilliams,opening,11,2,1,auction,Grant Williams,A30,B30,C30,
59a6a80ce913c1ee51e35c213b85ca13bb78380df68a73fa1ceb164b84c647a6,2024-25,10,Graham,9,Precious Achiuwa,preciousachiuwa,opening,3,1,1,auction,Precious Achiuwa,A22,B22,C22,
59a6a80ce913c1ee51e35c213b85ca13bb78380df68a73fa1ceb164b84c647a6,2024-25,10,Graham,9,Jaden Ivey,jadenivey,opening,11,1,1,auction,Jaden Ivey,A30,B30,C30,
59a6a80ce913c1ee51e35c213b85ca13bb78380df68a73fa1ceb164b84c647a6,2024-25,10,Graham,9,Delon Wright,delonwright,opening,12,1,1,auction,Delon Wright,A31,B31,C31,
59a6a80ce913c1ee51e35c213b85ca13bb78380df68a73fa1ceb164b84c647a6,2024-25,10,Graham,9,Payton Pritchard,paytonpritchard,opening,13,1,1,auction,Payton Pritchard,A32,B32,C32,
59a6a80ce913c1ee51e35c213b85ca13bb78380df68a73fa1ceb164b84c647a6,2024-25,10,Graham,9,Isaiah Stewart,isaiahstewart,opening,14,1,1,auction,Isaiah Stewart,A33,B33,C33,
59a6a80ce913c1ee51e35c213b85ca13bb78380df68a73fa1ceb164b84c647a6,2024-25,10,Graham,9,Spencer Dinwiddie,spencerdinwiddie,opening,15,1,1,auction,Spencer Dinwiddie,A34,B34,C34,
59a6a80ce913c1ee51e35c213b85ca13bb78380df68a73fa1ceb164b84c647a6,2024-25,10,Alvin,1,Mitchell Robinson,mitchellrobinson,opening,8,1,1,auction,Mitchell Robinson,A28,B28,C28,
59a6a80ce913c1ee51e35c213b85ca13bb78380df68a73fa1ceb164b84c647a6,2024-25,10,Alvin,1,Cam Whitmore,camwhitmore,opening,9,1,1,auction,Cam Whitmore,A29,B29,C29,
59a6a80ce913c1ee51e35c213b85ca13bb78380df68a73fa1ceb164b84c647a6,2024-25,10,Alvin,1,Cole Anthony,coleanthony,opening,10,1,1,auction,Cole Anthony,A30,B30,C30,
59a6a80ce913c1ee51e35c213b85ca13bb78380df68a73fa1ceb164b84c647a6,2024-25,10,Alvin,1,Rob Dillingham,robdillingham,opening,11,1,1,auction,Rob Dillingham,A31,B31,C31,
59a6a80ce913c1ee51e35c213b85ca13bb78380df68a73fa1ceb164b84c647a6,2024-25,10,Alvin,1,Ronald Holland II,ronaldhollandii,opening,12,1,1,auction,Ronald Holland II,A32,B32,C32,
59a6a80ce913c1ee51e35c213b85ca13bb78380df68a73fa1ceb164b84c647a6,2024-25,10,Alvin,1,Duncan Robinson,duncanrobinson,opening,13,1,1,auction,Duncan Robinson,A33,B33,C33,
59a6a80ce913c1ee51e35c213b85ca13bb78380df68a73fa1ceb164b84c647a6,2024-25,10,Alvin,1,Steven Adams,stevenadams,opening,14,1,1,auction,Steven Adams,A34,B34,C34,
59a6a80ce913c1ee51e35c213b85ca13bb78380df68a73fa1ceb164b84c647a6,2024-25,10,Alvin,1,Kyle Anderson,kyleanderson,opening,15,1,1,auction,Kyle Anderson,A35,B35,C35,
59a6a80ce913c1ee51e35c213b85ca13bb78380df68a73fa1ceb164b84c647a6,2024-25,10,Kerry,12,Patrick Williams,patrickwilliams,opening,13,1,1,auction,Patrick Williams,A33,B33,C33,
59a6a80ce913c1ee51e35c213b85ca13bb78380df68a73fa1ceb164b84c647a6,2024-25,10,Kerry,12,Karlo Matkovic,karlomatkovic,opening,15,1,1,auction,Karlo Matkovic,A35,B35,C35,
59a6a80ce913c1ee51e35c213b85ca13bb78380df68a73fa1ceb164b84c647a6,2024-25,10,Darren,5,Scoot Henderson,scoothenderson,opening,10,1,1,auction,Scoot Henderson,A30,B30,C30,
59a6a80ce913c1ee51e35c213b85ca13bb78380df68a73fa1ceb164b84c647a6,2024-25,10,Darren,5,Gary Trent Jr.,garytrentjr,opening,11,1,1,auction,Gary Trent Jr,A31,B31,C31,
59a6a80ce913c1ee51e35c213b85ca13bb78380df68a73fa1ceb164b84c647a6,2024-25,10,Darren,5,Isaiah Jackson,isaiahjackson,opening,12,1,1,auction,Isaiah Jackson,A32,B32,C32,
59a6a80ce913c1ee51e35c213b85ca13bb78380df68a73fa1ceb164b84c647a6,2024-25,10,Darren,5,Daniel Theis,danieltheis,opening,13,1,1,auction,Daniel Theis,A33,B33,C33,
59a6a80ce913c1ee51e35c213b85ca13bb78380df68a73fa1ceb164b84c647a6,2024-25,10,Darren,5,Nickeil Alexander-Walker,nickeilalexanderwalker,opening,14,1,1,auction,Nickeil Alexander-Walker,A34,B34,C34,
59a6a80ce913c1ee51e35c213b85ca13bb78380df68a73fa1ceb164b84c647a6,2024-25,10,Darren,5,Kevin Porter Jr.,kevinporterjr,opening,15,1,1,auction,Kevin Porter Jr,A35,B35,C35,
59a6a80ce913c1ee51e35c213b85ca13bb78380df68a73fa1ceb164b84c647a6,2024-25,10,Arthur,6,Robert Williams III,robertwilliamsiii,opening,12,1,1,auction,Robert Williams III,A32,B32,C32,
59a6a80ce913c1ee51e35c213b85ca13bb78380df68a73fa1ceb164b84c647a6,2024-25,10,Arthur,6,Malcolm Brogdon,malcolmbrogdon,opening,13,1,1,auction,Malcolm Brogdon,A33,B33,C33,
59a6a80ce913c1ee51e35c213b85ca13bb78380df68a73fa1ceb164b84c647a6,2024-25,10,Arthur,6,Chris Boucher,chrisboucher,opening,15,1,1,auction,Chris Boucher,A35,B35,C35,
59a6a80ce913c1ee51e35c213b85ca13bb78380df68a73fa1ceb164b84c647a6,2024-25,10,Ron,3,Jalen Smith,jalensmith,opening,14,1,1,auction,Jalen Smith ,A34,B34,C34,
59a6a80ce913c1ee51e35c213b85ca13bb78380df68a73fa1ceb164b84c647a6,2024-25,10,Ron,3,Eric Gordon,ericgordon,opening,15,1,1,auction,Eric Gordon,A35,B35,C35,
59a6a80ce913c1ee51e35c213b85ca13bb78380df68a73fa1ceb164b84c647a6,2024-25,10,Brent,7,Cason Wallace,casonwallace,opening,15,1,1,auction,Cason Wallace,A35,B35,C35,
59a6a80ce913c1ee51e35c213b85ca13bb78380df68a73fa1ceb164b84c647a6,2024-25,10,Max,4,Christian Braun,christianbraun,opening,11,1,1,auction,Christian Braun,A31,B31,C31,
59a6a80ce913c1ee51e35c213b85ca13bb78380df68a73fa1ceb164b84c647a6,2024-25,10,Max,4,Obi Toppin,obitoppin,opening,14,1,1,auction,Obi Toppin,A34,B34,C34,
59a6a80ce913c1ee51e35c213b85ca13bb78380df68a73fa1ceb164b84c647a6,2024-25,10,Max,4,Zach Collins,zachcollins,opening,15,1,1,auction,Zach Collins,A35,B35,C35,
59a6a80ce913c1ee51e35c213b85ca13bb78380df68a73fa1ceb164b84c647a6,2024-25,10,Isaac,11,Keon Ellis,keonellis,opening,14,1,1,auction,Keon Ellis,A33,B33,C33,
59a6a80ce913c1ee51e35c213b85ca13bb78380df68a73fa1ceb164b84c647a6,2024-25,10,Isaac,11,Nick Richards,nickrichards,opening,15,1,1,auction,Nick Richards,A34,B34,C34,
59a6a80ce913c1ee51e35c213b85ca13bb78380df68a73fa1ceb164b84c647a6,2024-25,10,Joe,15,Dwight Powell,dwightpowell,opening,11,1,1,auction,Dwight Powell,A30,B30,C30,
59a6a80ce913c1ee51e35c213b85ca13bb78380df68a73fa1ceb164b84c647a6,2024-25,10,Ian,8,Gradey Dick,gradeydick,opening,13,1,1,auction,Gradey Dick,A32,B32,C32,
59a6a80ce913c1ee51e35c213b85ca13bb78380df68a73fa1ceb164b84c647a6,2024-25,10,Ian,8,Moritz Wagner,moritzwagner,opening,15,1,1,auction,Moritz Wagner,A34,B34,C34,
59a6a80ce913c1ee51e35c213b85ca13bb78380df68a73fa1ceb164b84c647a6,2024-25,10,Mark,13,Bilal Coulibaly,bilalcoulibaly,opening,11,1,1,auction,Bilal Coulibaly,A30,B30,C30,
59a6a80ce913c1ee51e35c213b85ca13bb78380df68a73fa1ceb164b84c647a6,2024-25,10,Mark,13,Caris LeVert,carislevert,opening,13,1,1,auction,Caris LeVert,A32,B32,C32,
59a6a80ce913c1ee51e35c213b85ca13bb78380df68a73fa1ceb164b84c647a6,2024-25,10,Mark,13,Dyson Daniels,dysondaniels,opening,14,1,1,auction,Dyson Daniels,A33,B33,C33,
59a6a80ce913c1ee51e35c213b85ca13bb78380df68a73fa1ceb164b84c647a6,2024-25,10,Mark,13,Marvin Bagley III,marvinbagleyiii,opening,15,1,1,auction,Marvin Bagley III,A34,B34,C34,
59a6a80ce913c1ee51e35c213b85ca13bb78380df68a73fa1ceb164b84c647a6,2024-25,10,Jason,10,Goga Bitadze,gogabitadze,opening,9,1,1,auction,Goga Bitadze,A28,B28,C28,
59a6a80ce913c1ee51e35c213b85ca13bb78380df68a73fa1ceb164b84c647a6,2024-25,10,Jason,10,Yves Missi,yvesmissi,opening,10,1,1,auction,Yves Missi,A29,B29,C29,
59a6a80ce913c1ee51e35c213b85ca13bb78380df68a73fa1ceb164b84c647a6,2024-25,10,Jason,10,Andre Drummond,andredrummond,opening,11,1,1,auction,Andre Drummond,A30,B30,C30,
59a6a80ce913c1ee51e35c213b85ca13bb78380df68a73fa1ceb164b84c647a6,2024-25,10,Jason,10,Max Strus,maxstrus,opening,12,1,1,auction,Max Strus,A31,B31,C31,
59a6a80ce913c1ee51e35c213b85ca13bb78380df68a73fa1ceb164b84c647a6,2024-25,10,Jason,10,Matisse Thybulle,matissethybulle,opening,14,1,1,auction,Matisse Thybulle,A33,B33,C33,
59a6a80ce913c1ee51e35c213b85ca13bb78380df68a73fa1ceb164b84c647a6,2024-25,10,Jason,10,Dillon Brooks,dillonbrooks,opening,15,1,1,auction,Dillon Brooks,A34,B34,C34,
59a6a80ce913c1ee51e35c213b85ca13bb78380df68a73fa1ceb164b84c647a6,2024-25,10,Benji,14,Luguentz Dort,luguentzdort,opening,12,1,1,auction,Luguentz Dort,A31,B31,C31,
59a6a80ce913c1ee51e35c213b85ca13bb78380df68a73fa1ceb164b84c647a6,2024-25,10,Benji,14,Kevin Huerter,kevinhuerter,opening,13,1,1,auction,Kevin Huerter,A32,B32,C32,
59a6a80ce913c1ee51e35c213b85ca13bb78380df68a73fa1ceb164b84c647a6,2024-25,10,Benji,14,Sam Hauser,samhauser,opening,14,1,1,auction,Sam Hauser,A33,B33,C33,
59a6a80ce913c1ee51e35c213b85ca13bb78380df68a73fa1ceb164b84c647a6,2024-25,10,Benji,14,Corey Kispert,coreykispert,opening,15,1,1,auction,Corey Kispert,A34,B34,C34,
59a6a80ce913c1ee51e35c213b85ca13bb78380df68a73fa1ceb164b84c647a6,2023-24,9,Max,2,Nikola Jokic,nikolajokic,opening,3,72,1,auction,Nikola Jokic,A42,B42,C42,
59a6a80ce913c1ee51e35c213b85ca13bb78380df68a73fa1ceb164b84c647a6,2023-24,9,Mark,6,Joel Embiid,joelembiid,opening,3,69,1,auction,Joel Embiid,A41,B41,C41,
59a6a80ce913c1ee51e35c213b85ca13bb78380df68a73fa1ceb164b84c647a6,2023-24,9,Darren,9,Stephen Curry,stephencurry,opening,3,60,1,auction,Stephen Curry,A42,B42,C42,
59a6a80ce913c1ee51e35c213b85ca13bb78380df68a73fa1ceb164b84c647a6,2023-24,9,Isaac,3,Anthony Davis,anthonydavis,opening,3,44,1,auction,Anthony Davis,A40,B40,C40,
59a6a80ce913c1ee51e35c213b85ca13bb78380df68a73fa1ceb164b84c647a6,2023-24,9,Ian,15,Karl-Anthony Towns,karlanthonytowns,opening,4,44,1,auction,Karl-Anthony Towns,A41,B41,C41,
59a6a80ce913c1ee51e35c213b85ca13bb78380df68a73fa1ceb164b84c647a6,2023-24,9,Alvin,11,Jimmy Butler,jimmybutler,opening,3,43,1,auction,Jimmy Butler,A42,B42,C42,
59a6a80ce913c1ee51e35c213b85ca13bb78380df68a73fa1ceb164b84c647a6,2023-24,9,Jason,1,Trae Young,traeyoung,opening,3,42,1,auction,Trae Young,A41,B41,C41,
59a6a80ce913c1ee51e35c213b85ca13bb78380df68a73fa1ceb164b84c647a6,2023-24,9,Arthur,7,Victor Wembanyama,victorwembanyama,opening,3,39,1,auction,Victor Wembanyama,A42,B42,C42,
59a6a80ce913c1ee51e35c213b85ca13bb78380df68a73fa1ceb164b84c647a6,2023-24,9,Brent,10,Bam Adebayo,bamadebayo,opening,6,38,1,auction,Bam Adebayo,A45,B45,C45,
59a6a80ce913c1ee51e35c213b85ca13bb78380df68a73fa1ceb164b84c647a6,2023-24,9,Ron,13,Cade Cunningham,cadecunningham,opening,3,37,1,auction,Cade Cunningham,A42,B42,C42,
59a6a80ce913c1ee51e35c213b85ca13bb78380df68a73fa1ceb164b84c647a6,2023-24,9,Kerry,12,Kyrie Irving,kyrieirving,opening,3,36,1,auction,Kyrie Irving,A42,B42,C42,
59a6a80ce913c1ee51e35c213b85ca13bb78380df68a73fa1ceb164b84c647a6,2023-24,9,Kerry,12,Kristaps Porzingis,kristapsporzingis,opening,5,35,1,auction,Kristaps Porzingis,A44,B44,C44,
59a6a80ce913c1ee51e35c213b85ca13bb78380df68a73fa1ceb164b84c647a6,2023-24,9,Peter,4,Paul George,paulgeorge,opening,3,34,1,auction,Paul George,A41,B41,C41,
59a6a80ce913c1ee51e35c213b85ca13bb78380df68a73fa1ceb164b84c647a6,2023-24,9,Ian,15,De'Aaron Fox,deaaronfox,opening,3,34,1,auction,De'Aaron Fox,A40,B40,C40,
59a6a80ce913c1ee51e35c213b85ca13bb78380df68a73fa1ceb164b84c647a6,2023-24,9,Graham,14,Pascal Siakam,pascalsiakam,opening,4,33,1,auction,Pascal Siakam,A42,B42,C42,
59a6a80ce913c1ee51e35c213b85ca13bb78380df68a73fa1ceb164b84c647a6,2023-24,9,Kerry,12,Myles Turner,mylesturner,opening,4,33,1,auction,Myles Turner,A43,B43,C43,
59a6a80ce913c1ee51e35c213b85ca13bb78380df68a73fa1ceb164b84c647a6,2023-24,9,Isaac,3,LeBron James,lebronjames,opening,4,33,1,auction,LeBron James,A41,B41,C41,
59a6a80ce913c1ee51e35c213b85ca13bb78380df68a73fa1ceb164b84c647a6,2023-24,9,Mark,6,Fred VanVleet,fredvanvleet,opening,4,33,1,auction,Fred VanVleet,A42,B42,C42,
59a6a80ce913c1ee51e35c213b85ca13bb78380df68a73fa1ceb164b84c647a6,2023-24,9,Alvin,11,Zach LaVine,zachlavine,opening,5,32,1,auction,Zach LaVine,A44,B44,C44,
59a6a80ce913c1ee51e35c213b85ca13bb78380df68a73fa1ceb164b84c647a6,2023-24,9,Darren,9,Dejounte Murray,dejountemurray,opening,4,32,1,auction,Dejounte Murray,A43,B43,C43,
59a6a80ce913c1ee51e35c213b85ca13bb78380df68a73fa1ceb164b84c647a6,2023-24,9,Ian,15,Anfernee Simons,anferneesimons,opening,5,32,1,auction,Anfernee Simons,A42,B42,C42,
59a6a80ce913c1ee51e35c213b85ca13bb78380df68a73fa1ceb164b84c647a6,2023-24,9,Jason,1,Nikola Vucevic,nikolavucevic,opening,5,32,1,auction,Nikola Vucevic,A43,B43,C43,
59a6a80ce913c1ee51e35c213b85ca13bb78380df68a73fa1ceb164b84c647a6,2023-24,9,Arthur,7,Jarrett Allen,jarrettallen,opening,4,31,1,auction,Jarrett Allen,A43,B43,C43,
59a6a80ce913c1ee51e35c213b85ca13bb78380df68a73fa1ceb164b84c647a6,2023-24,9,Ron,13,Deandre Ayton,deandreayton,opening,5,30,1,auction,Deandre Ayton,A44,B44,C44,
59a6a80ce913c1ee51e35c213b85ca13bb78380df68a73fa1ceb164b84c647a6,2023-24,9,Joe,5,Brandon Ingram,brandoningram,opening,8,30,1,auction,Brandon Ingram,A46,B46,C46,
59a6a80ce913c1ee51e35c213b85ca13bb78380df68a73fa1ceb164b84c647a6,2023-24,9,Graham,14,Alperen Sengun,alperensengun,opening,6,29,1,auction,Alperen Sengun,A44,B44,C44,
59a6a80ce913c1ee51e35c213b85ca13bb78380df68a73fa1ceb164b84c647a6,2023-24,9,Ron,13,Jalen Williams,jalenwilliams,opening,4,27,1,auction,Jalen Williams,A43,B43,C43,
59a6a80ce913c1ee51e35c213b85ca13bb78380df68a73fa1ceb164b84c647a6,2023-24,9,Brent,10,Jrue Holiday,jrueholiday,opening,3,27,1,auction,Jrue Holiday,A42,B42,C42,
59a6a80ce913c1ee51e35c213b85ca13bb78380df68a73fa1ceb164b84c647a6,2023-24,9,Peter,4,OG Anunoby,oganunoby,opening,4,26,1,auction,OG Anunoby,A42,B42,C42,
59a6a80ce913c1ee51e35c213b85ca13bb78380df68a73fa1ceb164b84c647a6,2023-24,9,Brent,10,James Harden,jamesharden,opening,4,26,1,auction,James Harden,A43,B43,C43,
59a6a80ce913c1ee51e35c213b85ca13bb78380df68a73fa1ceb164b84c647a6,2023-24,9,Brent,10,Zion Williamson,zionwilliamson,opening,5,24,1,auction,Zion Williamson,A44,B44,C44,
59a6a80ce913c1ee51e35c213b85ca13bb78380df68a73fa1ceb164b84c647a6,2023-24,9,Isaac,3,Bradley Beal,bradleybeal,opening,6,24,1,auction,Bradley Beal,A43,B43,C43,
59a6a80ce913c1ee51e35c213b85ca13bb78380df68a73fa1ceb164b84c647a6,2023-24,9,Mark,6,Franz Wagner,franzwagner,opening,7,24,1,auction,Franz Wagner,A45,B45,C45,
59a6a80ce913c1ee51e35c213b85ca13bb78380df68a73fa1ceb164b84c647a6,2023-24,9,Benji,8,Julius Randle,juliusrandle,opening,5,23,1,auction,Julius Randle,A42,B42,C42,
59a6a80ce913c1ee51e35c213b85ca13bb78380df68a73fa1ceb164b84c647a6,2023-24,9,Ron,13,Mark Williams,markwilliams,opening,6,22,1,auction,Mark Williams,A45,B45,C45,
59a6a80ce913c1ee51e35c213b85ca13bb78380df68a73fa1ceb164b84c647a6,2023-24,9,Isaac,3,Brook Lopez,brooklopez,opening,7,22,1,auction,Brook Lopez,A44,B44,C44,
59a6a80ce913c1ee51e35c213b85ca13bb78380df68a73fa1ceb164b84c647a6,2023-24,9,Graham,14,Rudy Gobert,rudygobert,opening,5,21,1,auction,Rudy Gobert,A43,B43,C43,
59a6a80ce913c1ee51e35c213b85ca13bb78380df68a73fa1ceb164b84c647a6,2023-24,9,Alvin,11,Paolo Banchero,paolobanchero,opening,6,21,1,auction,Paolo Banchero,A45,B45,C45,
59a6a80ce913c1ee51e35c213b85ca13bb78380df68a73fa1ceb164b84c647a6,2023-24,9,Darren,9,Jerami Grant,jeramigrant,opening,5,20,1,auction,Jerami Grant,A44,B44,C44,
59a6a80ce913c1ee51e35c213b85ca13bb78380df68a73fa1ceb164b84c647a6,2023-24,9,Ron,13,Scoot Henderson,scoothenderson,opening,8,20,1,auction,Scoot Henderson,A47,B47,C47,
59a6a80ce913c1ee51e35c213b85ca13bb78380df68a73fa1ceb164b84c647a6,2023-24,9,Joe,5,Tyler Herro,tylerherro,opening,5,19,1,auction,Tyler Herro,A43,B43,C43,
59a6a80ce913c1ee51e35c213b85ca13bb78380df68a73fa1ceb164b84c647a6,2023-24,9,Joe,5,Onyeka Okongwu,onyekaokongwu,opening,10,19,1,auction,Onyeka Okongwu,A48,B48,C48,
59a6a80ce913c1ee51e35c213b85ca13bb78380df68a73fa1ceb164b84c647a6,2023-24,9,Benji,8,Ja Morant,jamorant,opening,3,19,1,auction,Ja Morant,A40,B40,C40,
59a6a80ce913c1ee51e35c213b85ca13bb78380df68a73fa1ceb164b84c647a6,2023-24,9,Benji,8,Devin Vassell,devinvassell,opening,4,19,1,auction,Devin Vassell,A41,B41,C41,
59a6a80ce913c1ee51e35c213b85ca13bb78380df68a73fa1ceb164b84c647a6,2023-24,9,Benji,8,Kyle Kuzma,kylekuzma,opening,6,19,1,auction,Kyle Kuzma,A43,B43,C43,
59a6a80ce913c1ee51e35c213b85ca13bb78380df68a73fa1ceb164b84c647a6,2023-24,9,Peter,4,Markelle Fultz,markellefultz,opening,6,18,1,auction,Markelle Fultz,A44,B44,C44,
59a6a80ce913c1ee51e35c213b85ca13bb78380df68a73fa1ceb164b84c647a6,2023-24,9,Darren,9,Jakob Poeltl,jakobpoeltl,opening,6,18,1,auction,Jakob Poeltl,A45,B45,C45,
59a6a80ce913c1ee51e35c213b85ca13bb78380df68a73fa1ceb164b84c647a6,2023-24,9,Isaac,3,Klay Thompson,klaythompson,opening,5,17,1,auction,Klay Thompson,A42,B42,C42,
59a6a80ce913c1ee51e35c213b85ca13bb78380df68a73fa1ceb164b84c647a6,2023-24,9,Ian,15,Bennedict Mathurin,bennedictmathurin,opening,10,17,1,auction,Bennedict Mathurin,A47,B47,C47,
59a6a80ce913c1ee51e35c213b85ca13bb78380df68a73fa1ceb164b84c647a6,2023-24,9,Benji,8,Ivica Zubac,ivicazubac,opening,11,17,1,auction,Ivica Zubac,A48,B48,C48,
59a6a80ce913c1ee51e35c213b85ca13bb78380df68a73fa1ceb164b84c647a6,2023-24,9,Alvin,11,Tyus Jones,tyusjones,opening,4,16,1,auction,Tyus Jones,A43,B43,C43,
59a6a80ce913c1ee51e35c213b85ca13bb78380df68a73fa1ceb164b84c647a6,2023-24,9,Alvin,11,Marcus Smart,marcussmart,opening,8,16,1,auction,Marcus Smart,A47,B47,C47,
59a6a80ce913c1ee51e35c213b85ca13bb78380df68a73fa1ceb164b84c647a6,2023-24,9,Arthur,7,Tobias Harris,tobiasharris,opening,8,16,1,auction,Tobias Harris,A47,B47,C47,
59a6a80ce913c1ee51e35c213b85ca13bb78380df68a73fa1ceb164b84c647a6,2023-24,9,Max,2,CJ McCollum,cjmccollum,opening,5,16,1,auction,CJ McCollum,A44,B44,C44,
59a6a80ce913c1ee51e35c213b85ca13bb78380df68a73fa1ceb164b84c647a6,2023-24,9,Isaac,3,Terry Rozier,terryrozier,opening,8,16,1,auction,Terry Rozier,A45,B45,C45,
59a6a80ce913c1ee51e35c213b85ca13bb78380df68a73fa1ceb164b84c647a6,2023-24,9,Ian,15,Daniel Gafford,danielgafford,opening,8,16,1,auction,Daniel Gafford,A45,B45,C45,
59a6a80ce913c1ee51e35c213b85ca13bb78380df68a73fa1ceb164b84c647a6,2023-24,9,Graham,14,Khris Middleton,khrismiddleton,opening,3,15,1,auction,Khris Middleton,A41,B41,C41,
59a6a80ce913c1ee51e35c213b85ca13bb78380df68a73fa1ceb164b84c647a6,2023-24,9,Kerry,12,Jaden McDaniels,jadenmcdaniels,opening,9,15,1,auction,Jaden McDaniels,A48,B48,C48,
59a6a80ce913c1ee51e35c213b85ca13bb78380df68a73fa1ceb164b84c647a6,2023-24,9,Arthur,7,Chris Paul,chrispaul,opening,5,15,1,auction,Chris Paul,A44,B44,C44,
59a6a80ce913c1ee51e35c213b85ca13bb78380df68a73fa1ceb164b84c647a6,2023-24,9,Peter,4,Buddy Hield,buddyhield,opening,5,14,1,auction,Buddy Hield,A43,B43,C43,
59a6a80ce913c1ee51e35c213b85ca13bb78380df68a73fa1ceb164b84c647a6,2023-24,9,Darren,9,Keegan Murray,keeganmurray,opening,8,14,1,auction,Keegan Murray,A47,B47,C47,
59a6a80ce913c1ee51e35c213b85ca13bb78380df68a73fa1ceb164b84c647a6,2023-24,9,Arthur,7,Gary Trent Jr.,garytrentjr,opening,6,14,1,auction,Gary Trent Jr,A45,B45,C45,
59a6a80ce913c1ee51e35c213b85ca13bb78380df68a73fa1ceb164b84c647a6,2023-24,9,Isaac,3,Austin Reaves,austinreaves,opening,9,14,1,auction,Austin Reaves,A46,B46,C46,
59a6a80ce913c1ee51e35c213b85ca13bb78380df68a73fa1ceb164b84c647a6,2023-24,9,Joe,5,Jonas Valanciunas,jonasvalanciunas,opening,12,14,1,auction,Jonas Valanciunas,A50,B50,C50,
59a6a80ce913c1ee51e35c213b85ca13bb78380df68a73fa1ceb164b84c647a6,2023-24,9,Jason,1,Michael Porter Jr.,michaelporterjr,opening,6,14,1,auction,Michael Porter Jr,A44,B44,C44,
59a6a80ce913c1ee51e35c213b85ca13bb78380df68a73fa1ceb164b84c647a6,2023-24,9,Benji,8,Clint Capela,clintcapela,opening,9,14,1,auction,Clint Capela,A46,B46,C46,
59a6a80ce913c1ee51e35c213b85ca13bb78380df68a73fa1ceb164b84c647a6,2023-24,9,Alvin,11,Tre Jones,trejones,opening,9,13,1,auction,Tre Jones,A48,B48,C48,
59a6a80ce913c1ee51e35c213b85ca13bb78380df68a73fa1ceb164b84c647a6,2023-24,9,Alvin,11,Shaedon Sharpe,shaedonsharpe,opening,10,13,1,auction,Shaedon Sharpe,A49,B49,C49,
59a6a80ce913c1ee51e35c213b85ca13bb78380df68a73fa1ceb164b84c647a6,2023-24,9,Alvin,11,Mitchell Robinson,mitchellrobinson,opening,11,13,1,auction,Mitchell Robinson,A50,B50,C50,
59a6a80ce913c1ee51e35c213b85ca13bb78380df68a73fa1ceb164b84c647a6,2023-24,9,Darren,9,Jusuf Nurkic,jusufnurkic,opening,7,13,1,auction,Jusuf Nurkic,A46,B46,C46,
59a6a80ce913c1ee51e35c213b85ca13bb78380df68a73fa1ceb164b84c647a6,2023-24,9,Benji,8,Jarace Walker,jaracewalker,opening,15,13,1,auction,Jarace Walker,A52,B52,C52,
59a6a80ce913c1ee51e35c213b85ca13bb78380df68a73fa1ceb164b84c647a6,2023-24,9,Kerry,12,Cameron Johnson,cameronjohnson,opening,6,12,1,auction,Cameron Johnson,A45,B45,C45,
59a6a80ce913c1ee51e35c213b85ca13bb78380df68a73fa1ceb164b84c647a6,2023-24,9,Kerry,12,D'Angelo Russell,dangelorussell,opening,8,12,1,auction,D'Angelo Russell,A47,B47,C47,
59a6a80ce913c1ee51e35c213b85ca13bb78380df68a73fa1ceb164b84c647a6,2023-24,9,Brent,10,Jalen Green,jalengreen,opening,9,12,1,auction,Jalen Green,A48,B48,C48,
59a6a80ce913c1ee51e35c213b85ca13bb78380df68a73fa1ceb164b84c647a6,2023-24,9,Benji,8,Russell Westbrook,russellwestbrook,opening,7,12,1,auction,Russell Westbrook,A44,B44,C44,
59a6a80ce913c1ee51e35c213b85ca13bb78380df68a73fa1ceb164b84c647a6,2023-24,9,Benji,8,Jalen Duren,jalenduren,opening,12,12,1,auction,Jalen Duren,A49,B49,C49,
59a6a80ce913c1ee51e35c213b85ca13bb78380df68a73fa1ceb164b84c647a6,2023-24,9,Brent,10,Brandon Miller,brandonmiller,opening,10,11,1,auction,Brandon Miller,A49,B49,C49,
59a6a80ce913c1ee51e35c213b85ca13bb78380df68a73fa1ceb164b84c647a6,2023-24,9,Max,2,Draymond Green,draymondgreen,opening,9,11,1,auction,Draymond Green,A48,B48,C48,
59a6a80ce913c1ee51e35c213b85ca13bb78380df68a73fa1ceb164b84c647a6,2023-24,9,Joe,5,John Collins,johncollins,opening,9,11,1,auction,John Collins,A47,B47,C47,
59a6a80ce913c1ee51e35c213b85ca13bb78380df68a73fa1ceb164b84c647a6,2023-24,9,Ian,15,Ben Simmons,bensimmons,opening,6,11,1,auction,Ben Simmons,A43,B43,C43,
59a6a80ce913c1ee51e35c213b85ca13bb78380df68a73fa1ceb164b84c647a6,2023-24,9,Peter,4,Jabari Smith Jr.,jabarismithjr,opening,8,10,1,auction,Jabari Smith Jr,A46,B46,C46,
59a6a80ce913c1ee51e35c213b85ca13bb78380df68a73fa1ceb164b84c647a6,2023-24,9,Max,2,Spencer Dinwiddie,spencerdinwiddie,opening,6,10,1,auction,Spencer Dinwiddie,A45,B45,C45,
59a6a80ce913c1ee51e35c213b85ca13bb78380df68a73fa1ceb164b84c647a6,2023-24,9,Ron,13,Dennis Schroder,dennisschroder,opening,7,9,1,auction,Dennis Schroder,A46,B46,C46,
59a6a80ce913c1ee51e35c213b85ca13bb78380df68a73fa1ceb164b84c647a6,2023-24,9,Graham,14,Derrick White,derrickwhite,opening,7,8,1,auction,Derrick White,A45,B45,C45,
59a6a80ce913c1ee51e35c213b85ca13bb78380df68a73fa1ceb164b84c647a6,2023-24,9,Ian,15,Kevon Looney,kevonlooney,opening,9,8,1,auction,Kevon Looney,A46,B46,C46,
59a6a80ce913c1ee51e35c213b85ca13bb78380df68a73fa1ceb164b84c647a6,2023-24,9,Benji,8,Jaden Ivey,jadenivey,opening,10,8,1,auction,Jaden Ivey,A47,B47,C47,
59a6a80ce913c1ee51e35c213b85ca13bb78380df68a73fa1ceb164b84c647a6,2023-24,9,Kerry,12,Robert Williams III,robertwilliamsiii,opening,7,7,1,auction,Robert Williams III,A46,B46,C46,
59a6a80ce913c1ee51e35c213b85ca13bb78380df68a73fa1ceb164b84c647a6,2023-24,9,Max,2,Josh Hart,joshhart,opening,7,7,1,auction,Josh Hart,A46,B46,C46,
59a6a80ce913c1ee51e35c213b85ca13bb78380df68a73fa1ceb164b84c647a6,2023-24,9,Max,2,Andrew Wiggins,andrewwiggins,opening,8,7,1,auction,Andrew Wiggins,A47,B47,C47,
59a6a80ce913c1ee51e35c213b85ca13bb78380df68a73fa1ceb164b84c647a6,2023-24,9,Isaac,3,Bobby Portis,bobbyportis,opening,10,7,1,auction,Bobby Portis,A47,B47,C47,
59a6a80ce913c1ee51e35c213b85ca13bb78380df68a73fa1ceb164b84c647a6,2023-24,9,Isaac,3,Wendell Carter Jr.,wendellcarterjr,opening,11,7,1,auction,Wendell Carter Jr,A48,B48,C48,
59a6a80ce913c1ee51e35c213b85ca13bb78380df68a73fa1ceb164b84c647a6,2023-24,9,Joe,5,Corey Kispert,coreykispert,opening,13,7,1,auction,Corey Kispert,A51,B51,C51,
59a6a80ce913c1ee51e35c213b85ca13bb78380df68a73fa1ceb164b84c647a6,2023-24,9,Mark,6,AJ Griffin,ajgriffin,opening,5,7,1,auction,AJ Griffin,A43,B43,C43,
59a6a80ce913c1ee51e35c213b85ca13bb78380df68a73fa1ceb164b84c647a6,2023-24,9,Darren,9,Zach Collins,zachcollins,opening,9,6,1,auction,Zach Collins,A48,B48,C48,
59a6a80ce913c1ee51e35c213b85ca13bb78380df68a73fa1ceb164b84c647a6,2023-24,9,Arthur,7,Tari Eason,tarieason,opening,7,6,1,auction,Tari Eason,A46,B46,C46,
59a6a80ce913c1ee51e35c213b85ca13bb78380df68a73fa1ceb164b84c647a6,2023-24,9,Brent,10,Jordan Clarkson,jordanclarkson,opening,8,6,1,auction,Jordan Clarkson,A47,B47,C47,
59a6a80ce913c1ee51e35c213b85ca13bb78380df68a73fa1ceb164b84c647a6,2023-24,9,Brent,10,Kevin Huerter,kevinhuerter,opening,11,6,1,auction,Kevin Huerter,A50,B50,C50,
59a6a80ce913c1ee51e35c213b85ca13bb78380df68a73fa1ceb164b84c647a6,2023-24,9,Joe,5,Miles Bridges,milesbridges,opening,7,6,1,auction,Miles Bridges,A45,B45,C45,
59a6a80ce913c1ee51e35c213b85ca13bb78380df68a73fa1ceb164b84c647a6,2023-24,9,Ian,15,Malcolm Brogdon,malcolmbrogdon,opening,7,6,1,auction,Malcolm Brogdon,A44,B44,C44,
59a6a80ce913c1ee51e35c213b85ca13bb78380df68a73fa1ceb164b84c647a6,2023-24,9,Jason,1,De'Anthony Melton,deanthonymelton,opening,7,6,1,auction,De'Anthony Melton,A45,B45,C45,
59a6a80ce913c1ee51e35c213b85ca13bb78380df68a73fa1ceb164b84c647a6,2023-24,9,Jason,1,Collin Sexton,collinsexton,opening,9,6,1,auction,Collin Sexton,A47,B47,C47,
59a6a80ce913c1ee51e35c213b85ca13bb78380df68a73fa1ceb164b84c647a6,2023-24,9,Benji,8,RJ Barrett,rjbarrett,opening,8,6,1,auction,RJ Barrett,A45,B45,C45,
59a6a80ce913c1ee51e35c213b85ca13bb78380df68a73fa1ceb164b84c647a6,2023-24,9,Peter,4,Ausar Thompson,ausarthompson,opening,7,5,1,auction,Ausar Thompson,A45,B45,C45,
59a6a80ce913c1ee51e35c213b85ca13bb78380df68a73fa1ceb164b84c647a6,2023-24,9,Peter,4,Isaiah Jackson,isaiahjackson,opening,10,5,1,auction,Isaiah  Jackson,A48,B48,C48,
59a6a80ce913c1ee51e35c213b85ca13bb78380df68a73fa1ceb164b84c647a6,2023-24,9,Kerry,12,Christian Wood,christianwood,opening,12,5,1,auction,Christian Wood,A51,B51,C51,
59a6a80ce913c1ee51e35c213b85ca13bb78380df68a73fa1ceb164b84c647a6,2023-24,9,Ron,13,Paul Reed,paulreed,opening,10,5,1,auction,Paul Reed,A49,B49,C49,
59a6a80ce913c1ee51e35c213b85ca13bb78380df68a73fa1ceb164b84c647a6,2023-24,9,Brent,10,Keldon Johnson,keldonjohnson,opening,12,5,1,auction,Keldon Johnson,A51,B51,C51,
59a6a80ce913c1ee51e35c213b85ca13bb78380df68a73fa1ceb164b84c647a6,2023-24,9,Max,2,Kentavious Caldwell-Pope,kentaviouscaldwellpope,opening,4,5,1,auction,Kentavious Caldwell-Pope,A43,B43,C43,
59a6a80ce913c1ee51e35c213b85ca13bb78380df68a73fa1ceb164b84c647a6,2023-24,9,Joe,5,Mike Conley,mikeconley,opening,15,5,1,auction,Mike Conley,A53,B53,C53,
59a6a80ce913c1ee51e35c213b85ca13bb78380df68a73fa1ceb164b84c647a6,2023-24,9,Mark,6,Steven Adams,stevenadams,opening,9,5,1,auction,Steven Adams,A47,B47,C47,
59a6a80ce913c1ee51e35c213b85ca13bb78380df68a73fa1ceb164b84c647a6,2023-24,9,Mark,6,Amen Thompson,amenthompson,opening,13,5,1,auction,Amen Thompson,A51,B51,C51,
59a6a80ce913c1ee51e35c213b85ca13bb78380df68a73fa1ceb164b84c647a6,2023-24,9,Mark,6,Isaiah Stewart,isaiahstewart,opening,15,5,1,auction,Isaiah Stewart,A53,B53,C53,
59a6a80ce913c1ee51e35c213b85ca13bb78380df68a73fa1ceb164b84c647a6,2023-24,9,Jason,1,Naz Reid,nazreid,opening,11,5,1,auction,Naz Reid,A49,B49,C49,
59a6a80ce913c1ee51e35c213b85ca13bb78380df68a73fa1ceb164b84c647a6,2023-24,9,Benji,8,Al Horford,alhorford,opening,13,5,1,auction,Al Horford,A50,B50,C50,
59a6a80ce913c1ee51e35c213b85ca13bb78380df68a73fa1ceb164b84c647a6,2023-24,9,Benji,8,Bruce Brown,brucebrown,opening,14,5,1,auction,Bruce Brown,A51,B51,C51,
59a6a80ce913c1ee51e35c213b85ca13bb78380df68a73fa1ceb164b84c647a6,2023-24,9,Kerry,12,Harrison Barnes,harrisonbarnes,opening,10,4,1,auction,Harrison Barnes,A49,B49,C49,
59a6a80ce913c1ee51e35c213b85ca13bb78380df68a73fa1ceb164b84c647a6,2023-24,9,Darren,9,Trey Murphy III,treymurphyiii,opening,11,4,1,auction,Trey Murphy III,A50,B50,C50,
59a6a80ce913c1ee51e35c213b85ca13bb78380df68a73fa1ceb164b84c647a6,2023-24,9,Brent,10,Bojan Bogdanovic,bojanbogdanovic,opening,13,4,1,auction,Bojan Bogdanovic,A52,B52,C52,
59a6a80ce913c1ee51e35c213b85ca13bb78380df68a73fa1ceb164b84c647a6,2023-24,9,Max,2,Herbert Jones,herbertjones,opening,10,4,1,auction,Herbert Jones,A49,B49,C49,
59a6a80ce913c1ee51e35c213b85ca13bb78380df68a73fa1ceb164b84c647a6,2023-24,9,Joe,5,Dillon Brooks,dillonbrooks,opening,11,4,1,auction,Dillon Brooks,A49,B49,C49,
59a6a80ce913c1ee51e35c213b85ca13bb78380df68a73fa1ceb164b84c647a6,2023-24,9,Jason,1,Richaun Holmes,richaunholmes,opening,4,4,1,auction,Richaun Holmes,A42,B42,C42,
59a6a80ce913c1ee51e35c213b85ca13bb78380df68a73fa1ceb164b84c647a6,2023-24,9,Peter,4,Gradey Dick,gradeydick,opening,9,3,1,auction,Gradey Dick,A47,B47,C47,
59a6a80ce913c1ee51e35c213b85ca13bb78380df68a73fa1ceb164b84c647a6,2023-24,9,Peter,4,Moritz Wagner,moritzwagner,opening,14,3,1,auction,Moritz Wagner,A52,B52,C52,
59a6a80ce913c1ee51e35c213b85ca13bb78380df68a73fa1ceb164b84c647a6,2023-24,9,Kerry,12,Kyle Anderson,kyleanderson,opening,11,3,1,auction,Kyle Anderson,A50,B50,C50,
59a6a80ce913c1ee51e35c213b85ca13bb78380df68a73fa1ceb164b84c647a6,2023-24,9,Darren,9,Quentin Grimes,quentingrimes,opening,12,3,1,auction,Quentin Grimes,A51,B51,C51,
59a6a80ce913c1ee51e35c213b85ca13bb78380df68a73fa1ceb164b84c647a6,2023-24,9,Arthur,7,James Wiseman,jameswiseman,opening,11,3,1,auction,James Wiseman,A50,B50,C50,
59a6a80ce913c1ee51e35c213b85ca13bb78380df68a73fa1ceb164b84c647a6,2023-24,9,Arthur,7,De'Andre Hunter,deandrehunter,opening,13,3,1,auction,De'Andre Hunter,A52,B52,C52,
59a6a80ce913c1ee51e35c213b85ca13bb78380df68a73fa1ceb164b84c647a6,2023-24,9,Brent,10,Dereck Lively II,derecklivelyii,opening,7,3,1,auction,Dereck Lively II,A46,B46,C46,
59a6a80ce913c1ee51e35c213b85ca13bb78380df68a73fa1ceb164b84c647a6,2023-24,9,Joe,5,Immanuel Quickley,immanuelquickley,opening,14,3,1,auction,Immanuel Quickley,A52,B52,C52,
59a6a80ce913c1ee51e35c213b85ca13bb78380df68a73fa1ceb164b84c647a6,2023-24,9,Ian,15,Aaron Gordon,aarongordon,opening,11,3,1,auction,Aaron Gordon,A48,B48,C48,
59a6a80ce913c1ee51e35c213b85ca13bb78380df68a73fa1ceb164b84c647a6,2023-24,9,Mark,6,Patrick Williams,patrickwilliams,opening,6,3,1,auction,Patrick Williams,A44,B44,C44,
59a6a80ce913c1ee51e35c213b85ca13bb78380df68a73fa1ceb164b84c647a6,2023-24,9,Mark,6,Jeremy Sochan,jeremysochan,opening,8,3,1,auction,Jeremy Sochan,A46,B46,C46,
59a6a80ce913c1ee51e35c213b85ca13bb78380df68a73fa1ceb164b84c647a6,2023-24,9,Mark,6,Tim Hardaway Jr.,timhardawayjr,opening,10,3,1,auction,Tim Hardaway Jr,A48,B48,C48,
59a6a80ce913c1ee51e35c213b85ca13bb78380df68a73fa1ceb164b84c647a6,2023-24,9,Jason,1,Grayson Allen,graysonallen,opening,10,3,1,auction,Grayson Allen,A48,B48,C48,
59a6a80ce913c1ee51e35c213b85ca13bb78380df68a73fa1ceb164b84c647a6,2023-24,9,Graham,14,Kevin Porter Jr.,kevinporterjr,opening,12,2,1,auction,Kevin Porter Jr,A50,B50,C50,
59a6a80ce913c1ee51e35c213b85ca13bb78380df68a73fa1ceb164b84c647a6,2023-24,9,Alvin,11,Kelly Olynyk,kellyolynyk,opening,13,2,1,auction,Kelly Olynyk,A52,B52,C52,
59a6a80ce913c1ee51e35c213b85ca13bb78380df68a73fa1ceb164b84c647a6,2023-24,9,Alvin,11,Payton Pritchard,paytonpritchard,opening,14,2,1,auction,Payton Pritchard,A53,B53,C53,
59a6a80ce913c1ee51e35c213b85ca13bb78380df68a73fa1ceb164b84c647a6,2023-24,9,Alvin,11,Jaden Hardy,jadenhardy,opening,15,2,1,auction,Jaden Hardy,A54,B54,C54,
59a6a80ce913c1ee51e35c213b85ca13bb78380df68a73fa1ceb164b84c647a6,2023-24,9,Peter,4,TJ McConnell,tjmcconnell,opening,12,2,1,auction,TJ McConnell,A50,B50,C50,
59a6a80ce913c1ee51e35c213b85ca13bb78380df68a73fa1ceb164b84c647a6,2023-24,9,Arthur,7,Gordon Hayward,gordonhayward,opening,9,2,1,auction,Gordon Hayward,A48,B48,C48,
59a6a80ce913c1ee51e35c213b85ca13bb78380df68a73fa1ceb164b84c647a6,2023-24,9,Arthur,7,Terance Mann,terancemann,opening,15,2,1,auction,Terance Mann,A54,B54,C54,
59a6a80ce913c1ee51e35c213b85ca13bb78380df68a73fa1ceb164b84c647a6,2023-24,9,Ron,13,PJ Washington,pjwashington,opening,9,2,1,auction,PJ Washington,A48,B48,C48,
59a6a80ce913c1ee51e35c213b85ca13bb78380df68a73fa1ceb164b84c647a6,2023-24,9,Ron,13,Obi Toppin,obitoppin,opening,12,2,1,auction,Obi Toppin,A51,B51,C51,
59a6a80ce913c1ee51e35c213b85ca13bb78380df68a73fa1ceb164b84c647a6,2023-24,9,Max,2,Caris LeVert,carislevert,opening,11,2,1,auction,Caris LeVert,A50,B50,C50,
59a6a80ce913c1ee51e35c213b85ca13bb78380df68a73fa1ceb164b84c647a6,2023-24,9,Max,2,Kyle Lowry,kylelowry,opening,12,2,1,auction,Kyle Lowry,A51,B51,C51,
59a6a80ce913c1ee51e35c213b85ca13bb78380df68a73fa1ceb164b84c647a6,2023-24,9,Max,2,Grant Williams,grantwilliams,opening,14,2,1,auction,Grant Williams,A53,B53,C53,
59a6a80ce913c1ee51e35c213b85ca13bb78380df68a73fa1ceb164b84c647a6,2023-24,9,Isaac,3,Jonathan Kuminga,jonathankuminga,opening,12,2,1,auction,Jonathan Kuminga,A49,B49,C49,
59a6a80ce913c1ee51e35c213b85ca13bb78380df68a73fa1ceb164b84c647a6,2023-24,9,Isaac,3,Norman Powell,normanpowell,opening,14,2,1,auction,Norman Powell,A51,B51,C51,
59a6a80ce913c1ee51e35c213b85ca13bb78380df68a73fa1ceb164b84c647a6,2023-24,9,Isaac,3,Royce O'Neale,royceoneale,opening,15,2,1,auction,Royce O'Neale,A52,B52,C52,
59a6a80ce913c1ee51e35c213b85ca13bb78380df68a73fa1ceb164b84c647a6,2023-24,9,Mark,6,Duncan Robinson,duncanrobinson,opening,12,2,1,auction,Duncan Robinson,A50,B50,C50,
59a6a80ce913c1ee51e35c213b85ca13bb78380df68a73fa1ceb164b84c647a6,2023-24,9,Mark,6,Deni Avdija,deniavdija,opening,14,2,1,auction,Deni Avdija,A52,B52,C52,
59a6a80ce913c1ee51e35c213b85ca13bb78380df68a73fa1ceb164b84c647a6,2023-24,9,Graham,14,Malik Monk,malikmonk,opening,8,1,1,auction,Malik Monk,A46,B46,C46,
59a6a80ce913c1ee51e35c213b85ca13bb78380df68a73fa1ceb164b84c647a6,2023-24,9,Graham,14,Josh Richardson,joshrichardson,opening,9,1,1,auction,Josh Richardson,A47,B47,C47,
59a6a80ce913c1ee51e35c213b85ca13bb78380df68a73fa1ceb164b84c647a6,2023-24,9,Graham,14,Olivier-Maxence Prosper,oliviermaxenceprosper,opening,10,1,1,auction,Olivier-Maxence Prosper,A48,B48,C48,
59a6a80ce913c1ee51e35c213b85ca13bb78380df68a73fa1ceb164b84c647a6,2023-24,9,Graham,14,Monte Morris,montemorris,opening,11,1,1,auction,Monte Morris,A49,B49,C49,
59a6a80ce913c1ee51e35c213b85ca13bb78380df68a73fa1ceb164b84c647a6,2023-24,9,Graham,14,Gabe Vincent,gabevincent,opening,13,1,1,auction,Gabe Vincent,A51,B51,C51,
59a6a80ce913c1ee51e35c213b85ca13bb78380df68a73fa1ceb164b84c647a6,2023-24,9,Graham,14,Dorian Finney-Smith,dorianfinneysmith,opening,14,1,1,auction,Dorian Finney Smith,A52,B52,C52,
59a6a80ce913c1ee51e35c213b85ca13bb78380df68a73fa1ceb164b84c647a6,2023-24,9,Graham,14,Caleb Martin,calebmartin,opening,15,1,1,auction,Caleb Martin,A53,B53,C53,
59a6a80ce913c1ee51e35c213b85ca13bb78380df68a73fa1ceb164b84c647a6,2023-24,9,Alvin,11,Ziaire Williams,ziairewilliams,opening,7,1,1,auction,Ziaire Williams,A46,B46,C46,
59a6a80ce913c1ee51e35c213b85ca13bb78380df68a73fa1ceb164b84c647a6,2023-24,9,Alvin,11,Bogdan Bogdanovic,bogdanbogdanovic,opening,12,1,1,auction,Bogdan Bogdanovic,A51,B51,C51,
59a6a80ce913c1ee51e35c213b85ca13bb78380df68a73fa1ceb164b84c647a6,2023-24,9,Peter,4,Taylor Hendricks,taylorhendricks,opening,11,1,1,auction,Taylor Hendricks,A49,B49,C49,
59a6a80ce913c1ee51e35c213b85ca13bb78380df68a73fa1ceb164b84c647a6,2023-24,9,Peter,4,Alex Caruso,alexcaruso,opening,13,1,1,auction,Alex Caruso,A51,B51,C51,
59a6a80ce913c1ee51e35c213b85ca13bb78380df68a73fa1ceb164b84c647a6,2023-24,9,Peter,4,Cam Thomas,camthomas,opening,15,1,1,auction,Cam Thomas,A53,B53,C53,
59a6a80ce913c1ee51e35c213b85ca13bb78380df68a73fa1ceb164b84c647a6,2023-24,9,Kerry,12,Nick Richards,nickrichards,opening,13,1,1,auction,Nick Richards,A52,B52,C52,
59a6a80ce913c1ee51e35c213b85ca13bb78380df68a73fa1ceb164b84c647a6,2023-24,9,Kerry,12,Jevon Carter,jevoncarter,opening,14,1,1,auction,Jevon Carter,A53,B53,C53,
59a6a80ce913c1ee51e35c213b85ca13bb78380df68a73fa1ceb164b84c647a6,2023-24,9,Kerry,12,Isaiah Hartenstein,isaiahhartenstein,opening,15,1,1,auction,Isaiah Hartenstein,A54,B54,C54,
59a6a80ce913c1ee51e35c213b85ca13bb78380df68a73fa1ceb164b84c647a6,2023-24,9,Darren,9,Jalen Suggs,jalensuggs,opening,10,1,1,auction,Jalen Suggs,A49,B49,C49,
59a6a80ce913c1ee51e35c213b85ca13bb78380df68a73fa1ceb164b84c647a6,2023-24,9,Darren,9,Jose Alvarado,josealvarado,opening,13,1,1,auction,Jose Alvarado,A52,B52,C52,
59a6a80ce913c1ee51e35c213b85ca13bb78380df68a73fa1ceb164b84c647a6,2023-24,9,Darren,9,Kris Dunn,krisdunn,opening,14,1,1,auction,Kris Dunn,A53,B53,C53,
59a6a80ce913c1ee51e35c213b85ca13bb78380df68a73fa1ceb164b84c647a6,2023-24,9,Darren,9,Ayo Dosunmu,ayodosunmu,opening,15,1,1,auction,Ayo Dosunmu,A54,B54,C54,
59a6a80ce913c1ee51e35c213b85ca13bb78380df68a73fa1ceb164b84c647a6,2023-24,9,Arthur,7,Luguentz Dort,luguentzdort,opening,10,1,1,auction,Luguentz Dort,A49,B49,C49,
59a6a80ce913c1ee51e35c213b85ca13bb78380df68a73fa1ceb164b84c647a6,2023-24,9,Arthur,7,Talen Horton-Tucker,talenhortontucker,opening,12,1,1,auction,Talen Horton-Tucker,A51,B51,C51,
59a6a80ce913c1ee51e35c213b85ca13bb78380df68a73fa1ceb164b84c647a6,2023-24,9,Arthur,7,Bilal Coulibaly,bilalcoulibaly,opening,14,1,1,auction,Bilal Coulibaly,A53,B53,C53,
59a6a80ce913c1ee51e35c213b85ca13bb78380df68a73fa1ceb164b84c647a6,2023-24,9,Ron,13,Eric Gordon,ericgordon,opening,11,1,1,auction,Eric Gordon,A50,B50,C50,
59a6a80ce913c1ee51e35c213b85ca13bb78380df68a73fa1ceb164b84c647a6,2023-24,9,Ron,13,Coby White,cobywhite,opening,13,1,1,auction,Coby White,A52,B52,C52,
59a6a80ce913c1ee51e35c213b85ca13bb78380df68a73fa1ceb164b84c647a6,2023-24,9,Ron,13,Christian Braun,christianbraun,opening,14,1,1,auction,Christian Braun,A53,B53,C53,
59a6a80ce913c1ee51e35c213b85ca13bb78380df68a73fa1ceb164b84c647a6,2023-24,9,Ron,13,Josh Green,joshgreen,opening,15,1,1,auction,Josh Green,A54,B54,C54,
59a6a80ce913c1ee51e35c213b85ca13bb78380df68a73fa1ceb164b84c647a6,2023-24,9,Brent,10,Kelly Oubre Jr.,kellyoubrejr,opening,14,1,1,auction,Kelly Oubre Jr,A53,B53,C53,
59a6a80ce913c1ee51e35c213b85ca13bb78380df68a73fa1ceb164b84c647a6,2023-24,9,Brent,10,Jonathan Isaac,jonathanisaac,opening,15,1,1,auction,Jonathan Isaac,A54,B54,C54,
59a6a80ce913c1ee51e35c213b85ca13bb78380df68a73fa1ceb164b84c647a6,2023-24,9,Max,2,Jarred Vanderbilt,jarredvanderbilt,opening,13,1,1,auction,Jarred Vanderbilt,A52,B52,C52,
59a6a80ce913c1ee51e35c213b85ca13bb78380df68a73fa1ceb164b84c647a6,2023-24,9,Max,2,Jaylin Williams,jaylinwilliams,opening,15,1,1,auction,Jaylin Wiliams,A54,B54,C54,
59a6a80ce913c1ee51e35c213b85ca13bb78380df68a73fa1ceb164b84c647a6,2023-24,9,Isaac,3,Marvin Bagley III,marvinbagleyiii,opening,13,1,1,auction,Marvin Bagley III,A50,B50,C50,
59a6a80ce913c1ee51e35c213b85ca13bb78380df68a73fa1ceb164b84c647a6,2023-24,9,Joe,5,Jordan Nwora,jordannwora,opening,3,1,1,auction,Jordan Nwora,A41,B41,C41,
59a6a80ce913c1ee51e35c213b85ca13bb78380df68a73fa1ceb164b84c647a6,2023-24,9,Joe,5,Saddiq Bey,saddiqbey,opening,4,1,1,auction,Saddiq Bey,A42,B42,C42,
59a6a80ce913c1ee51e35c213b85ca13bb78380df68a73fa1ceb164b84c647a6,2023-24,9,Joe,5,Cole Anthony,coleanthony,opening,6,1,1,auction,Cole Anthony,A44,B44,C44,
59a6a80ce913c1ee51e35c213b85ca13bb78380df68a73fa1ceb164b84c647a6,2023-24,9,Ian,15,Seth Curry,sethcurry,opening,12,1,1,auction,Seth Curry,A49,B49,C49,
59a6a80ce913c1ee51e35c213b85ca13bb78380df68a73fa1ceb164b84c647a6,2023-24,9,Ian,15,Donte DiVincenzo,dontedivincenzo,opening,13,1,1,auction,Donte DiVincenzo,A50,B50,C50,
59a6a80ce913c1ee51e35c213b85ca13bb78380df68a73fa1ceb164b84c647a6,2023-24,9,Ian,15,Bones Hyland,boneshyland,opening,14,1,1,auction,Bones Hyland,A51,B51,C51,
59a6a80ce913c1ee51e35c213b85ca13bb78380df68a73fa1ceb164b84c647a6,2023-24,9,Ian,15,Mason Plumlee,masonplumlee,opening,15,1,1,auction,Mason Plumlee,A52,B52,C52,
59a6a80ce913c1ee51e35c213b85ca13bb78380df68a73fa1ceb164b84c647a6,2023-24,9,Mark,6,Dennis Smith Jr.,dennissmithjr,opening,11,1,1,auction,Dennis Smith Jr,A49,B49,C49,
59a6a80ce913c1ee51e35c213b85ca13bb78380df68a73fa1ceb164b84c647a6,2023-24,9,Jason,1,Marcus Morris Sr,marcusmorrissr,opening,8,1,1,auction,Marcus Morris Sr,A46,B46,C46,
59a6a80ce913c1ee51e35c213b85ca13bb78380df68a73fa1ceb164b84c647a6,2023-24,9,Jason,1,Chris Boucher,chrisboucher,opening,12,1,1,auction,Chris Boucher,A50,B50,C50,
59a6a80ce913c1ee51e35c213b85ca13bb78380df68a73fa1ceb164b84c647a6,2023-24,9,Jason,1,Drew Eubanks,dreweubanks,opening,13,1,1,auction,Drew Eubanks,A51,B51,C51,
59a6a80ce913c1ee51e35c213b85ca13bb78380df68a73fa1ceb164b84c647a6,2023-24,9,Jason,1,Matisse Thybulle,matissethybulle,opening,14,1,1,auction,Matisse Thybulle,A52,B52,C52,
59a6a80ce913c1ee51e35c213b85ca13bb78380df68a73fa1ceb164b84c647a6,2023-24,9,Jason,1,Andre Drummond,andredrummond,opening,15,1,1,auction,Andre Drummond,A53,B53,C53,
59a6a80ce913c1ee51e35c213b85ca13bb78380df68a73fa1ceb164b84c647a6,2022-23,8,Max,12,Stephen Curry,stephencurry,opening,3,80,1,auction,Stephen Curry,A61,B61,C61,
59a6a80ce913c1ee51e35c213b85ca13bb78380df68a73fa1ceb164b84c647a6,2022-23,8,Benji,14,Joel Embiid,joelembiid,opening,3,72,1,auction,Joel Embiid,A58,B58,C58,
59a6a80ce913c1ee51e35c213b85ca13bb78380df68a73fa1ceb164b84c647a6,2022-23,8,Isaac,7,Karl-Anthony Towns,karlanthonytowns,opening,3,70,1,auction,Karl-Anthony Towns,A59,B59,C59,
59a6a80ce913c1ee51e35c213b85ca13bb78380df68a73fa1ceb164b84c647a6,2022-23,8,Graham,15,James Harden,jamesharden,opening,5,58,1,auction,James Harden,A61,B61,C61,
59a6a80ce913c1ee51e35c213b85ca13bb78380df68a73fa1ceb164b84c647a6,2022-23,8,Jason,4,Anthony Davis,anthonydavis,opening,3,54,1,auction,Anthony Davis,A60,B60,C60,
59a6a80ce913c1ee51e35c213b85ca13bb78380df68a73fa1ceb164b84c647a6,2022-23,8,Darren,9,Damian Lillard,damianlillard,opening,3,49,1,auction,Damian Lillard,A61,B61,C61,
59a6a80ce913c1ee51e35c213b85ca13bb78380df68a73fa1ceb164b84c647a6,2022-23,8,Alvin,3,LeBron James,lebronjames,opening,4,48,1,auction,LeBron James,A62,B62,C62,
59a6a80ce913c1ee51e35c213b85ca13bb78380df68a73fa1ceb164b84c647a6,2022-23,8,Peter,1,Kyrie Irving,kyrieirving,opening,3,48,1,auction,Kyrie Irving,A60,B60,C60,
59a6a80ce913c1ee51e35c213b85ca13bb78380df68a73fa1ceb164b84c647a6,2022-23,8,Kerry,6,Paul George,paulgeorge,opening,3,46,1,auction,Paul George,A61,B61,C61,
59a6a80ce913c1ee51e35c213b85ca13bb78380df68a73fa1ceb164b84c647a6,2022-23,8,Arthur,5,Zion Williamson,zionwilliamson,opening,4,46,1,auction,Zion Williamson,A62,B62,C62,
59a6a80ce913c1ee51e35c213b85ca13bb78380df68a73fa1ceb164b84c647a6,2022-23,8,Joe,10,Jimmy Butler,jimmybutler,opening,3,45,1,auction,Jimmy Butler,A60,B60,C60,
59a6a80ce913c1ee51e35c213b85ca13bb78380df68a73fa1ceb164b84c647a6,2022-23,8,Arthur,5,Bam Adebayo,bamadebayo,opening,3,39,1,auction,Bam Adebayo,A61,B61,C61,
59a6a80ce913c1ee51e35c213b85ca13bb78380df68a73fa1ceb164b84c647a6,2022-23,8,Benji,14,Kristaps Porzingis,kristapsporzingis,opening,4,39,1,auction,Kristaps Porzingis,A59,B59,C59,
59a6a80ce913c1ee51e35c213b85ca13bb78380df68a73fa1ceb164b84c647a6,2022-23,8,Peter,1,Domantas Sabonis,domantassabonis,opening,4,38,1,auction,Domantas Sabonis,A61,B61,C61,
59a6a80ce913c1ee51e35c213b85ca13bb78380df68a73fa1ceb164b84c647a6,2022-23,8,Isaac,7,Myles Turner,mylesturner,opening,5,38,1,auction,Myles Turner,A61,B61,C61,
59a6a80ce913c1ee51e35c213b85ca13bb78380df68a73fa1ceb164b84c647a6,2022-23,8,Ian,11,Bradley Beal,bradleybeal,opening,3,38,1,auction,Bradley Beal,A59,B59,C59,
59a6a80ce913c1ee51e35c213b85ca13bb78380df68a73fa1ceb164b84c647a6,2022-23,8,Isaac,7,Chris Paul,chrispaul,opening,4,37,1,auction,Chris Paul,A60,B60,C60,
59a6a80ce913c1ee51e35c213b85ca13bb78380df68a73fa1ceb164b84c647a6,2022-23,8,Ron,2,Fred VanVleet,fredvanvleet,opening,3,35,1,auction,Fred VanVleet,A61,B61,C61,
59a6a80ce913c1ee51e35c213b85ca13bb78380df68a73fa1ceb164b84c647a6,2022-23,8,Brent,8,Nikola Vucevic,nikolavucevic,opening,6,35,1,auction,Nikola Vucevic,A64,B64,C64,
59a6a80ce913c1ee51e35c213b85ca13bb78380df68a73fa1ceb164b84c647a6,2022-23,8,Kerry,6,Rudy Gobert,rudygobert,opening,4,34,1,auction,Rudy Gobert,A62,B62,C62,
59a6a80ce913c1ee51e35c213b85ca13bb78380df68a73fa1ceb164b84c647a6,2022-23,8,Brent,8,Khris Middleton,khrismiddleton,opening,4,31,1,auction,Khris Middleton,A62,B62,C62,
59a6a80ce913c1ee51e35c213b85ca13bb78380df68a73fa1ceb164b84c647a6,2022-23,8,Max,12,Jarrett Allen,jarrettallen,opening,4,31,1,auction,Jarrett Allen,A62,B62,C62,
59a6a80ce913c1ee51e35c213b85ca13bb78380df68a73fa1ceb164b84c647a6,2022-23,8,Graham,15,Shai Gilgeous-Alexander,shaigilgeousalexander,opening,4,30,1,auction,Shai Gilgeous-Alexander,A60,B60,C60,
59a6a80ce913c1ee51e35c213b85ca13bb78380df68a73fa1ceb164b84c647a6,2022-23,8,Max,12,Mikal Bridges,mikalbridges,opening,5,30,1,auction,Mikal Bridges,A63,B63,C63,
59a6a80ce913c1ee51e35c213b85ca13bb78380df68a73fa1ceb164b84c647a6,2022-23,8,Alvin,3,Jrue Holiday,jrueholiday,opening,6,29,1,auction,Jrue Holiday,A64,B64,C64,
59a6a80ce913c1ee51e35c213b85ca13bb78380df68a73fa1ceb164b84c647a6,2022-23,8,Brent,8,CJ McCollum,cjmccollum,opening,5,29,1,auction,CJ McCollum,A63,B63,C63,
59a6a80ce913c1ee51e35c213b85ca13bb78380df68a73fa1ceb164b84c647a6,2022-23,8,Joe,10,John Collins,johncollins,opening,4,29,1,auction,John Collins,A61,B61,C61,
59a6a80ce913c1ee51e35c213b85ca13bb78380df68a73fa1ceb164b84c647a6,2022-23,8,Kerry,6,Jalen Brunson,jalenbrunson,opening,5,27,1,auction,Jalen Brunson,A63,B63,C63,
59a6a80ce913c1ee51e35c213b85ca13bb78380df68a73fa1ceb164b84c647a6,2022-23,8,Joe,10,Brandon Ingram,brandoningram,opening,5,27,1,auction,Brandon Ingram,A62,B62,C62,
59a6a80ce913c1ee51e35c213b85ca13bb78380df68a73fa1ceb164b84c647a6,2022-23,8,Ron,2,Terry Rozier,terryrozier,opening,4,25,1,auction,Terry Rozier,A62,B62,C62,
59a6a80ce913c1ee51e35c213b85ca13bb78380df68a73fa1ceb164b84c647a6,2022-23,8,Darren,9,Tyrese Maxey,tyresemaxey,opening,4,22,1,auction,Tyrese Maxey,A62,B62,C62,
59a6a80ce913c1ee51e35c213b85ca13bb78380df68a73fa1ceb164b84c647a6,2022-23,8,Mark,13,De'Aaron Fox,deaaronfox,opening,3,22,1,auction,De'Aaron Fox,A60,B60,C60,
59a6a80ce913c1ee51e35c213b85ca13bb78380df68a73fa1ceb164b84c647a6,2022-23,8,Ron,2,Alperen Sengun,alperensengun,opening,6,21,1,auction,Alperen Sengun,A64,B64,C64,
59a6a80ce913c1ee51e35c213b85ca13bb78380df68a73fa1ceb164b84c647a6,2022-23,8,Ron,2,Jakob Poeltl,jakobpoeltl,opening,5,20,1,auction,Jakob Poeltl,A63,B63,C63,
59a6a80ce913c1ee51e35c213b85ca13bb78380df68a73fa1ceb164b84c647a6,2022-23,8,Ian,11,Tobias Harris,tobiasharris,opening,6,20,1,auction,Tobias Harris,A62,B62,C62,
59a6a80ce913c1ee51e35c213b85ca13bb78380df68a73fa1ceb164b84c647a6,2022-23,8,Isaac,7,Klay Thompson,klaythompson,opening,6,19,1,auction,Klay Thompson,A62,B62,C62,
59a6a80ce913c1ee51e35c213b85ca13bb78380df68a73fa1ceb164b84c647a6,2022-23,8,Graham,15,Jusuf Nurkic,jusufnurkic,opening,6,18,1,auction,Jusuf Nurkic,A62,B62,C62,
59a6a80ce913c1ee51e35c213b85ca13bb78380df68a73fa1ceb164b84c647a6,2022-23,8,Darren,9,Jabari Smith Jr.,jabarismithjr,opening,6,18,1,auction,Jabari Smith Jr.,A64,B64,C64,
59a6a80ce913c1ee51e35c213b85ca13bb78380df68a73fa1ceb164b84c647a6,2022-23,8,Brent,8,Paolo Banchero,paolobanchero,opening,3,18,1,auction,Paolo Banchero,A61,B61,C61,
59a6a80ce913c1ee51e35c213b85ca13bb78380df68a73fa1ceb164b84c647a6,2022-23,8,Arthur,5,Jalen Green,jalengreen,opening,10,17,1,auction,Jalen Green,A68,B68,C68,
59a6a80ce913c1ee51e35c213b85ca13bb78380df68a73fa1ceb164b84c647a6,2022-23,8,Arthur,5,Collin Sexton,collinsexton,opening,12,17,1,auction,Collin Sexton,A70,B70,C70,
59a6a80ce913c1ee51e35c213b85ca13bb78380df68a73fa1ceb164b84c647a6,2022-23,8,Ian,11,Julius Randle,juliusrandle,opening,5,17,1,auction,Julius Randle,A61,B61,C61,
59a6a80ce913c1ee51e35c213b85ca13bb78380df68a73fa1ceb164b84c647a6,2022-23,8,Ian,11,Christian Wood,christianwood,opening,7,17,1,auction,Christian Wood,A63,B63,C63,
59a6a80ce913c1ee51e35c213b85ca13bb78380df68a73fa1ceb164b84c647a6,2022-23,8,Jason,4,Franz Wagner,franzwagner,opening,7,16,1,auction,Franz Wagner,A64,B64,C64,
59a6a80ce913c1ee51e35c213b85ca13bb78380df68a73fa1ceb164b84c647a6,2022-23,8,Jason,4,Herbert Jones,herbertjones,opening,10,16,1,auction,Herbert Jones,A67,B67,C67,
59a6a80ce913c1ee51e35c213b85ca13bb78380df68a73fa1ceb164b84c647a6,2022-23,8,Alvin,3,Ben Simmons,bensimmons,opening,5,15,1,auction,Ben Simmons,A63,B63,C63,
59a6a80ce913c1ee51e35c213b85ca13bb78380df68a73fa1ceb164b84c647a6,2022-23,8,Peter,1,Devin Vassell,devinvassell,opening,5,15,1,auction,Devin Vassell,A62,B62,C62,
59a6a80ce913c1ee51e35c213b85ca13bb78380df68a73fa1ceb164b84c647a6,2022-23,8,Peter,1,Mo Bamba,mobamba,opening,8,15,1,auction,Mo Bamba,A65,B65,C65,
59a6a80ce913c1ee51e35c213b85ca13bb78380df68a73fa1ceb164b84c647a6,2022-23,8,Darren,9,Keegan Murray,keeganmurray,opening,5,15,1,auction,Keegan Murray,A63,B63,C63,
59a6a80ce913c1ee51e35c213b85ca13bb78380df68a73fa1ceb164b84c647a6,2022-23,8,Ron,2,Tre Jones,trejones,opening,8,15,1,auction,Tre Jones,A66,B66,C66,
59a6a80ce913c1ee51e35c213b85ca13bb78380df68a73fa1ceb164b84c647a6,2022-23,8,Isaac,7,D'Angelo Russell,dangelorussell,opening,8,15,1,auction,D'Angelo Russell,A64,B64,C64,
59a6a80ce913c1ee51e35c213b85ca13bb78380df68a73fa1ceb164b84c647a6,2022-23,8,Benji,14,Tyler Herro,tylerherro,opening,5,15,1,auction,Tyler Herro,A60,B60,C60,
59a6a80ce913c1ee51e35c213b85ca13bb78380df68a73fa1ceb164b84c647a6,2022-23,8,Graham,15,Michael Porter Jr.,michaelporterjr,opening,7,14,1,auction,Michael Porter Jr.,A63,B63,C63,
59a6a80ce913c1ee51e35c213b85ca13bb78380df68a73fa1ceb164b84c647a6,2022-23,8,Alvin,3,OG Anunoby,oganunoby,opening,3,14,1,auction,OG Anunoby,A61,B61,C61,
59a6a80ce913c1ee51e35c213b85ca13bb78380df68a73fa1ceb164b84c647a6,2022-23,8,Kerry,6,Monte Morris,montemorris,opening,9,14,1,auction,Monte Morris,A67,B67,C67,
59a6a80ce913c1ee51e35c213b85ca13bb78380df68a73fa1ceb164b84c647a6,2022-23,8,Arthur,5,Draymond Green,draymondgreen,opening,5,14,1,auction,Draymond Green,A63,B63,C63,
59a6a80ce913c1ee51e35c213b85ca13bb78380df68a73fa1ceb164b84c647a6,2022-23,8,Ian,11,Wendell Carter Jr.,wendellcarterjr,opening,10,14,1,auction,Wendell Carter Jr.,A66,B66,C66,
59a6a80ce913c1ee51e35c213b85ca13bb78380df68a73fa1ceb164b84c647a6,2022-23,8,Kerry,6,Clint Capela,clintcapela,opening,6,13,1,auction,Clint Capela,A64,B64,C64,
59a6a80ce913c1ee51e35c213b85ca13bb78380df68a73fa1ceb164b84c647a6,2022-23,8,Kerry,6,Ivica Zubac,ivicazubac,opening,8,13,1,auction,Ivica Zubac,A66,B66,C66,
59a6a80ce913c1ee51e35c213b85ca13bb78380df68a73fa1ceb164b84c647a6,2022-23,8,Ian,11,Keldon Johnson,keldonjohnson,opening,9,13,1,auction,Keldon Johnson,A65,B65,C65,
59a6a80ce913c1ee51e35c213b85ca13bb78380df68a73fa1ceb164b84c647a6,2022-23,8,Graham,15,Kyle Lowry,kylelowry,opening,3,12,1,auction,Kyle Lowry,A59,B59,C59,
59a6a80ce913c1ee51e35c213b85ca13bb78380df68a73fa1ceb164b84c647a6,2022-23,8,Alvin,3,Isaiah Jackson,isaiahjackson,opening,8,12,1,auction,Isaiah Jackson,A66,B66,C66,
59a6a80ce913c1ee51e35c213b85ca13bb78380df68a73fa1ceb164b84c647a6,2022-23,8,Darren,9,PJ Washington,pjwashington,opening,7,12,1,auction,PJ Washington ,A65,B65,C65,
59a6a80ce913c1ee51e35c213b85ca13bb78380df68a73fa1ceb164b84c647a6,2022-23,8,Ron,2,Lauri Markkanen,laurimarkkanen,opening,7,12,1,auction,Lauri Markkanen,A65,B65,C65,
59a6a80ce913c1ee51e35c213b85ca13bb78380df68a73fa1ceb164b84c647a6,2022-23,8,Joe,10,Gary Trent Jr.,garytrentjr,opening,6,12,1,auction,Gary Trent Jr.,A63,B63,C63,
59a6a80ce913c1ee51e35c213b85ca13bb78380df68a73fa1ceb164b84c647a6,2022-23,8,Joe,10,Brook Lopez,brooklopez,opening,7,12,1,auction,Brook Lopez,A64,B64,C64,
59a6a80ce913c1ee51e35c213b85ca13bb78380df68a73fa1ceb164b84c647a6,2022-23,8,Jason,4,Jerami Grant,jeramigrant,opening,6,12,1,auction,Jerami Grant,A63,B63,C63,
59a6a80ce913c1ee51e35c213b85ca13bb78380df68a73fa1ceb164b84c647a6,2022-23,8,Benji,14,Marcus Smart,marcussmart,opening,8,12,1,auction,Marcus Smart,A63,B63,C63,
59a6a80ce913c1ee51e35c213b85ca13bb78380df68a73fa1ceb164b84c647a6,2022-23,8,Graham,15,Jalen Smith,jalensmith,opening,8,11,1,auction,Jalen Smith,A64,B64,C64,
59a6a80ce913c1ee51e35c213b85ca13bb78380df68a73fa1ceb164b84c647a6,2022-23,8,Benji,14,RJ Barrett,rjbarrett,opening,6,11,1,auction,RJ Barrett,A61,B61,C61,
59a6a80ce913c1ee51e35c213b85ca13bb78380df68a73fa1ceb164b84c647a6,2022-23,8,Alvin,3,Bobby Portis,bobbyportis,opening,7,10,1,auction,Bobby Portis,A65,B65,C65,
59a6a80ce913c1ee51e35c213b85ca13bb78380df68a73fa1ceb164b84c647a6,2022-23,8,Peter,1,Gordon Hayward,gordonhayward,opening,9,10,1,auction,Gordon Hayward,A66,B66,C66,
59a6a80ce913c1ee51e35c213b85ca13bb78380df68a73fa1ceb164b84c647a6,2022-23,8,Arthur,5,Anfernee Simons,anferneesimons,opening,8,10,1,auction,Anfernee Simons,A66,B66,C66,
59a6a80ce913c1ee51e35c213b85ca13bb78380df68a73fa1ceb164b84c647a6,2022-23,8,Arthur,5,Saddiq Bey,saddiqbey,opening,9,10,1,auction,Saddiq Bey,A67,B67,C67,
59a6a80ce913c1ee51e35c213b85ca13bb78380df68a73fa1ceb164b84c647a6,2022-23,8,Arthur,5,Buddy Hield,buddyhield,opening,13,10,1,auction,Buddy Hield,A71,B71,C71,
59a6a80ce913c1ee51e35c213b85ca13bb78380df68a73fa1ceb164b84c647a6,2022-23,8,Brent,8,Al Horford,alhorford,opening,10,9,1,auction,Al Horford,A68,B68,C68,
59a6a80ce913c1ee51e35c213b85ca13bb78380df68a73fa1ceb164b84c647a6,2022-23,8,Brent,8,Bojan Bogdanovic,bojanbogdanovic,opening,12,9,1,auction,Bojan Bogdanovic,A70,B70,C70,
59a6a80ce913c1ee51e35c213b85ca13bb78380df68a73fa1ceb164b84c647a6,2022-23,8,Brent,8,Jaden Ivey,jadenivey,opening,15,9,1,auction,Jaden Ivey,A73,B73,C73,
59a6a80ce913c1ee51e35c213b85ca13bb78380df68a73fa1ceb164b84c647a6,2022-23,8,Mark,13,Matisse Thybulle,matissethybulle,opening,14,9,1,auction,Matisse Thybulle,A71,B71,C71,
59a6a80ce913c1ee51e35c213b85ca13bb78380df68a73fa1ceb164b84c647a6,2022-23,8,Jason,4,Norman Powell,normanpowell,opening,4,9,1,auction,Norman Powell,A61,B61,C61,
59a6a80ce913c1ee51e35c213b85ca13bb78380df68a73fa1ceb164b84c647a6,2022-23,8,Jason,4,Mitchell Robinson,mitchellrobinson,opening,8,9,1,auction,Mitchell Robinson,A65,B65,C65,
59a6a80ce913c1ee51e35c213b85ca13bb78380df68a73fa1ceb164b84c647a6,2022-23,8,Peter,1,Cameron Johnson,cameronjohnson,opening,6,8,1,auction,Cameron Johnson,A63,B63,C63,
59a6a80ce913c1ee51e35c213b85ca13bb78380df68a73fa1ceb164b84c647a6,2022-23,8,Darren,9,Tari Eason,tarieason,opening,11,8,1,auction,Tari Eason,A69,B69,C69,
59a6a80ce913c1ee51e35c213b85ca13bb78380df68a73fa1ceb164b84c647a6,2022-23,8,Arthur,5,Onyeka Okongwu,onyekaokongwu,opening,14,8,1,auction,Onyeka Okongwu,A72,B72,C72,
59a6a80ce913c1ee51e35c213b85ca13bb78380df68a73fa1ceb164b84c647a6,2022-23,8,Ian,11,Chet Holmgren,chetholmgren,opening,4,8,1,auction,Chet Holmgren,A60,B60,C60,
59a6a80ce913c1ee51e35c213b85ca13bb78380df68a73fa1ceb164b84c647a6,2022-23,8,Ian,11,Josh Hart,joshhart,opening,12,8,1,auction,Josh Hart,A68,B68,C68,
59a6a80ce913c1ee51e35c213b85ca13bb78380df68a73fa1ceb164b84c647a6,2022-23,8,Arthur,5,John Wall,johnwall,opening,6,7,1,auction,John Wall,A64,B64,C64,
59a6a80ce913c1ee51e35c213b85ca13bb78380df68a73fa1ceb164b84c647a6,2022-23,8,Max,12,Joe Harris,joeharris,opening,12,7,1,auction,Joe Harris,A70,B70,C70,
59a6a80ce913c1ee51e35c213b85ca13bb78380df68a73fa1ceb164b84c647a6,2022-23,8,Mark,13,Bogdan Bogdanovic,bogdanbogdanovic,opening,10,7,1,auction,Bogdan Bogdanovic,A67,B67,C67,
59a6a80ce913c1ee51e35c213b85ca13bb78380df68a73fa1ceb164b84c647a6,2022-23,8,Benji,14,Isaiah Hartenstein,isaiahhartenstein,opening,9,7,1,auction,Isaiah Hartenstein,A64,B64,C64,
59a6a80ce913c1ee51e35c213b85ca13bb78380df68a73fa1ceb164b84c647a6,2022-23,8,Alvin,3,Chris Duarte,chrisduarte,opening,9,6,1,auction,Chris Duarte,A67,B67,C67,
59a6a80ce913c1ee51e35c213b85ca13bb78380df68a73fa1ceb164b84c647a6,2022-23,8,Alvin,3,Jalen Jackson Jr.,jalenjacksonjr,opening,11,6,1,auction,Jalen Jackson Jr.,A69,B69,C69,
59a6a80ce913c1ee51e35c213b85ca13bb78380df68a73fa1ceb164b84c647a6,2022-23,8,Peter,1,Harrison Barnes,harrisonbarnes,opening,7,6,1,auction,Harrison Barnes,A64,B64,C64,
59a6a80ce913c1ee51e35c213b85ca13bb78380df68a73fa1ceb164b84c647a6,2022-23,8,Kerry,6,Jordan Clarkson,jordanclarkson,opening,12,6,1,auction,Jordan Clarkson,A70,B70,C70,
59a6a80ce913c1ee51e35c213b85ca13bb78380df68a73fa1ceb164b84c647a6,2022-23,8,Brent,8,Brandon Clarke,brandonclarke,opening,11,6,1,auction,Brandon Clarke,A69,B69,C69,
59a6a80ce913c1ee51e35c213b85ca13bb78380df68a73fa1ceb164b84c647a6,2022-23,8,Ian,11,Kevin Porter Jr.,kevinporterjr,opening,8,6,1,auction,Kevin Porter Jr.,A64,B64,C64,
59a6a80ce913c1ee51e35c213b85ca13bb78380df68a73fa1ceb164b84c647a6,2022-23,8,Mark,13,Mike Conley,mikeconley,opening,5,6,1,auction,Mike Conley,A62,B62,C62,
59a6a80ce913c1ee51e35c213b85ca13bb78380df68a73fa1ceb164b84c647a6,2022-23,8,Mark,13,James Wiseman,jameswiseman,opening,8,6,1,auction,James Wiseman,A65,B65,C65,
59a6a80ce913c1ee51e35c213b85ca13bb78380df68a73fa1ceb164b84c647a6,2022-23,8,Benji,14,Steven Adams,stevenadams,opening,7,6,1,auction,Steven Adams,A62,B62,C62,
59a6a80ce913c1ee51e35c213b85ca13bb78380df68a73fa1ceb164b84c647a6,2022-23,8,Darren,9,Jaden McDaniels,jadenmcdaniels,opening,8,5,1,auction,Jaden McDaniels,A66,B66,C66,
59a6a80ce913c1ee51e35c213b85ca13bb78380df68a73fa1ceb164b84c647a6,2022-23,8,Darren,9,Tyus Jones,tyusjones,opening,9,5,1,auction,Tyus Jones,A67,B67,C67,
59a6a80ce913c1ee51e35c213b85ca13bb78380df68a73fa1ceb164b84c647a6,2022-23,8,Darren,9,Will Barton,willbarton,opening,10,5,1,auction,Will Barton,A68,B68,C68,
59a6a80ce913c1ee51e35c213b85ca13bb78380df68a73fa1ceb164b84c647a6,2022-23,8,Darren,9,Kevin Huerter,kevinhuerter,opening,12,5,1,auction,Kevin Huerter,A70,B70,C70,
59a6a80ce913c1ee51e35c213b85ca13bb78380df68a73fa1ceb164b84c647a6,2022-23,8,Arthur,5,Spencer Dinwiddie,spencerdinwiddie,opening,7,5,1,auction,Spencer Dinwiddie,A65,B65,C65,
59a6a80ce913c1ee51e35c213b85ca13bb78380df68a73fa1ceb164b84c647a6,2022-23,8,Ron,2,JaVale McGee,javalemcgee,opening,12,5,1,auction,JaVale McGee,A70,B70,C70,
59a6a80ce913c1ee51e35c213b85ca13bb78380df68a73fa1ceb164b84c647a6,2022-23,8,Brent,8,Russell Westbrook,russellwestbrook,opening,7,5,1,auction,Russell Westbrook,A65,B65,C65,
59a6a80ce913c1ee51e35c213b85ca13bb78380df68a73fa1ceb164b84c647a6,2022-23,8,Brent,8,Malcolm Brogdon,malcolmbrogdon,opening,9,5,1,auction,Malcolm Brogdon,A67,B67,C67,
59a6a80ce913c1ee51e35c213b85ca13bb78380df68a73fa1ceb164b84c647a6,2022-23,8,Brent,8,Isaiah Stewart,isaiahstewart,opening,13,5,1,auction,Isaiah Stewart,A71,B71,C71,
59a6a80ce913c1ee51e35c213b85ca13bb78380df68a73fa1ceb164b84c647a6,2022-23,8,Max,12,Daniel Gafford,danielgafford,opening,6,5,1,auction,Daniel Gafford,A64,B64,C64,
59a6a80ce913c1ee51e35c213b85ca13bb78380df68a73fa1ceb164b84c647a6,2022-23,8,Isaac,7,Andrew Wiggins,andrewwiggins,opening,7,5,1,auction,Andrew Wiggins,A63,B63,C63,
59a6a80ce913c1ee51e35c213b85ca13bb78380df68a73fa1ceb164b84c647a6,2022-23,8,Joe,10,Derrick White,derrickwhite,opening,10,5,1,auction,Derrick White,A67,B67,C67,
59a6a80ce913c1ee51e35c213b85ca13bb78380df68a73fa1ceb164b84c647a6,2022-23,8,Ian,11,Bones Hyland,boneshyland,opening,11,5,1,auction,Bones Hyland,A67,B67,C67,
59a6a80ce913c1ee51e35c213b85ca13bb78380df68a73fa1ceb164b84c647a6,2022-23,8,Mark,13,Robert Williams III,robertwilliamsiii,opening,4,5,1,auction,Robert Williams III,A61,B61,C61,
59a6a80ce913c1ee51e35c213b85ca13bb78380df68a73fa1ceb164b84c647a6,2022-23,8,Mark,13,Nic Claxton,nicclaxton,opening,7,5,1,auction,Nic Claxton,A64,B64,C64,
59a6a80ce913c1ee51e35c213b85ca13bb78380df68a73fa1ceb164b84c647a6,2022-23,8,Mark,13,Chris Boucher,chrisboucher,opening,9,5,1,auction,Chris Boucher,A66,B66,C66,
59a6a80ce913c1ee51e35c213b85ca13bb78380df68a73fa1ceb164b84c647a6,2022-23,8,Alvin,3,De'Anthony Melton,deanthonymelton,opening,10,4,1,auction,De'Anthony Melton,A68,B68,C68,
59a6a80ce913c1ee51e35c213b85ca13bb78380df68a73fa1ceb164b84c647a6,2022-23,8,Kerry,6,Jarred Vanderbilt,jarredvanderbilt,opening,10,4,1,auction,Jared Vanderbilt,A68,B68,C68,
59a6a80ce913c1ee51e35c213b85ca13bb78380df68a73fa1ceb164b84c647a6,2022-23,8,Kerry,6,Robert Covington,robertcovington,opening,11,4,1,auction,Robert Covington,A69,B69,C69,
59a6a80ce913c1ee51e35c213b85ca13bb78380df68a73fa1ceb164b84c647a6,2022-23,8,Ron,2,Evan Fournier,evanfournier,opening,11,4,1,auction,Evan Fourner,A69,B69,C69,
59a6a80ce913c1ee51e35c213b85ca13bb78380df68a73fa1ceb164b84c647a6,2022-23,8,Max,12,Cole Anthony,coleanthony,opening,7,4,1,auction,Cole Anthony,A65,B65,C65,
59a6a80ce913c1ee51e35c213b85ca13bb78380df68a73fa1ceb164b84c647a6,2022-23,8,Max,12,De'Andre Hunter,deandrehunter,opening,9,4,1,auction,De'Andre Hunter,A67,B67,C67,
59a6a80ce913c1ee51e35c213b85ca13bb78380df68a73fa1ceb164b84c647a6,2022-23,8,Isaac,7,Reggie Jackson,reggiejackson,opening,9,4,1,auction,Reggie Jackson,A65,B65,C65,
59a6a80ce913c1ee51e35c213b85ca13bb78380df68a73fa1ceb164b84c647a6,2022-23,8,Joe,10,Seth Curry,sethcurry,opening,9,4,1,auction,Seth Curry,A66,B66,C66,
59a6a80ce913c1ee51e35c213b85ca13bb78380df68a73fa1ceb164b84c647a6,2022-23,8,Joe,10,Kentavious Caldwell-Pope,kentaviouscaldwellpope,opening,13,4,1,auction,Kentavious Caldwell-Pope,A70,B70,C70,
59a6a80ce913c1ee51e35c213b85ca13bb78380df68a73fa1ceb164b84c647a6,2022-23,8,Mark,13,Caris LeVert,carislevert,opening,12,4,1,auction,Caris LeVert,A69,B69,C69,
59a6a80ce913c1ee51e35c213b85ca13bb78380df68a73fa1ceb164b84c647a6,2022-23,8,Mark,13,Jalen Suggs,jalensuggs,opening,13,4,1,auction,Jalen Suggs,A70,B70,C70,
59a6a80ce913c1ee51e35c213b85ca13bb78380df68a73fa1ceb164b84c647a6,2022-23,8,Jason,4,Bennedict Mathurin,bennedictmathurin,opening,12,4,1,auction,Bennedict Mathurin,A69,B69,C69,
59a6a80ce913c1ee51e35c213b85ca13bb78380df68a73fa1ceb164b84c647a6,2022-23,8,Jason,4,Ziaire Williams,ziairewilliams,opening,15,4,1,auction,Ziaire Williams,A72,B72,C72,
59a6a80ce913c1ee51e35c213b85ca13bb78380df68a73fa1ceb164b84c647a6,2022-23,8,Benji,14,Luguentz Dort,luguentzdort,opening,10,4,1,auction,Luguentz Dort,A65,B65,C65,
59a6a80ce913c1ee51e35c213b85ca13bb78380df68a73fa1ceb164b84c647a6,2022-23,8,Kerry,6,Jonathan Kuminga,jonathankuminga,opening,7,3,1,auction,Jonathan Kuminga,A65,B65,C65,
59a6a80ce913c1ee51e35c213b85ca13bb78380df68a73fa1ceb164b84c647a6,2022-23,8,Kerry,6,Tim Hardaway Jr.,timhardawayjr,opening,14,3,1,auction,Tim Hardaway Jr.,A72,B72,C72,
59a6a80ce913c1ee51e35c213b85ca13bb78380df68a73fa1ceb164b84c647a6,2022-23,8,Ron,2,Dorian Finney-Smith,dorianfinneysmith,opening,10,3,1,auction,Dorian Finney-Smith,A68,B68,C68,
59a6a80ce913c1ee51e35c213b85ca13bb78380df68a73fa1ceb164b84c647a6,2022-23,8,Ron,2,Patrick Beverley,patrickbeverley,opening,13,3,1,auction,Patrick Beverley,A71,B71,C71,
59a6a80ce913c1ee51e35c213b85ca13bb78380df68a73fa1ceb164b84c647a6,2022-23,8,Brent,8,Aaron Gordon,aarongordon,opening,14,3,1,auction,Aaron Gordon,A72,B72,C72,
59a6a80ce913c1ee51e35c213b85ca13bb78380df68a73fa1ceb164b84c647a6,2022-23,8,Max,12,Jae'Sean Tate,jaeseantate,opening,11,3,1,auction,Jae'Sean Tate,A69,B69,C69,
59a6a80ce913c1ee51e35c213b85ca13bb78380df68a73fa1ceb164b84c647a6,2022-23,8,Joe,10,Thomas Bryant,thomasbryant,opening,8,3,1,auction,Thomas Bryant,A65,B65,C65,
59a6a80ce913c1ee51e35c213b85ca13bb78380df68a73fa1ceb164b84c647a6,2022-23,8,Mark,13,Davion Mitchell,davionmitchell,opening,11,3,1,auction,Davion Mitchell,A68,B68,C68,
59a6a80ce913c1ee51e35c213b85ca13bb78380df68a73fa1ceb164b84c647a6,2022-23,8,Jason,4,TJ McConnell,tjmcconnell,opening,9,3,1,auction,TJ McConnell,A66,B66,C66,
59a6a80ce913c1ee51e35c213b85ca13bb78380df68a73fa1ceb164b84c647a6,2022-23,8,Jason,4,Gary Payton II,garypaytonii,opening,13,3,1,auction,Gary Payton II,A70,B70,C70,
59a6a80ce913c1ee51e35c213b85ca13bb78380df68a73fa1ceb164b84c647a6,2022-23,8,Alvin,3,Grant Williams,grantwilliams,opening,12,2,1,auction,Grant Williams,A70,B70,C70,
59a6a80ce913c1ee51e35c213b85ca13bb78380df68a73fa1ceb164b84c647a6,2022-23,8,Peter,1,Terance Mann,terancemann,opening,10,2,1,auction,Terance Mann,A67,B67,C67,
59a6a80ce913c1ee51e35c213b85ca13bb78380df68a73fa1ceb164b84c647a6,2022-23,8,Kerry,6,Ayo Dosunmu,ayodosunmu,opening,15,2,1,auction,Ayo Dosunmu,A73,B73,C73,
59a6a80ce913c1ee51e35c213b85ca13bb78380df68a73fa1ceb164b84c647a6,2022-23,8,Darren,9,Walker Kessler,walkerkessler,opening,15,2,1,auction,Walker Kessler,A73,B73,C73,
59a6a80ce913c1ee51e35c213b85ca13bb78380df68a73fa1ceb164b84c647a6,2022-23,8,Arthur,5,Cam Thomas,camthomas,opening,15,2,1,auction,Cam Thomas,A73,B73,C73,
59a6a80ce913c1ee51e35c213b85ca13bb78380df68a73fa1ceb164b84c647a6,2022-23,8,Ron,2,Alex Caruso,alexcaruso,opening,9,2,1,auction,Alex Caruso,A67,B67,C67,
59a6a80ce913c1ee51e35c213b85ca13bb78380df68a73fa1ceb164b84c647a6,2022-23,8,Brent,8,Dillon Brooks,dillonbrooks,opening,8,2,1,auction,Dillon Brooks,A66,B66,C66,
59a6a80ce913c1ee51e35c213b85ca13bb78380df68a73fa1ceb164b84c647a6,2022-23,8,Max,12,Andre Drummond,andredrummond,opening,8,2,1,auction,Andre Drummond,A66,B66,C66,
59a6a80ce913c1ee51e35c213b85ca13bb78380df68a73fa1ceb164b84c647a6,2022-23,8,Max,12,Kevin Love,kevinlove,opening,10,2,1,auction,Kevin Love,A68,B68,C68,
59a6a80ce913c1ee51e35c213b85ca13bb78380df68a73fa1ceb164b84c647a6,2022-23,8,Joe,10,Pat Connaughton,patconnaughton,opening,11,2,1,auction,Pat Connaughton,A68,B68,C68,
59a6a80ce913c1ee51e35c213b85ca13bb78380df68a73fa1ceb164b84c647a6,2022-23,8,Joe,10,Markelle Fultz,markellefultz,opening,14,2,1,auction,Markelle Fultz,A71,B71,C71,
59a6a80ce913c1ee51e35c213b85ca13bb78380df68a73fa1ceb164b84c647a6,2022-23,8,Ian,11,Kevon Looney,kevonlooney,opening,13,2,1,auction,Kevon Looney,A69,B69,C69,
59a6a80ce913c1ee51e35c213b85ca13bb78380df68a73fa1ceb164b84c647a6,2022-23,8,Mark,13,Lonzo Ball,lonzoball,opening,6,2,1,auction,Lonzo Ball,A63,B63,C63,
59a6a80ce913c1ee51e35c213b85ca13bb78380df68a73fa1ceb164b84c647a6,2022-23,8,Jason,4,Bruce Brown,brucebrown,opening,14,2,1,auction,Bruce Brown,A71,B71,C71,
59a6a80ce913c1ee51e35c213b85ca13bb78380df68a73fa1ceb164b84c647a6,2022-23,8,Benji,14,Kelly Olynyk,kellyolynyk,opening,11,2,1,auction,Kelly Olynyk,A66,B66,C66,
59a6a80ce913c1ee51e35c213b85ca13bb78380df68a73fa1ceb164b84c647a6,2022-23,8,Benji,14,Victor Oladipo,victoroladipo,opening,12,2,1,auction,Victor Oladipo,A67,B67,C67,
59a6a80ce913c1ee51e35c213b85ca13bb78380df68a73fa1ceb164b84c647a6,2022-23,8,Graham,15,Marvin Bagley III,marvinbagleyiii,opening,9,1,1,auction,Marvin Bagley III,A65,B65,C65,
59a6a80ce913c1ee51e35c213b85ca13bb78380df68a73fa1ceb164b84c647a6,2022-23,8,Graham,15,JaMychal Green,jamychalgreen,opening,10,1,1,auction,JaMychal Green,A66,B66,C66,
59a6a80ce913c1ee51e35c213b85ca13bb78380df68a73fa1ceb164b84c647a6,2022-23,8,Graham,15,Jaxson Hayes,jaxsonhayes,opening,11,1,1,auction,Jaxson Hayes,A67,B67,C67,
59a6a80ce913c1ee51e35c213b85ca13bb78380df68a73fa1ceb164b84c647a6,2022-23,8,Graham,15,Kyle Anderson,kyleanderson,opening,12,1,1,auction,Kyle Anderson,A68,B68,C68,
59a6a80ce913c1ee51e35c213b85ca13bb78380df68a73fa1ceb164b84c647a6,2022-23,8,Graham,15,Jonathan Isaac,jonathanisaac,opening,13,1,1,auction,Jonathan Isaac,A69,B69,C69,
59a6a80ce913c1ee51e35c213b85ca13bb78380df68a73fa1ceb164b84c647a6,2022-23,8,Graham,15,Max Strus,maxstrus,opening,14,1,1,auction,Max Strus,A70,B70,C70,
59a6a80ce913c1ee51e35c213b85ca13bb78380df68a73fa1ceb164b84c647a6,2022-23,8,Graham,15,Chimezie Metu,chimeziemetu,opening,15,1,1,auction,Chimezie Metu,A71,B71,C71,
59a6a80ce913c1ee51e35c213b85ca13bb78380df68a73fa1ceb164b84c647a6,2022-23,8,Alvin,3,Isaac Okoro,isaacokoro,opening,13,1,1,auction,Isaac Okoro,A71,B71,C71,
59a6a80ce913c1ee51e35c213b85ca13bb78380df68a73fa1ceb164b84c647a6,2022-23,8,Alvin,3,Dennis Schroder,dennisschroder,opening,14,1,1,auction,Dennis Schroder,A72,B72,C72,
59a6a80ce913c1ee51e35c213b85ca13bb78380df68a73fa1ceb164b84c647a6,2022-23,8,Alvin,3,Santi Aldama,santialdama,opening,15,1,1,auction,Santi Aldrama,A73,B73,C73,
59a6a80ce913c1ee51e35c213b85ca13bb78380df68a73fa1ceb164b84c647a6,2022-23,8,Peter,1,Montrezl Harrell,montrezlharrell,opening,11,1,1,auction,Montrezl Harrell,A68,B68,C68,
59a6a80ce913c1ee51e35c213b85ca13bb78380df68a73fa1ceb164b84c647a6,2022-23,8,Peter,1,Jae Crowder,jaecrowder,opening,12,1,1,auction,Jae Crowder,A69,B69,C69,
59a6a80ce913c1ee51e35c213b85ca13bb78380df68a73fa1ceb164b84c647a6,2022-23,8,Peter,1,Precious Achiuwa,preciousachiuwa,opening,13,1,1,auction,Precious Achiuwa,A70,B70,C70,
59a6a80ce913c1ee51e35c213b85ca13bb78380df68a73fa1ceb164b84c647a6,2022-23,8,Peter,1,Duncan Robinson,duncanrobinson,opening,14,1,1,auction,Duncan Robinson,A71,B71,C71,
59a6a80ce913c1ee51e35c213b85ca13bb78380df68a73fa1ceb164b84c647a6,2022-23,8,Peter,1,Xavier Tillman,xaviertillman,opening,15,1,1,auction,Xavier Tillman,A72,B72,C72,
59a6a80ce913c1ee51e35c213b85ca13bb78380df68a73fa1ceb164b84c647a6,2022-23,8,Kerry,6,Cameron Payne,cameronpayne,opening,13,1,1,auction,Cameron Payne,A71,B71,C71,
59a6a80ce913c1ee51e35c213b85ca13bb78380df68a73fa1ceb164b84c647a6,2022-23,8,Darren,9,Malik Monk,malikmonk,opening,13,1,1,auction,Malik Monk,A71,B71,C71,
59a6a80ce913c1ee51e35c213b85ca13bb78380df68a73fa1ceb164b84c647a6,2022-23,8,Darren,9,Jose Alvarado,josealvarado,opening,14,1,1,auction,Jose Alvarado,A72,B72,C72,
59a6a80ce913c1ee51e35c213b85ca13bb78380df68a73fa1ceb164b84c647a6,2022-23,8,Arthur,5,Jalen Duren,jalenduren,opening,11,1,1,auction,Jalen Duren,A69,B69,C69,
59a6a80ce913c1ee51e35c213b85ca13bb78380df68a73fa1ceb164b84c647a6,2022-23,8,Ron,2,PJ Tucker,pjtucker,opening,14,1,1,auction,PJ Tucker,A72,B72,C72,
59a6a80ce913c1ee51e35c213b85ca13bb78380df68a73fa1ceb164b84c647a6,2022-23,8,Ron,2,Delon Wright,delonwright,opening,15,1,1,auction,Delon Wright,A73,B73,C73,
59a6a80ce913c1ee51e35c213b85ca13bb78380df68a73fa1ceb164b84c647a6,2022-23,8,Max,12,Obi Toppin,obitoppin,opening,13,1,1,auction,Obi Toppin,A71,B71,C71,
59a6a80ce913c1ee51e35c213b85ca13bb78380df68a73fa1ceb164b84c647a6,2022-23,8,Max,12,Rui Hachimura,ruihachimura,opening,14,1,1,auction,Rui Hachimura,A72,B72,C72,
59a6a80ce913c1ee51e35c213b85ca13bb78380df68a73fa1ceb164b84c647a6,2022-23,8,Max,12,Immanuel Quickley,immanuelquickley,opening,15,1,1,auction,Immanuel Quickley,A73,B73,C73,
59a6a80ce913c1ee51e35c213b85ca13bb78380df68a73fa1ceb164b84c647a6,2022-23,8,Isaac,7,Mason Plumlee,masonplumlee,opening,10,1,1,auction,Mason Plumlee,A66,B66,C66,
59a6a80ce913c1ee51e35c213b85ca13bb78380df68a73fa1ceb164b84c647a6,2022-23,8,Isaac,7,Dwight Powell,dwightpowell,opening,11,1,1,auction,Dwight Powell,A67,B67,C67,
59a6a80ce913c1ee51e35c213b85ca13bb78380df68a73fa1ceb164b84c647a6,2022-23,8,Isaac,7,Kelly Oubre Jr.,kellyoubrejr,opening,12,1,1,auction,Kelly Oubre Jr.,A68,B68,C68,
59a6a80ce913c1ee51e35c213b85ca13bb78380df68a73fa1ceb164b84c647a6,2022-23,8,Isaac,7,Coby White,cobywhite,opening,13,1,1,auction,Coby White,A69,B69,C69,
59a6a80ce913c1ee51e35c213b85ca13bb78380df68a73fa1ceb164b84c647a6,2022-23,8,Isaac,7,Josh Christopher,joshchristopher,opening,14,1,1,auction,Josh Christopher,A70,B70,C70,
59a6a80ce913c1ee51e35c213b85ca13bb78380df68a73fa1ceb164b84c647a6,2022-23,8,Isaac,7,Devonte' Graham,devontegraham,opening,15,1,1,auction,Devonte' Graham,A71,B71,C71,
59a6a80ce913c1ee51e35c213b85ca13bb78380df68a73fa1ceb164b84c647a6,2022-23,8,Joe,10,Jeff Green,jeffgreen,opening,12,1,1,auction,Jeff Green,A69,B69,C69,
59a6a80ce913c1ee51e35c213b85ca13bb78380df68a73fa1ceb164b84c647a6,2022-23,8,Joe,10,George Hill,georgehill,opening,15,1,1,auction,George Hill,A72,B72,C72,
59a6a80ce913c1ee51e35c213b85ca13bb78380df68a73fa1ceb164b84c647a6,2022-23,8,Ian,11,Malik Beasley,malikbeasley,opening,14,1,1,auction,Malik Beasley,A70,B70,C70,
59a6a80ce913c1ee51e35c213b85ca13bb78380df68a73fa1ceb164b84c647a6,2022-23,8,Ian,11,Aleksej Pokusevski,aleksejpokusevski,opening,15,1,1,auction,Aleksej Pokusevski,A71,B71,C71,
59a6a80ce913c1ee51e35c213b85ca13bb78380df68a73fa1ceb164b84c647a6,2022-23,8,Mark,13,Patrick Williams,patrickwilliams,opening,15,1,1,auction,Patrick Williams,A72,B72,C72,
59a6a80ce913c1ee51e35c213b85ca13bb78380df68a73fa1ceb164b84c647a6,2022-23,8,Jason,4,Marcus Morris Sr,marcusmorrissr,opening,5,1,1,auction,Marcus Morris Sr.,A62,B62,C62,
59a6a80ce913c1ee51e35c213b85ca13bb78380df68a73fa1ceb164b84c647a6,2022-23,8,Jason,4,Grayson Allen,graysonallen,opening,11,1,1,auction,Grayson Allen,A68,B68,C68,
59a6a80ce913c1ee51e35c213b85ca13bb78380df68a73fa1ceb164b84c647a6,2022-23,8,Benji,14,Jalen McDaniels,jalenmcdaniels,opening,13,1,1,auction,Jalen McDaniels,A68,B68,C68,
59a6a80ce913c1ee51e35c213b85ca13bb78380df68a73fa1ceb164b84c647a6,2022-23,8,Benji,14,Royce O'Neale,royceoneale,opening,14,1,1,auction,Royce O'Neale,A69,B69,C69,
59a6a80ce913c1ee51e35c213b85ca13bb78380df68a73fa1ceb164b84c647a6,2021-22,7,Mark,8,Nikola Jokic,nikolajokic,opening,3,71,1,auction,Nikola Jokic,A79,B79,C79,
59a6a80ce913c1ee51e35c213b85ca13bb78380df68a73fa1ceb164b84c647a6,2021-22,7,Max,5,Stephen Curry,stephencurry,opening,3,70,1,auction,Stephen Curry,A80,B80,C80,
59a6a80ce913c1ee51e35c213b85ca13bb78380df68a73fa1ceb164b84c647a6,2021-22,7,Kerry,7,Damian Lillard,damianlillard,opening,3,67,1,auction,Damian Lillard,A80,B80,C80,
59a6a80ce913c1ee51e35c213b85ca13bb78380df68a73fa1ceb164b84c647a6,2021-22,7,Darren,2,James Harden,jamesharden,opening,3,61,1,auction,James Harden,A80,B80,C80,
59a6a80ce913c1ee51e35c213b85ca13bb78380df68a73fa1ceb164b84c647a6,2021-22,7,Arthur,11,Paul George,paulgeorge,opening,3,54,1,auction,Paul George,A80,B80,C80,
59a6a80ce913c1ee51e35c213b85ca13bb78380df68a73fa1ceb164b84c647a6,2021-22,7,Max,5,Bradley Beal,bradleybeal,opening,4,54,1,auction,Bradley Beal,A81,B81,C81,
59a6a80ce913c1ee51e35c213b85ca13bb78380df68a73fa1ceb164b84c647a6,2021-22,7,Benji,15,Anthony Davis,anthonydavis,opening,3,52,1,auction,Anthony Davis,A76,B76,C76,
59a6a80ce913c1ee51e35c213b85ca13bb78380df68a73fa1ceb164b84c647a6,2021-22,7,Graham,12,Jimmy Butler,jimmybutler,opening,4,43,1,auction,Jimmy Butler,A79,B79,C79,
59a6a80ce913c1ee51e35c213b85ca13bb78380df68a73fa1ceb164b84c647a6,2021-22,7,Graham,12,LeBron James,lebronjames,opening,3,41,1,auction,LeBron James,A78,B78,C78,
59a6a80ce913c1ee51e35c213b85ca13bb78380df68a73fa1ceb164b84c647a6,2021-22,7,Brent,14,Domantas Sabonis,domantassabonis,opening,5,41,1,auction,Domantas Sabonis,A82,B82,C82,
59a6a80ce913c1ee51e35c213b85ca13bb78380df68a73fa1ceb164b84c647a6,2021-22,7,Alvin,4,Julius Randle,juliusrandle,opening,3,39,1,auction,Julius Randle,A80,B80,C80,
59a6a80ce913c1ee51e35c213b85ca13bb78380df68a73fa1ceb164b84c647a6,2021-22,7,Peter,6,Rudy Gobert,rudygobert,opening,3,39,1,auction,Rudy Gobert,A79,B79,C79,
59a6a80ce913c1ee51e35c213b85ca13bb78380df68a73fa1ceb164b84c647a6,2021-22,7,Ian,9,Tobias Harris,tobiasharris,opening,4,38,1,auction,Tobias Harris,A79,B79,C79,
59a6a80ce913c1ee51e35c213b85ca13bb78380df68a73fa1ceb164b84c647a6,2021-22,7,Benji,15,Khris Middleton,khrismiddleton,opening,4,37,1,auction,Khris Middleton,A77,B77,C77,
59a6a80ce913c1ee51e35c213b85ca13bb78380df68a73fa1ceb164b84c647a6,2021-22,7,Jason,13,Deandre Ayton,deandreayton,opening,3,34,1,auction,Deandre Ayton,A79,B79,C79,
59a6a80ce913c1ee51e35c213b85ca13bb78380df68a73fa1ceb164b84c647a6,2021-22,7,Darren,2,Mikal Bridges,mikalbridges,opening,6,33,1,auction,Mikal Bridges,A83,B83,C83,
59a6a80ce913c1ee51e35c213b85ca13bb78380df68a73fa1ceb164b84c647a6,2021-22,7,Isaac,3,Chris Paul,chrispaul,opening,4,32,1,auction,Chris Paul,A79,B79,C79,
59a6a80ce913c1ee51e35c213b85ca13bb78380df68a73fa1ceb164b84c647a6,2021-22,7,Brent,14,Michael Porter Jr.,michaelporterjr,opening,3,30,1,auction,Michael Porter Jr.,A80,B80,C80,
59a6a80ce913c1ee51e35c213b85ca13bb78380df68a73fa1ceb164b84c647a6,2021-22,7,Jason,13,John Collins,johncollins,opening,4,30,1,auction,John Collins,A80,B80,C80,
59a6a80ce913c1ee51e35c213b85ca13bb78380df68a73fa1ceb164b84c647a6,2021-22,7,Joe,10,Myles Turner,mylesturner,opening,5,29,1,auction,Myles Turner,A81,B81,C81,
59a6a80ce913c1ee51e35c213b85ca13bb78380df68a73fa1ceb164b84c647a6,2021-22,7,Graham,12,Cade Cunningham,cadecunningham,opening,5,27,1,auction,Cade Cunningham,A80,B80,C80,
59a6a80ce913c1ee51e35c213b85ca13bb78380df68a73fa1ceb164b84c647a6,2021-22,7,Ian,9,Jaren Jackson Jr,jarenjacksonjr,opening,5,27,1,auction,Jaren Jackson Jr.,A80,B80,C80,
59a6a80ce913c1ee51e35c213b85ca13bb78380df68a73fa1ceb164b84c647a6,2021-22,7,Isaac,3,Terry Rozier,terryrozier,opening,8,26,1,auction,Terry Rozier,A83,B83,C83,
59a6a80ce913c1ee51e35c213b85ca13bb78380df68a73fa1ceb164b84c647a6,2021-22,7,Joe,10,Christian Wood,christianwood,opening,4,26,1,auction,Christian Wood,A80,B80,C80,
59a6a80ce913c1ee51e35c213b85ca13bb78380df68a73fa1ceb164b84c647a6,2021-22,7,Joe,10,Dejounte Murray,dejountemurray,opening,7,25,1,auction,Dejounte Murray,A83,B83,C83,
59a6a80ce913c1ee51e35c213b85ca13bb78380df68a73fa1ceb164b84c647a6,2021-22,7,Peter,6,Ja Morant,jamorant,opening,4,24,1,auction,Ja Morant,A80,B80,C80,
59a6a80ce913c1ee51e35c213b85ca13bb78380df68a73fa1ceb164b84c647a6,2021-22,7,Darren,2,Richaun Holmes,richaunholmes,opening,4,24,1,auction,Richaun Holmes,A81,B81,C81,
59a6a80ce913c1ee51e35c213b85ca13bb78380df68a73fa1ceb164b84c647a6,2021-22,7,Ron,1,Kristaps Porzingis,kristapsporzingis,opening,7,24,1,auction,Kristaps Porzingis,A84,B84,C84,
59a6a80ce913c1ee51e35c213b85ca13bb78380df68a73fa1ceb164b84c647a6,2021-22,7,Mark,8,DeMar DeRozan,demarderozan,opening,4,24,1,auction,DeMar DeRozan,A80,B80,C80,
59a6a80ce913c1ee51e35c213b85ca13bb78380df68a73fa1ceb164b84c647a6,2021-22,7,Jason,13,Collin Sexton,collinsexton,opening,5,24,1,auction,Collin Sexton,A81,B81,C81,
59a6a80ce913c1ee51e35c213b85ca13bb78380df68a73fa1ceb164b84c647a6,2021-22,7,Isaac,3,Kyrie Irving,kyrieirving,opening,3,23,1,auction,Kyrie Irving,A78,B78,C78,
59a6a80ce913c1ee51e35c213b85ca13bb78380df68a73fa1ceb164b84c647a6,2021-22,7,Alvin,4,Clint Capela,clintcapela,opening,4,22,1,auction,Clint Capela,A81,B81,C81,
59a6a80ce913c1ee51e35c213b85ca13bb78380df68a73fa1ceb164b84c647a6,2021-22,7,Ron,1,Jusuf Nurkic,jusufnurkic,opening,3,21,1,auction,Jusuf Nurkic,A80,B80,C80,
59a6a80ce913c1ee51e35c213b85ca13bb78380df68a73fa1ceb164b84c647a6,2021-22,7,Ron,1,Kevin Porter Jr.,kevinporterjr,opening,5,21,1,auction,Kevin Porter Jr.,A82,B82,C82,
59a6a80ce913c1ee51e35c213b85ca13bb78380df68a73fa1ceb164b84c647a6,2021-22,7,Alvin,4,Isaiah Stewart,isaiahstewart,opening,12,20,1,auction,Isaiah Stewart,A89,B89,C89,
59a6a80ce913c1ee51e35c213b85ca13bb78380df68a73fa1ceb164b84c647a6,2021-22,7,Brent,14,Evan Mobley,evanmobley,opening,6,20,1,auction,Evan Mobley,A83,B83,C83,
59a6a80ce913c1ee51e35c213b85ca13bb78380df68a73fa1ceb164b84c647a6,2021-22,7,Isaac,3,Jarrett Allen,jarrettallen,opening,7,20,1,auction,Jarrett Allen,A82,B82,C82,
59a6a80ce913c1ee51e35c213b85ca13bb78380df68a73fa1ceb164b84c647a6,2021-22,7,Graham,12,Kyle Lowry,kylelowry,opening,6,19,1,auction,Kyle Lowry,A81,B81,C81,
59a6a80ce913c1ee51e35c213b85ca13bb78380df68a73fa1ceb164b84c647a6,2021-22,7,Peter,6,Jordan Clarkson,jordanclarkson,opening,8,19,1,auction,Jordan Clarkson,A84,B84,C84,
59a6a80ce913c1ee51e35c213b85ca13bb78380df68a73fa1ceb164b84c647a6,2021-22,7,Peter,6,Jalen Green,jalengreen,opening,6,18,1,auction,Jalen Green,A82,B82,C82,
59a6a80ce913c1ee51e35c213b85ca13bb78380df68a73fa1ceb164b84c647a6,2021-22,7,Ron,1,Lonzo Ball,lonzoball,opening,4,18,1,auction,Lonzo Ball,A81,B81,C81,
59a6a80ce913c1ee51e35c213b85ca13bb78380df68a73fa1ceb164b84c647a6,2021-22,7,Brent,14,Klay Thompson,klaythompson,opening,9,18,1,auction,Klay Thompson,A86,B86,C86,
59a6a80ce913c1ee51e35c213b85ca13bb78380df68a73fa1ceb164b84c647a6,2021-22,7,Brent,14,Brook Lopez,brooklopez,opening,10,18,1,auction,Brook Lopez,A87,B87,C87,
59a6a80ce913c1ee51e35c213b85ca13bb78380df68a73fa1ceb164b84c647a6,2021-22,7,Isaac,3,Bogdan Bogdanovic,bogdanbogdanovic,opening,9,18,1,auction,Bogdan Bogdanovic,A84,B84,C84,
59a6a80ce913c1ee51e35c213b85ca13bb78380df68a73fa1ceb164b84c647a6,2021-22,7,Ian,9,Harrison Barnes,harrisonbarnes,opening,10,18,1,auction,Harrison Barnes,A85,B85,C85,
59a6a80ce913c1ee51e35c213b85ca13bb78380df68a73fa1ceb164b84c647a6,2021-22,7,Alvin,4,Robert Covington,robertcovington,opening,9,17,1,auction,Robert Covington,A86,B86,C86,
59a6a80ce913c1ee51e35c213b85ca13bb78380df68a73fa1ceb164b84c647a6,2021-22,7,Ron,1,Robert Williams III,robertwilliamsiii,opening,8,17,1,auction,Robert Williams,A85,B85,C85,
59a6a80ce913c1ee51e35c213b85ca13bb78380df68a73fa1ceb164b84c647a6,2021-22,7,Ron,1,Gordon Hayward,gordonhayward,opening,6,16,1,auction,Gordon Hayward,A83,B83,C83,
59a6a80ce913c1ee51e35c213b85ca13bb78380df68a73fa1ceb164b84c647a6,2021-22,7,Joe,10,Derrick White,derrickwhite,opening,8,16,1,auction,Derrick White,A84,B84,C84,
59a6a80ce913c1ee51e35c213b85ca13bb78380df68a73fa1ceb164b84c647a6,2021-22,7,Benji,15,Malcolm Brogdon,malcolmbrogdon,opening,6,16,1,auction,Malcolm Brogdon,A79,B79,C79,
59a6a80ce913c1ee51e35c213b85ca13bb78380df68a73fa1ceb164b84c647a6,2021-22,7,Alvin,4,Nickeil Alexander-Walker,nickeilalexanderwalker,opening,7,15,1,auction,Nickeil Alexander-Walker,A84,B84,C84,
59a6a80ce913c1ee51e35c213b85ca13bb78380df68a73fa1ceb164b84c647a6,2021-22,7,Isaac,3,Jonas Valanciunas,jonasvalanciunas,opening,6,15,1,auction,Jonas Valanciunas,A81,B81,C81,
59a6a80ce913c1ee51e35c213b85ca13bb78380df68a73fa1ceb164b84c647a6,2021-22,7,Arthur,11,De'Andre Hunter,deandrehunter,opening,10,14,1,auction,De'Andre Hunter,A87,B87,C87,
59a6a80ce913c1ee51e35c213b85ca13bb78380df68a73fa1ceb164b84c647a6,2021-22,7,Ron,1,Isaiah Roby,isaiahroby,opening,15,14,1,auction,Isaiah Roby,A92,B92,C92,
59a6a80ce913c1ee51e35c213b85ca13bb78380df68a73fa1ceb164b84c647a6,2021-22,7,Brent,14,Ben Simmons,bensimmons,opening,4,14,1,auction,Ben Simmons,A81,B81,C81,
59a6a80ce913c1ee51e35c213b85ca13bb78380df68a73fa1ceb164b84c647a6,2021-22,7,Jason,13,Norman Powell,normanpowell,opening,7,14,1,auction,Norman Powell,A83,B83,C83,
59a6a80ce913c1ee51e35c213b85ca13bb78380df68a73fa1ceb164b84c647a6,2021-22,7,Alvin,4,Jerami Grant,jeramigrant,opening,5,13,1,auction,Jerami Grant,A82,B82,C82,
59a6a80ce913c1ee51e35c213b85ca13bb78380df68a73fa1ceb164b84c647a6,2021-22,7,Peter,6,Keldon Johnson,keldonjohnson,opening,7,13,1,auction,Keldon Johnson,A83,B83,C83,
59a6a80ce913c1ee51e35c213b85ca13bb78380df68a73fa1ceb164b84c647a6,2021-22,7,Peter,6,Andre Drummond,andredrummond,opening,10,13,1,auction,Andre Drummond,A86,B86,C86,
59a6a80ce913c1ee51e35c213b85ca13bb78380df68a73fa1ceb164b84c647a6,2021-22,7,Darren,2,Draymond Green,draymondgreen,opening,5,13,1,auction,Draymond Green,A82,B82,C82,
59a6a80ce913c1ee51e35c213b85ca13bb78380df68a73fa1ceb164b84c647a6,2021-22,7,Isaac,3,Kemba Walker,kembawalker,opening,5,13,1,auction,Kemba Walker,A80,B80,C80,
59a6a80ce913c1ee51e35c213b85ca13bb78380df68a73fa1ceb164b84c647a6,2021-22,7,Joe,10,Bojan Bogdanovic,bojanbogdanovic,opening,12,13,1,auction,Bojan Bogdanovic,A88,B88,C88,
59a6a80ce913c1ee51e35c213b85ca13bb78380df68a73fa1ceb164b84c647a6,2021-22,7,Mark,8,Marcus Smart,marcussmart,opening,5,13,1,auction,Marcus Smart,A81,B81,C81,
59a6a80ce913c1ee51e35c213b85ca13bb78380df68a73fa1ceb164b84c647a6,2021-22,7,Benji,15,Ivica Zubac,ivicazubac,opening,10,13,1,auction,Ivica Zubac,A83,B83,C83,
59a6a80ce913c1ee51e35c213b85ca13bb78380df68a73fa1ceb164b84c647a6,2021-22,7,Alvin,4,PJ Washington,pjwashington,opening,8,12,1,auction,PJ Washington,A85,B85,C85,
59a6a80ce913c1ee51e35c213b85ca13bb78380df68a73fa1ceb164b84c647a6,2021-22,7,Joe,10,Evan Fournier,evanfournier,opening,9,12,1,auction,Evan Fournier,A85,B85,C85,
59a6a80ce913c1ee51e35c213b85ca13bb78380df68a73fa1ceb164b84c647a6,2021-22,7,Jason,13,Alperen Sengun,alperensengun,opening,8,12,1,auction,Alperen Sengun,A84,B84,C84,
59a6a80ce913c1ee51e35c213b85ca13bb78380df68a73fa1ceb164b84c647a6,2021-22,7,Benji,15,Kawhi Leonard,kawhileonard,opening,5,12,1,auction,Kawhi Leonard,A78,B78,C78,
59a6a80ce913c1ee51e35c213b85ca13bb78380df68a73fa1ceb164b84c647a6,2021-22,7,Peter,6,D'Angelo Russell,dangelorussell,opening,5,11,1,auction,D'Angelo Russell,A81,B81,C81,
59a6a80ce913c1ee51e35c213b85ca13bb78380df68a73fa1ceb164b84c647a6,2021-22,7,Peter,6,Duncan Robinson,duncanrobinson,opening,9,11,1,auction,Duncan Robinson,A85,B85,C85,
59a6a80ce913c1ee51e35c213b85ca13bb78380df68a73fa1ceb164b84c647a6,2021-22,7,Kerry,7,Chris Boucher,chrisboucher,opening,5,11,1,auction,Chris Boucher,A82,B82,C82,
59a6a80ce913c1ee51e35c213b85ca13bb78380df68a73fa1ceb164b84c647a6,2021-22,7,Arthur,11,Jalen Suggs,jalensuggs,opening,4,11,1,auction,Jalen Suggs,A81,B81,C81,
59a6a80ce913c1ee51e35c213b85ca13bb78380df68a73fa1ceb164b84c647a6,2021-22,7,Joe,10,Buddy Hield,buddyhield,opening,6,11,1,auction,Buddy Hield,A82,B82,C82,
59a6a80ce913c1ee51e35c213b85ca13bb78380df68a73fa1ceb164b84c647a6,2021-22,7,Ian,9,Jamal Murray,jamalmurray,opening,3,11,1,auction,Jamal Murray,A78,B78,C78,
59a6a80ce913c1ee51e35c213b85ca13bb78380df68a73fa1ceb164b84c647a6,2021-22,7,Jason,13,Seth Curry,sethcurry,opening,10,11,1,auction,Seth Curry,A86,B86,C86,
59a6a80ce913c1ee51e35c213b85ca13bb78380df68a73fa1ceb164b84c647a6,2021-22,7,Benji,15,Nerlens Noel,nerlensnoel,opening,9,11,1,auction,Nerlens Noel,A82,B82,C82,
59a6a80ce913c1ee51e35c213b85ca13bb78380df68a73fa1ceb164b84c647a6,2021-22,7,Alvin,4,Tyler Herro,tylerherro,opening,10,10,1,auction,Tyler Herro,A87,B87,C87,
59a6a80ce913c1ee51e35c213b85ca13bb78380df68a73fa1ceb164b84c647a6,2021-22,7,Arthur,11,Scottie Barnes,scottiebarnes,opening,6,10,1,auction,Scottie Barnes,A83,B83,C83,
59a6a80ce913c1ee51e35c213b85ca13bb78380df68a73fa1ceb164b84c647a6,2021-22,7,Arthur,11,Mike Conley,mikeconley,opening,7,10,1,auction,Mike Conley,A84,B84,C84,
59a6a80ce913c1ee51e35c213b85ca13bb78380df68a73fa1ceb164b84c647a6,2021-22,7,Joe,10,Andrew Wiggins,andrewwiggins,opening,3,10,1,auction,Andrew Wiggins,A79,B79,C79,
59a6a80ce913c1ee51e35c213b85ca13bb78380df68a73fa1ceb164b84c647a6,2021-22,7,Mark,8,Jakob Poeltl,jakobpoeltl,opening,9,10,1,auction,Jakob Poeltl,A85,B85,C85,
59a6a80ce913c1ee51e35c213b85ca13bb78380df68a73fa1ceb164b84c647a6,2021-22,7,Kerry,7,Joe Harris,joeharris,opening,10,9,1,auction,Joe Harris,A87,B87,C87,
59a6a80ce913c1ee51e35c213b85ca13bb78380df68a73fa1ceb164b84c647a6,2021-22,7,Ron,1,Tim Hardaway Jr.,timhardawayjr,opening,11,9,1,auction,Tim Hardaway Jr.,A88,B88,C88,
59a6a80ce913c1ee51e35c213b85ca13bb78380df68a73fa1ceb164b84c647a6,2021-22,7,Max,5,Lauri Markkanen,laurimarkkanen,opening,7,9,1,auction,Lauri Markkanen,A84,B84,C84,
59a6a80ce913c1ee51e35c213b85ca13bb78380df68a73fa1ceb164b84c647a6,2021-22,7,Ian,9,Dennis Schroder,dennisschroder,opening,8,9,1,auction,Dennis Schroder,A83,B83,C83,
59a6a80ce913c1ee51e35c213b85ca13bb78380df68a73fa1ceb164b84c647a6,2021-22,7,Brent,14,Gary Trent Jr.,garytrentjr,opening,11,8,1,auction,Gary Trent Jr.,A88,B88,C88,
59a6a80ce913c1ee51e35c213b85ca13bb78380df68a73fa1ceb164b84c647a6,2021-22,7,Max,5,Wendell Carter Jr.,wendellcarterjr,opening,5,8,1,auction,Wendell Carter Jr.,A82,B82,C82,
59a6a80ce913c1ee51e35c213b85ca13bb78380df68a73fa1ceb164b84c647a6,2021-22,7,Ian,9,Caris LeVert,carislevert,opening,6,8,1,auction,Caris LeVert,A81,B81,C81,
59a6a80ce913c1ee51e35c213b85ca13bb78380df68a73fa1ceb164b84c647a6,2021-22,7,Ian,9,Steven Adams,stevenadams,opening,11,8,1,auction,Steven Adams,A86,B86,C86,
59a6a80ce913c1ee51e35c213b85ca13bb78380df68a73fa1ceb164b84c647a6,2021-22,7,Jason,13,Kelly Olynyk,kellyolynyk,opening,6,8,1,auction,Kelly Olynyk,A82,B82,C82,
59a6a80ce913c1ee51e35c213b85ca13bb78380df68a73fa1ceb164b84c647a6,2021-22,7,Alvin,4,Tyrese Maxey,tyresemaxey,opening,15,7,1,auction,Tyrese Maxey,A92,B92,C92,
59a6a80ce913c1ee51e35c213b85ca13bb78380df68a73fa1ceb164b84c647a6,2021-22,7,Kerry,7,Aaron Gordon,aarongordon,opening,6,7,1,auction,Aaron Gordon,A83,B83,C83,
59a6a80ce913c1ee51e35c213b85ca13bb78380df68a73fa1ceb164b84c647a6,2021-22,7,Arthur,11,Daniel Gafford,danielgafford,opening,8,7,1,auction,Daniel Gafford,A85,B85,C85,
59a6a80ce913c1ee51e35c213b85ca13bb78380df68a73fa1ceb164b84c647a6,2021-22,7,Ian,9,Terance Mann,terancemann,opening,12,7,1,auction,Terance Mann,A87,B87,C87,
59a6a80ce913c1ee51e35c213b85ca13bb78380df68a73fa1ceb164b84c647a6,2021-22,7,Mark,8,Luguentz Dort,luguentzdort,opening,8,7,1,auction,Luguentz Dort,A84,B84,C84,
59a6a80ce913c1ee51e35c213b85ca13bb78380df68a73fa1ceb164b84c647a6,2021-22,7,Benji,15,Dillon Brooks,dillonbrooks,opening,14,7,1,auction,Dillon Brooks,A87,B87,C87,
59a6a80ce913c1ee51e35c213b85ca13bb78380df68a73fa1ceb164b84c647a6,2021-22,7,Alvin,4,Spencer Dinwiddie,spencerdinwiddie,opening,6,6,1,auction,Spencer Dinwiddie,A83,B83,C83,
59a6a80ce913c1ee51e35c213b85ca13bb78380df68a73fa1ceb164b84c647a6,2021-22,7,Kerry,7,Reggie Jackson,reggiejackson,opening,9,6,1,auction,Reggie Jackson,A86,B86,C86,
59a6a80ce913c1ee51e35c213b85ca13bb78380df68a73fa1ceb164b84c647a6,2021-22,7,Isaac,3,Josh Richardson,joshrichardson,opening,15,6,1,auction,Josh Richardson,A90,B90,C90,
59a6a80ce913c1ee51e35c213b85ca13bb78380df68a73fa1ceb164b84c647a6,2021-22,7,Joe,10,Saddiq Bey,saddiqbey,opening,10,6,1,auction,Saddiq Bey,A86,B86,C86,
59a6a80ce913c1ee51e35c213b85ca13bb78380df68a73fa1ceb164b84c647a6,2021-22,7,Joe,10,Derrick Rose,derrickrose,opening,14,6,1,auction,Derrick Rose,A90,B90,C90,
59a6a80ce913c1ee51e35c213b85ca13bb78380df68a73fa1ceb164b84c647a6,2021-22,7,Mark,8,Al Horford,alhorford,opening,7,6,1,auction,Al Horford,A83,B83,C83,
59a6a80ce913c1ee51e35c213b85ca13bb78380df68a73fa1ceb164b84c647a6,2021-22,7,Jason,13,Marcus Morris Sr,marcusmorrissr,opening,12,6,1,auction,Marcus Morris Sr.,A88,B88,C88,
59a6a80ce913c1ee51e35c213b85ca13bb78380df68a73fa1ceb164b84c647a6,2021-22,7,Kerry,7,Mitchell Robinson,mitchellrobinson,opening,4,5,1,auction,Mitchell Robinson,A81,B81,C81,
59a6a80ce913c1ee51e35c213b85ca13bb78380df68a73fa1ceb164b84c647a6,2021-22,7,Kerry,7,Larry Nance Jr.,larrynancejr,opening,7,5,1,auction,Larry Nance Jr.,A84,B84,C84,
59a6a80ce913c1ee51e35c213b85ca13bb78380df68a73fa1ceb164b84c647a6,2021-22,7,Darren,2,Kyle Anderson,kyleanderson,opening,7,5,1,auction,Kyle Anderson,A84,B84,C84,
59a6a80ce913c1ee51e35c213b85ca13bb78380df68a73fa1ceb164b84c647a6,2021-22,7,Arthur,11,Jonathan Isaac,jonathanisaac,opening,5,5,1,auction,Jonathan Isaac,A82,B82,C82,
59a6a80ce913c1ee51e35c213b85ca13bb78380df68a73fa1ceb164b84c647a6,2021-22,7,Ron,1,Mason Plumlee,masonplumlee,opening,9,5,1,auction,Mason Plumlee,A86,B86,C86,
59a6a80ce913c1ee51e35c213b85ca13bb78380df68a73fa1ceb164b84c647a6,2021-22,7,Max,5,Monte Morris,montemorris,opening,9,5,1,auction,Monte Morris,A86,B86,C86,
59a6a80ce913c1ee51e35c213b85ca13bb78380df68a73fa1ceb164b84c647a6,2021-22,7,Ian,9,Devonte' Graham,devontegraham,opening,9,5,1,auction,Devonte' Graham,A84,B84,C84,
59a6a80ce913c1ee51e35c213b85ca13bb78380df68a73fa1ceb164b84c647a6,2021-22,7,Mark,8,Aleksej Pokusevski,aleksejpokusevski,opening,6,5,1,auction,Aleksej Pokusevski,A82,B82,C82,
59a6a80ce913c1ee51e35c213b85ca13bb78380df68a73fa1ceb164b84c647a6,2021-22,7,Peter,6,Obi Toppin,obitoppin,opening,15,4,1,auction,Obi Toppin,A91,B91,C91,
59a6a80ce913c1ee51e35c213b85ca13bb78380df68a73fa1ceb164b84c647a6,2021-22,7,Kerry,7,Doug McDermott,dougmcdermott,opening,11,4,1,auction,Doug McDermott,A88,B88,C88,
59a6a80ce913c1ee51e35c213b85ca13bb78380df68a73fa1ceb164b84c647a6,2021-22,7,Arthur,11,Cole Anthony,coleanthony,opening,13,4,1,auction,Cole Anthony,A90,B90,C90,
59a6a80ce913c1ee51e35c213b85ca13bb78380df68a73fa1ceb164b84c647a6,2021-22,7,Ron,1,Mo Bamba,mobamba,opening,10,4,1,auction,Mo Bamba,A87,B87,C87,
59a6a80ce913c1ee51e35c213b85ca13bb78380df68a73fa1ceb164b84c647a6,2021-22,7,Brent,14,Joe Ingles,joeingles,opening,7,4,1,auction,Joe Ingles,A84,B84,C84,
59a6a80ce913c1ee51e35c213b85ca13bb78380df68a73fa1ceb164b84c647a6,2021-22,7,Brent,14,Goran Dragic,gorandragic,opening,8,4,1,auction,Goran Dragic,A85,B85,C85,
59a6a80ce913c1ee51e35c213b85ca13bb78380df68a73fa1ceb164b84c647a6,2021-22,7,Max,5,Montrezl Harrell,montrezlharrell,opening,6,4,1,auction,Montrezl Harrell,A83,B83,C83,
59a6a80ce913c1ee51e35c213b85ca13bb78380df68a73fa1ceb164b84c647a6,2021-22,7,Max,5,Rui Hachimura,ruihachimura,opening,8,4,1,auction,Rui Hachimura,A85,B85,C85,
59a6a80ce913c1ee51e35c213b85ca13bb78380df68a73fa1ceb164b84c647a6,2021-22,7,Isaac,3,Kelly Oubre Jr.,kellyoubrejr,opening,10,4,1,auction,Kelly Oubre Jr.,A85,B85,C85,
59a6a80ce913c1ee51e35c213b85ca13bb78380df68a73fa1ceb164b84c647a6,2021-22,7,Ian,9,TJ Warren,tjwarren,opening,7,4,1,auction,TJ Warren,A82,B82,C82,
59a6a80ce913c1ee51e35c213b85ca13bb78380df68a73fa1ceb164b84c647a6,2021-22,7,Mark,8,Derrick Favors,derrickfavors,opening,11,4,1,auction,Derrick Favors,A87,B87,C87,
59a6a80ce913c1ee51e35c213b85ca13bb78380df68a73fa1ceb164b84c647a6,2021-22,7,Jason,13,Danilo Gallinari,danilogallinari,opening,9,4,1,auction,Danilo Gallinari,A85,B85,C85,
59a6a80ce913c1ee51e35c213b85ca13bb78380df68a73fa1ceb164b84c647a6,2021-22,7,Benji,15,Will Barton,willbarton,opening,13,4,1,auction,Will Barton,A86,B86,C86,
59a6a80ce913c1ee51e35c213b85ca13bb78380df68a73fa1ceb164b84c647a6,2021-22,7,Graham,12,Bobby Portis,bobbyportis,opening,7,3,1,auction,Bobby Portis,A82,B82,C82,
59a6a80ce913c1ee51e35c213b85ca13bb78380df68a73fa1ceb164b84c647a6,2021-22,7,Alvin,4,Jaden McDaniels,jadenmcdaniels,opening,11,3,1,auction,Jaden McDaniels,A88,B88,C88,
59a6a80ce913c1ee51e35c213b85ca13bb78380df68a73fa1ceb164b84c647a6,2021-22,7,Peter,6,TJ McConnell,tjmcconnell,opening,11,3,1,auction,TJ McConnell,A87,B87,C87,
59a6a80ce913c1ee51e35c213b85ca13bb78380df68a73fa1ceb164b84c647a6,2021-22,7,Kerry,7,Patrick Williams,patrickwilliams,opening,8,3,1,auction,Patrick Williams,A85,B85,C85,
59a6a80ce913c1ee51e35c213b85ca13bb78380df68a73fa1ceb164b84c647a6,2021-22,7,Kerry,7,Desmond Bane,desmondbane,opening,13,3,1,auction,Desmond Bane,A90,B90,C90,
59a6a80ce913c1ee51e35c213b85ca13bb78380df68a73fa1ceb164b84c647a6,2021-22,7,Arthur,11,Thaddeus Young,thaddeusyoung,opening,11,3,1,auction,Thaddeus Young,A88,B88,C88,
59a6a80ce913c1ee51e35c213b85ca13bb78380df68a73fa1ceb164b84c647a6,2021-22,7,Isaac,3,Eric Bledsoe,ericbledsoe,opening,12,3,1,auction,Eric Bledsoe,A87,B87,C87,
59a6a80ce913c1ee51e35c213b85ca13bb78380df68a73fa1ceb164b84c647a6,2021-22,7,Joe,10,Terrence Ross,terrenceross,opening,13,3,1,auction,Terrence Ross,A89,B89,C89,
59a6a80ce913c1ee51e35c213b85ca13bb78380df68a73fa1ceb164b84c647a6,2021-22,7,Jason,13,Serge Ibaka,sergeibaka,opening,13,3,1,auction,Serge Ibaka,A89,B89,C89,
59a6a80ce913c1ee51e35c213b85ca13bb78380df68a73fa1ceb164b84c647a6,2021-22,7,Benji,15,James Wiseman,jameswiseman,opening,8,3,1,auction,James Wiseman,A81,B81,C81,
59a6a80ce913c1ee51e35c213b85ca13bb78380df68a73fa1ceb164b84c647a6,2021-22,7,Benji,15,Kevin Huerter,kevinhuerter,opening,11,3,1,auction,Kevin Huerter,A84,B84,C84,
59a6a80ce913c1ee51e35c213b85ca13bb78380df68a73fa1ceb164b84c647a6,2021-22,7,Benji,15,Jae'Sean Tate,jaeseantate,opening,12,3,1,auction,Jae'Sean Tate,A85,B85,C85,
59a6a80ce913c1ee51e35c213b85ca13bb78380df68a73fa1ceb164b84c647a6,2021-22,7,Graham,12,Patty Mills,pattymills,opening,9,2,1,auction,Patty Mills,A84,B84,C84,
59a6a80ce913c1ee51e35c213b85ca13bb78380df68a73fa1ceb164b84c647a6,2021-22,7,Graham,12,Talen Horton-Tucker,talenhortontucker,opening,14,2,1,auction,Talen Horton-Tucker,A89,B89,C89,
59a6a80ce913c1ee51e35c213b85ca13bb78380df68a73fa1ceb164b84c647a6,2021-22,7,Alvin,4,Ricky Rubio,rickyrubio,opening,13,2,1,auction,Ricky Rubio,A90,B90,C90,
59a6a80ce913c1ee51e35c213b85ca13bb78380df68a73fa1ceb164b84c647a6,2021-22,7,Kerry,7,Jalen Brunson,jalenbrunson,opening,12,2,1,auction,Jalen Brunson,A89,B89,C89,
59a6a80ce913c1ee51e35c213b85ca13bb78380df68a73fa1ceb164b84c647a6,2021-22,7,Darren,2,Cameron Payne,cameronpayne,opening,9,2,1,auction,Cameron Payne,A86,B86,C86,
59a6a80ce913c1ee51e35c213b85ca13bb78380df68a73fa1ceb164b84c647a6,2021-22,7,Darren,2,Thomas Bryant,thomasbryant,opening,11,2,1,auction,Thomas Bryant,A88,B88,C88,
59a6a80ce913c1ee51e35c213b85ca13bb78380df68a73fa1ceb164b84c647a6,2021-22,7,Arthur,11,Josh Giddey,joshgiddey,opening,12,2,1,auction,Josh Giddey,A89,B89,C89,
59a6a80ce913c1ee51e35c213b85ca13bb78380df68a73fa1ceb164b84c647a6,2021-22,7,Arthur,11,Khem Birch,khembirch,opening,14,2,1,auction,Khem Birch,A91,B91,C91,
59a6a80ce913c1ee51e35c213b85ca13bb78380df68a73fa1ceb164b84c647a6,2021-22,7,Ron,1,Shake Milton,shakemilton,opening,12,2,1,auction,Shake Milton,A89,B89,C89,
59a6a80ce913c1ee51e35c213b85ca13bb78380df68a73fa1ceb164b84c647a6,2021-22,7,Max,5,Victor Oladipo,victoroladipo,opening,11,2,1,auction,Victor Oladipo,A88,B88,C88,
59a6a80ce913c1ee51e35c213b85ca13bb78380df68a73fa1ceb164b84c647a6,2021-22,7,Joe,10,Kyle Kuzma,kylekuzma,opening,11,2,1,auction,Kyle Kuzma,A87,B87,C87,
59a6a80ce913c1ee51e35c213b85ca13bb78380df68a73fa1ceb164b84c647a6,2021-22,7,Mark,8,Enes Kanter,eneskanter,opening,10,2,1,auction,Enes Freedom,A86,B86,C86,
59a6a80ce913c1ee51e35c213b85ca13bb78380df68a73fa1ceb164b84c647a6,2021-22,7,Mark,8,LaMarcus Aldridge,lamarcusaldridge,opening,12,2,1,auction,LaMarcus Aldridge,A88,B88,C88,
59a6a80ce913c1ee51e35c213b85ca13bb78380df68a73fa1ceb164b84c647a6,2021-22,7,Mark,8,Darius Bazley,dariusbazley,opening,13,2,1,auction,Darius Bazley,A89,B89,C89,
59a6a80ce913c1ee51e35c213b85ca13bb78380df68a73fa1ceb164b84c647a6,2021-22,7,Mark,8,Danny Green,dannygreen,opening,14,2,1,auction,Danny Green,A90,B90,C90,
59a6a80ce913c1ee51e35c213b85ca13bb78380df68a73fa1ceb164b84c647a6,2021-22,7,Jason,13,Davis Bertans,davisbertans,opening,11,2,1,auction,Davis Bertans,A87,B87,C87,
59a6a80ce913c1ee51e35c213b85ca13bb78380df68a73fa1ceb164b84c647a6,2021-22,7,Jason,13,Brandon Clarke,brandonclarke,opening,14,2,1,auction,Brandon Clarke,A90,B90,C90,
59a6a80ce913c1ee51e35c213b85ca13bb78380df68a73fa1ceb164b84c647a6,2021-22,7,Graham,12,Daniel Theis,danieltheis,opening,8,1,1,auction,Daniel Theis,A83,B83,C83,
59a6a80ce913c1ee51e35c213b85ca13bb78380df68a73fa1ceb164b84c647a6,2021-22,7,Graham,12,Nic Claxton,nicclaxton,opening,10,1,1,auction,Nicolas Claxton,A85,B85,C85,
59a6a80ce913c1ee51e35c213b85ca13bb78380df68a73fa1ceb164b84c647a6,2021-22,7,Graham,12,Donte DiVincenzo,dontedivincenzo,opening,11,1,1,auction,Donte DiVincenzo,A86,B86,C86,
59a6a80ce913c1ee51e35c213b85ca13bb78380df68a73fa1ceb164b84c647a6,2021-22,7,Graham,12,Facundo Campazzo,facundocampazzo,opening,12,1,1,auction,Facundo Campazzo,A87,B87,C87,
59a6a80ce913c1ee51e35c213b85ca13bb78380df68a73fa1ceb164b84c647a6,2021-22,7,Graham,12,Juan Toscano-Anderson,juantoscanoanderson,opening,13,1,1,auction,Juan Toscano-Anderson,A88,B88,C88,
59a6a80ce913c1ee51e35c213b85ca13bb78380df68a73fa1ceb164b84c647a6,2021-22,7,Graham,12,Xavier Tillman,xaviertillman,opening,15,1,1,auction,Xavier Tillman,A90,B90,C90,
59a6a80ce913c1ee51e35c213b85ca13bb78380df68a73fa1ceb164b84c647a6,2021-22,7,Alvin,4,Isaac Okoro,isaacokoro,opening,14,1,1,auction,Isaac Okoro,A91,B91,C91,
59a6a80ce913c1ee51e35c213b85ca13bb78380df68a73fa1ceb164b84c647a6,2021-22,7,Peter,6,Kevin Love,kevinlove,opening,12,1,1,auction,Kevin Love,A88,B88,C88,
59a6a80ce913c1ee51e35c213b85ca13bb78380df68a73fa1ceb164b84c647a6,2021-22,7,Peter,6,Jeremy Lamb,jeremylamb,opening,13,1,1,auction,Jeremy Lamb,A89,B89,C89,
59a6a80ce913c1ee51e35c213b85ca13bb78380df68a73fa1ceb164b84c647a6,2021-22,7,Peter,6,KJ Martin,kjmartin,opening,14,1,1,auction,KJ Martin,A90,B90,C90,
59a6a80ce913c1ee51e35c213b85ca13bb78380df68a73fa1ceb164b84c647a6,2021-22,7,Kerry,7,Matisse Thybulle,matissethybulle,opening,14,1,1,auction,Matisse Thybulle,A91,B91,C91,
59a6a80ce913c1ee51e35c213b85ca13bb78380df68a73fa1ceb164b84c647a6,2021-22,7,Kerry,7,Dwight Howard,dwighthoward,opening,15,1,1,auction,Dwight Howard,A92,B92,C92,
59a6a80ce913c1ee51e35c213b85ca13bb78380df68a73fa1ceb164b84c647a6,2021-22,7,Darren,2,Precious Achiuwa,preciousachiuwa,opening,8,1,1,auction,Precious Achiuwa,A85,B85,C85,
59a6a80ce913c1ee51e35c213b85ca13bb78380df68a73fa1ceb164b84c647a6,2021-22,7,Darren,2,Royce O'Neale,royceoneale,opening,10,1,1,auction,Royce O'Neale,A87,B87,C87,
59a6a80ce913c1ee51e35c213b85ca13bb78380df68a73fa1ceb164b84c647a6,2021-22,7,Darren,2,Naz Reid,nazreid,opening,12,1,1,auction,Naz Reid,A89,B89,C89,
59a6a80ce913c1ee51e35c213b85ca13bb78380df68a73fa1ceb164b84c647a6,2021-22,7,Darren,2,Payton Pritchard,paytonpritchard,opening,13,1,1,auction,Payton Pritchard,A90,B90,C90,
59a6a80ce913c1ee51e35c213b85ca13bb78380df68a73fa1ceb164b84c647a6,2021-22,7,Darren,2,Moses Brown,mosesbrown,opening,14,1,1,auction,Moses Brown,A91,B91,C91,
59a6a80ce913c1ee51e35c213b85ca13bb78380df68a73fa1ceb164b84c647a6,2021-22,7,Darren,2,Eric Paschall,ericpaschall,opening,15,1,1,auction,Eric Paschall,A92,B92,C92,
59a6a80ce913c1ee51e35c213b85ca13bb78380df68a73fa1ceb164b84c647a6,2021-22,7,Arthur,11,Malik Monk,malikmonk,opening,9,1,1,auction,Malik Monk,A86,B86,C86,
59a6a80ce913c1ee51e35c213b85ca13bb78380df68a73fa1ceb164b84c647a6,2021-22,7,Arthur,11,Trey Murphy III,treymurphyiii,opening,15,1,1,auction,Trey Murphy III,A92,B92,C92,
59a6a80ce913c1ee51e35c213b85ca13bb78380df68a73fa1ceb164b84c647a6,2021-22,7,Ron,1,Jordan Poole,jordanpoole,opening,13,1,1,auction,Jordan Poole,A90,B90,C90,
59a6a80ce913c1ee51e35c213b85ca13bb78380df68a73fa1ceb164b84c647a6,2021-22,7,Ron,1,De'Anthony Melton,deanthonymelton,opening,14,1,1,auction,De'Anthony Melton,A91,B91,C91,
59a6a80ce913c1ee51e35c213b85ca13bb78380df68a73fa1ceb164b84c647a6,2021-22,7,Brent,14,Malachi Flynn,malachiflynn,opening,12,1,1,auction,Malachi Flynn,A89,B89,C89,
59a6a80ce913c1ee51e35c213b85ca13bb78380df68a73fa1ceb164b84c647a6,2021-22,7,Brent,14,Nicolas Batum,nicolasbatum,opening,13,1,1,auction,Nicolas Batum,A90,B90,C90,
59a6a80ce913c1ee51e35c213b85ca13bb78380df68a73fa1ceb164b84c647a6,2021-22,7,Brent,14,Jonathan Kuminga,jonathankuminga,opening,14,1,1,auction,Jonathan Kuminga,A91,B91,C91,
59a6a80ce913c1ee51e35c213b85ca13bb78380df68a73fa1ceb164b84c647a6,2021-22,7,Brent,14,Otto Porter Jr,ottoporterjr,opening,15,1,1,auction,Otto Porter Jr.,A92,B92,C92,
59a6a80ce913c1ee51e35c213b85ca13bb78380df68a73fa1ceb164b84c647a6,2021-22,7,Max,5,Cameron Johnson,cameronjohnson,opening,10,1,1,auction,Cameron Johnson,A87,B87,C87,
59a6a80ce913c1ee51e35c213b85ca13bb78380df68a73fa1ceb164b84c647a6,2021-22,7,Max,5,Coby White,cobywhite,opening,12,1,1,auction,Coby White,A89,B89,C89,
59a6a80ce913c1ee51e35c213b85ca13bb78380df68a73fa1ceb164b84c647a6,2021-22,7,Max,5,Justin Holiday,justinholiday,opening,13,1,1,auction,Justin Holiday,A90,B90,C90,
59a6a80ce913c1ee51e35c213b85ca13bb78380df68a73fa1ceb164b84c647a6,2021-22,7,Max,5,Blake Griffin,blakegriffin,opening,14,1,1,auction,Blake Griffin,A91,B91,C91,
59a6a80ce913c1ee51e35c213b85ca13bb78380df68a73fa1ceb164b84c647a6,2021-22,7,Max,5,Tomas Satoransky,tomassatoransky,opening,15,1,1,auction,Tomas Satoransky,A92,B92,C92,
59a6a80ce913c1ee51e35c213b85ca13bb78380df68a73fa1ceb164b84c647a6,2021-22,7,Isaac,3,Killian Hayes,killianhayes,opening,11,1,1,auction,Killian Hayes,A86,B86,C86,
59a6a80ce913c1ee51e35c213b85ca13bb78380df68a73fa1ceb164b84c647a6,2021-22,7,Isaac,3,Josh Hart,joshhart,opening,13,1,1,auction,Josh Hart,A88,B88,C88,
59a6a80ce913c1ee51e35c213b85ca13bb78380df68a73fa1ceb164b84c647a6,2021-22,7,Isaac,3,Derrick Jones Jr.,derrickjonesjr,opening,14,1,1,auction,Derrick Jones Jr.,A89,B89,C89,
59a6a80ce913c1ee51e35c213b85ca13bb78380df68a73fa1ceb164b84c647a6,2021-22,7,Joe,10,Jeff Green,jeffgreen,opening,15,1,1,auction,Jeff Green,A91,B91,C91,
59a6a80ce913c1ee51e35c213b85ca13bb78380df68a73fa1ceb164b84c647a6,2021-22,7,Ian,9,Chuma Okeke,chumaokeke,opening,13,1,1,auction,Chuma Okeke,A88,B88,C88,
59a6a80ce913c1ee51e35c213b85ca13bb78380df68a73fa1ceb164b84c647a6,2021-22,7,Ian,9,Marvin Bagley III,marvinbagleyiii,opening,14,1,1,auction,Marvin Bagley III,A89,B89,C89,
59a6a80ce913c1ee51e35c213b85ca13bb78380df68a73fa1ceb164b84c647a6,2021-22,7,Ian,9,Immanuel Quickley,immanuelquickley,opening,15,1,1,auction,Immanuel Quickley,A90,B90,C90,
59a6a80ce913c1ee51e35c213b85ca13bb78380df68a73fa1ceb164b84c647a6,2021-22,7,Mark,8,Alex Caruso,alexcaruso,opening,15,1,1,auction,Alex Caruso,A91,B91,C91,
59a6a80ce913c1ee51e35c213b85ca13bb78380df68a73fa1ceb164b84c647a6,2021-22,7,Jason,13,Kendrick Nunn,kendricknunn,opening,15,1,1,auction,Kendrick Nunn,A91,B91,C91,
59a6a80ce913c1ee51e35c213b85ca13bb78380df68a73fa1ceb164b84c647a6,2021-22,7,Benji,15,John Wall,johnwall,opening,7,1,1,auction,John Wall,A80,B80,C80,
59a6a80ce913c1ee51e35c213b85ca13bb78380df68a73fa1ceb164b84c647a6,2021-22,7,Benji,15,Dorian Finney-Smith,dorianfinneysmith,opening,15,1,1,auction,Dorian Finney-Smith,A88,B88,C88,
59a6a80ce913c1ee51e35c213b85ca13bb78380df68a73fa1ceb164b84c647a6,2020-21,6,Ian,2,James Harden,jamesharden,opening,3,71,1,auction,James Harden,A98,B98,C98,
59a6a80ce913c1ee51e35c213b85ca13bb78380df68a73fa1ceb164b84c647a6,2020-21,6,Mark,10,Stephen Curry,stephencurry,opening,3,71,1,auction,Stephen Curry,A99,B99,C99,
59a6a80ce913c1ee51e35c213b85ca13bb78380df68a73fa1ceb164b84c647a6,2020-21,6,Joe,13,Paul George,paulgeorge,opening,3,54,1,auction,Paul George,A99,B99,C99,
59a6a80ce913c1ee51e35c213b85ca13bb78380df68a73fa1ceb164b84c647a6,2020-21,6,Darren,8,Jimmy Butler,jimmybutler,opening,3,53,1,auction,Jimmy Butler,A100,B100,C100,
59a6a80ce913c1ee51e35c213b85ca13bb78380df68a73fa1ceb164b84c647a6,2020-21,6,Brent,9,LeBron James,lebronjames,opening,3,49,1,auction,LeBron James,A100,B100,C100,
59a6a80ce913c1ee51e35c213b85ca13bb78380df68a73fa1ceb164b84c647a6,2020-21,6,Graham,7,Bradley Beal,bradleybeal,opening,3,44,1,auction,Bradley Beal,A98,B98,C98,
59a6a80ce913c1ee51e35c213b85ca13bb78380df68a73fa1ceb164b84c647a6,2020-21,6,Max,14,Jusuf Nurkic,jusufnurkic,opening,3,39,1,auction,Jusuf Nurkic,A100,B100,C100,
59a6a80ce913c1ee51e35c213b85ca13bb78380df68a73fa1ceb164b84c647a6,2020-21,6,Joe,13,Nikola Vucevic,nikolavucevic,opening,4,37,1,auction,Nikola Vucevic,A100,B100,C100,
59a6a80ce913c1ee51e35c213b85ca13bb78380df68a73fa1ceb164b84c647a6,2020-21,6,Jason,1,Khris Middleton,khrismiddleton,opening,3,37,1,auction,Khris Middleton,A99,B99,C99,
59a6a80ce913c1ee51e35c213b85ca13bb78380df68a73fa1ceb164b84c647a6,2020-21,6,Benji,11,Rudy Gobert,rudygobert,opening,3,33,1,auction,Rudy Gobert,A95,B95,C95,
59a6a80ce913c1ee51e35c213b85ca13bb78380df68a73fa1ceb164b84c647a6,2020-21,6,Arthur,5,Chris Paul,chrispaul,opening,3,32,1,auction,Chris Paul,A100,B100,C100,
59a6a80ce913c1ee51e35c213b85ca13bb78380df68a73fa1ceb164b84c647a6,2020-21,6,Peter,6,D'Angelo Russell,dangelorussell,opening,4,31,1,auction,D'Angelo Russell,A100,B100,C100,
59a6a80ce913c1ee51e35c213b85ca13bb78380df68a73fa1ceb164b84c647a6,2020-21,6,Darren,8,DeMar DeRozan,demarderozan,opening,5,31,1,auction,DeMar DeRozan,A102,B102,C102,
59a6a80ce913c1ee51e35c213b85ca13bb78380df68a73fa1ceb164b84c647a6,2020-21,6,Jason,1,Domantas Sabonis,domantassabonis,opening,4,30,1,auction,Domantas Sabonis,A100,B100,C100,
59a6a80ce913c1ee51e35c213b85ca13bb78380df68a73fa1ceb164b84c647a6,2020-21,6,Alvin,3,Kyle Lowry,kylelowry,opening,3,29,1,auction,Kyle Lowry,A100,B100,C100,
59a6a80ce913c1ee51e35c213b85ca13bb78380df68a73fa1ceb164b84c647a6,2020-21,6,Ron,15,Fred VanVleet,fredvanvleet,opening,3,29,1,auction,Fred VanVleet,A100,B100,C100,
59a6a80ce913c1ee51e35c213b85ca13bb78380df68a73fa1ceb164b84c647a6,2020-21,6,Kerry,12,Malcolm Brogdon,malcolmbrogdon,opening,7,27,1,auction,Malcolm Brogdon,A104,B104,C104,
59a6a80ce913c1ee51e35c213b85ca13bb78380df68a73fa1ceb164b84c647a6,2020-21,6,Kerry,12,Christian Wood,christianwood,opening,5,26,1,auction,Christian Wood,A102,B102,C102,
59a6a80ce913c1ee51e35c213b85ca13bb78380df68a73fa1ceb164b84c647a6,2020-21,6,Darren,8,LaMarcus Aldridge,lamarcusaldridge,opening,4,26,1,auction,LaMarcus Aldridge,A101,B101,C101,
59a6a80ce913c1ee51e35c213b85ca13bb78380df68a73fa1ceb164b84c647a6,2020-21,6,Max,14,Jonas Valanciunas,jonasvalanciunas,opening,5,26,1,auction,Jonas Valanciunas,A102,B102,C102,
59a6a80ce913c1ee51e35c213b85ca13bb78380df68a73fa1ceb164b84c647a6,2020-21,6,Jason,1,Tobias Harris,tobiasharris,opening,6,26,1,auction,Tobias Harris,A102,B102,C102,
59a6a80ce913c1ee51e35c213b85ca13bb78380df68a73fa1ceb164b84c647a6,2020-21,6,Alvin,3,Myles Turner,mylesturner,opening,5,25,1,auction,Myles Turner,A102,B102,C102,
59a6a80ce913c1ee51e35c213b85ca13bb78380df68a73fa1ceb164b84c647a6,2020-21,6,Brent,9,John Wall,johnwall,opening,4,25,1,auction,John Wall,A101,B101,C101,
59a6a80ce913c1ee51e35c213b85ca13bb78380df68a73fa1ceb164b84c647a6,2020-21,6,Isaac,4,Buddy Hield,buddyhield,opening,8,25,1,auction,Buddy Hield,A103,B103,C103,
59a6a80ce913c1ee51e35c213b85ca13bb78380df68a73fa1ceb164b84c647a6,2020-21,6,Joe,13,Mikal Bridges,mikalbridges,opening,6,25,1,auction,Mikal Bridges,A102,B102,C102,
59a6a80ce913c1ee51e35c213b85ca13bb78380df68a73fa1ceb164b84c647a6,2020-21,6,Kerry,12,Gordon Hayward,gordonhayward,opening,6,24,1,auction,Gordon Hayward,A103,B103,C103,
59a6a80ce913c1ee51e35c213b85ca13bb78380df68a73fa1ceb164b84c647a6,2020-21,6,Ron,15,Michael Porter Jr.,michaelporterjr,opening,6,24,1,auction,Michael Porter Jr.,A103,B103,C103,
59a6a80ce913c1ee51e35c213b85ca13bb78380df68a73fa1ceb164b84c647a6,2020-21,6,Peter,6,Evan Fournier,evanfournier,opening,8,22,1,auction,Evan Fournier,A104,B104,C104,
59a6a80ce913c1ee51e35c213b85ca13bb78380df68a73fa1ceb164b84c647a6,2020-21,6,Isaac,4,Jrue Holiday,jrueholiday,opening,3,22,1,auction,Jrue Holiday,A98,B98,C98,
59a6a80ce913c1ee51e35c213b85ca13bb78380df68a73fa1ceb164b84c647a6,2020-21,6,Benji,11,Andre Drummond,andredrummond,opening,4,22,1,auction,Andre Drummond,A96,B96,C96,
59a6a80ce913c1ee51e35c213b85ca13bb78380df68a73fa1ceb164b84c647a6,2020-21,6,Graham,7,Kristaps Porzingis,kristapsporzingis,opening,4,21,1,auction,Kristaps Porzingis,A99,B99,C99,
59a6a80ce913c1ee51e35c213b85ca13bb78380df68a73fa1ceb164b84c647a6,2020-21,6,Kerry,12,Hassan Whiteside,hassanwhiteside,opening,4,21,1,auction,Hassan Whiteside,A101,B101,C101,
59a6a80ce913c1ee51e35c213b85ca13bb78380df68a73fa1ceb164b84c647a6,2020-21,6,Kerry,12,Dejounte Murray,dejountemurray,opening,8,21,1,auction,Dejounte Murray,A105,B105,C105,
59a6a80ce913c1ee51e35c213b85ca13bb78380df68a73fa1ceb164b84c647a6,2020-21,6,Benji,11,CJ McCollum,cjmccollum,opening,5,21,1,auction,CJ McCollum,A97,B97,C97,
59a6a80ce913c1ee51e35c213b85ca13bb78380df68a73fa1ceb164b84c647a6,2020-21,6,Benji,11,Bojan Bogdanovic,bojanbogdanovic,opening,8,21,1,auction,Bojan Bogdanovic,A100,B100,C100,
59a6a80ce913c1ee51e35c213b85ca13bb78380df68a73fa1ceb164b84c647a6,2020-21,6,Graham,7,Robert Covington,robertcovington,opening,5,20,1,auction,Robert Covington,A100,B100,C100,
59a6a80ce913c1ee51e35c213b85ca13bb78380df68a73fa1ceb164b84c647a6,2020-21,6,Isaac,4,Jaren Jackson Jr,jarenjacksonjr,opening,4,20,1,auction,Jaren Jackson Jr.,A99,B99,C99,
59a6a80ce913c1ee51e35c213b85ca13bb78380df68a73fa1ceb164b84c647a6,2020-21,6,Isaac,4,Lonzo Ball,lonzoball,opening,9,20,1,auction,Lonzo Ball,A104,B104,C104,
59a6a80ce913c1ee51e35c213b85ca13bb78380df68a73fa1ceb164b84c647a6,2020-21,6,Peter,6,Ricky Rubio,rickyrubio,opening,6,19,1,auction,Ricky Rubio,A102,B102,C102,
59a6a80ce913c1ee51e35c213b85ca13bb78380df68a73fa1ceb164b84c647a6,2020-21,6,Peter,6,OG Anunoby,oganunoby,opening,7,19,1,auction,OG Anunoby,A103,B103,C103,
59a6a80ce913c1ee51e35c213b85ca13bb78380df68a73fa1ceb164b84c647a6,2020-21,6,Ian,2,Jerami Grant,jeramigrant,opening,5,19,1,auction,Jerami Grant,A100,B100,C100,
59a6a80ce913c1ee51e35c213b85ca13bb78380df68a73fa1ceb164b84c647a6,2020-21,6,Graham,7,Jaylen Brown,jaylenbrown,opening,6,18,1,auction,Jaylen Brown,A101,B101,C101,
59a6a80ce913c1ee51e35c213b85ca13bb78380df68a73fa1ceb164b84c647a6,2020-21,6,Darren,8,Duncan Robinson,duncanrobinson,opening,7,18,1,auction,Duncan Robinson,A104,B104,C104,
59a6a80ce913c1ee51e35c213b85ca13bb78380df68a73fa1ceb164b84c647a6,2020-21,6,Ron,15,Draymond Green,draymondgreen,opening,4,18,1,auction,Draymond Green,A101,B101,C101,
59a6a80ce913c1ee51e35c213b85ca13bb78380df68a73fa1ceb164b84c647a6,2020-21,6,Ron,15,Thomas Bryant,thomasbryant,opening,7,18,1,auction,Thomas Bryant,A104,B104,C104,
59a6a80ce913c1ee51e35c213b85ca13bb78380df68a73fa1ceb164b84c647a6,2020-21,6,Peter,6,Brook Lopez,brooklopez,opening,5,17,1,auction,Brook Lopez,A101,B101,C101,
59a6a80ce913c1ee51e35c213b85ca13bb78380df68a73fa1ceb164b84c647a6,2020-21,6,Max,14,TJ Warren,tjwarren,opening,4,17,1,auction,TJ Warren,A101,B101,C101,
59a6a80ce913c1ee51e35c213b85ca13bb78380df68a73fa1ceb164b84c647a6,2020-21,6,Max,14,James Wiseman,jameswiseman,opening,6,17,1,auction,James Wiseman,A103,B103,C103,
59a6a80ce913c1ee51e35c213b85ca13bb78380df68a73fa1ceb164b84c647a6,2020-21,6,Alvin,3,Marcus Smart,marcussmart,opening,7,16,1,auction,Marcus Smart,A104,B104,C104,
59a6a80ce913c1ee51e35c213b85ca13bb78380df68a73fa1ceb164b84c647a6,2020-21,6,Arthur,5,Tyler Herro,tylerherro,opening,4,16,1,auction,Tyler Herro,A101,B101,C101,
59a6a80ce913c1ee51e35c213b85ca13bb78380df68a73fa1ceb164b84c647a6,2020-21,6,Isaac,4,Clint Capela,clintcapela,opening,7,16,1,auction,Clint Capela,A102,B102,C102,
59a6a80ce913c1ee51e35c213b85ca13bb78380df68a73fa1ceb164b84c647a6,2020-21,6,Ian,2,Collin Sexton,collinsexton,opening,7,16,1,auction,Collin Sexton,A102,B102,C102,
59a6a80ce913c1ee51e35c213b85ca13bb78380df68a73fa1ceb164b84c647a6,2020-21,6,Benji,11,Devonte' Graham,devontegraham,opening,6,16,1,auction,Devonte' Graham,A98,B98,C98,
59a6a80ce913c1ee51e35c213b85ca13bb78380df68a73fa1ceb164b84c647a6,2020-21,6,Alvin,3,Al Horford,alhorford,opening,8,15,1,auction,Al Horford,A105,B105,C105,
59a6a80ce913c1ee51e35c213b85ca13bb78380df68a73fa1ceb164b84c647a6,2020-21,6,Peter,6,Mitchell Robinson,mitchellrobinson,opening,3,15,1,auction,Mitchell Robinson,A99,B99,C99,
59a6a80ce913c1ee51e35c213b85ca13bb78380df68a73fa1ceb164b84c647a6,2020-21,6,Isaac,4,Kevin Love,kevinlove,opening,10,15,1,auction,Kevin Love,A105,B105,C105,
59a6a80ce913c1ee51e35c213b85ca13bb78380df68a73fa1ceb164b84c647a6,2020-21,6,Jason,1,Brandon Clarke,brandonclarke,opening,5,15,1,auction,Brandon Clarke,A101,B101,C101,
59a6a80ce913c1ee51e35c213b85ca13bb78380df68a73fa1ceb164b84c647a6,2020-21,6,Benji,11,Davis Bertans,davisbertans,opening,7,15,1,auction,Davis Bertans,A99,B99,C99,
59a6a80ce913c1ee51e35c213b85ca13bb78380df68a73fa1ceb164b84c647a6,2020-21,6,Graham,7,Eric Bledsoe,ericbledsoe,opening,9,14,1,auction,Eric Bledsoe,A104,B104,C104,
59a6a80ce913c1ee51e35c213b85ca13bb78380df68a73fa1ceb164b84c647a6,2020-21,6,Darren,8,Derrick White,derrickwhite,opening,6,14,1,auction,Derrick White,A103,B103,C103,
59a6a80ce913c1ee51e35c213b85ca13bb78380df68a73fa1ceb164b84c647a6,2020-21,6,Isaac,4,Jarrett Allen,jarrettallen,opening,6,14,1,auction,Jarrett Allen,A101,B101,C101,
59a6a80ce913c1ee51e35c213b85ca13bb78380df68a73fa1ceb164b84c647a6,2020-21,6,Graham,7,Danilo Gallinari,danilogallinari,opening,7,13,1,auction,Danilo Gallinari,A102,B102,C102,
59a6a80ce913c1ee51e35c213b85ca13bb78380df68a73fa1ceb164b84c647a6,2020-21,6,Isaac,4,Victor Oladipo,victoroladipo,opening,5,13,1,auction,Victor Oladipo,A100,B100,C100,
59a6a80ce913c1ee51e35c213b85ca13bb78380df68a73fa1ceb164b84c647a6,2020-21,6,Joe,13,Norman Powell,normanpowell,opening,9,13,1,auction,Norman Powell,A105,B105,C105,
59a6a80ce913c1ee51e35c213b85ca13bb78380df68a73fa1ceb164b84c647a6,2020-21,6,Mark,10,Wendell Carter Jr.,wendellcarterjr,opening,6,13,1,auction,Wendell Carter Jr.,A102,B102,C102,
59a6a80ce913c1ee51e35c213b85ca13bb78380df68a73fa1ceb164b84c647a6,2020-21,6,Mark,10,Julius Randle,juliusrandle,opening,9,13,1,auction,Julius Randle,A105,B105,C105,
59a6a80ce913c1ee51e35c213b85ca13bb78380df68a73fa1ceb164b84c647a6,2020-21,6,Arthur,5,Seth Curry,sethcurry,opening,6,12,1,auction,Seth Curry,A103,B103,C103,
59a6a80ce913c1ee51e35c213b85ca13bb78380df68a73fa1ceb164b84c647a6,2020-21,6,Ron,15,Coby White,cobywhite,opening,5,12,1,auction,Coby White,A102,B102,C102,
59a6a80ce913c1ee51e35c213b85ca13bb78380df68a73fa1ceb164b84c647a6,2020-21,6,Brent,9,DeMarcus Cousins,demarcuscousins,opening,6,12,1,auction,DeMarcus Cousins,A103,B103,C103,
59a6a80ce913c1ee51e35c213b85ca13bb78380df68a73fa1ceb164b84c647a6,2020-21,6,Brent,9,Richaun Holmes,richaunholmes,opening,7,12,1,auction,Richaun Holmes,A104,B104,C104,
59a6a80ce913c1ee51e35c213b85ca13bb78380df68a73fa1ceb164b84c647a6,2020-21,6,Joe,13,Lauri Markkanen,laurimarkkanen,opening,5,12,1,auction,Lauri Markkanen,A101,B101,C101,
59a6a80ce913c1ee51e35c213b85ca13bb78380df68a73fa1ceb164b84c647a6,2020-21,6,Kerry,12,Kemba Walker,kembawalker,opening,3,11,1,auction,Kemba Walker,A100,B100,C100,
59a6a80ce913c1ee51e35c213b85ca13bb78380df68a73fa1ceb164b84c647a6,2020-21,6,Graham,7,Lou Williams,louwilliams,opening,10,10,1,auction,Lou Williams,A105,B105,C105,
59a6a80ce913c1ee51e35c213b85ca13bb78380df68a73fa1ceb164b84c647a6,2020-21,6,Joe,13,Bogdan Bogdanovic,bogdanbogdanovic,opening,8,10,1,auction,Bogdan Bogdanovic,A104,B104,C104,
59a6a80ce913c1ee51e35c213b85ca13bb78380df68a73fa1ceb164b84c647a6,2020-21,6,Jason,1,Anthony Edwards,anthonyedwards,opening,7,10,1,auction,Anthony Edwards,A103,B103,C103,
59a6a80ce913c1ee51e35c213b85ca13bb78380df68a73fa1ceb164b84c647a6,2020-21,6,Arthur,5,Will Barton,willbarton,opening,8,9,1,auction,Will Barton,A105,B105,C105,
59a6a80ce913c1ee51e35c213b85ca13bb78380df68a73fa1ceb164b84c647a6,2020-21,6,Brent,9,Otto Porter Jr,ottoporterjr,opening,5,9,1,auction,Otto Porter Jr.,A102,B102,C102,
59a6a80ce913c1ee51e35c213b85ca13bb78380df68a73fa1ceb164b84c647a6,2020-21,6,Brent,9,Blake Griffin,blakegriffin,opening,9,9,1,auction,Blake Griffin,A106,B106,C106,
59a6a80ce913c1ee51e35c213b85ca13bb78380df68a73fa1ceb164b84c647a6,2020-21,6,Max,14,Goran Dragic,gorandragic,opening,7,9,1,auction,Goran Dragic,A104,B104,C104,
59a6a80ce913c1ee51e35c213b85ca13bb78380df68a73fa1ceb164b84c647a6,2020-21,6,Ian,2,Klay Thompson,klaythompson,opening,4,9,1,auction,Klay Thompson,A99,B99,C99,
59a6a80ce913c1ee51e35c213b85ca13bb78380df68a73fa1ceb164b84c647a6,2020-21,6,Alvin,3,LaMelo Ball,lameloball,opening,4,8,1,auction,LaMelo Ball,A101,B101,C101,
59a6a80ce913c1ee51e35c213b85ca13bb78380df68a73fa1ceb164b84c647a6,2020-21,6,Alvin,3,Steven Adams,stevenadams,opening,6,8,1,auction,Steven Adams,A103,B103,C103,
59a6a80ce913c1ee51e35c213b85ca13bb78380df68a73fa1ceb164b84c647a6,2020-21,6,Alvin,3,Markelle Fultz,markellefultz,opening,9,8,1,auction,Markelle Fultz,A106,B106,C106,
59a6a80ce913c1ee51e35c213b85ca13bb78380df68a73fa1ceb164b84c647a6,2020-21,6,Kerry,12,Derrick Rose,derrickrose,opening,10,8,1,auction,Derrick Rose,A107,B107,C107,
59a6a80ce913c1ee51e35c213b85ca13bb78380df68a73fa1ceb164b84c647a6,2020-21,6,Arthur,5,Serge Ibaka,sergeibaka,opening,5,8,1,auction,Serge Ibaka,A102,B102,C102,
59a6a80ce913c1ee51e35c213b85ca13bb78380df68a73fa1ceb164b84c647a6,2020-21,6,Ian,2,Andrew Wiggins,andrewwiggins,opening,6,8,1,auction,Andrew Wiggins,A101,B101,C101,
59a6a80ce913c1ee51e35c213b85ca13bb78380df68a73fa1ceb164b84c647a6,2020-21,6,Ian,2,Nerlens Noel,nerlensnoel,opening,10,8,1,auction,Nerlens Noel,A105,B105,C105,
59a6a80ce913c1ee51e35c213b85ca13bb78380df68a73fa1ceb164b84c647a6,2020-21,6,Mark,10,Aaron Gordon,aarongordon,opening,7,8,1,auction,Aaron Gordon,A103,B103,C103,
59a6a80ce913c1ee51e35c213b85ca13bb78380df68a73fa1ceb164b84c647a6,2020-21,6,Graham,7,Mike Conley,mikeconley,opening,8,7,1,auction,Mike Conley,A103,B103,C103,
59a6a80ce913c1ee51e35c213b85ca13bb78380df68a73fa1ceb164b84c647a6,2020-21,6,Kerry,12,Rui Hachimura,ruihachimura,opening,12,7,1,auction,Rui Hachimura,A109,B109,C109,
59a6a80ce913c1ee51e35c213b85ca13bb78380df68a73fa1ceb164b84c647a6,2020-21,6,Ron,15,Josh Richardson,joshrichardson,opening,8,7,1,auction,Josh Richardson,A105,B105,C105,
59a6a80ce913c1ee51e35c213b85ca13bb78380df68a73fa1ceb164b84c647a6,2020-21,6,Ron,15,Delon Wright,delonwright,opening,11,7,1,auction,Delon Wright,A108,B108,C108,
59a6a80ce913c1ee51e35c213b85ca13bb78380df68a73fa1ceb164b84c647a6,2020-21,6,Joe,13,Marvin Bagley III,marvinbagleyiii,opening,7,7,1,auction,Marvin Bagley III,A103,B103,C103,
59a6a80ce913c1ee51e35c213b85ca13bb78380df68a73fa1ceb164b84c647a6,2020-21,6,Ian,2,Chris Boucher,chrisboucher,opening,8,7,1,auction,Chris Boucher,A103,B103,C103,
59a6a80ce913c1ee51e35c213b85ca13bb78380df68a73fa1ceb164b84c647a6,2020-21,6,Alvin,3,Terry Rozier,terryrozier,opening,10,6,1,auction,Terry Rozier,A107,B107,C107,
59a6a80ce913c1ee51e35c213b85ca13bb78380df68a73fa1ceb164b84c647a6,2020-21,6,Ron,15,Killian Hayes,killianhayes,opening,10,6,1,auction,Killian Hayes,A107,B107,C107,
59a6a80ce913c1ee51e35c213b85ca13bb78380df68a73fa1ceb164b84c647a6,2020-21,6,Mark,10,Montrezl Harrell,montrezlharrell,opening,4,6,1,auction,Montrezl Harrell,A100,B100,C100,
59a6a80ce913c1ee51e35c213b85ca13bb78380df68a73fa1ceb164b84c647a6,2020-21,6,Alvin,3,Harrison Barnes,harrisonbarnes,opening,11,5,1,auction,Harrison Barnes,A108,B108,C108,
59a6a80ce913c1ee51e35c213b85ca13bb78380df68a73fa1ceb164b84c647a6,2020-21,6,Kerry,12,Doug McDermott,dougmcdermott,opening,9,5,1,auction,Doug McDermott,A106,B106,C106,
59a6a80ce913c1ee51e35c213b85ca13bb78380df68a73fa1ceb164b84c647a6,2020-21,6,Kerry,12,JJ Redick,jjredick,opening,11,5,1,auction,JJ Redick,A108,B108,C108,
59a6a80ce913c1ee51e35c213b85ca13bb78380df68a73fa1ceb164b84c647a6,2020-21,6,Kerry,12,DeAndre Jordan,deandrejordan,opening,13,5,1,auction,DeAndre Jordan,A110,B110,C110,
59a6a80ce913c1ee51e35c213b85ca13bb78380df68a73fa1ceb164b84c647a6,2020-21,6,Kerry,12,Tomas Satoransky,tomassatoransky,opening,14,5,1,auction,Tomas Satoransky,A111,B111,C111,
59a6a80ce913c1ee51e35c213b85ca13bb78380df68a73fa1ceb164b84c647a6,2020-21,6,Arthur,5,Obi Toppin,obitoppin,opening,11,5,1,auction,Obi Toppin,A108,B108,C108,
59a6a80ce913c1ee51e35c213b85ca13bb78380df68a73fa1ceb164b84c647a6,2020-21,6,Arthur,5,Darius Bazley,dariusbazley,opening,12,5,1,auction,Darius Bazley,A109,B109,C109,
59a6a80ce913c1ee51e35c213b85ca13bb78380df68a73fa1ceb164b84c647a6,2020-21,6,Arthur,5,Paul Millsap,paulmillsap,opening,13,5,1,auction,Paul Millsap,A110,B110,C110,
59a6a80ce913c1ee51e35c213b85ca13bb78380df68a73fa1ceb164b84c647a6,2020-21,6,Arthur,5,Robert Williams III,robertwilliamsiii,opening,14,5,1,auction,Robert Williams,A111,B111,C111,
59a6a80ce913c1ee51e35c213b85ca13bb78380df68a73fa1ceb164b84c647a6,2020-21,6,Ron,15,Donte DiVincenzo,dontedivincenzo,opening,9,5,1,auction,Donte DiVincenzo,A106,B106,C106,
59a6a80ce913c1ee51e35c213b85ca13bb78380df68a73fa1ceb164b84c647a6,2020-21,6,Brent,9,Tristan Thompson,tristanthompson,opening,8,5,1,auction,Tristan Thompson,A105,B105,C105,
59a6a80ce913c1ee51e35c213b85ca13bb78380df68a73fa1ceb164b84c647a6,2020-21,6,Mark,10,RJ Barrett,rjbarrett,opening,12,5,1,auction,RJ Barrett,A108,B108,C108,
59a6a80ce913c1ee51e35c213b85ca13bb78380df68a73fa1ceb164b84c647a6,2020-21,6,Mark,10,Tim Hardaway Jr.,timhardawayjr,opening,13,5,1,auction,Tim Hardaway Jr.,A109,B109,C109,
59a6a80ce913c1ee51e35c213b85ca13bb78380df68a73fa1ceb164b84c647a6,2020-21,6,Jason,1,Elfrid Payton,elfridpayton,opening,8,5,1,auction,Elfrid Payton,A104,B104,C104,
59a6a80ce913c1ee51e35c213b85ca13bb78380df68a73fa1ceb164b84c647a6,2020-21,6,Graham,7,Kyle Kuzma,kylekuzma,opening,12,4,1,auction,Kyle Kuzma,A107,B107,C107,
59a6a80ce913c1ee51e35c213b85ca13bb78380df68a73fa1ceb164b84c647a6,2020-21,6,Kerry,12,Joe Ingles,joeingles,opening,15,4,1,auction,Joe Ingles,A112,B112,C112,
59a6a80ce913c1ee51e35c213b85ca13bb78380df68a73fa1ceb164b84c647a6,2020-21,6,Arthur,5,Marquese Chriss,marquesechriss,opening,7,4,1,auction,Marquese Chriss,A104,B104,C104,
59a6a80ce913c1ee51e35c213b85ca13bb78380df68a73fa1ceb164b84c647a6,2020-21,6,Arthur,5,PJ Washington,pjwashington,opening,9,4,1,auction,PJ Washington,A106,B106,C106,
59a6a80ce913c1ee51e35c213b85ca13bb78380df68a73fa1ceb164b84c647a6,2020-21,6,Max,14,Cam Reddish,camreddish,opening,8,4,1,auction,Cam Reddish,A105,B105,C105,
59a6a80ce913c1ee51e35c213b85ca13bb78380df68a73fa1ceb164b84c647a6,2020-21,6,Joe,13,George Hill,georgehill,opening,10,4,1,auction,George Hill,A106,B106,C106,
59a6a80ce913c1ee51e35c213b85ca13bb78380df68a73fa1ceb164b84c647a6,2020-21,6,Joe,13,Jeff Teague,jeffteague,opening,11,4,1,auction,Jeff Teague,A107,B107,C107,
59a6a80ce913c1ee51e35c213b85ca13bb78380df68a73fa1ceb164b84c647a6,2020-21,6,Ian,2,Aron Baynes,aronbaynes,opening,9,4,1,auction,Aron Baynes,A104,B104,C104,
59a6a80ce913c1ee51e35c213b85ca13bb78380df68a73fa1ceb164b84c647a6,2020-21,6,Mark,10,Derrick Favors,derrickfavors,opening,5,4,1,auction,Derrick Favors,A101,B101,C101,
59a6a80ce913c1ee51e35c213b85ca13bb78380df68a73fa1ceb164b84c647a6,2020-21,6,Mark,10,Caris LeVert,carislevert,opening,10,4,1,auction,Caris LeVert,A106,B106,C106,
59a6a80ce913c1ee51e35c213b85ca13bb78380df68a73fa1ceb164b84c647a6,2020-21,6,Benji,11,Terrence Ross,terrenceross,opening,10,4,1,auction,Terrence Ross,A102,B102,C102,
59a6a80ce913c1ee51e35c213b85ca13bb78380df68a73fa1ceb164b84c647a6,2020-21,6,Benji,11,Ivica Zubac,ivicazubac,opening,11,4,1,auction,Ivica Zubac,A103,B103,C103,
59a6a80ce913c1ee51e35c213b85ca13bb78380df68a73fa1ceb164b84c647a6,2020-21,6,Benji,11,Maxi Kleber,maxikleber,opening,12,4,1,auction,Maxi Kleber,A104,B104,C104,
59a6a80ce913c1ee51e35c213b85ca13bb78380df68a73fa1ceb164b84c647a6,2020-21,6,Alvin,3,Danuel House Jr.,danuelhousejr,opening,12,3,1,auction,Danuel House Jr. ,A109,B109,C109,
59a6a80ce913c1ee51e35c213b85ca13bb78380df68a73fa1ceb164b84c647a6,2020-21,6,Ron,15,Alec Burks,alecburks,opening,12,3,1,auction,Alec Burks,A109,B109,C109,
59a6a80ce913c1ee51e35c213b85ca13bb78380df68a73fa1ceb164b84c647a6,2020-21,6,Ron,15,Marc Gasol,marcgasol,opening,13,3,1,auction,Marc Gasol,A110,B110,C110,
59a6a80ce913c1ee51e35c213b85ca13bb78380df68a73fa1ceb164b84c647a6,2020-21,6,Max,14,Dillon Brooks,dillonbrooks,opening,14,3,1,auction,Dillon Brooks,A111,B111,C111,
59a6a80ce913c1ee51e35c213b85ca13bb78380df68a73fa1ceb164b84c647a6,2020-21,6,Mark,10,Deni Avdija,deniavdija,opening,11,3,1,auction,Deni Avdija,A107,B107,C107,
59a6a80ce913c1ee51e35c213b85ca13bb78380df68a73fa1ceb164b84c647a6,2020-21,6,Mark,10,Carmelo Anthony,carmeloanthony,opening,14,3,1,auction,Carmelo Anthony,A110,B110,C110,
59a6a80ce913c1ee51e35c213b85ca13bb78380df68a73fa1ceb164b84c647a6,2020-21,6,Jason,1,Spencer Dinwiddie,spencerdinwiddie,opening,9,3,1,auction,Spencer Dinwiddie,A105,B105,C105,
59a6a80ce913c1ee51e35c213b85ca13bb78380df68a73fa1ceb164b84c647a6,2020-21,6,Benji,11,Darius Garland,dariusgarland,opening,9,3,1,auction,Darius Garland,A101,B101,C101,
59a6a80ce913c1ee51e35c213b85ca13bb78380df68a73fa1ceb164b84c647a6,2020-21,6,Benji,11,Shake Milton,shakemilton,opening,13,3,1,auction,Shake Milton,A105,B105,C105,
59a6a80ce913c1ee51e35c213b85ca13bb78380df68a73fa1ceb164b84c647a6,2020-21,6,Benji,11,Jordan Clarkson,jordanclarkson,opening,14,3,1,auction,Jordan Clarkson,A106,B106,C106,
59a6a80ce913c1ee51e35c213b85ca13bb78380df68a73fa1ceb164b84c647a6,2020-21,6,Peter,6,Kelly Olynyk,kellyolynyk,opening,11,2,1,auction,Kelly Olynyk,A107,B107,C107,
59a6a80ce913c1ee51e35c213b85ca13bb78380df68a73fa1ceb164b84c647a6,2020-21,6,Darren,8,Mason Plumlee,masonplumlee,opening,10,2,1,auction,Mason Plumlee,A107,B107,C107,
59a6a80ce913c1ee51e35c213b85ca13bb78380df68a73fa1ceb164b84c647a6,2020-21,6,Arthur,5,Larry Nance Jr.,larrynancejr,opening,10,2,1,auction,Larry Nance Jr.,A107,B107,C107,
59a6a80ce913c1ee51e35c213b85ca13bb78380df68a73fa1ceb164b84c647a6,2020-21,6,Brent,9,Luke Kennard,lukekennard,opening,10,2,1,auction,Luke Kennard,A107,B107,C107,
59a6a80ce913c1ee51e35c213b85ca13bb78380df68a73fa1ceb164b84c647a6,2020-21,6,Brent,9,Tyrese Haliburton,tyresehaliburton,opening,11,2,1,auction,Tyrese Haliburton,A108,B108,C108,
59a6a80ce913c1ee51e35c213b85ca13bb78380df68a73fa1ceb164b84c647a6,2020-21,6,Brent,9,Jaxson Hayes,jaxsonhayes,opening,13,2,1,auction,Jaxson Hayes,A110,B110,C110,
59a6a80ce913c1ee51e35c213b85ca13bb78380df68a73fa1ceb164b84c647a6,2020-21,6,Max,14,Miles Bridges,milesbridges,opening,9,2,1,auction,Miles Bridges,A106,B106,C106,
59a6a80ce913c1ee51e35c213b85ca13bb78380df68a73fa1ceb164b84c647a6,2020-21,6,Max,14,Kevin Huerter,kevinhuerter,opening,10,2,1,auction,Kevin Huerter,A107,B107,C107,
59a6a80ce913c1ee51e35c213b85ca13bb78380df68a73fa1ceb164b84c647a6,2020-21,6,Max,14,Dwight Powell,dwightpowell,opening,11,2,1,auction,Dwight Powell,A108,B108,C108,
59a6a80ce913c1ee51e35c213b85ca13bb78380df68a73fa1ceb164b84c647a6,2020-21,6,Isaac,4,Eric Gordon,ericgordon,opening,11,2,1,auction,Eric Gordon,A106,B106,C106,
59a6a80ce913c1ee51e35c213b85ca13bb78380df68a73fa1ceb164b84c647a6,2020-21,6,Isaac,4,Malachi Flynn,malachiflynn,opening,12,2,1,auction,Malachi Flynn,A107,B107,C107,
59a6a80ce913c1ee51e35c213b85ca13bb78380df68a73fa1ceb164b84c647a6,2020-21,6,Isaac,4,Josh Hart,joshhart,opening,15,2,1,auction,Josh Hart,A110,B110,C110,
59a6a80ce913c1ee51e35c213b85ca13bb78380df68a73fa1ceb164b84c647a6,2020-21,6,Jason,1,Marcus Morris Sr,marcusmorrissr,opening,10,2,1,auction,Marcus Morris Sr.,A106,B106,C106,
59a6a80ce913c1ee51e35c213b85ca13bb78380df68a73fa1ceb164b84c647a6,2020-21,6,Graham,7,Daniel Theis,danieltheis,opening,11,1,1,auction,Daniel Theis,A106,B106,C106,
59a6a80ce913c1ee51e35c213b85ca13bb78380df68a73fa1ceb164b84c647a6,2020-21,6,Graham,7,Trevor Ariza,trevorariza,opening,13,1,1,auction,Trevor Ariza,A108,B108,C108,
59a6a80ce913c1ee51e35c213b85ca13bb78380df68a73fa1ceb164b84c647a6,2020-21,6,Graham,7,Patrick Beverley,patrickbeverley,opening,14,1,1,auction,Patrick Beverley,A109,B109,C109,
59a6a80ce913c1ee51e35c213b85ca13bb78380df68a73fa1ceb164b84c647a6,2020-21,6,Graham,7,Dewayne Dedmon,dewaynededmon,opening,15,1,1,auction,Dewayne Dedmon,A110,B110,C110,
59a6a80ce913c1ee51e35c213b85ca13bb78380df68a73fa1ceb164b84c647a6,2020-21,6,Alvin,3,Justin Holiday,justinholiday,opening,13,1,1,auction,Justin Holiday,A110,B110,C110,
59a6a80ce913c1ee51e35c213b85ca13bb78380df68a73fa1ceb164b84c647a6,2020-21,6,Alvin,3,Cameron Johnson,cameronjohnson,opening,14,1,1,auction,Cameron Johnson,A111,B111,C111,
59a6a80ce913c1ee51e35c213b85ca13bb78380df68a73fa1ceb164b84c647a6,2020-21,6,Alvin,3,Gary Trent Jr.,garytrentjr,opening,15,1,1,auction,Gary Trent Jr.,A112,B112,C112,
59a6a80ce913c1ee51e35c213b85ca13bb78380df68a73fa1ceb164b84c647a6,2020-21,6,Peter,6,De'Andre Hunter,deandrehunter,opening,9,1,1,auction,De'Andre Hunter,A105,B105,C105,
59a6a80ce913c1ee51e35c213b85ca13bb78380df68a73fa1ceb164b84c647a6,2020-21,6,Peter,6,Troy Brown Jr.,troybrownjr,opening,10,1,1,auction,Troy Brown Jr.,A106,B106,C106,
59a6a80ce913c1ee51e35c213b85ca13bb78380df68a73fa1ceb164b84c647a6,2020-21,6,Peter,6,DeAndre' Bembry,deandrebembry,opening,12,1,1,auction,DeAndre' Bembry,A108,B108,C108,
59a6a80ce913c1ee51e35c213b85ca13bb78380df68a73fa1ceb164b84c647a6,2020-21,6,Peter,6,Glenn Robinson III,glennrobinsoniii,opening,13,1,1,auction,Glenn Robinson III,A109,B109,C109,
59a6a80ce913c1ee51e35c213b85ca13bb78380df68a73fa1ceb164b84c647a6,2020-21,6,Peter,6,Grayson Allen,graysonallen,opening,14,1,1,auction,Graydson Allen,A110,B110,C110,
59a6a80ce913c1ee51e35c213b85ca13bb78380df68a73fa1ceb164b84c647a6,2020-21,6,Peter,6,Malik Monk,malikmonk,opening,15,1,1,auction,Malik Monk,A111,B111,C111,
59a6a80ce913c1ee51e35c213b85ca13bb78380df68a73fa1ceb164b84c647a6,2020-21,6,Darren,8,Dwight Howard,dwighthoward,opening,8,1,1,auction,Dwight Howard,A105,B105,C105,
59a6a80ce913c1ee51e35c213b85ca13bb78380df68a73fa1ceb164b84c647a6,2020-21,6,Darren,8,Justise Winslow,justisewinslow,opening,9,1,1,auction,Justice Winslow,A106,B106,C106,
59a6a80ce913c1ee51e35c213b85ca13bb78380df68a73fa1ceb164b84c647a6,2020-21,6,Darren,8,James Johnson,jamesjohnson,opening,11,1,1,auction,James Johnson,A108,B108,C108,
59a6a80ce913c1ee51e35c213b85ca13bb78380df68a73fa1ceb164b84c647a6,2020-21,6,Darren,8,Cody Zeller,codyzeller,opening,12,1,1,auction,Cody Zeller,A109,B109,C109,
59a6a80ce913c1ee51e35c213b85ca13bb78380df68a73fa1ceb164b84c647a6,2020-21,6,Darren,8,Dario Saric,dariosaric,opening,13,1,1,auction,Dario Saric,A110,B110,C110,
59a6a80ce913c1ee51e35c213b85ca13bb78380df68a73fa1ceb164b84c647a6,2020-21,6,Darren,8,Keldon Johnson,keldonjohnson,opening,14,1,1,auction,Keldon Johnson,A111,B111,C111,
59a6a80ce913c1ee51e35c213b85ca13bb78380df68a73fa1ceb164b84c647a6,2020-21,6,Darren,8,Josh Okogie,joshokogie,opening,15,1,1,auction,Josh Okogie,A112,B112,C112,
59a6a80ce913c1ee51e35c213b85ca13bb78380df68a73fa1ceb164b84c647a6,2020-21,6,Arthur,5,Desmond Bane,desmondbane,opening,15,1,1,auction,Desmond Bane,A112,B112,C112,
59a6a80ce913c1ee51e35c213b85ca13bb78380df68a73fa1ceb164b84c647a6,2020-21,6,Ron,15,Avery Bradley,averybradley,opening,14,1,1,auction,Avery Bradley,A111,B111,C111,
59a6a80ce913c1ee51e35c213b85ca13bb78380df68a73fa1ceb164b84c647a6,2020-21,6,Ron,15,De'Anthony Melton,deanthonymelton,opening,15,1,1,auction,De'Anthony Melton,A112,B112,C112,
59a6a80ce913c1ee51e35c213b85ca13bb78380df68a73fa1ceb164b84c647a6,2020-21,6,Brent,9,Kevin Porter Jr.,kevinporterjr,opening,12,1,1,auction,Kevin Porter Jr.,A109,B109,C109,
59a6a80ce913c1ee51e35c213b85ca13bb78380df68a73fa1ceb164b84c647a6,2020-21,6,Brent,9,Precious Achiuwa,preciousachiuwa,opening,14,1,1,auction,Precious Achiuwa,A111,B111,C111,
59a6a80ce913c1ee51e35c213b85ca13bb78380df68a73fa1ceb164b84c647a6,2020-21,6,Brent,9,Willie Cauley-Stein,williecauleystein,opening,15,1,1,auction,Willie Cauley-Stein,A112,B112,C112,
59a6a80ce913c1ee51e35c213b85ca13bb78380df68a73fa1ceb164b84c647a6,2020-21,6,Max,14,Jakob Poeltl,jakobpoeltl,opening,12,1,1,auction,Jakob Poeltl,A109,B109,C109,
59a6a80ce913c1ee51e35c213b85ca13bb78380df68a73fa1ceb164b84c647a6,2020-21,6,Max,14,Isaac Okoro,isaacokoro,opening,13,1,1,auction,Isaac Okoro,A110,B110,C110,
59a6a80ce913c1ee51e35c213b85ca13bb78380df68a73fa1ceb164b84c647a6,2020-21,6,Max,14,Patrick Williams,patrickwilliams,opening,15,1,1,auction,Patrick Williams,A112,B112,C112,
59a6a80ce913c1ee51e35c213b85ca13bb78380df68a73fa1ceb164b84c647a6,2020-21,6,Isaac,4,Kevon Looney,kevonlooney,opening,13,1,1,auction,Kevon Looney ,A108,B108,C108,
59a6a80ce913c1ee51e35c213b85ca13bb78380df68a73fa1ceb164b84c647a6,2020-21,6,Isaac,4,Derrick Jones Jr.,derrickjonesjr,opening,14,1,1,auction,Derrick Jones Jr.,A109,B109,C109,
59a6a80ce913c1ee51e35c213b85ca13bb78380df68a73fa1ceb164b84c647a6,2020-21,6,Joe,13,Malik Beasley,malikbeasley,opening,12,1,1,auction,Malik Beasley,A108,B108,C108,
59a6a80ce913c1ee51e35c213b85ca13bb78380df68a73fa1ceb164b84c647a6,2020-21,6,Joe,13,Kyle Korver,kylekorver,opening,13,1,1,auction,Kyle Korver,A109,B109,C109,
59a6a80ce913c1ee51e35c213b85ca13bb78380df68a73fa1ceb164b84c647a6,2020-21,6,Joe,13,Rudy Gay,rudygay,opening,14,1,1,auction,Rudy Gay,A110,B110,C110,
59a6a80ce913c1ee51e35c213b85ca13bb78380df68a73fa1ceb164b84c647a6,2020-21,6,Joe,13,Jeff Green,jeffgreen,opening,15,1,1,auction,Jeff Green,A111,B111,C111,
59a6a80ce913c1ee51e35c213b85ca13bb78380df68a73fa1ceb164b84c647a6,2020-21,6,Ian,2,Jae Crowder,jaecrowder,opening,11,1,1,auction,Jae Crowder,A106,B106,C106,
59a6a80ce913c1ee51e35c213b85ca13bb78380df68a73fa1ceb164b84c647a6,2020-21,6,Ian,2,Luguentz Dort,luguentzdort,opening,12,1,1,auction,Luguentz Dort,A107,B107,C107,
59a6a80ce913c1ee51e35c213b85ca13bb78380df68a73fa1ceb164b84c647a6,2020-21,6,Ian,2,Eric Paschall,ericpaschall,opening,13,1,1,auction,Eric Paschall,A108,B108,C108,
59a6a80ce913c1ee51e35c213b85ca13bb78380df68a73fa1ceb164b84c647a6,2020-21,6,Ian,2,Gary Harris,garyharris,opening,14,1,1,auction,Gary Harris,A109,B109,C109,
59a6a80ce913c1ee51e35c213b85ca13bb78380df68a73fa1ceb164b84c647a6,2020-21,6,Ian,2,Harry Giles III,harrygilesiii,opening,15,1,1,auction,Harry Giles III,A110,B110,C110,
59a6a80ce913c1ee51e35c213b85ca13bb78380df68a73fa1ceb164b84c647a6,2020-21,6,Mark,10,Jarrett Culver,jarrettculver,opening,8,1,1,auction,Jarrett Culver,A104,B104,C104,
59a6a80ce913c1ee51e35c213b85ca13bb78380df68a73fa1ceb164b84c647a6,2020-21,6,Mark,10,Matisse Thybulle,matissethybulle,opening,15,1,1,auction,Matisse Thybulle,A111,B111,C111,
59a6a80ce913c1ee51e35c213b85ca13bb78380df68a73fa1ceb164b84c647a6,2020-21,6,Jason,1,PJ Tucker,pjtucker,opening,11,1,1,auction,PJ Tucker,A107,B107,C107,
59a6a80ce913c1ee51e35c213b85ca13bb78380df68a73fa1ceb164b84c647a6,2020-21,6,Jason,1,Nemanja Bjelica,nemanjabjelica,opening,12,1,1,auction,Nemanja Bjelica,A108,B108,C108,
59a6a80ce913c1ee51e35c213b85ca13bb78380df68a73fa1ceb164b84c647a6,2020-21,6,Jason,1,Danny Green,dannygreen,opening,13,1,1,auction,Danny Green,A109,B109,C109,
59a6a80ce913c1ee51e35c213b85ca13bb78380df68a73fa1ceb164b84c647a6,2020-21,6,Jason,1,Jeremy Lamb,jeremylamb,opening,14,1,1,auction,Jeremy Lamb,A110,B110,C110,
59a6a80ce913c1ee51e35c213b85ca13bb78380df68a73fa1ceb164b84c647a6,2020-21,6,Jason,1,Zach Collins,zachcollins,opening,15,1,1,auction,Zach Collins,A111,B111,C111,
59a6a80ce913c1ee51e35c213b85ca13bb78380df68a73fa1ceb164b84c647a6,2020-21,6,Benji,11,Kendrick Nunn,kendricknunn,opening,15,1,1,auction,Kendrick Nunn,A107,B107,C107,
59a6a80ce913c1ee51e35c213b85ca13bb78380df68a73fa1ceb164b84c647a6,2019-20,5,Darren,7,Stephen Curry,stephencurry,opening,3,73,1,auction,Stephen Curry,A120,B120,C120,
59a6a80ce913c1ee51e35c213b85ca13bb78380df68a73fa1ceb164b84c647a6,2019-20,5,Jason,2,James Harden,jamesharden,opening,3,67,1,auction,James Harden,A117,B117,C117,
59a6a80ce913c1ee51e35c213b85ca13bb78380df68a73fa1ceb164b84c647a6,2019-20,5,Max,6,Kawhi Leonard,kawhileonard,opening,3,53,1,auction,Kawhi Leonard,A120,B120,C120,
59a6a80ce913c1ee51e35c213b85ca13bb78380df68a73fa1ceb164b84c647a6,2019-20,5,Arthur,4,Jimmy Butler,jimmybutler,opening,3,47,1,auction,Jimmy Butler,A120,B120,C120,
59a6a80ce913c1ee51e35c213b85ca13bb78380df68a73fa1ceb164b84c647a6,2019-20,5,Benji,10,Paul George,paulgeorge,opening,4,45,1,auction,Paul George,A116,B116,C116,
59a6a80ce913c1ee51e35c213b85ca13bb78380df68a73fa1ceb164b84c647a6,2019-20,5,Kerry,3,Myles Turner,mylesturner,opening,3,39,1,auction,Myles Turner,A120,B120,C120,
59a6a80ce913c1ee51e35c213b85ca13bb78380df68a73fa1ceb164b84c647a6,2019-20,5,Benji,10,Rudy Gobert,rudygobert,opening,6,39,1,auction,Rudy Gobert,A118,B118,C118,
59a6a80ce913c1ee51e35c213b85ca13bb78380df68a73fa1ceb164b84c647a6,2019-20,5,Ian,13,Kemba Walker,kembawalker,opening,3,37,1,auction,Kemba Walker,A118,B118,C118,
59a6a80ce913c1ee51e35c213b85ca13bb78380df68a73fa1ceb164b84c647a6,2019-20,5,Brent,14,Zion Williamson,zionwilliamson,opening,3,32,1,auction,Zion Williamson,A120,B120,C120,
59a6a80ce913c1ee51e35c213b85ca13bb78380df68a73fa1ceb164b84c647a6,2019-20,5,Benji,10,Russell Westbrook,russellwestbrook,opening,3,32,1,auction,Russell Westbrook,A115,B115,C115,
59a6a80ce913c1ee51e35c213b85ca13bb78380df68a73fa1ceb164b84c647a6,2019-20,5,Alvin,1,Jaren Jackson Jr,jarenjacksonjr,opening,4,31,1,auction,Jaren Jackson Jr.,A121,B121,C121,
59a6a80ce913c1ee51e35c213b85ca13bb78380df68a73fa1ceb164b84c647a6,2019-20,5,Darren,7,LaMarcus Aldridge,lamarcusaldridge,opening,4,30,1,auction,LaMarcus Aldridge,A121,B121,C121,
59a6a80ce913c1ee51e35c213b85ca13bb78380df68a73fa1ceb164b84c647a6,2019-20,5,Isaac,11,Ben Simmons,bensimmons,opening,3,30,1,auction,Ben Simmons,A118,B118,C118,
59a6a80ce913c1ee51e35c213b85ca13bb78380df68a73fa1ceb164b84c647a6,2019-20,5,Ian,13,Bam Adebayo,bamadebayo,opening,4,30,1,auction,Bam Adebayo,A119,B119,C119,
59a6a80ce913c1ee51e35c213b85ca13bb78380df68a73fa1ceb164b84c647a6,2019-20,5,Ron,8,Shai Gilgeous-Alexander,shaigilgeousalexander,opening,6,28,1,auction,Shai Gilgeous-Alexander,A123,B123,C123,
59a6a80ce913c1ee51e35c213b85ca13bb78380df68a73fa1ceb164b84c647a6,2019-20,5,Joe,15,Otto Porter Jr,ottoporterjr,opening,6,28,1,auction,Otto Porter Jr.,A122,B122,C122,
59a6a80ce913c1ee51e35c213b85ca13bb78380df68a73fa1ceb164b84c647a6,2019-20,5,Arthur,4,Draymond Green,draymondgreen,opening,4,27,1,auction,Draymond Green,A121,B121,C121,
59a6a80ce913c1ee51e35c213b85ca13bb78380df68a73fa1ceb164b84c647a6,2019-20,5,Kerry,3,Tobias Harris,tobiasharris,opening,4,26,1,auction,Tobias Harris,A121,B121,C121,
59a6a80ce913c1ee51e35c213b85ca13bb78380df68a73fa1ceb164b84c647a6,2019-20,5,Joe,15,Mike Conley,mikeconley,opening,3,26,1,auction,Mike Conley,A119,B119,C119,
59a6a80ce913c1ee51e35c213b85ca13bb78380df68a73fa1ceb164b84c647a6,2019-20,5,Jason,2,Wendell Carter Jr.,wendellcarterjr,opening,4,26,1,auction,Wendell Carter Jr.,A118,B118,C118,
59a6a80ce913c1ee51e35c213b85ca13bb78380df68a73fa1ceb164b84c647a6,2019-20,5,Benji,10,DeMar DeRozan,demarderozan,opening,5,26,1,auction,DeMar DeRozan,A117,B117,C117,
59a6a80ce913c1ee51e35c213b85ca13bb78380df68a73fa1ceb164b84c647a6,2019-20,5,Ron,8,Malcolm Brogdon,malcolmbrogdon,opening,8,25,1,auction,Malcolm Brogdon,A125,B125,C125,
59a6a80ce913c1ee51e35c213b85ca13bb78380df68a73fa1ceb164b84c647a6,2019-20,5,Brent,14,Clint Capela,clintcapela,opening,5,24,1,auction,Clint Capela,A122,B122,C122,
59a6a80ce913c1ee51e35c213b85ca13bb78380df68a73fa1ceb164b84c647a6,2019-20,5,Max,6,CJ McCollum,cjmccollum,opening,6,24,1,auction,CJ McCollum,A123,B123,C123,
59a6a80ce913c1ee51e35c213b85ca13bb78380df68a73fa1ceb164b84c647a6,2019-20,5,Joe,15,Al Horford,alhorford,opening,5,24,1,auction,Al Horford,A121,B121,C121,
59a6a80ce913c1ee51e35c213b85ca13bb78380df68a73fa1ceb164b84c647a6,2019-20,5,Jason,2,Jonathan Isaac,jonathanisaac,opening,5,24,1,auction,Jonathan Isaac,A119,B119,C119,
59a6a80ce913c1ee51e35c213b85ca13bb78380df68a73fa1ceb164b84c647a6,2019-20,5,Isaac,11,Brook Lopez,brooklopez,opening,5,23,1,auction,Brook Lopez,A120,B120,C120,
59a6a80ce913c1ee51e35c213b85ca13bb78380df68a73fa1ceb164b84c647a6,2019-20,5,Isaac,11,Marvin Bagley III,marvinbagleyiii,opening,8,23,1,auction,Marvin Bagley III,A123,B123,C123,
59a6a80ce913c1ee51e35c213b85ca13bb78380df68a73fa1ceb164b84c647a6,2019-20,5,Mark,9,Blake Griffin,blakegriffin,opening,6,23,1,auction,Blake Griffin,A121,B121,C121,
59a6a80ce913c1ee51e35c213b85ca13bb78380df68a73fa1ceb164b84c647a6,2019-20,5,Brent,14,Chris Paul,chrispaul,opening,4,22,1,auction,Chris Paul,A121,B121,C121,
59a6a80ce913c1ee51e35c213b85ca13bb78380df68a73fa1ceb164b84c647a6,2019-20,5,Isaac,11,Thomas Bryant,thomasbryant,opening,6,22,1,auction,Thomas Bryant,A121,B121,C121,
59a6a80ce913c1ee51e35c213b85ca13bb78380df68a73fa1ceb164b84c647a6,2019-20,5,Isaac,11,Kevin Love,kevinlove,opening,4,21,1,auction,Kevin Love,A119,B119,C119,
59a6a80ce913c1ee51e35c213b85ca13bb78380df68a73fa1ceb164b84c647a6,2019-20,5,Joe,15,Ja Morant,jamorant,opening,4,21,1,auction,Ja Morant,A120,B120,C120,
59a6a80ce913c1ee51e35c213b85ca13bb78380df68a73fa1ceb164b84c647a6,2019-20,5,Alvin,1,Kyle Lowry,kylelowry,opening,3,20,1,auction,Kyle Lowry,A120,B120,C120,
59a6a80ce913c1ee51e35c213b85ca13bb78380df68a73fa1ceb164b84c647a6,2019-20,5,Peter,5,Jonas Valanciunas,jonasvalanciunas,opening,4,20,1,auction,Jonas Valanciunas,A120,B120,C120,
59a6a80ce913c1ee51e35c213b85ca13bb78380df68a73fa1ceb164b84c647a6,2019-20,5,Peter,5,Jeff Teague,jeffteague,opening,6,20,1,auction,Jeff Teague,A122,B122,C122,
59a6a80ce913c1ee51e35c213b85ca13bb78380df68a73fa1ceb164b84c647a6,2019-20,5,Mark,9,Lauri Markkanen,laurimarkkanen,opening,4,20,1,auction,Lauri Markkanen,A119,B119,C119,
59a6a80ce913c1ee51e35c213b85ca13bb78380df68a73fa1ceb164b84c647a6,2019-20,5,Alvin,1,Danilo Gallinari,danilogallinari,opening,8,19,1,auction,Danilo Gallinari,A125,B125,C125,
59a6a80ce913c1ee51e35c213b85ca13bb78380df68a73fa1ceb164b84c647a6,2019-20,5,Darren,7,Kelly Oubre Jr.,kellyoubrejr,opening,5,19,1,auction,Kelly Oubre Jr.,A122,B122,C122,
59a6a80ce913c1ee51e35c213b85ca13bb78380df68a73fa1ceb164b84c647a6,2019-20,5,Alvin,1,Robert Covington,robertcovington,opening,5,18,1,auction,Robert Covington,A122,B122,C122,
59a6a80ce913c1ee51e35c213b85ca13bb78380df68a73fa1ceb164b84c647a6,2019-20,5,Alvin,1,Fred VanVleet,fredvanvleet,opening,10,18,1,auction,Fred VanVleet,A127,B127,C127,
59a6a80ce913c1ee51e35c213b85ca13bb78380df68a73fa1ceb164b84c647a6,2019-20,5,Peter,5,Khris Middleton,khrismiddleton,opening,3,18,1,auction,Khris Middleton,A119,B119,C119,
59a6a80ce913c1ee51e35c213b85ca13bb78380df68a73fa1ceb164b84c647a6,2019-20,5,Peter,5,Joe Ingles,joeingles,opening,8,18,1,auction,Joe Ingles,A124,B124,C124,
59a6a80ce913c1ee51e35c213b85ca13bb78380df68a73fa1ceb164b84c647a6,2019-20,5,Peter,5,Kevin Durant,kevindurant,opening,11,18,1,auction,Kevin Durant,A127,B127,C127,
59a6a80ce913c1ee51e35c213b85ca13bb78380df68a73fa1ceb164b84c647a6,2019-20,5,Kerry,3,Eric Bledsoe,ericbledsoe,opening,5,18,1,auction,Eric Bledsoe,A122,B122,C122,
59a6a80ce913c1ee51e35c213b85ca13bb78380df68a73fa1ceb164b84c647a6,2019-20,5,Kerry,3,Aaron Gordon,aarongordon,opening,6,18,1,auction,Aaron Gordon,A123,B123,C123,
59a6a80ce913c1ee51e35c213b85ca13bb78380df68a73fa1ceb164b84c647a6,2019-20,5,Arthur,4,Derrick White,derrickwhite,opening,9,18,1,auction,Derrick White,A126,B126,C126,
59a6a80ce913c1ee51e35c213b85ca13bb78380df68a73fa1ceb164b84c647a6,2019-20,5,Max,6,Serge Ibaka,sergeibaka,opening,14,18,1,auction,Serge Ibaka,A131,B131,C131,
59a6a80ce913c1ee51e35c213b85ca13bb78380df68a73fa1ceb164b84c647a6,2019-20,5,Mark,9,Jamal Murray,jamalmurray,opening,3,18,1,auction,Jamal Murray,A118,B118,C118,
59a6a80ce913c1ee51e35c213b85ca13bb78380df68a73fa1ceb164b84c647a6,2019-20,5,Ron,8,Domantas Sabonis,domantassabonis,opening,4,16,1,auction,Domantas Sabonis,A121,B121,C121,
59a6a80ce913c1ee51e35c213b85ca13bb78380df68a73fa1ceb164b84c647a6,2019-20,5,Alvin,1,Gordon Hayward,gordonhayward,opening,12,15,1,auction,Gordon Hayward,A129,B129,C129,
59a6a80ce913c1ee51e35c213b85ca13bb78380df68a73fa1ceb164b84c647a6,2019-20,5,Darren,7,Gary Harris,garyharris,opening,6,15,1,auction,Gary Harris,A123,B123,C123,
59a6a80ce913c1ee51e35c213b85ca13bb78380df68a73fa1ceb164b84c647a6,2019-20,5,Ron,8,Caris LeVert,carislevert,opening,9,15,1,auction,Caris LeVert,A126,B126,C126,
59a6a80ce913c1ee51e35c213b85ca13bb78380df68a73fa1ceb164b84c647a6,2019-20,5,Brent,14,Jarrett Culver,jarrettculver,opening,14,15,1,auction,Jarrett Culver,A131,B131,C131,
59a6a80ce913c1ee51e35c213b85ca13bb78380df68a73fa1ceb164b84c647a6,2019-20,5,Peter,5,Jarrett Allen,jarrettallen,opening,7,14,1,auction,Jarrett Allen,A123,B123,C123,
59a6a80ce913c1ee51e35c213b85ca13bb78380df68a73fa1ceb164b84c647a6,2019-20,5,Brent,14,De'Andre Hunter,deandrehunter,opening,13,14,1,auction,De'Andre Hunter,A130,B130,C130,
59a6a80ce913c1ee51e35c213b85ca13bb78380df68a73fa1ceb164b84c647a6,2019-20,5,Ian,13,RJ Barrett,rjbarrett,opening,6,14,1,auction,RJ Barrett,A121,B121,C121,
59a6a80ce913c1ee51e35c213b85ca13bb78380df68a73fa1ceb164b84c647a6,2019-20,5,Peter,5,Bojan Bogdanovic,bojanbogdanovic,opening,10,13,1,auction,Bojan Bogdanovic,A126,B126,C126,
59a6a80ce913c1ee51e35c213b85ca13bb78380df68a73fa1ceb164b84c647a6,2019-20,5,Kerry,3,Dejounte Murray,dejountemurray,opening,9,13,1,auction,Dejounte Murray,A126,B126,C126,
59a6a80ce913c1ee51e35c213b85ca13bb78380df68a73fa1ceb164b84c647a6,2019-20,5,Arthur,4,TJ Warren,tjwarren,opening,5,13,1,auction,TJ Warren,A122,B122,C122,
59a6a80ce913c1ee51e35c213b85ca13bb78380df68a73fa1ceb164b84c647a6,2019-20,5,Ron,8,Ricky Rubio,rickyrubio,opening,5,13,1,auction,Ricky Rubio,A122,B122,C122,
59a6a80ce913c1ee51e35c213b85ca13bb78380df68a73fa1ceb164b84c647a6,2019-20,5,Brent,14,Terry Rozier,terryrozier,opening,6,13,1,auction,Terry Rozier,A123,B123,C123,
59a6a80ce913c1ee51e35c213b85ca13bb78380df68a73fa1ceb164b84c647a6,2019-20,5,Joe,15,Jeremy Lamb,jeremylamb,opening,8,13,1,auction,Jeremy Lamb,A124,B124,C124,
59a6a80ce913c1ee51e35c213b85ca13bb78380df68a73fa1ceb164b84c647a6,2019-20,5,Ian,13,Dewayne Dedmon,dewaynededmon,opening,7,13,1,auction,Dewayne Dedmon,A122,B122,C122,
59a6a80ce913c1ee51e35c213b85ca13bb78380df68a73fa1ceb164b84c647a6,2019-20,5,Graham,12,Enes Kanter,eneskanter,opening,3,12,1,auction,Enes Kanter,A116,B116,C116,
59a6a80ce913c1ee51e35c213b85ca13bb78380df68a73fa1ceb164b84c647a6,2019-20,5,Arthur,4,Taurean Prince,taureanprince,opening,12,12,1,auction,Taureen Prince,A129,B129,C129,
59a6a80ce913c1ee51e35c213b85ca13bb78380df68a73fa1ceb164b84c647a6,2019-20,5,Ron,8,Norman Powell,normanpowell,opening,15,12,1,auction,Norman Powell,A132,B132,C132,
59a6a80ce913c1ee51e35c213b85ca13bb78380df68a73fa1ceb164b84c647a6,2019-20,5,Max,6,Steven Adams,stevenadams,opening,9,12,1,auction,Steven Adams,A126,B126,C126,
59a6a80ce913c1ee51e35c213b85ca13bb78380df68a73fa1ceb164b84c647a6,2019-20,5,Ian,13,Dario Saric,dariosaric,opening,8,12,1,auction,Dario Saric,A123,B123,C123,
59a6a80ce913c1ee51e35c213b85ca13bb78380df68a73fa1ceb164b84c647a6,2019-20,5,Max,6,Victor Oladipo,victoroladipo,opening,4,11,1,auction,Victor Oladipo,A121,B121,C121,
59a6a80ce913c1ee51e35c213b85ca13bb78380df68a73fa1ceb164b84c647a6,2019-20,5,Max,6,JJ Redick,jjredick,opening,13,11,1,auction,JJ Redick,A130,B130,C130,
59a6a80ce913c1ee51e35c213b85ca13bb78380df68a73fa1ceb164b84c647a6,2019-20,5,Joe,15,Collin Sexton,collinsexton,opening,11,11,1,auction,Collin Sexton,A127,B127,C127,
59a6a80ce913c1ee51e35c213b85ca13bb78380df68a73fa1ceb164b84c647a6,2019-20,5,Joe,15,Joe Harris,joeharris,opening,12,11,1,auction,Joe Harris,A128,B128,C128,
59a6a80ce913c1ee51e35c213b85ca13bb78380df68a73fa1ceb164b84c647a6,2019-20,5,Jason,2,Rudy Gay,rudygay,opening,6,11,1,auction,Rudy Gay,A120,B120,C120,
59a6a80ce913c1ee51e35c213b85ca13bb78380df68a73fa1ceb164b84c647a6,2019-20,5,Alvin,1,Marc Gasol,marcgasol,opening,7,10,1,auction,Marc Gasol,A124,B124,C124,
59a6a80ce913c1ee51e35c213b85ca13bb78380df68a73fa1ceb164b84c647a6,2019-20,5,Peter,5,Montrezl Harrell,montrezlharrell,opening,5,10,1,auction,Montrezl Harrell,A121,B121,C121,
59a6a80ce913c1ee51e35c213b85ca13bb78380df68a73fa1ceb164b84c647a6,2019-20,5,Peter,5,Justise Winslow,justisewinslow,opening,9,10,1,auction,Justice Winslow,A125,B125,C125,
59a6a80ce913c1ee51e35c213b85ca13bb78380df68a73fa1ceb164b84c647a6,2019-20,5,Arthur,4,Derrick Rose,derrickrose,opening,14,10,1,auction,Derrick Rose,A131,B131,C131,
59a6a80ce913c1ee51e35c213b85ca13bb78380df68a73fa1ceb164b84c647a6,2019-20,5,Arthur,4,Nickeil Alexander-Walker,nickeilalexanderwalker,opening,15,10,1,auction,Nickeil Alexander-Walker,A132,B132,C132,
59a6a80ce913c1ee51e35c213b85ca13bb78380df68a73fa1ceb164b84c647a6,2019-20,5,Ron,8,Tomas Satoransky,tomassatoransky,opening,7,10,1,auction,Tomas Satoransky,A124,B124,C124,
59a6a80ce913c1ee51e35c213b85ca13bb78380df68a73fa1ceb164b84c647a6,2019-20,5,Max,6,Hassan Whiteside,hassanwhiteside,opening,5,10,1,auction,Hassan Whiteside,A122,B122,C122,
59a6a80ce913c1ee51e35c213b85ca13bb78380df68a73fa1ceb164b84c647a6,2019-20,5,Max,6,Spencer Dinwiddie,spencerdinwiddie,opening,11,10,1,auction,Spencer Dinwiddie,A128,B128,C128,
59a6a80ce913c1ee51e35c213b85ca13bb78380df68a73fa1ceb164b84c647a6,2019-20,5,Isaac,11,Brandon Ingram,brandoningram,opening,9,10,1,auction,Brandon Ingram,A124,B124,C124,
59a6a80ce913c1ee51e35c213b85ca13bb78380df68a73fa1ceb164b84c647a6,2019-20,5,Joe,15,Larry Nance Jr.,larrynancejr,opening,7,10,1,auction,Larry Nance Jr.,A123,B123,C123,
59a6a80ce913c1ee51e35c213b85ca13bb78380df68a73fa1ceb164b84c647a6,2019-20,5,Joe,15,Kelly Olynyk,kellyolynyk,opening,10,10,1,auction,Kelly Olynyk,A126,B126,C126,
59a6a80ce913c1ee51e35c213b85ca13bb78380df68a73fa1ceb164b84c647a6,2019-20,5,Kerry,3,Tyler Herro,tylerherro,opening,11,9,1,auction,Tyler Herro,A128,B128,C128,
59a6a80ce913c1ee51e35c213b85ca13bb78380df68a73fa1ceb164b84c647a6,2019-20,5,Kerry,3,Ivica Zubac,ivicazubac,opening,15,9,1,auction,Ivica Zubac,A132,B132,C132,
59a6a80ce913c1ee51e35c213b85ca13bb78380df68a73fa1ceb164b84c647a6,2019-20,5,Arthur,4,JaVale McGee,javalemcgee,opening,10,9,1,auction,JaVale McGee,A127,B127,C127,
59a6a80ce913c1ee51e35c213b85ca13bb78380df68a73fa1ceb164b84c647a6,2019-20,5,Ron,8,Lonzo Ball,lonzoball,opening,3,9,1,auction,Lonzo Ball,A120,B120,C120,
59a6a80ce913c1ee51e35c213b85ca13bb78380df68a73fa1ceb164b84c647a6,2019-20,5,Max,6,Paul Millsap,paulmillsap,opening,12,9,1,auction,Paul Millsap,A129,B129,C129,
59a6a80ce913c1ee51e35c213b85ca13bb78380df68a73fa1ceb164b84c647a6,2019-20,5,Joe,15,Mikal Bridges,mikalbridges,opening,9,9,1,auction,Mikal Bridges,A125,B125,C125,
59a6a80ce913c1ee51e35c213b85ca13bb78380df68a73fa1ceb164b84c647a6,2019-20,5,Ian,13,Klay Thompson,klaythompson,opening,5,9,1,auction,Klay Thompson,A120,B120,C120,
59a6a80ce913c1ee51e35c213b85ca13bb78380df68a73fa1ceb164b84c647a6,2019-20,5,Mark,9,Lou Williams,louwilliams,opening,5,9,1,auction,Lou Williams,A120,B120,C120,
59a6a80ce913c1ee51e35c213b85ca13bb78380df68a73fa1ceb164b84c647a6,2019-20,5,Graham,12,DJ Augustin,djaugustin,opening,5,8,1,auction,DJ Augustin,A118,B118,C118,
59a6a80ce913c1ee51e35c213b85ca13bb78380df68a73fa1ceb164b84c647a6,2019-20,5,Alvin,1,Delon Wright,delonwright,opening,11,8,1,auction,Delon Wright,A128,B128,C128,
59a6a80ce913c1ee51e35c213b85ca13bb78380df68a73fa1ceb164b84c647a6,2019-20,5,Kerry,3,Bogdan Bogdanovic,bogdanbogdanovic,opening,10,8,1,auction,Bogdon Bogdanovic,A127,B127,C127,
59a6a80ce913c1ee51e35c213b85ca13bb78380df68a73fa1ceb164b84c647a6,2019-20,5,Arthur,4,Eric Gordon,ericgordon,opening,8,8,1,auction,Eric Gordon,A125,B125,C125,
59a6a80ce913c1ee51e35c213b85ca13bb78380df68a73fa1ceb164b84c647a6,2019-20,5,Brent,14,Cody Zeller,codyzeller,opening,15,8,1,auction,Cody Zeller,A132,B132,C132,
59a6a80ce913c1ee51e35c213b85ca13bb78380df68a73fa1ceb164b84c647a6,2019-20,5,Max,6,Kyle Kuzma,kylekuzma,opening,8,8,1,auction,Kyle Kuzma,A125,B125,C125,
59a6a80ce913c1ee51e35c213b85ca13bb78380df68a73fa1ceb164b84c647a6,2019-20,5,Isaac,11,Evan Fournier,evanfournier,opening,11,8,1,auction,Evan Fournier,A126,B126,C126,
59a6a80ce913c1ee51e35c213b85ca13bb78380df68a73fa1ceb164b84c647a6,2019-20,5,Joe,15,Davis Bertans,davisbertans,opening,13,8,1,auction,Davis Bertans,A129,B129,C129,
59a6a80ce913c1ee51e35c213b85ca13bb78380df68a73fa1ceb164b84c647a6,2019-20,5,Ian,13,OG Anunoby,oganunoby,opening,9,8,1,auction,OG Anunoby,A124,B124,C124,
59a6a80ce913c1ee51e35c213b85ca13bb78380df68a73fa1ceb164b84c647a6,2019-20,5,Mark,9,Rui Hachimura,ruihachimura,opening,7,8,1,auction,Rui Hachimura,A122,B122,C122,
59a6a80ce913c1ee51e35c213b85ca13bb78380df68a73fa1ceb164b84c647a6,2019-20,5,Mark,9,Bobby Portis,bobbyportis,opening,9,8,1,auction,Bobby Portis,A124,B124,C124,
59a6a80ce913c1ee51e35c213b85ca13bb78380df68a73fa1ceb164b84c647a6,2019-20,5,Mark,9,Terrence Ross,terrenceross,opening,10,8,1,auction,Terrence Ross,A125,B125,C125,
59a6a80ce913c1ee51e35c213b85ca13bb78380df68a73fa1ceb164b84c647a6,2019-20,5,Kerry,3,Miles Bridges,milesbridges,opening,7,7,1,auction,Miles Bridges,A124,B124,C124,
59a6a80ce913c1ee51e35c213b85ca13bb78380df68a73fa1ceb164b84c647a6,2019-20,5,Kerry,3,Harrison Barnes,harrisonbarnes,opening,13,7,1,auction,Harrison Barnes,A130,B130,C130,
59a6a80ce913c1ee51e35c213b85ca13bb78380df68a73fa1ceb164b84c647a6,2019-20,5,Brent,14,Brandon Clarke,brandonclarke,opening,10,7,1,auction,Brandon Clarke,A127,B127,C127,
59a6a80ce913c1ee51e35c213b85ca13bb78380df68a73fa1ceb164b84c647a6,2019-20,5,Max,6,Danny Green,dannygreen,opening,7,7,1,auction,Danny Green,A124,B124,C124,
59a6a80ce913c1ee51e35c213b85ca13bb78380df68a73fa1ceb164b84c647a6,2019-20,5,Graham,12,Jakob Poeltl,jakobpoeltl,opening,9,6,1,auction,Jakob Poeltl,A122,B122,C122,
59a6a80ce913c1ee51e35c213b85ca13bb78380df68a73fa1ceb164b84c647a6,2019-20,5,Alvin,1,Zach Collins,zachcollins,opening,6,6,1,auction,Zach Collins,A123,B123,C123,
59a6a80ce913c1ee51e35c213b85ca13bb78380df68a73fa1ceb164b84c647a6,2019-20,5,Kerry,3,Jaylen Brown,jaylenbrown,opening,12,6,1,auction,Jaylen Brown,A129,B129,C129,
59a6a80ce913c1ee51e35c213b85ca13bb78380df68a73fa1ceb164b84c647a6,2019-20,5,Kerry,3,Darius Garland,dariusgarland,opening,14,6,1,auction,Darius Garland,A131,B131,C131,
59a6a80ce913c1ee51e35c213b85ca13bb78380df68a73fa1ceb164b84c647a6,2019-20,5,Arthur,4,Kevin Huerter,kevinhuerter,opening,7,6,1,auction,Kevin Huerter,A124,B124,C124,
59a6a80ce913c1ee51e35c213b85ca13bb78380df68a73fa1ceb164b84c647a6,2019-20,5,Ron,8,Kevon Looney,kevonlooney,opening,10,6,1,auction,Kevon Looney,A127,B127,C127,
59a6a80ce913c1ee51e35c213b85ca13bb78380df68a73fa1ceb164b84c647a6,2019-20,5,Ron,8,Nerlens Noel,nerlensnoel,opening,13,6,1,auction,Nerlens Noel,A130,B130,C130,
59a6a80ce913c1ee51e35c213b85ca13bb78380df68a73fa1ceb164b84c647a6,2019-20,5,Max,6,Andrew Wiggins,andrewwiggins,opening,10,6,1,auction,Andrew Wiggins,A127,B127,C127,
59a6a80ce913c1ee51e35c213b85ca13bb78380df68a73fa1ceb164b84c647a6,2019-20,5,Isaac,11,Isaiah Thomas,isaiahthomas,opening,13,6,1,auction,Isaiah Thomas,A128,B128,C128,
59a6a80ce913c1ee51e35c213b85ca13bb78380df68a73fa1ceb164b84c647a6,2019-20,5,Graham,12,Seth Curry,sethcurry,opening,10,5,1,auction,Seth Curry,A123,B123,C123,
59a6a80ce913c1ee51e35c213b85ca13bb78380df68a73fa1ceb164b84c647a6,2019-20,5,Kerry,3,DeAndre Jordan,deandrejordan,opening,8,5,1,auction,DeAndre Jordan,A125,B125,C125,
59a6a80ce913c1ee51e35c213b85ca13bb78380df68a73fa1ceb164b84c647a6,2019-20,5,Arthur,4,Goran Dragic,gorandragic,opening,6,5,1,auction,Goran Dragic,A123,B123,C123,
59a6a80ce913c1ee51e35c213b85ca13bb78380df68a73fa1ceb164b84c647a6,2019-20,5,Ron,8,Dwight Powell,dwightpowell,opening,11,5,1,auction,Dwight Powell,A128,B128,C128,
59a6a80ce913c1ee51e35c213b85ca13bb78380df68a73fa1ceb164b84c647a6,2019-20,5,Brent,14,Cam Reddish,camreddish,opening,8,5,1,auction,Cam Reddish,A125,B125,C125,
59a6a80ce913c1ee51e35c213b85ca13bb78380df68a73fa1ceb164b84c647a6,2019-20,5,Joe,15,Dennis Schroder,dennisschroder,opening,14,5,1,auction,Dennis Schroder,A130,B130,C130,
59a6a80ce913c1ee51e35c213b85ca13bb78380df68a73fa1ceb164b84c647a6,2019-20,5,Mark,9,Marcus Smart,marcussmart,opening,8,5,1,auction,Marcus Smart,A123,B123,C123,
59a6a80ce913c1ee51e35c213b85ca13bb78380df68a73fa1ceb164b84c647a6,2019-20,5,Benji,10,Jerami Grant,jeramigrant,opening,12,5,1,auction,Jerami Grant,A124,B124,C124,
59a6a80ce913c1ee51e35c213b85ca13bb78380df68a73fa1ceb164b84c647a6,2019-20,5,Benji,10,Alex Len,alexlen,opening,14,5,1,auction,Alex Len,A126,B126,C126,
59a6a80ce913c1ee51e35c213b85ca13bb78380df68a73fa1ceb164b84c647a6,2019-20,5,Graham,12,Al-Farouq Aminu,alfarouqaminu,opening,6,4,1,auction,Al-Farouq Aminu,A119,B119,C119,
59a6a80ce913c1ee51e35c213b85ca13bb78380df68a73fa1ceb164b84c647a6,2019-20,5,Alvin,1,Ish Smith,ishsmith,opening,9,4,1,auction,Ish Smith,A126,B126,C126,
59a6a80ce913c1ee51e35c213b85ca13bb78380df68a73fa1ceb164b84c647a6,2019-20,5,Alvin,1,Kent Bazemore,kentbazemore,opening,13,4,1,auction,Kent Bazemore,A130,B130,C130,
59a6a80ce913c1ee51e35c213b85ca13bb78380df68a73fa1ceb164b84c647a6,2019-20,5,Darren,7,Mo Bamba,mobamba,opening,7,4,1,auction,Mo Bamba,A124,B124,C124,
59a6a80ce913c1ee51e35c213b85ca13bb78380df68a73fa1ceb164b84c647a6,2019-20,5,Arthur,4,Bruno Caboclo,brunocaboclo,opening,13,4,1,auction,Bruno Caboclo,A130,B130,C130,
59a6a80ce913c1ee51e35c213b85ca13bb78380df68a73fa1ceb164b84c647a6,2019-20,5,Joe,15,Jeff Green,jeffgreen,opening,15,4,1,auction,Jeff Green,A131,B131,C131,
59a6a80ce913c1ee51e35c213b85ca13bb78380df68a73fa1ceb164b84c647a6,2019-20,5,Ian,13,Dwayne Bacon,dwaynebacon,opening,12,4,1,auction,Dwayne Bacon,A127,B127,C127,
59a6a80ce913c1ee51e35c213b85ca13bb78380df68a73fa1ceb164b84c647a6,2019-20,5,Mark,9,Coby White,cobywhite,opening,12,4,1,auction,Coby White,A127,B127,C127,
59a6a80ce913c1ee51e35c213b85ca13bb78380df68a73fa1ceb164b84c647a6,2019-20,5,Benji,10,George Hill,georgehill,opening,8,4,1,auction,George Hill,A120,B120,C120,
59a6a80ce913c1ee51e35c213b85ca13bb78380df68a73fa1ceb164b84c647a6,2019-20,5,Benji,10,Willie Cauley-Stein,williecauleystein,opening,13,4,1,auction,Willie Cauley-Stein,A125,B125,C125,
59a6a80ce913c1ee51e35c213b85ca13bb78380df68a73fa1ceb164b84c647a6,2019-20,5,Graham,12,Kyle Anderson,kyleanderson,opening,8,3,1,auction,Kyle Anderson,A121,B121,C121,
59a6a80ce913c1ee51e35c213b85ca13bb78380df68a73fa1ceb164b84c647a6,2019-20,5,Brent,14,Landry Shamet,landryshamet,opening,7,3,1,auction,Landry Shamet,A124,B124,C124,
59a6a80ce913c1ee51e35c213b85ca13bb78380df68a73fa1ceb164b84c647a6,2019-20,5,Brent,14,Michael Porter Jr.,michaelporterjr,opening,9,3,1,auction,Michael Porter Jr.,A126,B126,C126,
59a6a80ce913c1ee51e35c213b85ca13bb78380df68a73fa1ceb164b84c647a6,2019-20,5,Isaac,11,Rajon Rondo,rajonrondo,opening,12,3,1,auction,Rajon Rondo,A127,B127,C127,
59a6a80ce913c1ee51e35c213b85ca13bb78380df68a73fa1ceb164b84c647a6,2019-20,5,Ian,13,Will Barton,willbarton,opening,10,3,1,auction,Will Barton,A125,B125,C125,
59a6a80ce913c1ee51e35c213b85ca13bb78380df68a73fa1ceb164b84c647a6,2019-20,5,Ian,13,Jordan Clarkson,jordanclarkson,opening,11,3,1,auction,Jordan Clarkson,A126,B126,C126,
59a6a80ce913c1ee51e35c213b85ca13bb78380df68a73fa1ceb164b84c647a6,2019-20,5,Ian,13,Derrick Jones Jr.,derrickjonesjr,opening,13,3,1,auction,Derrick Jones Jr.,A128,B128,C128,
59a6a80ce913c1ee51e35c213b85ca13bb78380df68a73fa1ceb164b84c647a6,2019-20,5,Mark,9,Meyers Leonard,meyersleonard,opening,15,3,1,auction,Meyers Leonard,A130,B130,C130,
59a6a80ce913c1ee51e35c213b85ca13bb78380df68a73fa1ceb164b84c647a6,2019-20,5,Jason,2,Rodions Kurucs,rodionskurucs,opening,7,3,1,auction,Rodions Kurucs,A121,B121,C121,
59a6a80ce913c1ee51e35c213b85ca13bb78380df68a73fa1ceb164b84c647a6,2019-20,5,Benji,10,Reggie Jackson,reggiejackson,opening,7,3,1,auction,Reggie Jackson,A119,B119,C119,
59a6a80ce913c1ee51e35c213b85ca13bb78380df68a73fa1ceb164b84c647a6,2019-20,5,Benji,10,Nicolas Batum,nicolasbatum,opening,9,3,1,auction,Nicolas Batum,A121,B121,C121,
59a6a80ce913c1ee51e35c213b85ca13bb78380df68a73fa1ceb164b84c647a6,2019-20,5,Benji,10,Tacko Fall,tackofall,opening,10,3,1,auction,Tacko Fall,A122,B122,C122,
59a6a80ce913c1ee51e35c213b85ca13bb78380df68a73fa1ceb164b84c647a6,2019-20,5,Benji,10,Patrick Beverley,patrickbeverley,opening,11,3,1,auction,Patrick Beverley,A123,B123,C123,
59a6a80ce913c1ee51e35c213b85ca13bb78380df68a73fa1ceb164b84c647a6,2019-20,5,Graham,12,Trevor Ariza,trevorariza,opening,4,2,1,auction,Trevor Ariza,A117,B117,C117,
59a6a80ce913c1ee51e35c213b85ca13bb78380df68a73fa1ceb164b84c647a6,2019-20,5,Graham,12,Jabari Parker,jabariparker,opening,7,2,1,auction,Jabari Parker,A120,B120,C120,
59a6a80ce913c1ee51e35c213b85ca13bb78380df68a73fa1ceb164b84c647a6,2019-20,5,Graham,12,Taj Gibson,tajgibson,opening,13,2,1,auction,Taj Gibson,A126,B126,C126,
59a6a80ce913c1ee51e35c213b85ca13bb78380df68a73fa1ceb164b84c647a6,2019-20,5,Graham,12,Tristan Thompson,tristanthompson,opening,14,2,1,auction,Tristan Thompson,A127,B127,C127,
59a6a80ce913c1ee51e35c213b85ca13bb78380df68a73fa1ceb164b84c647a6,2019-20,5,Peter,5,Maxi Kleber,maxikleber,opening,14,2,1,auction,Maxi Kleber,A130,B130,C130,
59a6a80ce913c1ee51e35c213b85ca13bb78380df68a73fa1ceb164b84c647a6,2019-20,5,Ron,8,Malik Monk,malikmonk,opening,12,2,1,auction,Malik Monk,A129,B129,C129,
59a6a80ce913c1ee51e35c213b85ca13bb78380df68a73fa1ceb164b84c647a6,2019-20,5,Brent,14,Kevin Knox II,kevinknoxii,opening,11,2,1,auction,Kevin Knox II,A128,B128,C128,
59a6a80ce913c1ee51e35c213b85ca13bb78380df68a73fa1ceb164b84c647a6,2019-20,5,Brent,14,Jake Layman,jakelayman,opening,12,2,1,auction,Jake Layman,A129,B129,C129,
59a6a80ce913c1ee51e35c213b85ca13bb78380df68a73fa1ceb164b84c647a6,2019-20,5,Max,6,Marcus Morris Sr,marcusmorrissr,opening,15,2,1,auction,Marcus Morris Sr.,A132,B132,C132,
59a6a80ce913c1ee51e35c213b85ca13bb78380df68a73fa1ceb164b84c647a6,2019-20,5,Isaac,11,Jusuf Nurkic,jusufnurkic,opening,7,2,1,auction,Jusuf Nurkic,A122,B122,C122,
59a6a80ce913c1ee51e35c213b85ca13bb78380df68a73fa1ceb164b84c647a6,2019-20,5,Isaac,11,Markieff Morris,markieffmorris,opening,10,2,1,auction,Markieff Morris,A125,B125,C125,
59a6a80ce913c1ee51e35c213b85ca13bb78380df68a73fa1ceb164b84c647a6,2019-20,5,Isaac,11,Wesley Matthews,wesleymatthews,opening,14,2,1,auction,Wesley Matthews,A129,B129,C129,
59a6a80ce913c1ee51e35c213b85ca13bb78380df68a73fa1ceb164b84c647a6,2019-20,5,Mark,9,John Wall,johnwall,opening,11,2,1,auction,John Wall,A126,B126,C126,
59a6a80ce913c1ee51e35c213b85ca13bb78380df68a73fa1ceb164b84c647a6,2019-20,5,Mark,9,Luke Kennard,lukekennard,opening,13,2,1,auction,Luke Kennard,A128,B128,C128,
59a6a80ce913c1ee51e35c213b85ca13bb78380df68a73fa1ceb164b84c647a6,2019-20,5,Benji,10,Tim Hardaway Jr.,timhardawayjr,opening,15,2,1,auction,Tim Hardaway Jr.,A127,B127,C127,
59a6a80ce913c1ee51e35c213b85ca13bb78380df68a73fa1ceb164b84c647a6,2019-20,5,Graham,12,Carsen Edwards,carsenedwards,opening,11,1,1,auction,Carsen Edwards,A124,B124,C124,
59a6a80ce913c1ee51e35c213b85ca13bb78380df68a73fa1ceb164b84c647a6,2019-20,5,Graham,12,Josh Okogie,joshokogie,opening,12,1,1,auction,Josh Okogie,A125,B125,C125,
59a6a80ce913c1ee51e35c213b85ca13bb78380df68a73fa1ceb164b84c647a6,2019-20,5,Graham,12,Rodney Hood,rodneyhood,opening,15,1,1,auction,Rodney Hood,A128,B128,C128,
59a6a80ce913c1ee51e35c213b85ca13bb78380df68a73fa1ceb164b84c647a6,2019-20,5,Alvin,1,Anfernee Simons,anferneesimons,opening,14,1,1,auction,Anfernee Simons,A131,B131,C131,
59a6a80ce913c1ee51e35c213b85ca13bb78380df68a73fa1ceb164b84c647a6,2019-20,5,Alvin,1,Matisse Thybulle,matissethybulle,opening,15,1,1,auction,Matisse Thybulle,A132,B132,C132,
59a6a80ce913c1ee51e35c213b85ca13bb78380df68a73fa1ceb164b84c647a6,2019-20,5,Peter,5,Allonzo Trier,allonzotrier,opening,12,1,1,auction,Allonzo Trier,A128,B128,C128,
59a6a80ce913c1ee51e35c213b85ca13bb78380df68a73fa1ceb164b84c647a6,2019-20,5,Peter,5,Cedi Osman,cediosman,opening,13,1,1,auction,Cedi Osman,A129,B129,C129,
59a6a80ce913c1ee51e35c213b85ca13bb78380df68a73fa1ceb164b84c647a6,2019-20,5,Peter,5,Danuel House Jr.,danuelhousejr,opening,15,1,1,auction,Danuel House Jr.,A131,B131,C131,
59a6a80ce913c1ee51e35c213b85ca13bb78380df68a73fa1ceb164b84c647a6,2019-20,5,Darren,7,Markelle Fultz,markellefultz,opening,8,1,1,auction,Markelle Fultz,A125,B125,C125,
59a6a80ce913c1ee51e35c213b85ca13bb78380df68a73fa1ceb164b84c647a6,2019-20,5,Darren,7,Andre Iguodala,andreiguodala,opening,9,1,1,auction,Andre Iguodala,A126,B126,C126,
59a6a80ce913c1ee51e35c213b85ca13bb78380df68a73fa1ceb164b84c647a6,2019-20,5,Darren,7,Kris Dunn,krisdunn,opening,10,1,1,auction,Kris Dunn,A127,B127,C127,
59a6a80ce913c1ee51e35c213b85ca13bb78380df68a73fa1ceb164b84c647a6,2019-20,5,Darren,7,DeAndre' Bembry,deandrebembry,opening,11,1,1,auction,DeAndre' Bembry,A128,B128,C128,
59a6a80ce913c1ee51e35c213b85ca13bb78380df68a73fa1ceb164b84c647a6,2019-20,5,Darren,7,Robert Williams III,robertwilliamsiii,opening,12,1,1,auction,Robert Williams,A129,B129,C129,
59a6a80ce913c1ee51e35c213b85ca13bb78380df68a73fa1ceb164b84c647a6,2019-20,5,Darren,7,Monte Morris,montemorris,opening,13,1,1,auction,Monte Morris,A130,B130,C130,
59a6a80ce913c1ee51e35c213b85ca13bb78380df68a73fa1ceb164b84c647a6,2019-20,5,Darren,7,Ed Davis,eddavis,opening,14,1,1,auction,Ed Davis,A131,B131,C131,
59a6a80ce913c1ee51e35c213b85ca13bb78380df68a73fa1ceb164b84c647a6,2019-20,5,Darren,7,Malik Beasley,malikbeasley,opening,15,1,1,auction,Malik Beasley,A132,B132,C132,
59a6a80ce913c1ee51e35c213b85ca13bb78380df68a73fa1ceb164b84c647a6,2019-20,5,Arthur,4,DeMarcus Cousins,demarcuscousins,opening,11,1,1,auction,DeMarcus Cousins,A128,B128,C128,
59a6a80ce913c1ee51e35c213b85ca13bb78380df68a73fa1ceb164b84c647a6,2019-20,5,Ron,8,PJ Tucker,pjtucker,opening,14,1,1,auction,PJ Tucker,A131,B131,C131,
59a6a80ce913c1ee51e35c213b85ca13bb78380df68a73fa1ceb164b84c647a6,2019-20,5,Isaac,11,Jae Crowder,jaecrowder,opening,15,1,1,auction,Jae Crowder,A130,B130,C130,
59a6a80ce913c1ee51e35c213b85ca13bb78380df68a73fa1ceb164b84c647a6,2019-20,5,Ian,13,Bryn Forbes,brynforbes,opening,14,1,1,auction,Bryn Forbes,A129,B129,C129,
59a6a80ce913c1ee51e35c213b85ca13bb78380df68a73fa1ceb164b84c647a6,2019-20,5,Ian,13,Dillon Brooks,dillonbrooks,opening,15,1,1,auction,Dillon Brooks,A130,B130,C130,
59a6a80ce913c1ee51e35c213b85ca13bb78380df68a73fa1ceb164b84c647a6,2019-20,5,Mark,9,Dennis Smith Jr.,dennissmithjr,opening,14,1,1,auction,Dennis Smith Jr.,A129,B129,C129,
59a6a80ce913c1ee51e35c213b85ca13bb78380df68a73fa1ceb164b84c647a6,2019-20,5,Jason,2,Pat Connaughton,patconnaughton,opening,8,1,1,auction,Pat Connaughton,A122,B122,C122,
59a6a80ce913c1ee51e35c213b85ca13bb78380df68a73fa1ceb164b84c647a6,2019-20,5,Jason,2,Elfrid Payton,elfridpayton,opening,9,1,1,auction,Elfrid Payton,A123,B123,C123,
59a6a80ce913c1ee51e35c213b85ca13bb78380df68a73fa1ceb164b84c647a6,2019-20,5,Jason,2,JaMychal Green,jamychalgreen,opening,10,1,1,auction,JaMychal Green,A124,B124,C124,
59a6a80ce913c1ee51e35c213b85ca13bb78380df68a73fa1ceb164b84c647a6,2019-20,5,Jason,2,Marvin Williams,marvinwilliams,opening,11,1,1,auction,Marvin Williams,A125,B125,C125,
59a6a80ce913c1ee51e35c213b85ca13bb78380df68a73fa1ceb164b84c647a6,2019-20,5,Jason,2,Mason Plumlee,masonplumlee,opening,12,1,1,auction,Mason Plumlee,A126,B126,C126,
59a6a80ce913c1ee51e35c213b85ca13bb78380df68a73fa1ceb164b84c647a6,2019-20,5,Jason,2,Cory Joseph,coryjoseph,opening,13,1,1,auction,Cory Joseph,A127,B127,C127,
59a6a80ce913c1ee51e35c213b85ca13bb78380df68a73fa1ceb164b84c647a6,2019-20,5,Jason,2,James Johnson,jamesjohnson,opening,14,1,1,auction,James Johnson,A128,B128,C128,
59a6a80ce913c1ee51e35c213b85ca13bb78380df68a73fa1ceb164b84c647a6,2019-20,5,Jason,2,Nemanja Bjelica,nemanjabjelica,opening,15,1,1,auction,Nemanja Bjelica,A129,B129,C129,
59a6a80ce913c1ee51e35c213b85ca13bb78380df68a73fa1ceb164b84c647a6,2018-19,4,Kerry,14,Stephen Curry,stephencurry,opening,3,67,1,auction,Stephen Curry,A139,B139,C139,
59a6a80ce913c1ee51e35c213b85ca13bb78380df68a73fa1ceb164b84c647a6,2018-19,4,Darren,15,Kevin Durant,kevindurant,opening,3,65,1,auction,Kevin Durant,A140,B140,C140,
59a6a80ce913c1ee51e35c213b85ca13bb78380df68a73fa1ceb164b84c647a6,2018-19,4,Isaac,8,Kawhi Leonard,kawhileonard,opening,3,65,1,auction,Kawhi Leonard,A138,B138,C138,
59a6a80ce913c1ee51e35c213b85ca13bb78380df68a73fa1ceb164b84c647a6,2018-19,4,Benji,13,Paul George,paulgeorge,opening,3,50,1,auction,Paul George,A135,B135,C135,
59a6a80ce913c1ee51e35c213b85ca13bb78380df68a73fa1ceb164b84c647a6,2018-19,4,Max,10,Chris Paul,chrispaul,opening,3,49,1,auction,Chris Paul,A140,B140,C140,
59a6a80ce913c1ee51e35c213b85ca13bb78380df68a73fa1ceb164b84c647a6,2018-19,4,Brent,7,Russell Westbrook,russellwestbrook,opening,3,47,1,auction,Russell Westbrook,A140,B140,C140,
59a6a80ce913c1ee51e35c213b85ca13bb78380df68a73fa1ceb164b84c647a6,2018-19,4,Benji,13,Ben Simmons,bensimmons,opening,4,47,1,auction,Ben Simmons,A136,B136,C136,
59a6a80ce913c1ee51e35c213b85ca13bb78380df68a73fa1ceb164b84c647a6,2018-19,4,Ian,4,Kemba Walker,kembawalker,opening,3,40,1,auction,Kemba Walker,A139,B139,C139,
59a6a80ce913c1ee51e35c213b85ca13bb78380df68a73fa1ceb164b84c647a6,2018-19,4,Isaac,8,Kevin Love,kevinlove,opening,4,37,1,auction,Kevin Love,A139,B139,C139,
59a6a80ce913c1ee51e35c213b85ca13bb78380df68a73fa1ceb164b84c647a6,2018-19,4,Alvin,5,Draymond Green,draymondgreen,opening,3,36,1,auction,Draymond Green,A140,B140,C140,
59a6a80ce913c1ee51e35c213b85ca13bb78380df68a73fa1ceb164b84c647a6,2018-19,4,Mark,9,Kyle Lowry,kylelowry,opening,3,33,1,auction,Kyle Lowry,A139,B139,C139,
59a6a80ce913c1ee51e35c213b85ca13bb78380df68a73fa1ceb164b84c647a6,2018-19,4,Joe,11,Jimmy Butler,jimmybutler,opening,3,32,1,auction,Jimmy Butler,A138,B138,C138,
59a6a80ce913c1ee51e35c213b85ca13bb78380df68a73fa1ceb164b84c647a6,2018-19,4,Peter,3,Klay Thompson,klaythompson,opening,3,31,1,auction,Klay Thompson,A139,B139,C139,
59a6a80ce913c1ee51e35c213b85ca13bb78380df68a73fa1ceb164b84c647a6,2018-19,4,Max,10,Clint Capela,clintcapela,opening,5,31,1,auction,Clint Capela,A142,B142,C142,
59a6a80ce913c1ee51e35c213b85ca13bb78380df68a73fa1ceb164b84c647a6,2018-19,4,Jason,2,Deandre Ayton,deandreayton,opening,6,31,1,auction,Deandre Ayton,A140,B140,C140,
59a6a80ce913c1ee51e35c213b85ca13bb78380df68a73fa1ceb164b84c647a6,2018-19,4,Brent,7,John Wall,johnwall,opening,4,30,1,auction,John Wall,A141,B141,C141,
59a6a80ce913c1ee51e35c213b85ca13bb78380df68a73fa1ceb164b84c647a6,2018-19,4,Mark,9,Andre Drummond,andredrummond,opening,4,29,1,auction,Andre Drummond,A140,B140,C140,
59a6a80ce913c1ee51e35c213b85ca13bb78380df68a73fa1ceb164b84c647a6,2018-19,4,Darren,15,Otto Porter Jr,ottoporterjr,opening,4,28,1,auction,Otto Porter Jr.,A141,B141,C141,
59a6a80ce913c1ee51e35c213b85ca13bb78380df68a73fa1ceb164b84c647a6,2018-19,4,Arthur,1,CJ McCollum,cjmccollum,opening,3,28,1,auction,CJ McCollum,A140,B140,C140,
59a6a80ce913c1ee51e35c213b85ca13bb78380df68a73fa1ceb164b84c647a6,2018-19,4,Max,10,Tobias Harris,tobiasharris,opening,4,28,1,auction,Tobias Harris,A141,B141,C141,
59a6a80ce913c1ee51e35c213b85ca13bb78380df68a73fa1ceb164b84c647a6,2018-19,4,Jason,2,Luka Doncic,lukadoncic,opening,3,28,1,auction,Luka Doncic,A137,B137,C137,
59a6a80ce913c1ee51e35c213b85ca13bb78380df68a73fa1ceb164b84c647a6,2018-19,4,Joe,11,Gary Harris,garyharris,opening,4,27,1,auction,Gary Harris,A139,B139,C139,
59a6a80ce913c1ee51e35c213b85ca13bb78380df68a73fa1ceb164b84c647a6,2018-19,4,Jason,2,Al Horford,alhorford,opening,5,27,1,auction,Al Horford,A139,B139,C139,
59a6a80ce913c1ee51e35c213b85ca13bb78380df68a73fa1ceb164b84c647a6,2018-19,4,Graham,6,Eric Bledsoe,ericbledsoe,opening,7,26,1,auction,Eric Bledsoe,A141,B141,C141,
59a6a80ce913c1ee51e35c213b85ca13bb78380df68a73fa1ceb164b84c647a6,2018-19,4,Alvin,5,Mike Conley,mikeconley,opening,4,26,1,auction,Mike Conley,A141,B141,C141,
59a6a80ce913c1ee51e35c213b85ca13bb78380df68a73fa1ceb164b84c647a6,2018-19,4,Ron,12,Myles Turner,mylesturner,opening,4,26,1,auction,Myles Turner,A141,B141,C141,
59a6a80ce913c1ee51e35c213b85ca13bb78380df68a73fa1ceb164b84c647a6,2018-19,4,Alvin,5,Jonathan Isaac,jonathanisaac,opening,8,25,1,auction,Jonathan Isaac,A145,B145,C145,
59a6a80ce913c1ee51e35c213b85ca13bb78380df68a73fa1ceb164b84c647a6,2018-19,4,Peter,3,Goran Dragic,gorandragic,opening,5,25,1,auction,Goran Dragic,A141,B141,C141,
59a6a80ce913c1ee51e35c213b85ca13bb78380df68a73fa1ceb164b84c647a6,2018-19,4,Darren,15,Jonas Valanciunas,jonasvalanciunas,opening,7,25,1,auction,Jonas Valanciunas,A144,B144,C144,
59a6a80ce913c1ee51e35c213b85ca13bb78380df68a73fa1ceb164b84c647a6,2018-19,4,Joe,11,Blake Griffin,blakegriffin,opening,5,25,1,auction,Blake Griffin,A140,B140,C140,
59a6a80ce913c1ee51e35c213b85ca13bb78380df68a73fa1ceb164b84c647a6,2018-19,4,Mark,9,Jarrett Allen,jarrettallen,opening,6,24,1,auction,Jarrett Allen,A142,B142,C142,
59a6a80ce913c1ee51e35c213b85ca13bb78380df68a73fa1ceb164b84c647a6,2018-19,4,Graham,6,Marc Gasol,marcgasol,opening,4,23,1,auction,Marc Gasol,A138,B138,C138,
59a6a80ce913c1ee51e35c213b85ca13bb78380df68a73fa1ceb164b84c647a6,2018-19,4,Darren,15,Jeff Teague,jeffteague,opening,6,23,1,auction,Jeff Teague,A143,B143,C143,
59a6a80ce913c1ee51e35c213b85ca13bb78380df68a73fa1ceb164b84c647a6,2018-19,4,Ron,12,Jamal Murray,jamalmurray,opening,5,23,1,auction,Jamal Murray,A142,B142,C142,
59a6a80ce913c1ee51e35c213b85ca13bb78380df68a73fa1ceb164b84c647a6,2018-19,4,Alvin,5,Jusuf Nurkic,jusufnurkic,opening,7,22,1,auction,Jusuf Nurkic,A144,B144,C144,
59a6a80ce913c1ee51e35c213b85ca13bb78380df68a73fa1ceb164b84c647a6,2018-19,4,Benji,13,Taurean Prince,taureanprince,opening,5,20,1,auction,Taurean Prince,A137,B137,C137,
59a6a80ce913c1ee51e35c213b85ca13bb78380df68a73fa1ceb164b84c647a6,2018-19,4,Ron,12,Nicolas Batum,nicolasbatum,opening,7,19,1,auction,Nicolas Batum,A144,B144,C144,
59a6a80ce913c1ee51e35c213b85ca13bb78380df68a73fa1ceb164b84c647a6,2018-19,4,Mark,9,Aaron Gordon,aarongordon,opening,5,19,1,auction,Aaron Gordon,A141,B141,C141,
59a6a80ce913c1ee51e35c213b85ca13bb78380df68a73fa1ceb164b84c647a6,2018-19,4,Darren,15,Joe Ingles,joeingles,opening,5,18,1,auction,Joe Ingles,A142,B142,C142,
59a6a80ce913c1ee51e35c213b85ca13bb78380df68a73fa1ceb164b84c647a6,2018-19,4,Arthur,1,Dennis Smith Jr.,dennissmithjr,opening,6,18,1,auction,Dennis Smith Jr.,A143,B143,C143,
59a6a80ce913c1ee51e35c213b85ca13bb78380df68a73fa1ceb164b84c647a6,2018-19,4,Brent,7,Nikola Vucevic,nikolavucevic,opening,7,18,1,auction,Nikola Vucevic,A144,B144,C144,
59a6a80ce913c1ee51e35c213b85ca13bb78380df68a73fa1ceb164b84c647a6,2018-19,4,Max,10,Steven Adams,stevenadams,opening,7,18,1,auction,Steven Adams,A144,B144,C144,
59a6a80ce913c1ee51e35c213b85ca13bb78380df68a73fa1ceb164b84c647a6,2018-19,4,Isaac,8,Hassan Whiteside,hassanwhiteside,opening,6,18,1,auction,Hassan Whiteside,A141,B141,C141,
59a6a80ce913c1ee51e35c213b85ca13bb78380df68a73fa1ceb164b84c647a6,2018-19,4,Ian,4,Zach LaVine,zachlavine,opening,7,18,1,auction,Zach LaVine,A143,B143,C143,
59a6a80ce913c1ee51e35c213b85ca13bb78380df68a73fa1ceb164b84c647a6,2018-19,4,Peter,3,Jaren Jackson Jr,jarenjacksonjr,opening,7,17,1,auction,Jaren Jackson Jr.,A143,B143,C143,
59a6a80ce913c1ee51e35c213b85ca13bb78380df68a73fa1ceb164b84c647a6,2018-19,4,Peter,3,Dennis Schroder,dennisschroder,opening,9,17,1,auction,Dennis Schroder,A145,B145,C145,
59a6a80ce913c1ee51e35c213b85ca13bb78380df68a73fa1ceb164b84c647a6,2018-19,4,Kerry,14,John Collins,johncollins,opening,6,17,1,auction,John Collins,A142,B142,C142,
59a6a80ce913c1ee51e35c213b85ca13bb78380df68a73fa1ceb164b84c647a6,2018-19,4,Arthur,1,Ricky Rubio,rickyrubio,opening,4,17,1,auction,Ricky Rubio,A141,B141,C141,
59a6a80ce913c1ee51e35c213b85ca13bb78380df68a73fa1ceb164b84c647a6,2018-19,4,Isaac,8,Reggie Jackson,reggiejackson,opening,7,17,1,auction,Reggie Jackson,A142,B142,C142,
59a6a80ce913c1ee51e35c213b85ca13bb78380df68a73fa1ceb164b84c647a6,2018-19,4,Graham,6,Will Barton,willbarton,opening,5,16,1,auction,Will Barton,A139,B139,C139,
59a6a80ce913c1ee51e35c213b85ca13bb78380df68a73fa1ceb164b84c647a6,2018-19,4,Alvin,5,Paul Millsap,paulmillsap,opening,5,16,1,auction,Paul Millsap,A142,B142,C142,
59a6a80ce913c1ee51e35c213b85ca13bb78380df68a73fa1ceb164b84c647a6,2018-19,4,Brent,7,Brook Lopez,brooklopez,opening,8,16,1,auction,Brook Lopez,A145,B145,C145,
59a6a80ce913c1ee51e35c213b85ca13bb78380df68a73fa1ceb164b84c647a6,2018-19,4,Isaac,8,D'Angelo Russell,dangelorussell,opening,5,16,1,auction,D'Angelo Russell,A140,B140,C140,
59a6a80ce913c1ee51e35c213b85ca13bb78380df68a73fa1ceb164b84c647a6,2018-19,4,Benji,13,Bobby Portis,bobbyportis,opening,12,16,1,auction,Bobby Portis,A144,B144,C144,
59a6a80ce913c1ee51e35c213b85ca13bb78380df68a73fa1ceb164b84c647a6,2018-19,4,Graham,6,Lauri Markkanen,laurimarkkanen,opening,3,15,1,auction,Lauri Markkanen,A137,B137,C137,
59a6a80ce913c1ee51e35c213b85ca13bb78380df68a73fa1ceb164b84c647a6,2018-19,4,Alvin,5,Darren Collison,darrencollison,opening,6,15,1,auction,Darren Collison,A143,B143,C143,
59a6a80ce913c1ee51e35c213b85ca13bb78380df68a73fa1ceb164b84c647a6,2018-19,4,Joe,11,Evan Fournier,evanfournier,opening,7,15,1,auction,Evan Fournier,A142,B142,C142,
59a6a80ce913c1ee51e35c213b85ca13bb78380df68a73fa1ceb164b84c647a6,2018-19,4,Arthur,1,Rondae Hollis-Jefferson,rondaehollisjefferson,opening,8,14,1,auction,Rondae Hollis-Jefferson,A145,B145,C145,
59a6a80ce913c1ee51e35c213b85ca13bb78380df68a73fa1ceb164b84c647a6,2018-19,4,Ron,12,Robert Covington,robertcovington,opening,3,14,1,auction,Robert Covington,A140,B140,C140,
59a6a80ce913c1ee51e35c213b85ca13bb78380df68a73fa1ceb164b84c647a6,2018-19,4,Joe,11,Lou Williams,louwilliams,opening,6,14,1,auction,Lou Williams,A141,B141,C141,
59a6a80ce913c1ee51e35c213b85ca13bb78380df68a73fa1ceb164b84c647a6,2018-19,4,Ian,4,Caris LeVert,carislevert,opening,11,14,1,auction,Caris LeVert,A147,B147,C147,
59a6a80ce913c1ee51e35c213b85ca13bb78380df68a73fa1ceb164b84c647a6,2018-19,4,Max,10,Bojan Bogdanovic,bojanbogdanovic,opening,12,13,1,auction,Bojan Bogdanovic,A149,B149,C149,
59a6a80ce913c1ee51e35c213b85ca13bb78380df68a73fa1ceb164b84c647a6,2018-19,4,Ian,4,Nikola Mirotic,nikolamirotic,opening,6,13,1,auction,Nikola Mirotic,A142,B142,C142,
59a6a80ce913c1ee51e35c213b85ca13bb78380df68a73fa1ceb164b84c647a6,2018-19,4,Ian,4,JaVale McGee,javalemcgee,opening,13,13,1,auction,JaVale McGee,A149,B149,C149,
59a6a80ce913c1ee51e35c213b85ca13bb78380df68a73fa1ceb164b84c647a6,2018-19,4,Alvin,5,Elfrid Payton,elfridpayton,opening,10,12,1,auction,Elfrid Payton,A147,B147,C147,
59a6a80ce913c1ee51e35c213b85ca13bb78380df68a73fa1ceb164b84c647a6,2018-19,4,Ian,4,Tim Hardaway Jr.,timhardawayjr,opening,5,12,1,auction,Tim Hardaway Jr.,A141,B141,C141,
59a6a80ce913c1ee51e35c213b85ca13bb78380df68a73fa1ceb164b84c647a6,2018-19,4,Benji,13,Kelly Olynyk,kellyolynyk,opening,7,12,1,auction,Kelly Olynyk,A139,B139,C139,
59a6a80ce913c1ee51e35c213b85ca13bb78380df68a73fa1ceb164b84c647a6,2018-19,4,Alvin,5,Marvin Bagley III,marvinbagleyiii,opening,9,11,1,auction,Marvin Bagley III,A146,B146,C146,
59a6a80ce913c1ee51e35c213b85ca13bb78380df68a73fa1ceb164b84c647a6,2018-19,4,Ron,12,Dario Saric,dariosaric,opening,6,11,1,auction,Dario Saric,A143,B143,C143,
59a6a80ce913c1ee51e35c213b85ca13bb78380df68a73fa1ceb164b84c647a6,2018-19,4,Ron,12,Markelle Fultz,markellefultz,opening,8,11,1,auction,Markelle Fultz,A145,B145,C145,
59a6a80ce913c1ee51e35c213b85ca13bb78380df68a73fa1ceb164b84c647a6,2018-19,4,Max,10,Mo Bamba,mobamba,opening,9,11,1,auction,Mohamed Bamba,A146,B146,C146,
59a6a80ce913c1ee51e35c213b85ca13bb78380df68a73fa1ceb164b84c647a6,2018-19,4,Joe,11,Tyreke Evans,tyrekeevans,opening,8,11,1,auction,Tyreke Evans,A143,B143,C143,
59a6a80ce913c1ee51e35c213b85ca13bb78380df68a73fa1ceb164b84c647a6,2018-19,4,Ian,4,Danilo Gallinari,danilogallinari,opening,10,11,1,auction,Danilo Gallinari,A146,B146,C146,
59a6a80ce913c1ee51e35c213b85ca13bb78380df68a73fa1ceb164b84c647a6,2018-19,4,Benji,13,Larry Nance Jr.,larrynancejr,opening,9,11,1,auction,Larry Nance Jr.,A141,B141,C141,
59a6a80ce913c1ee51e35c213b85ca13bb78380df68a73fa1ceb164b84c647a6,2018-19,4,Graham,6,Lonzo Ball,lonzoball,opening,9,10,1,auction,Lonzo Ball,A143,B143,C143,
59a6a80ce913c1ee51e35c213b85ca13bb78380df68a73fa1ceb164b84c647a6,2018-19,4,Peter,3,Serge Ibaka,sergeibaka,opening,4,10,1,auction,Serge Ibaka,A140,B140,C140,
59a6a80ce913c1ee51e35c213b85ca13bb78380df68a73fa1ceb164b84c647a6,2018-19,4,Peter,3,Buddy Hield,buddyhield,opening,6,10,1,auction,Buddy Hield,A142,B142,C142,
59a6a80ce913c1ee51e35c213b85ca13bb78380df68a73fa1ceb164b84c647a6,2018-19,4,Kerry,14,Malcolm Brogdon,malcolmbrogdon,opening,5,10,1,auction,Malcolm Brogdon,A141,B141,C141,
59a6a80ce913c1ee51e35c213b85ca13bb78380df68a73fa1ceb164b84c647a6,2018-19,4,Kerry,14,JJ Redick,jjredick,opening,7,10,1,auction,JJ Redick,A143,B143,C143,
59a6a80ce913c1ee51e35c213b85ca13bb78380df68a73fa1ceb164b84c647a6,2018-19,4,Ron,12,Jordan Bell,jordanbell,opening,9,10,1,auction,Jordan Bell,A146,B146,C146,
59a6a80ce913c1ee51e35c213b85ca13bb78380df68a73fa1ceb164b84c647a6,2018-19,4,Brent,7,DeAndre Jordan,deandrejordan,opening,6,10,1,auction,DeAndre Jordan,A143,B143,C143,
59a6a80ce913c1ee51e35c213b85ca13bb78380df68a73fa1ceb164b84c647a6,2018-19,4,Brent,7,Domantas Sabonis,domantassabonis,opening,11,10,1,auction,Domantas Sabonis,A148,B148,C148,
59a6a80ce913c1ee51e35c213b85ca13bb78380df68a73fa1ceb164b84c647a6,2018-19,4,Isaac,8,Marcin Gortat,marcingortat,opening,8,10,1,auction,Marcin Gortat,A143,B143,C143,
59a6a80ce913c1ee51e35c213b85ca13bb78380df68a73fa1ceb164b84c647a6,2018-19,4,Ian,4,Jeremy Lamb,jeremylamb,opening,14,10,1,auction,Jeremy Lamb,A150,B150,C150,
59a6a80ce913c1ee51e35c213b85ca13bb78380df68a73fa1ceb164b84c647a6,2018-19,4,Mark,9,Kyle Anderson,kyleanderson,opening,7,10,1,auction,Kyle Anderson,A143,B143,C143,
59a6a80ce913c1ee51e35c213b85ca13bb78380df68a73fa1ceb164b84c647a6,2018-19,4,Jason,2,Andrew Wiggins,andrewwiggins,opening,4,10,1,auction,Andrew Wiggins,A138,B138,C138,
59a6a80ce913c1ee51e35c213b85ca13bb78380df68a73fa1ceb164b84c647a6,2018-19,4,Graham,6,Dwight Howard,dwighthoward,opening,6,9,1,auction,Dwight Howard,A140,B140,C140,
59a6a80ce913c1ee51e35c213b85ca13bb78380df68a73fa1ceb164b84c647a6,2018-19,4,Graham,6,Harrison Barnes,harrisonbarnes,opening,8,9,1,auction,Harrison Barnes,A142,B142,C142,
59a6a80ce913c1ee51e35c213b85ca13bb78380df68a73fa1ceb164b84c647a6,2018-19,4,Kerry,14,Taj Gibson,tajgibson,opening,8,9,1,auction,Taj Gibson,A144,B144,C144,
59a6a80ce913c1ee51e35c213b85ca13bb78380df68a73fa1ceb164b84c647a6,2018-19,4,Kerry,14,Kevin Knox II,kevinknoxii,opening,9,9,1,auction,Kevin Knox,A145,B145,C145,
59a6a80ce913c1ee51e35c213b85ca13bb78380df68a73fa1ceb164b84c647a6,2018-19,4,Arthur,1,Alex Len,alexlen,opening,15,9,1,auction,Alex Len,A152,B152,C152,
59a6a80ce913c1ee51e35c213b85ca13bb78380df68a73fa1ceb164b84c647a6,2018-19,4,Ron,12,Al-Farouq Aminu,alfarouqaminu,opening,15,9,1,auction,Al-Farouq Aminu,A152,B152,C152,
59a6a80ce913c1ee51e35c213b85ca13bb78380df68a73fa1ceb164b84c647a6,2018-19,4,Joe,11,Derrick Favors,derrickfavors,opening,12,9,1,auction,Derrick Favors,A147,B147,C147,
59a6a80ce913c1ee51e35c213b85ca13bb78380df68a73fa1ceb164b84c647a6,2018-19,4,Ian,4,Wendell Carter Jr.,wendellcarterjr,opening,9,9,1,auction,Wendell Carter Jr.,A145,B145,C145,
59a6a80ce913c1ee51e35c213b85ca13bb78380df68a73fa1ceb164b84c647a6,2018-19,4,Jason,2,TJ Warren,tjwarren,opening,7,9,1,auction,TJ Warren,A141,B141,C141,
59a6a80ce913c1ee51e35c213b85ca13bb78380df68a73fa1ceb164b84c647a6,2018-19,4,Benji,13,Harry Giles III,harrygilesiii,opening,8,9,1,auction,Harry Giles,A140,B140,C140,
59a6a80ce913c1ee51e35c213b85ca13bb78380df68a73fa1ceb164b84c647a6,2018-19,4,Peter,3,Dewayne Dedmon,dewaynededmon,opening,8,8,1,auction,Dewayne Dedmon,A144,B144,C144,
59a6a80ce913c1ee51e35c213b85ca13bb78380df68a73fa1ceb164b84c647a6,2018-19,4,Brent,7,Rudy Gay,rudygay,opening,10,8,1,auction,Rudy Gay,A147,B147,C147,
59a6a80ce913c1ee51e35c213b85ca13bb78380df68a73fa1ceb164b84c647a6,2018-19,4,Joe,11,Avery Bradley,averybradley,opening,9,8,1,auction,Avery Bradley,A144,B144,C144,
59a6a80ce913c1ee51e35c213b85ca13bb78380df68a73fa1ceb164b84c647a6,2018-19,4,Ian,4,DeMarcus Cousins,demarcuscousins,opening,4,8,1,auction,DeMarcus Cousins,A140,B140,C140,
59a6a80ce913c1ee51e35c213b85ca13bb78380df68a73fa1ceb164b84c647a6,2018-19,4,Ian,4,Carmelo Anthony,carmeloanthony,opening,8,8,1,auction,Carmelo Anthony,A144,B144,C144,
59a6a80ce913c1ee51e35c213b85ca13bb78380df68a73fa1ceb164b84c647a6,2018-19,4,Ian,4,DJ Augustin,djaugustin,opening,15,8,1,auction,DJ Augustin,A151,B151,C151,
59a6a80ce913c1ee51e35c213b85ca13bb78380df68a73fa1ceb164b84c647a6,2018-19,4,Kerry,14,Mario Hezonja,mariohezonja,opening,13,7,1,auction,Mario Hezonja,A149,B149,C149,
59a6a80ce913c1ee51e35c213b85ca13bb78380df68a73fa1ceb164b84c647a6,2018-19,4,Ron,12,Trevor Ariza,trevorariza,opening,11,7,1,auction,Trevor Ariza,A148,B148,C148,
59a6a80ce913c1ee51e35c213b85ca13bb78380df68a73fa1ceb164b84c647a6,2018-19,4,Max,10,Jabari Parker,jabariparker,opening,6,7,1,auction,Jabari Parker,A143,B143,C143,
59a6a80ce913c1ee51e35c213b85ca13bb78380df68a73fa1ceb164b84c647a6,2018-19,4,Max,10,Thaddeus Young,thaddeusyoung,opening,10,7,1,auction,Thaddeus Young,A147,B147,C147,
59a6a80ce913c1ee51e35c213b85ca13bb78380df68a73fa1ceb164b84c647a6,2018-19,4,Benji,13,James Johnson,jamesjohnson,opening,11,7,1,auction,James Johnson,A143,B143,C143,
59a6a80ce913c1ee51e35c213b85ca13bb78380df68a73fa1ceb164b84c647a6,2018-19,4,Alvin,5,Josh Jackson,joshjackson,opening,11,6,1,auction,Josh Jackson,A148,B148,C148,
59a6a80ce913c1ee51e35c213b85ca13bb78380df68a73fa1ceb164b84c647a6,2018-19,4,Kerry,14,Trae Young,traeyoung,opening,4,6,1,auction,Trae Young,A140,B140,C140,
59a6a80ce913c1ee51e35c213b85ca13bb78380df68a73fa1ceb164b84c647a6,2018-19,4,Kerry,14,Markieff Morris,markieffmorris,opening,15,6,1,auction,Markieff Morris,A151,B151,C151,
59a6a80ce913c1ee51e35c213b85ca13bb78380df68a73fa1ceb164b84c647a6,2018-19,4,Arthur,1,Miles Bridges,milesbridges,opening,9,6,1,auction,Miles Bridges,A146,B146,C146,
59a6a80ce913c1ee51e35c213b85ca13bb78380df68a73fa1ceb164b84c647a6,2018-19,4,Ron,12,Pascal Siakam,pascalsiakam,opening,12,6,1,auction,Pascal Siakim,A149,B149,C149,
59a6a80ce913c1ee51e35c213b85ca13bb78380df68a73fa1ceb164b84c647a6,2018-19,4,Ron,12,Jakob Poeltl,jakobpoeltl,opening,13,6,1,auction,Jakob Poeltl,A150,B150,C150,
59a6a80ce913c1ee51e35c213b85ca13bb78380df68a73fa1ceb164b84c647a6,2018-19,4,Peter,3,Montrezl Harrell,montrezlharrell,opening,12,5,1,auction,Montrezl Harrell,A148,B148,C148,
59a6a80ce913c1ee51e35c213b85ca13bb78380df68a73fa1ceb164b84c647a6,2018-19,4,Kerry,14,Willie Cauley-Stein,williecauleystein,opening,10,5,1,auction,Willie Cauley-Stein,A146,B146,C146,
59a6a80ce913c1ee51e35c213b85ca13bb78380df68a73fa1ceb164b84c647a6,2018-19,4,Kerry,14,Joe Harris,joeharris,opening,12,5,1,auction,Joe Harris,A148,B148,C148,
59a6a80ce913c1ee51e35c213b85ca13bb78380df68a73fa1ceb164b84c647a6,2018-19,4,Arthur,1,Josh Hart,joshhart,opening,11,5,1,auction,Josh Hart,A148,B148,C148,
59a6a80ce913c1ee51e35c213b85ca13bb78380df68a73fa1ceb164b84c647a6,2018-19,4,Brent,7,Eric Gordon,ericgordon,opening,9,5,1,auction,Eric Gordon,A146,B146,C146,
59a6a80ce913c1ee51e35c213b85ca13bb78380df68a73fa1ceb164b84c647a6,2018-19,4,Max,10,Kentavious Caldwell-Pope,kentaviouscaldwellpope,opening,8,5,1,auction,Kentavious Caldwell-Pope,A145,B145,C145,
59a6a80ce913c1ee51e35c213b85ca13bb78380df68a73fa1ceb164b84c647a6,2018-19,4,Joe,11,Allen Crabbe,allencrabbe,opening,11,5,1,auction,Allen Crabbe,A146,B146,C146,
59a6a80ce913c1ee51e35c213b85ca13bb78380df68a73fa1ceb164b84c647a6,2018-19,4,Joe,11,Pau Gasol,paugasol,opening,13,5,1,auction,Pau Gasol,A148,B148,C148,
59a6a80ce913c1ee51e35c213b85ca13bb78380df68a73fa1ceb164b84c647a6,2018-19,4,Joe,11,Kelly Oubre Jr.,kellyoubrejr,opening,14,5,1,auction,Kelly Oubre Jr.,A149,B149,C149,
59a6a80ce913c1ee51e35c213b85ca13bb78380df68a73fa1ceb164b84c647a6,2018-19,4,Ian,4,Kent Bazemore,kentbazemore,opening,12,5,1,auction,Kent Bazemore,A148,B148,C148,
59a6a80ce913c1ee51e35c213b85ca13bb78380df68a73fa1ceb164b84c647a6,2018-19,4,Graham,6,Dirk Nowitzki,dirknowitzki,opening,12,4,1,auction,Dirk Nowitzki,A146,B146,C146,
59a6a80ce913c1ee51e35c213b85ca13bb78380df68a73fa1ceb164b84c647a6,2018-19,4,Peter,3,Patrick Beverley,patrickbeverley,opening,10,4,1,auction,Patrick Beverley,A146,B146,C146,
59a6a80ce913c1ee51e35c213b85ca13bb78380df68a73fa1ceb164b84c647a6,2018-19,4,Peter,3,Jordan Clarkson,jordanclarkson,opening,11,4,1,auction,Jordan Clarkson,A147,B147,C147,
59a6a80ce913c1ee51e35c213b85ca13bb78380df68a73fa1ceb164b84c647a6,2018-19,4,Kerry,14,Bogdan Bogdanovic,bogdanbogdanovic,opening,11,4,1,auction,Bogdan Bogdanovic,A147,B147,C147,
59a6a80ce913c1ee51e35c213b85ca13bb78380df68a73fa1ceb164b84c647a6,2018-19,4,Kerry,14,Marvin Williams,marvinwilliams,opening,14,4,1,auction,Marvin Williams,A150,B150,C150,
59a6a80ce913c1ee51e35c213b85ca13bb78380df68a73fa1ceb164b84c647a6,2018-19,4,Arthur,1,Jonathon Simmons,jonathonsimmons,opening,10,4,1,auction,Jonathon Simmons,A147,B147,C147,
59a6a80ce913c1ee51e35c213b85ca13bb78380df68a73fa1ceb164b84c647a6,2018-19,4,Ron,12,Collin Sexton,collinsexton,opening,10,4,1,auction,Collin Sexton,A147,B147,C147,
59a6a80ce913c1ee51e35c213b85ca13bb78380df68a73fa1ceb164b84c647a6,2018-19,4,Ron,12,Patty Mills,pattymills,opening,14,4,1,auction,Patty Mills,A151,B151,C151,
59a6a80ce913c1ee51e35c213b85ca13bb78380df68a73fa1ceb164b84c647a6,2018-19,4,Max,10,Terry Rozier,terryrozier,opening,11,4,1,auction,Terry Rozier,A148,B148,C148,
59a6a80ce913c1ee51e35c213b85ca13bb78380df68a73fa1ceb164b84c647a6,2018-19,4,Benji,13,OG Anunoby,oganunoby,opening,6,4,1,auction,OG Anunoby,A138,B138,C138,
59a6a80ce913c1ee51e35c213b85ca13bb78380df68a73fa1ceb164b84c647a6,2018-19,4,Benji,13,Fred VanVleet,fredvanvleet,opening,10,4,1,auction,Fred VanVleet,A142,B142,C142,
59a6a80ce913c1ee51e35c213b85ca13bb78380df68a73fa1ceb164b84c647a6,2018-19,4,Arthur,1,Spencer Dinwiddie,spencerdinwiddie,opening,7,3,1,auction,Spencer Dinwiddie,A144,B144,C144,
59a6a80ce913c1ee51e35c213b85ca13bb78380df68a73fa1ceb164b84c647a6,2018-19,4,Arthur,1,Shai Gilgeous-Alexander,shaigilgeousalexander,opening,13,3,1,auction,Shai Gilgeous-Alexander,A150,B150,C150,
59a6a80ce913c1ee51e35c213b85ca13bb78380df68a73fa1ceb164b84c647a6,2018-19,4,Arthur,1,Rajon Rondo,rajonrondo,opening,14,3,1,auction,Rajon Rondo,A151,B151,C151,
59a6a80ce913c1ee51e35c213b85ca13bb78380df68a73fa1ceb164b84c647a6,2018-19,4,Brent,7,Isaiah Thomas,isaiahthomas,opening,5,3,1,auction,Isaiah Thomas,A142,B142,C142,
59a6a80ce913c1ee51e35c213b85ca13bb78380df68a73fa1ceb164b84c647a6,2018-19,4,Brent,7,Mitchell Robinson,mitchellrobinson,opening,13,3,1,auction,Mitchell Robinson,A150,B150,C150,
59a6a80ce913c1ee51e35c213b85ca13bb78380df68a73fa1ceb164b84c647a6,2018-19,4,Max,10,E'Twaun Moore,etwaunmoore,opening,13,3,1,auction,E'Twaun Moore,A150,B150,C150,
59a6a80ce913c1ee51e35c213b85ca13bb78380df68a73fa1ceb164b84c647a6,2018-19,4,Isaac,8,Nerlens Noel,nerlensnoel,opening,13,3,1,auction,Nerlens Noel,A148,B148,C148,
59a6a80ce913c1ee51e35c213b85ca13bb78380df68a73fa1ceb164b84c647a6,2018-19,4,Joe,11,Frank Kaminsky,frankkaminsky,opening,10,3,1,auction,Frank Kaminsky,A145,B145,C145,
59a6a80ce913c1ee51e35c213b85ca13bb78380df68a73fa1ceb164b84c647a6,2018-19,4,Joe,11,Marco Belinelli,marcobelinelli,opening,15,3,1,auction,Marco Belinelli,A150,B150,C150,
59a6a80ce913c1ee51e35c213b85ca13bb78380df68a73fa1ceb164b84c647a6,2018-19,4,Jason,2,Jerami Grant,jeramigrant,opening,8,3,1,auction,Jerami Grant,A142,B142,C142,
59a6a80ce913c1ee51e35c213b85ca13bb78380df68a73fa1ceb164b84c647a6,2018-19,4,Jason,2,Trey Lyles,treylyles,opening,11,3,1,auction,Trey Lyles,A145,B145,C145,
59a6a80ce913c1ee51e35c213b85ca13bb78380df68a73fa1ceb164b84c647a6,2018-19,4,Jason,2,Rodney Hood,rodneyhood,opening,12,3,1,auction,Rodney Hood,A146,B146,C146,
59a6a80ce913c1ee51e35c213b85ca13bb78380df68a73fa1ceb164b84c647a6,2018-19,4,Benji,13,Cedi Osman,cediosman,opening,14,3,1,auction,Cedi Osman,A146,B146,C146,
59a6a80ce913c1ee51e35c213b85ca13bb78380df68a73fa1ceb164b84c647a6,2018-19,4,Graham,6,Justin Holiday,justinholiday,opening,10,2,1,auction,Justin Holiday,A144,B144,C144,
59a6a80ce913c1ee51e35c213b85ca13bb78380df68a73fa1ceb164b84c647a6,2018-19,4,Graham,6,Milos Teodosic,milosteodosic,opening,11,2,1,auction,Milos Teodosic,A145,B145,C145,
59a6a80ce913c1ee51e35c213b85ca13bb78380df68a73fa1ceb164b84c647a6,2018-19,4,Peter,3,Reggie Bullock,reggiebullock,opening,14,2,1,auction,Reggie Bullock,A150,B150,C150,
59a6a80ce913c1ee51e35c213b85ca13bb78380df68a73fa1ceb164b84c647a6,2018-19,4,Peter,3,Bam Adebayo,bamadebayo,opening,15,2,1,auction,Bam Adebayo,A151,B151,C151,
59a6a80ce913c1ee51e35c213b85ca13bb78380df68a73fa1ceb164b84c647a6,2018-19,4,Darren,15,Trey Burke,treyburke,opening,8,2,1,auction,Trey Burke,A145,B145,C145,
59a6a80ce913c1ee51e35c213b85ca13bb78380df68a73fa1ceb164b84c647a6,2018-19,4,Arthur,1,Jae Crowder,jaecrowder,opening,5,2,1,auction,Jae Crowder,A142,B142,C142,
59a6a80ce913c1ee51e35c213b85ca13bb78380df68a73fa1ceb164b84c647a6,2018-19,4,Isaac,8,Danny Green,dannygreen,opening,9,2,1,auction,Danny Green,A144,B144,C144,
59a6a80ce913c1ee51e35c213b85ca13bb78380df68a73fa1ceb164b84c647a6,2018-19,4,Isaac,8,George Hill,georgehill,opening,11,2,1,auction,George Hill,A146,B146,C146,
59a6a80ce913c1ee51e35c213b85ca13bb78380df68a73fa1ceb164b84c647a6,2018-19,4,Isaac,8,Gorgui Dieng,gorguidieng,opening,12,2,1,auction,Gorgui Dieng,A147,B147,C147,
59a6a80ce913c1ee51e35c213b85ca13bb78380df68a73fa1ceb164b84c647a6,2018-19,4,Jason,2,Tyler Johnson,tylerjohnson,opening,10,2,1,auction,Tyler Johnson,A144,B144,C144,
59a6a80ce913c1ee51e35c213b85ca13bb78380df68a73fa1ceb164b84c647a6,2018-19,4,Jason,2,JaMychal Green,jamychalgreen,opening,13,2,1,auction,JaMychal Green,A147,B147,C147,
59a6a80ce913c1ee51e35c213b85ca13bb78380df68a73fa1ceb164b84c647a6,2018-19,4,Graham,6,Derrick White,derrickwhite,opening,13,1,1,auction,Derrick White,A147,B147,C147,
59a6a80ce913c1ee51e35c213b85ca13bb78380df68a73fa1ceb164b84c647a6,2018-19,4,Graham,6,Luke Kennard,lukekennard,opening,14,1,1,auction,Luke Kennard,A148,B148,C148,
59a6a80ce913c1ee51e35c213b85ca13bb78380df68a73fa1ceb164b84c647a6,2018-19,4,Graham,6,Marcus Smart,marcussmart,opening,15,1,1,auction,Marcus Smart,A149,B149,C149,
59a6a80ce913c1ee51e35c213b85ca13bb78380df68a73fa1ceb164b84c647a6,2018-19,4,Alvin,5,CJ Miles,cjmiles,opening,12,1,1,auction,CJ Miles,A149,B149,C149,
59a6a80ce913c1ee51e35c213b85ca13bb78380df68a73fa1ceb164b84c647a6,2018-19,4,Alvin,5,Jeremy Lin,jeremylin,opening,13,1,1,auction,Jeremy Lin,A150,B150,C150,
59a6a80ce913c1ee51e35c213b85ca13bb78380df68a73fa1ceb164b84c647a6,2018-19,4,Alvin,5,PJ Tucker,pjtucker,opening,14,1,1,auction,PJ Tucker,A151,B151,C151,
59a6a80ce913c1ee51e35c213b85ca13bb78380df68a73fa1ceb164b84c647a6,2018-19,4,Alvin,5,Marcus Morris Sr,marcusmorrissr,opening,15,1,1,auction,Marcus Morris,A152,B152,C152,
59a6a80ce913c1ee51e35c213b85ca13bb78380df68a73fa1ceb164b84c647a6,2018-19,4,Peter,3,Kevin Huerter,kevinhuerter,opening,13,1,1,auction,Kevin Huerter,A149,B149,C149,
59a6a80ce913c1ee51e35c213b85ca13bb78380df68a73fa1ceb164b84c647a6,2018-19,4,Darren,15,Ed Davis,eddavis,opening,9,1,1,auction,Ed Davis,A146,B146,C146,
59a6a80ce913c1ee51e35c213b85ca13bb78380df68a73fa1ceb164b84c647a6,2018-19,4,Darren,15,Malik Monk,malikmonk,opening,10,1,1,auction,Malik Monk,A147,B147,C147,
59a6a80ce913c1ee51e35c213b85ca13bb78380df68a73fa1ceb164b84c647a6,2018-19,4,Darren,15,Seth Curry,sethcurry,opening,11,1,1,auction,Seth Curry,A148,B148,C148,
59a6a80ce913c1ee51e35c213b85ca13bb78380df68a73fa1ceb164b84c647a6,2018-19,4,Darren,15,Kyle Korver,kylekorver,opening,12,1,1,auction,Kyle Korver,A149,B149,C149,
59a6a80ce913c1ee51e35c213b85ca13bb78380df68a73fa1ceb164b84c647a6,2018-19,4,Darren,15,Robin Lopez,robinlopez,opening,13,1,1,auction,Robin Lopez,A150,B150,C150,
59a6a80ce913c1ee51e35c213b85ca13bb78380df68a73fa1ceb164b84c647a6,2018-19,4,Darren,15,John Henson,johnhenson,opening,14,1,1,auction,John Henson,A151,B151,C151,
59a6a80ce913c1ee51e35c213b85ca13bb78380df68a73fa1ceb164b84c647a6,2018-19,4,Darren,15,Andre Iguodala,andreiguodala,opening,15,1,1,auction,Andre Iguodala,A152,B152,C152,
59a6a80ce913c1ee51e35c213b85ca13bb78380df68a73fa1ceb164b84c647a6,2018-19,4,Arthur,1,Austin Rivers,austinrivers,opening,12,1,1,auction,Austin Rivers,A149,B149,C149,
59a6a80ce913c1ee51e35c213b85ca13bb78380df68a73fa1ceb164b84c647a6,2018-19,4,Brent,7,DeMarre Carroll,demarrecarroll,opening,12,1,1,auction,DeMarre Carroll,A149,B149,C149,
59a6a80ce913c1ee51e35c213b85ca13bb78380df68a73fa1ceb164b84c647a6,2018-19,4,Brent,7,Davis Bertans,davisbertans,opening,14,1,1,auction,Davis Dertans,A151,B151,C151,
59a6a80ce913c1ee51e35c213b85ca13bb78380df68a73fa1ceb164b84c647a6,2018-19,4,Brent,7,Michael Porter Jr.,michaelporterjr,opening,15,1,1,auction,Michael Porter Jr.,A152,B152,C152,
59a6a80ce913c1ee51e35c213b85ca13bb78380df68a73fa1ceb164b84c647a6,2018-19,4,Max,10,Ersan Ilyasova,ersanilyasova,opening,14,1,1,auction,Ersan Ilyasova,A151,B151,C151,
59a6a80ce913c1ee51e35c213b85ca13bb78380df68a73fa1ceb164b84c647a6,2018-19,4,Max,10,Tyus Jones,tyusjones,opening,15,1,1,auction,Tyus Jones,A152,B152,C152,
59a6a80ce913c1ee51e35c213b85ca13bb78380df68a73fa1ceb164b84c647a6,2018-19,4,Isaac,8,Ryan Anderson,ryananderson,opening,10,1,1,auction,Ryan Anderson,A145,B145,C145,
59a6a80ce913c1ee51e35c213b85ca13bb78380df68a73fa1ceb164b84c647a6,2018-19,4,Isaac,8,Justise Winslow,justisewinslow,opening,14,1,1,auction,Justice Winslow,A149,B149,C149,
59a6a80ce913c1ee51e35c213b85ca13bb78380df68a73fa1ceb164b84c647a6,2018-19,4,Isaac,8,Dwyane Wade,dwyanewade,opening,15,1,1,auction,Dwyane Wade,A150,B150,C150,
59a6a80ce913c1ee51e35c213b85ca13bb78380df68a73fa1ceb164b84c647a6,2018-19,4,Mark,9,Wayne Ellington,wayneellington,opening,8,1,1,auction,Wayne Ellington,A144,B144,C144,
59a6a80ce913c1ee51e35c213b85ca13bb78380df68a73fa1ceb164b84c647a6,2018-19,4,Mark,9,Kyle O'Quinn,kyleoquinn,opening,9,1,1,auction,Kyle O'Quinn,A145,B145,C145,
59a6a80ce913c1ee51e35c213b85ca13bb78380df68a73fa1ceb164b84c647a6,2018-19,4,Mark,9,Courtney Lee,courtneylee,opening,10,1,1,auction,Courtney Lee,A146,B146,C146,
59a6a80ce913c1ee51e35c213b85ca13bb78380df68a73fa1ceb164b84c647a6,2018-19,4,Mark,9,Darius Miller,dariusmiller,opening,11,1,1,auction,Darius Miller,A147,B147,C147,
59a6a80ce913c1ee51e35c213b85ca13bb78380df68a73fa1ceb164b84c647a6,2018-19,4,Mark,9,Jerian Grant,jeriangrant,opening,12,1,1,auction,Jerian Grant,A148,B148,C148,
59a6a80ce913c1ee51e35c213b85ca13bb78380df68a73fa1ceb164b84c647a6,2018-19,4,Mark,9,Maurice Harkless,mauriceharkless,opening,13,1,1,auction,Moe Harkless,A149,B149,C149,
59a6a80ce913c1ee51e35c213b85ca13bb78380df68a73fa1ceb164b84c647a6,2018-19,4,Mark,9,Richaun Holmes,richaunholmes,opening,14,1,1,auction,Richaun Holmes,A150,B150,C150,
59a6a80ce913c1ee51e35c213b85ca13bb78380df68a73fa1ceb164b84c647a6,2018-19,4,Mark,9,Stanley Johnson,stanleyjohnson,opening,15,1,1,auction,Stanley Johnson,A151,B151,C151,
59a6a80ce913c1ee51e35c213b85ca13bb78380df68a73fa1ceb164b84c647a6,2018-19,4,Jason,2,Delon Wright,delonwright,opening,9,1,1,auction,Delon Wright,A143,B143,C143,
59a6a80ce913c1ee51e35c213b85ca13bb78380df68a73fa1ceb164b84c647a6,2018-19,4,Jason,2,Luc Mbah a Moute,lucmbahamoute,opening,14,1,1,auction,Luc Richad Mbah a Moute,A148,B148,C148,
59a6a80ce913c1ee51e35c213b85ca13bb78380df68a73fa1ceb164b84c647a6,2018-19,4,Jason,2,Zach Collins,zachcollins,opening,15,1,1,auction,Zach Collins,A149,B149,C149,
59a6a80ce913c1ee51e35c213b85ca13bb78380df68a73fa1ceb164b84c647a6,2018-19,4,Benji,13,Frank Ntilikina,frankntilikina,opening,13,1,1,auction,Frank Ntilikina,A145,B145,C145,
59a6a80ce913c1ee51e35c213b85ca13bb78380df68a73fa1ceb164b84c647a6,2018-19,4,Benji,13,Willy Hernangomez,willyhernangomez,opening,15,1,1,auction,Willy Hernangomez,A147,B147,C147,
59a6a80ce913c1ee51e35c213b85ca13bb78380df68a73fa1ceb164b84c647a6,2017-18,3,Brent,9,Stephen Curry,stephencurry,opening,3,73,1,auction,Stephen Curry,A161,B161,C161,
59a6a80ce913c1ee51e35c213b85ca13bb78380df68a73fa1ceb164b84c647a6,2017-18,3,Jason,8,James Harden,jamesharden,opening,3,72,1,auction,James Harden,A159,B159,C159,
59a6a80ce913c1ee51e35c213b85ca13bb78380df68a73fa1ceb164b84c647a6,2017-18,3,Darren,6,Chris Paul,chrispaul,opening,4,71,1,auction,Chris Paul,A162,B162,C162,
59a6a80ce913c1ee51e35c213b85ca13bb78380df68a73fa1ceb164b84c647a6,2017-18,3,Darren,6,Kawhi Leonard,kawhileonard,opening,3,64,1,auction,Kawhi Leonard,A161,B161,C161,
59a6a80ce913c1ee51e35c213b85ca13bb78380df68a73fa1ceb164b84c647a6,2017-18,3,Mark,3,LeBron James,lebronjames,opening,4,54,1,auction,LeBron James,A161,B161,C161,
59a6a80ce913c1ee51e35c213b85ca13bb78380df68a73fa1ceb164b84c647a6,2017-18,3,Joe,15,Jimmy Butler,jimmybutler,opening,3,47,1,auction,Jimmy Butler,A157,B157,C157,
59a6a80ce913c1ee51e35c213b85ca13bb78380df68a73fa1ceb164b84c647a6,2017-18,3,Peter,10,Paul George,paulgeorge,opening,3,44,1,auction,Paul George,A160,B160,C160,
59a6a80ce913c1ee51e35c213b85ca13bb78380df68a73fa1ceb164b84c647a6,2017-18,3,Mark,3,Damian Lillard,damianlillard,opening,3,43,1,auction,Damian Lillard,A160,B160,C160,
59a6a80ce913c1ee51e35c213b85ca13bb78380df68a73fa1ceb164b84c647a6,2017-18,3,Brent,9,Blake Griffin,blakegriffin,opening,5,39,1,auction,Blake Griffin,A163,B163,C163,
59a6a80ce913c1ee51e35c213b85ca13bb78380df68a73fa1ceb164b84c647a6,2017-18,3,Peter,10,Klay Thompson,klaythompson,opening,4,38,1,auction,Klay Thompson,A161,B161,C161,
59a6a80ce913c1ee51e35c213b85ca13bb78380df68a73fa1ceb164b84c647a6,2017-18,3,Arthur,12,Marc Gasol,marcgasol,opening,5,36,1,auction,Marc Gasol,A163,B163,C163,
59a6a80ce913c1ee51e35c213b85ca13bb78380df68a73fa1ceb164b84c647a6,2017-18,3,Arthur,12,Al Horford,alhorford,opening,6,35,1,auction,Al Horford,A164,B164,C164,
59a6a80ce913c1ee51e35c213b85ca13bb78380df68a73fa1ceb164b84c647a6,2017-18,3,Joe,15,LaMarcus Aldridge,lamarcusaldridge,opening,5,33,1,auction,LaMarcus Aldridge,A159,B159,C159,
59a6a80ce913c1ee51e35c213b85ca13bb78380df68a73fa1ceb164b84c647a6,2017-18,3,Arthur,12,Mike Conley,mikeconley,opening,4,31,1,auction,Mike Conley,A162,B162,C162,
59a6a80ce913c1ee51e35c213b85ca13bb78380df68a73fa1ceb164b84c647a6,2017-18,3,Benji,5,Aaron Gordon,aarongordon,opening,4,29,1,auction,Aaron Gordon,A157,B157,C157,
59a6a80ce913c1ee51e35c213b85ca13bb78380df68a73fa1ceb164b84c647a6,2017-18,3,Jason,8,Paul Millsap,paulmillsap,opening,4,28,1,auction,Paul Millsap,A160,B160,C160,
59a6a80ce913c1ee51e35c213b85ca13bb78380df68a73fa1ceb164b84c647a6,2017-18,3,Alvin,4,Eric Bledsoe,ericbledsoe,opening,3,27,1,auction,Eric Bledsoe,A161,B161,C161,
59a6a80ce913c1ee51e35c213b85ca13bb78380df68a73fa1ceb164b84c647a6,2017-18,3,Ian,11,Dennis Smith Jr.,dennissmithjr,opening,4,26,1,auction,Dennis Smith Jr.,A162,B162,C162,
59a6a80ce913c1ee51e35c213b85ca13bb78380df68a73fa1ceb164b84c647a6,2017-18,3,Arthur,12,Goran Dragic,gorandragic,opening,3,25,1,auction,Goran Dragic,A161,B161,C161,
59a6a80ce913c1ee51e35c213b85ca13bb78380df68a73fa1ceb164b84c647a6,2017-18,3,Ron,1,Jusuf Nurkic,jusufnurkic,opening,6,25,1,auction,Jusuf Nurkic,A165,B165,C165,
59a6a80ce913c1ee51e35c213b85ca13bb78380df68a73fa1ceb164b84c647a6,2017-18,3,Graham,2,Otto Porter Jr,ottoporterjr,opening,6,24,1,auction,Otto Porter Jr,A161,B161,C161,
59a6a80ce913c1ee51e35c213b85ca13bb78380df68a73fa1ceb164b84c647a6,2017-18,3,Peter,10,Dennis Schroder,dennisschroder,opening,5,24,1,auction,Dennis Schroder,A162,B162,C162,
59a6a80ce913c1ee51e35c213b85ca13bb78380df68a73fa1ceb164b84c647a6,2017-18,3,Isaac,7,Ben Simmons,bensimmons,opening,3,24,1,auction,Ben Simmons,A160,B160,C160,
59a6a80ce913c1ee51e35c213b85ca13bb78380df68a73fa1ceb164b84c647a6,2017-18,3,Graham,2,Serge Ibaka,sergeibaka,opening,3,22,1,auction,Serge Ibaka,A158,B158,C158,
59a6a80ce913c1ee51e35c213b85ca13bb78380df68a73fa1ceb164b84c647a6,2017-18,3,Graham,2,Jeff Teague,jeffteague,opening,5,22,1,auction,Jeff Teague,A160,B160,C160,
59a6a80ce913c1ee51e35c213b85ca13bb78380df68a73fa1ceb164b84c647a6,2017-18,3,Isaac,7,Clint Capela,clintcapela,opening,7,22,1,auction,Clint Capela,A164,B164,C164,
59a6a80ce913c1ee51e35c213b85ca13bb78380df68a73fa1ceb164b84c647a6,2017-18,3,Ian,11,Khris Middleton,khrismiddleton,opening,3,22,1,auction,Khris Middleton,A161,B161,C161,
59a6a80ce913c1ee51e35c213b85ca13bb78380df68a73fa1ceb164b84c647a6,2017-18,3,Ian,11,Isaiah Thomas,isaiahthomas,opening,5,21,1,auction,Isaiah Thomas,A163,B163,C163,
59a6a80ce913c1ee51e35c213b85ca13bb78380df68a73fa1ceb164b84c647a6,2017-18,3,Arthur,12,Harrison Barnes,harrisonbarnes,opening,7,20,1,auction,Harrison Barnes,A165,B165,C165,
59a6a80ce913c1ee51e35c213b85ca13bb78380df68a73fa1ceb164b84c647a6,2017-18,3,Graham,2,Tobias Harris,tobiasharris,opening,8,19,1,auction,Tobias Harris,A163,B163,C163,
59a6a80ce913c1ee51e35c213b85ca13bb78380df68a73fa1ceb164b84c647a6,2017-18,3,Alvin,4,Gary Harris,garyharris,opening,6,19,1,auction,Gary Harris,A164,B164,C164,
59a6a80ce913c1ee51e35c213b85ca13bb78380df68a73fa1ceb164b84c647a6,2017-18,3,Peter,10,Nerlens Noel,nerlensnoel,opening,6,19,1,auction,Nerlens Noel,A163,B163,C163,
59a6a80ce913c1ee51e35c213b85ca13bb78380df68a73fa1ceb164b84c647a6,2017-18,3,Ron,1,Victor Oladipo,victoroladipo,opening,3,19,1,auction,Victor Oladipo,A162,B162,C162,
59a6a80ce913c1ee51e35c213b85ca13bb78380df68a73fa1ceb164b84c647a6,2017-18,3,Ron,1,Ricky Rubio,rickyrubio,opening,4,19,1,auction,Ricky Rubio,A163,B163,C163,
59a6a80ce913c1ee51e35c213b85ca13bb78380df68a73fa1ceb164b84c647a6,2017-18,3,Alvin,4,Derrick Favors,derrickfavors,opening,5,18,1,auction,Derrick Favors,A163,B163,C163,
59a6a80ce913c1ee51e35c213b85ca13bb78380df68a73fa1ceb164b84c647a6,2017-18,3,Kerry,13,James Johnson,jamesjohnson,opening,5,18,1,auction,James Johnson,A160,B160,C160,
59a6a80ce913c1ee51e35c213b85ca13bb78380df68a73fa1ceb164b84c647a6,2017-18,3,Max,14,TJ Warren,tjwarren,opening,13,18,1,auction,TJ Warren,A171,B171,C171,
59a6a80ce913c1ee51e35c213b85ca13bb78380df68a73fa1ceb164b84c647a6,2017-18,3,Joe,15,Elfrid Payton,elfridpayton,opening,6,18,1,auction,Elfrid Payton,A160,B160,C160,
59a6a80ce913c1ee51e35c213b85ca13bb78380df68a73fa1ceb164b84c647a6,2017-18,3,Benji,5,Jrue Holiday,jrueholiday,opening,3,18,1,auction,Jrue Holiday,A156,B156,C156,
59a6a80ce913c1ee51e35c213b85ca13bb78380df68a73fa1ceb164b84c647a6,2017-18,3,Peter,10,Danilo Gallinari,danilogallinari,opening,7,17,1,auction,Danilo Gallinari,A164,B164,C164,
59a6a80ce913c1ee51e35c213b85ca13bb78380df68a73fa1ceb164b84c647a6,2017-18,3,Kerry,13,Rudy Gay,rudygay,opening,10,17,1,auction,Rudy Gay,A165,B165,C165,
59a6a80ce913c1ee51e35c213b85ca13bb78380df68a73fa1ceb164b84c647a6,2017-18,3,Benji,5,Nikola Vucevic,nikolavucevic,opening,6,17,1,auction,Nikola Vucevic,A159,B159,C159,
59a6a80ce913c1ee51e35c213b85ca13bb78380df68a73fa1ceb164b84c647a6,2017-18,3,Benji,5,Avery Bradley,averybradley,opening,9,17,1,auction,Avery Bradley,A162,B162,C162,
59a6a80ce913c1ee51e35c213b85ca13bb78380df68a73fa1ceb164b84c647a6,2017-18,3,Graham,2,DeAndre Jordan,deandrejordan,opening,4,16,1,auction,DeAndre Jordan,A159,B159,C159,
59a6a80ce913c1ee51e35c213b85ca13bb78380df68a73fa1ceb164b84c647a6,2017-18,3,Alvin,4,Carmelo Anthony,carmeloanthony,opening,4,16,1,auction,Carmelo Anthony,A162,B162,C162,
59a6a80ce913c1ee51e35c213b85ca13bb78380df68a73fa1ceb164b84c647a6,2017-18,3,Kerry,13,Willie Cauley-Stein,williecauleystein,opening,4,16,1,auction,Willie Cauley-Stein,A159,B159,C159,
59a6a80ce913c1ee51e35c213b85ca13bb78380df68a73fa1ceb164b84c647a6,2017-18,3,Isaac,7,Lonzo Ball,lonzoball,opening,4,16,1,auction,Lonzo Ball,A161,B161,C161,
59a6a80ce913c1ee51e35c213b85ca13bb78380df68a73fa1ceb164b84c647a6,2017-18,3,Isaac,7,Pau Gasol,paugasol,opening,13,16,1,auction,Pau Gasol,A170,B170,C170,
59a6a80ce913c1ee51e35c213b85ca13bb78380df68a73fa1ceb164b84c647a6,2017-18,3,Ian,11,Andre Drummond,andredrummond,opening,6,16,1,auction,Andre Drummond,A164,B164,C164,
59a6a80ce913c1ee51e35c213b85ca13bb78380df68a73fa1ceb164b84c647a6,2017-18,3,Graham,2,Gorgui Dieng,gorguidieng,opening,12,15,1,auction,Gorgui Dieng,A167,B167,C167,
59a6a80ce913c1ee51e35c213b85ca13bb78380df68a73fa1ceb164b84c647a6,2017-18,3,Ron,1,Marquese Chriss,marquesechriss,opening,10,15,1,auction,Marquese Chriss,A169,B169,C169,
59a6a80ce913c1ee51e35c213b85ca13bb78380df68a73fa1ceb164b84c647a6,2017-18,3,Isaac,7,Marcin Gortat,marcingortat,opening,9,15,1,auction,Marcin Gortat,A166,B166,C166,
59a6a80ce913c1ee51e35c213b85ca13bb78380df68a73fa1ceb164b84c647a6,2017-18,3,Ian,11,Julius Randle,juliusrandle,opening,7,15,1,auction,Julius Randle,A165,B165,C165,
59a6a80ce913c1ee51e35c213b85ca13bb78380df68a73fa1ceb164b84c647a6,2017-18,3,Benji,5,Robert Covington,robertcovington,opening,8,15,1,auction,Robert Covington,A161,B161,C161,
59a6a80ce913c1ee51e35c213b85ca13bb78380df68a73fa1ceb164b84c647a6,2017-18,3,Darren,6,Jonas Valanciunas,jonasvalanciunas,opening,5,14,1,auction,Jonas Valanciunas,A163,B163,C163,
59a6a80ce913c1ee51e35c213b85ca13bb78380df68a73fa1ceb164b84c647a6,2017-18,3,Darren,6,Darren Collison,darrencollison,opening,7,14,1,auction,Darren Collison,A165,B165,C165,
59a6a80ce913c1ee51e35c213b85ca13bb78380df68a73fa1ceb164b84c647a6,2017-18,3,Ron,1,Taurean Prince,taureanprince,opening,12,14,1,auction,Taurean Prince,A171,B171,C171,
59a6a80ce913c1ee51e35c213b85ca13bb78380df68a73fa1ceb164b84c647a6,2017-18,3,Ron,1,Jamal Murray,jamalmurray,opening,5,13,1,auction,Jamal Murray,A164,B164,C164,
59a6a80ce913c1ee51e35c213b85ca13bb78380df68a73fa1ceb164b84c647a6,2017-18,3,Graham,2,Trevor Ariza,trevorariza,opening,9,12,1,auction,Trevor Ariza,A164,B164,C164,
59a6a80ce913c1ee51e35c213b85ca13bb78380df68a73fa1ceb164b84c647a6,2017-18,3,Graham,2,Malcolm Brogdon,malcolmbrogdon,opening,11,12,1,auction,Malcolm Brogdon,A166,B166,C166,
59a6a80ce913c1ee51e35c213b85ca13bb78380df68a73fa1ceb164b84c647a6,2017-18,3,Ron,1,Steven Adams,stevenadams,opening,7,12,1,auction,Steven Adams,A166,B166,C166,
59a6a80ce913c1ee51e35c213b85ca13bb78380df68a73fa1ceb164b84c647a6,2017-18,3,Max,14,Brandon Ingram,brandoningram,opening,10,12,1,auction,Brandon Ingram,A168,B168,C168,
59a6a80ce913c1ee51e35c213b85ca13bb78380df68a73fa1ceb164b84c647a6,2017-18,3,Ian,11,Evan Fournier,evanfournier,opening,8,12,1,auction,Evan Fournier,A166,B166,C166,
59a6a80ce913c1ee51e35c213b85ca13bb78380df68a73fa1ceb164b84c647a6,2017-18,3,Graham,2,Lou Williams,louwilliams,opening,7,11,1,auction,Lou Williams,A162,B162,C162,
59a6a80ce913c1ee51e35c213b85ca13bb78380df68a73fa1ceb164b84c647a6,2017-18,3,Max,14,Dario Saric,dariosaric,opening,7,11,1,auction,Dario Saric,A165,B165,C165,
59a6a80ce913c1ee51e35c213b85ca13bb78380df68a73fa1ceb164b84c647a6,2017-18,3,Joe,15,Markelle Fultz,markellefultz,opening,4,11,1,auction,Markelle Fultz,A158,B158,C158,
59a6a80ce913c1ee51e35c213b85ca13bb78380df68a73fa1ceb164b84c647a6,2017-18,3,Ian,11,Lauri Markkanen,laurimarkkanen,opening,10,11,1,auction,Lauri Markkanen,A168,B168,C168,
59a6a80ce913c1ee51e35c213b85ca13bb78380df68a73fa1ceb164b84c647a6,2017-18,3,Jason,8,Willy Hernangomez,willyhernangomez,opening,8,11,1,auction,Willy Hernangomez,A164,B164,C164,
59a6a80ce913c1ee51e35c213b85ca13bb78380df68a73fa1ceb164b84c647a6,2017-18,3,Alvin,4,Malik Monk,malikmonk,opening,7,10,1,auction,Malik Monk,A165,B165,C165,
59a6a80ce913c1ee51e35c213b85ca13bb78380df68a73fa1ceb164b84c647a6,2017-18,3,Kerry,13,Robin Lopez,robinlopez,opening,12,10,1,auction,Robin Lopez,A167,B167,C167,
59a6a80ce913c1ee51e35c213b85ca13bb78380df68a73fa1ceb164b84c647a6,2017-18,3,Ron,1,Ryan Anderson,ryananderson,opening,9,10,1,auction,Ryan Anderson,A168,B168,C168,
59a6a80ce913c1ee51e35c213b85ca13bb78380df68a73fa1ceb164b84c647a6,2017-18,3,Ron,1,Tim Hardaway Jr.,timhardawayjr,opening,11,10,1,auction,Tim Hardaway Jr,A170,B170,C170,
59a6a80ce913c1ee51e35c213b85ca13bb78380df68a73fa1ceb164b84c647a6,2017-18,3,Max,14,Thaddeus Young,thaddeusyoung,opening,5,10,1,auction,Thaddeus Young,A163,B163,C163,
59a6a80ce913c1ee51e35c213b85ca13bb78380df68a73fa1ceb164b84c647a6,2017-18,3,Max,14,Josh Jackson,joshjackson,opening,8,10,1,auction,Josh Jackson,A166,B166,C166,
59a6a80ce913c1ee51e35c213b85ca13bb78380df68a73fa1ceb164b84c647a6,2017-18,3,Isaac,7,Zach Randolph,zachrandolph,opening,11,10,1,auction,Zach Randolph,A168,B168,C168,
59a6a80ce913c1ee51e35c213b85ca13bb78380df68a73fa1ceb164b84c647a6,2017-18,3,Isaac,7,Rondae Hollis-Jefferson,rondaehollisjefferson,opening,14,10,1,auction,Rondae Hollis-Jefferson,A171,B171,C171,
59a6a80ce913c1ee51e35c213b85ca13bb78380df68a73fa1ceb164b84c647a6,2017-18,3,Joe,15,Buddy Hield,buddyhield,opening,11,10,1,auction,Buddy Hield,A165,B165,C165,
59a6a80ce913c1ee51e35c213b85ca13bb78380df68a73fa1ceb164b84c647a6,2017-18,3,Ian,11,Enes Kanter,eneskanter,opening,14,10,1,auction,Enes Kanter,A172,B172,C172,
59a6a80ce913c1ee51e35c213b85ca13bb78380df68a73fa1ceb164b84c647a6,2017-18,3,Kerry,13,JJ Redick,jjredick,opening,6,9,1,auction,JJ Redick,A161,B161,C161,
59a6a80ce913c1ee51e35c213b85ca13bb78380df68a73fa1ceb164b84c647a6,2017-18,3,Darren,6,Tristan Thompson,tristanthompson,opening,6,9,1,auction,Tristan Thompson,A164,B164,C164,
59a6a80ce913c1ee51e35c213b85ca13bb78380df68a73fa1ceb164b84c647a6,2017-18,3,Brent,9,Derrick Rose,derrickrose,opening,4,9,1,auction,Derrick Rose,A162,B162,C162,
59a6a80ce913c1ee51e35c213b85ca13bb78380df68a73fa1ceb164b84c647a6,2017-18,3,Max,14,Jeremy Lin,jeremylin,opening,3,9,1,auction,Jeremy Lin,A161,B161,C161,
59a6a80ce913c1ee51e35c213b85ca13bb78380df68a73fa1ceb164b84c647a6,2017-18,3,Isaac,7,Zach LaVine,zachlavine,opening,5,9,1,auction,Zach LaVine,A162,B162,C162,
59a6a80ce913c1ee51e35c213b85ca13bb78380df68a73fa1ceb164b84c647a6,2017-18,3,Joe,15,John Collins,johncollins,opening,14,9,1,auction,John Collins,A168,B168,C168,
59a6a80ce913c1ee51e35c213b85ca13bb78380df68a73fa1ceb164b84c647a6,2017-18,3,Ian,11,Wilson Chandler,wilsonchandler,opening,11,9,1,auction,Wilson Chandler,A169,B169,C169,
59a6a80ce913c1ee51e35c213b85ca13bb78380df68a73fa1ceb164b84c647a6,2017-18,3,Ian,11,Reggie Jackson,reggiejackson,opening,12,9,1,auction,Reggie Jackson,A170,B170,C170,
59a6a80ce913c1ee51e35c213b85ca13bb78380df68a73fa1ceb164b84c647a6,2017-18,3,Graham,2,Patrick Beverley,patrickbeverley,opening,10,8,1,auction,Patrick Beverley,A165,B165,C165,
59a6a80ce913c1ee51e35c213b85ca13bb78380df68a73fa1ceb164b84c647a6,2017-18,3,Kerry,13,Alex Len,alexlen,opening,14,8,1,auction,Alex Len,A169,B169,C169,
59a6a80ce913c1ee51e35c213b85ca13bb78380df68a73fa1ceb164b84c647a6,2017-18,3,Arthur,12,Lance Stephenson,lancestephenson,opening,11,8,1,auction,Lance Stephenson,A169,B169,C169,
59a6a80ce913c1ee51e35c213b85ca13bb78380df68a73fa1ceb164b84c647a6,2017-18,3,Ron,1,JaMychal Green,jamychalgreen,opening,14,8,1,auction,JaMychal Green,A173,B173,C173,
59a6a80ce913c1ee51e35c213b85ca13bb78380df68a73fa1ceb164b84c647a6,2017-18,3,Max,14,Michael Kidd-Gilchrist,michaelkiddgilchrist,opening,14,8,1,auction,Michael Kidd-Gilchrist,A172,B172,C172,
59a6a80ce913c1ee51e35c213b85ca13bb78380df68a73fa1ceb164b84c647a6,2017-18,3,Isaac,7,Eric Gordon,ericgordon,opening,6,8,1,auction,Eric Gordon,A163,B163,C163,
59a6a80ce913c1ee51e35c213b85ca13bb78380df68a73fa1ceb164b84c647a6,2017-18,3,Isaac,7,Dwyane Wade,dwyanewade,opening,10,8,1,auction,Dwyane Wade,A167,B167,C167,
59a6a80ce913c1ee51e35c213b85ca13bb78380df68a73fa1ceb164b84c647a6,2017-18,3,Joe,15,Rodney Hood,rodneyhood,opening,7,8,1,auction,Rodney Hood,A161,B161,C161,
59a6a80ce913c1ee51e35c213b85ca13bb78380df68a73fa1ceb164b84c647a6,2017-18,3,Ian,11,Marvin Williams,marvinwilliams,opening,9,8,1,auction,Marvin Williams,A167,B167,C167,
59a6a80ce913c1ee51e35c213b85ca13bb78380df68a73fa1ceb164b84c647a6,2017-18,3,Mark,3,Jae Crowder,jaecrowder,opening,6,8,1,auction,Jae Crowder,A163,B163,C163,
59a6a80ce913c1ee51e35c213b85ca13bb78380df68a73fa1ceb164b84c647a6,2017-18,3,Jason,8,Norman Powell,normanpowell,opening,9,8,1,auction,Norman Powell,A165,B165,C165,
59a6a80ce913c1ee51e35c213b85ca13bb78380df68a73fa1ceb164b84c647a6,2017-18,3,Benji,5,Milos Teodosic,milosteodosic,opening,12,8,1,auction,Milos Teodosic,A165,B165,C165,
59a6a80ce913c1ee51e35c213b85ca13bb78380df68a73fa1ceb164b84c647a6,2017-18,3,Benji,5,Josh Richardson,joshrichardson,opening,14,8,1,auction,Josh Richardson,A167,B167,C167,
59a6a80ce913c1ee51e35c213b85ca13bb78380df68a73fa1ceb164b84c647a6,2017-18,3,Kerry,13,Seth Curry,sethcurry,opening,8,7,1,auction,Seth Curry,A163,B163,C163,
59a6a80ce913c1ee51e35c213b85ca13bb78380df68a73fa1ceb164b84c647a6,2017-18,3,Ron,1,Dirk Nowitzki,dirknowitzki,opening,8,7,1,auction,Dirk Nowitzki,A167,B167,C167,
59a6a80ce913c1ee51e35c213b85ca13bb78380df68a73fa1ceb164b84c647a6,2017-18,3,Max,14,George Hill,georgehill,opening,6,7,1,auction,George Hill,A164,B164,C164,
59a6a80ce913c1ee51e35c213b85ca13bb78380df68a73fa1ceb164b84c647a6,2017-18,3,Max,14,Markieff Morris,markieffmorris,opening,9,7,1,auction,Markieff Morris,A167,B167,C167,
59a6a80ce913c1ee51e35c213b85ca13bb78380df68a73fa1ceb164b84c647a6,2017-18,3,Max,14,De'Aaron Fox,deaaronfox,opening,11,7,1,auction,De'Aaron Fox,A169,B169,C169,
59a6a80ce913c1ee51e35c213b85ca13bb78380df68a73fa1ceb164b84c647a6,2017-18,3,Isaac,7,Dwight Howard,dwighthoward,opening,8,7,1,auction,Dwight Howard,A165,B165,C165,
59a6a80ce913c1ee51e35c213b85ca13bb78380df68a73fa1ceb164b84c647a6,2017-18,3,Isaac,7,Jonathan Isaac,jonathanisaac,opening,15,7,1,auction,Jonathan Isaac,A172,B172,C172,
59a6a80ce913c1ee51e35c213b85ca13bb78380df68a73fa1ceb164b84c647a6,2017-18,3,Joe,15,Jordan Clarkson,jordanclarkson,opening,10,7,1,auction,Jordan Clarkson,A164,B164,C164,
59a6a80ce913c1ee51e35c213b85ca13bb78380df68a73fa1ceb164b84c647a6,2017-18,3,Joe,15,Bojan Bogdanovic,bojanbogdanovic,opening,12,7,1,auction,Bojan Bogdanovic,A166,B166,C166,
59a6a80ce913c1ee51e35c213b85ca13bb78380df68a73fa1ceb164b84c647a6,2017-18,3,Ian,11,Joe Ingles,joeingles,opening,13,7,1,auction,Joe Ingles,A171,B171,C171,
59a6a80ce913c1ee51e35c213b85ca13bb78380df68a73fa1ceb164b84c647a6,2017-18,3,Benji,5,Allen Crabbe,allencrabbe,opening,10,7,1,auction,Allen Crabbe,A163,B163,C163,
59a6a80ce913c1ee51e35c213b85ca13bb78380df68a73fa1ceb164b84c647a6,2017-18,3,Isaac,7,Marcus Smart,marcussmart,opening,12,6,1,auction,Marcus Smart,A169,B169,C169,
59a6a80ce913c1ee51e35c213b85ca13bb78380df68a73fa1ceb164b84c647a6,2017-18,3,Jason,8,Nicolas Batum,nicolasbatum,opening,6,6,1,auction,Nicolas Batum,A162,B162,C162,
59a6a80ce913c1ee51e35c213b85ca13bb78380df68a73fa1ceb164b84c647a6,2017-18,3,Benji,5,Kent Bazemore,kentbazemore,opening,11,6,1,auction,Kent Bazemore,A164,B164,C164,
59a6a80ce913c1ee51e35c213b85ca13bb78380df68a73fa1ceb164b84c647a6,2017-18,3,Alvin,4,Evan Turner,evanturner,opening,15,5,1,auction,Evan Turner,A173,B173,C173,
59a6a80ce913c1ee51e35c213b85ca13bb78380df68a73fa1ceb164b84c647a6,2017-18,3,Max,14,Dion Waiters,dionwaiters,opening,4,5,1,auction,Dion Waiters,A162,B162,C162,
59a6a80ce913c1ee51e35c213b85ca13bb78380df68a73fa1ceb164b84c647a6,2017-18,3,Max,14,Taj Gibson,tajgibson,opening,15,5,1,auction,Taj Gibson,A173,B173,C173,
59a6a80ce913c1ee51e35c213b85ca13bb78380df68a73fa1ceb164b84c647a6,2017-18,3,Benji,5,Jayson Tatum,jaysontatum,opening,5,5,1,auction,Jayson Tatum,A158,B158,C158,
59a6a80ce913c1ee51e35c213b85ca13bb78380df68a73fa1ceb164b84c647a6,2017-18,3,Benji,5,Kelly Olynyk,kellyolynyk,opening,13,5,1,auction,Kelly Olynyk,A166,B166,C166,
59a6a80ce913c1ee51e35c213b85ca13bb78380df68a73fa1ceb164b84c647a6,2017-18,3,Alvin,4,Donovan Mitchell,donovanmitchell,opening,13,4,1,auction,Donovan Mitchell,A171,B171,C171,
59a6a80ce913c1ee51e35c213b85ca13bb78380df68a73fa1ceb164b84c647a6,2017-18,3,Kerry,13,Greg Monroe,gregmonroe,opening,9,4,1,auction,Greg Monroe,A164,B164,C164,
59a6a80ce913c1ee51e35c213b85ca13bb78380df68a73fa1ceb164b84c647a6,2017-18,3,Ron,1,Nikola Mirotic,nikolamirotic,opening,13,4,1,auction,Nikola Mirotic,A172,B172,C172,
59a6a80ce913c1ee51e35c213b85ca13bb78380df68a73fa1ceb164b84c647a6,2017-18,3,Ron,1,Dewayne Dedmon,dewaynededmon,opening,15,4,1,auction,Dewayne Dedmon,A174,B174,C174,
59a6a80ce913c1ee51e35c213b85ca13bb78380df68a73fa1ceb164b84c647a6,2017-18,3,Joe,15,Frank Kaminsky,frankkaminsky,opening,9,4,1,auction,Frank Kaminsky,A163,B163,C163,
59a6a80ce913c1ee51e35c213b85ca13bb78380df68a73fa1ceb164b84c647a6,2017-18,3,Joe,15,CJ Miles,cjmiles,opening,13,4,1,auction,CJ Miles,A167,B167,C167,
59a6a80ce913c1ee51e35c213b85ca13bb78380df68a73fa1ceb164b84c647a6,2017-18,3,Mark,3,Rajon Rondo,rajonrondo,opening,5,4,1,auction,Rajon Rondo,A162,B162,C162,
59a6a80ce913c1ee51e35c213b85ca13bb78380df68a73fa1ceb164b84c647a6,2017-18,3,Jason,8,Kyle Kuzma,kylekuzma,opening,12,4,1,auction,Kyle Kuzma,A168,B168,C168,
59a6a80ce913c1ee51e35c213b85ca13bb78380df68a73fa1ceb164b84c647a6,2017-18,3,Graham,2,Jamal Crawford,jamalcrawford,opening,13,3,1,auction,Jamal Crawford,A168,B168,C168,
59a6a80ce913c1ee51e35c213b85ca13bb78380df68a73fa1ceb164b84c647a6,2017-18,3,Graham,2,Ersan Ilyasova,ersanilyasova,opening,14,3,1,auction,Ersan Ilyasova,A169,B169,C169,
59a6a80ce913c1ee51e35c213b85ca13bb78380df68a73fa1ceb164b84c647a6,2017-18,3,Alvin,4,Bobby Portis,bobbyportis,opening,14,3,1,auction,Bobby Portis,A172,B172,C172,
59a6a80ce913c1ee51e35c213b85ca13bb78380df68a73fa1ceb164b84c647a6,2017-18,3,Kerry,13,Jaylen Brown,jaylenbrown,opening,7,3,1,auction,Jaylen Brown,A162,B162,C162,
59a6a80ce913c1ee51e35c213b85ca13bb78380df68a73fa1ceb164b84c647a6,2017-18,3,Arthur,12,Will Barton,willbarton,opening,8,3,1,auction,Will Barton,A166,B166,C166,
59a6a80ce913c1ee51e35c213b85ca13bb78380df68a73fa1ceb164b84c647a6,2017-18,3,Brent,9,Jeremy Lamb,jeremylamb,opening,7,3,1,auction,Jeremy Lamb,A165,B165,C165,
59a6a80ce913c1ee51e35c213b85ca13bb78380df68a73fa1ceb164b84c647a6,2017-18,3,Brent,9,Austin Rivers,austinrivers,opening,10,3,1,auction,Austin Rivers,A168,B168,C168,
59a6a80ce913c1ee51e35c213b85ca13bb78380df68a73fa1ceb164b84c647a6,2017-18,3,Max,14,Thon Maker,thonmaker,opening,12,3,1,auction,Thon Maker,A170,B170,C170,
59a6a80ce913c1ee51e35c213b85ca13bb78380df68a73fa1ceb164b84c647a6,2017-18,3,Joe,15,Wesley Matthews,wesleymatthews,opening,8,3,1,auction,Wesley Matthews,A162,B162,C162,
59a6a80ce913c1ee51e35c213b85ca13bb78380df68a73fa1ceb164b84c647a6,2017-18,3,Ian,11,Boban Marjanovic,bobanmarjanovic,opening,15,3,1,auction,Boban Marjanovic,A173,B173,C173,
59a6a80ce913c1ee51e35c213b85ca13bb78380df68a73fa1ceb164b84c647a6,2017-18,3,Jason,8,Kentavious Caldwell-Pope,kentaviouscaldwellpope,opening,7,3,1,auction,Kentavious Caldwell-Pope,A163,B163,C163,
59a6a80ce913c1ee51e35c213b85ca13bb78380df68a73fa1ceb164b84c647a6,2017-18,3,Jason,8,Justise Winslow,justisewinslow,opening,11,3,1,auction,Justice Winslow,A167,B167,C167,
59a6a80ce913c1ee51e35c213b85ca13bb78380df68a73fa1ceb164b84c647a6,2017-18,3,Jason,8,Jahlil Okafor,jahlilokafor,opening,14,3,1,auction,Jahlil Okafor,A170,B170,C170,
59a6a80ce913c1ee51e35c213b85ca13bb78380df68a73fa1ceb164b84c647a6,2017-18,3,Benji,5,Jonathon Simmons,jonathonsimmons,opening,7,3,1,auction,Jonathon Simmons,A160,B160,C160,
59a6a80ce913c1ee51e35c213b85ca13bb78380df68a73fa1ceb164b84c647a6,2017-18,3,Graham,2,Chandler Parsons,chandlerparsons,opening,15,2,1,auction,Chandler Parson,A170,B170,C170,
59a6a80ce913c1ee51e35c213b85ca13bb78380df68a73fa1ceb164b84c647a6,2017-18,3,Alvin,4,Justin Holiday,justinholiday,opening,10,2,1,auction,Justin Holiday,A168,B168,C168,
59a6a80ce913c1ee51e35c213b85ca13bb78380df68a73fa1ceb164b84c647a6,2017-18,3,Alvin,4,Terrence Ross,terrenceross,opening,11,2,1,auction,Terrence Ross,A169,B169,C169,
59a6a80ce913c1ee51e35c213b85ca13bb78380df68a73fa1ceb164b84c647a6,2017-18,3,Peter,10,Ish Smith,ishsmith,opening,12,2,1,auction,Ish Smith,A169,B169,C169,
59a6a80ce913c1ee51e35c213b85ca13bb78380df68a73fa1ceb164b84c647a6,2017-18,3,Kerry,13,Skal Labissiere,skallabissiere,opening,3,2,1,auction,Skal Labissiere,A158,B158,C158,
59a6a80ce913c1ee51e35c213b85ca13bb78380df68a73fa1ceb164b84c647a6,2017-18,3,Kerry,13,Marcus Morris Sr,marcusmorrissr,opening,13,2,1,auction,Marcus Morris,A168,B168,C168,
59a6a80ce913c1ee51e35c213b85ca13bb78380df68a73fa1ceb164b84c647a6,2017-18,3,Arthur,12,Bogdan Bogdanovic,bogdanbogdanovic,opening,12,2,1,auction,Bogdan Bogdanovic,A170,B170,C170,
59a6a80ce913c1ee51e35c213b85ca13bb78380df68a73fa1ceb164b84c647a6,2017-18,3,Arthur,12,Tyson Chandler,tysonchandler,opening,13,2,1,auction,Tyson Chandler,A171,B171,C171,
59a6a80ce913c1ee51e35c213b85ca13bb78380df68a73fa1ceb164b84c647a6,2017-18,3,Brent,9,Frank Ntilikina,frankntilikina,opening,8,2,1,auction,Frank Ntilikina,A166,B166,C166,
59a6a80ce913c1ee51e35c213b85ca13bb78380df68a73fa1ceb164b84c647a6,2017-18,3,Brent,9,Larry Nance Jr.,larrynancejr,opening,11,2,1,auction,Larry Nance Jr. ,A169,B169,C169,
59a6a80ce913c1ee51e35c213b85ca13bb78380df68a73fa1ceb164b84c647a6,2017-18,3,Jason,8,Jabari Parker,jabariparker,opening,5,2,1,auction,Jabari Parker,A161,B161,C161,
59a6a80ce913c1ee51e35c213b85ca13bb78380df68a73fa1ceb164b84c647a6,2017-18,3,Jason,8,Kris Dunn,krisdunn,opening,10,2,1,auction,Kris Dunn,A166,B166,C166,
59a6a80ce913c1ee51e35c213b85ca13bb78380df68a73fa1ceb164b84c647a6,2017-18,3,Jason,8,Andre Roberson,andreroberson,opening,13,2,1,auction,Andre Roberson,A169,B169,C169,
59a6a80ce913c1ee51e35c213b85ca13bb78380df68a73fa1ceb164b84c647a6,2017-18,3,Benji,5,Trevor Booker,trevorbooker,opening,15,2,1,auction,Trevor Booker,A168,B168,C168,
59a6a80ce913c1ee51e35c213b85ca13bb78380df68a73fa1ceb164b84c647a6,2017-18,3,Alvin,4,Bismack Biyombo,bismackbiyombo,opening,8,1,1,auction,Bismack Biyombo,A166,B166,C166,
59a6a80ce913c1ee51e35c213b85ca13bb78380df68a73fa1ceb164b84c647a6,2017-18,3,Alvin,4,Cody Zeller,codyzeller,opening,9,1,1,auction,Cody Zeller,A167,B167,C167,
59a6a80ce913c1ee51e35c213b85ca13bb78380df68a73fa1ceb164b84c647a6,2017-18,3,Alvin,4,Denzel Valentine,denzelvalentine,opening,12,1,1,auction,Denzel Valentine,A170,B170,C170,
59a6a80ce913c1ee51e35c213b85ca13bb78380df68a73fa1ceb164b84c647a6,2017-18,3,Peter,10,Patty Mills,pattymills,opening,8,1,1,auction,Patty Mills,A165,B165,C165,
59a6a80ce913c1ee51e35c213b85ca13bb78380df68a73fa1ceb164b84c647a6,2017-18,3,Peter,10,Kyle O'Quinn,kyleoquinn,opening,9,1,1,auction,Kyle O'Quinn,A166,B166,C166,
59a6a80ce913c1ee51e35c213b85ca13bb78380df68a73fa1ceb164b84c647a6,2017-18,3,Peter,10,Jon Leuer,jonleuer,opening,10,1,1,auction,Jon Leuer,A167,B167,C167,
59a6a80ce913c1ee51e35c213b85ca13bb78380df68a73fa1ceb164b84c647a6,2017-18,3,Peter,10,Lucas Nogueira,lucasnogueira,opening,11,1,1,auction,Lucas Nogueira,A168,B168,C168,
59a6a80ce913c1ee51e35c213b85ca13bb78380df68a73fa1ceb164b84c647a6,2017-18,3,Peter,10,Dwight Powell,dwightpowell,opening,13,1,1,auction,Dwight Powell,A170,B170,C170,
59a6a80ce913c1ee51e35c213b85ca13bb78380df68a73fa1ceb164b84c647a6,2017-18,3,Peter,10,Timofey Mozgov,timofeymozgov,opening,14,1,1,auction,Timofey Mozgov,A171,B171,C171,
59a6a80ce913c1ee51e35c213b85ca13bb78380df68a73fa1ceb164b84c647a6,2017-18,3,Peter,10,Tony Snell,tonysnell,opening,15,1,1,auction,Tony Snell,A172,B172,C172,
59a6a80ce913c1ee51e35c213b85ca13bb78380df68a73fa1ceb164b84c647a6,2017-18,3,Kerry,13,Tony Parker,tonyparker,opening,11,1,1,auction,Tony Parker,A166,B166,C166,
59a6a80ce913c1ee51e35c213b85ca13bb78380df68a73fa1ceb164b84c647a6,2017-18,3,Kerry,13,Courtney Lee,courtneylee,opening,15,1,1,auction,Courtney Lee,A170,B170,C170,
59a6a80ce913c1ee51e35c213b85ca13bb78380df68a73fa1ceb164b84c647a6,2017-18,3,Darren,6,John Henson,johnhenson,opening,8,1,1,auction,John Henson,A166,B166,C166,
59a6a80ce913c1ee51e35c213b85ca13bb78380df68a73fa1ceb164b84c647a6,2017-18,3,Darren,6,Jordan Bell,jordanbell,opening,9,1,1,auction,Jordan Bell,A167,B167,C167,
59a6a80ce913c1ee51e35c213b85ca13bb78380df68a73fa1ceb164b84c647a6,2017-18,3,Darren,6,Justin Jackson,justinjackson,opening,10,1,1,auction,Justin Jackson,A168,B168,C168,
59a6a80ce913c1ee51e35c213b85ca13bb78380df68a73fa1ceb164b84c647a6,2017-18,3,Darren,6,Cheick Diallo,cheickdiallo,opening,11,1,1,auction,Cheick Diallo,A169,B169,C169,
59a6a80ce913c1ee51e35c213b85ca13bb78380df68a73fa1ceb164b84c647a6,2017-18,3,Darren,6,Paul Zipser,paulzipser,opening,12,1,1,auction,Paul Zipser,A170,B170,C170,
59a6a80ce913c1ee51e35c213b85ca13bb78380df68a73fa1ceb164b84c647a6,2017-18,3,Darren,6,Delon Wright,delonwright,opening,13,1,1,auction,Delon Wright,A171,B171,C171,
59a6a80ce913c1ee51e35c213b85ca13bb78380df68a73fa1ceb164b84c647a6,2017-18,3,Darren,6,Joe Johnson,joejohnson,opening,14,1,1,auction,Joe Johnson,A172,B172,C172,
59a6a80ce913c1ee51e35c213b85ca13bb78380df68a73fa1ceb164b84c647a6,2017-18,3,Darren,6,JaVale McGee,javalemcgee,opening,15,1,1,auction,JaVAle McGee,A173,B173,C173,
59a6a80ce913c1ee51e35c213b85ca13bb78380df68a73fa1ceb164b84c647a6,2017-18,3,Arthur,12,Alec Burks,alecburks,opening,9,1,1,auction,Alec Burks,A167,B167,C167,
59a6a80ce913c1ee51e35c213b85ca13bb78380df68a73fa1ceb164b84c647a6,2017-18,3,Arthur,12,Danny Green,dannygreen,opening,10,1,1,auction,Danny Green,A168,B168,C168,
59a6a80ce913c1ee51e35c213b85ca13bb78380df68a73fa1ceb164b84c647a6,2017-18,3,Arthur,12,Kyle Korver,kylekorver,opening,14,1,1,auction,Kyle Korver,A172,B172,C172,
59a6a80ce913c1ee51e35c213b85ca13bb78380df68a73fa1ceb164b84c647a6,2017-18,3,Arthur,12,Caris LeVert,carislevert,opening,15,1,1,auction,Caris LeVert,A173,B173,C173,
59a6a80ce913c1ee51e35c213b85ca13bb78380df68a73fa1ceb164b84c647a6,2017-18,3,Brent,9,Tyreke Evans,tyrekeevans,opening,6,1,1,auction,Tyreke Evans,A164,B164,C164,
59a6a80ce913c1ee51e35c213b85ca13bb78380df68a73fa1ceb164b84c647a6,2017-18,3,Brent,9,Mason Plumlee,masonplumlee,opening,9,1,1,auction,Mason Plumlee,A167,B167,C167,
59a6a80ce913c1ee51e35c213b85ca13bb78380df68a73fa1ceb164b84c647a6,2017-18,3,Brent,9,Sean Kilpatrick,seankilpatrick,opening,12,1,1,auction,Sean Kilpatrick,A170,B170,C170,
59a6a80ce913c1ee51e35c213b85ca13bb78380df68a73fa1ceb164b84c647a6,2017-18,3,Brent,9,Dejounte Murray,dejountemurray,opening,13,1,1,auction,Dejounte Murray,A171,B171,C171,
59a6a80ce913c1ee51e35c213b85ca13bb78380df68a73fa1ceb164b84c647a6,2017-18,3,Brent,9,Zach Collins,zachcollins,opening,14,1,1,auction,Zach Collins,A172,B172,C172,
59a6a80ce913c1ee51e35c213b85ca13bb78380df68a73fa1ceb164b84c647a6,2017-18,3,Brent,9,Caleb Swanigan,calebswanigan,opening,15,1,1,auction,Caleb Swanigan,A173,B173,C173,
59a6a80ce913c1ee51e35c213b85ca13bb78380df68a73fa1ceb164b84c647a6,2017-18,3,Mark,3,Al-Farouq Aminu,alfarouqaminu,opening,7,1,1,auction,Al-Farouq Aminu,A164,B164,C164,
59a6a80ce913c1ee51e35c213b85ca13bb78380df68a73fa1ceb164b84c647a6,2017-18,3,Mark,3,Richaun Holmes,richaunholmes,opening,8,1,1,auction,Richaun Holmes,A165,B165,C165,
59a6a80ce913c1ee51e35c213b85ca13bb78380df68a73fa1ceb164b84c647a6,2017-18,3,Mark,3,Monta Ellis,montaellis,opening,9,1,1,auction,Monta Ellis,A166,B166,C166,
59a6a80ce913c1ee51e35c213b85ca13bb78380df68a73fa1ceb164b84c647a6,2017-18,3,Mark,3,Emmanuel Mudiay,emmanuelmudiay,opening,10,1,1,auction,Emmanuel Mudiay,A167,B167,C167,
59a6a80ce913c1ee51e35c213b85ca13bb78380df68a73fa1ceb164b84c647a6,2017-18,3,Mark,3,Deron Williams,deronwilliams,opening,11,1,1,auction,Deron Williams,A168,B168,C168,
59a6a80ce913c1ee51e35c213b85ca13bb78380df68a73fa1ceb164b84c647a6,2017-18,3,Mark,3,Matthew Dellavedova,matthewdellavedova,opening,12,1,1,auction,Matthew Dellavedova,A169,B169,C169,
59a6a80ce913c1ee51e35c213b85ca13bb78380df68a73fa1ceb164b84c647a6,2017-18,3,Mark,3,JR Smith,jrsmith,opening,13,1,1,auction,JR Smith,A170,B170,C170,
59a6a80ce913c1ee51e35c213b85ca13bb78380df68a73fa1ceb164b84c647a6,2017-18,3,Mark,3,Patrick Patterson,patrickpatterson,opening,14,1,1,auction,Patrick Patterson,A171,B171,C171,
59a6a80ce913c1ee51e35c213b85ca13bb78380df68a73fa1ceb164b84c647a6,2017-18,3,Mark,3,Jake Layman,jakelayman,opening,15,1,1,auction,Jake Layman,A172,B172,C172,
59a6a80ce913c1ee51e35c213b85ca13bb78380df68a73fa1ceb164b84c647a6,2017-18,3,Jason,8,Andre Iguodala,andreiguodala,opening,15,1,1,auction,Andre Iguodala,A171,B171,C171,
59a6a80ce913c1ee51e35c213b85ca13bb78380df68a73fa1ceb164b84c647a6,2016-17,2,Max,11,James Harden,jamesharden,opening,3,67,1,auction,James Harden,A180,B180,C180,
59a6a80ce913c1ee51e35c213b85ca13bb78380df68a73fa1ceb164b84c647a6,2016-17,2,Max,11,Anthony Davis,anthonydavis,opening,4,55,1,auction,Anthony Davis,A181,B181,C181,
59a6a80ce913c1ee51e35c213b85ca13bb78380df68a73fa1ceb164b84c647a6,2016-17,2,Brent,8,Damian Lillard,damianlillard,opening,3,46,1,auction,Damian Lillard,A179,B179,C179,
59a6a80ce913c1ee51e35c213b85ca13bb78380df68a73fa1ceb164b84c647a6,2016-17,2,Mark,10,DeMarcus Cousins,demarcuscousins,opening,3,46,1,auction,DeMarcus Cousins,A181,B181,C181,
59a6a80ce913c1ee51e35c213b85ca13bb78380df68a73fa1ceb164b84c647a6,2016-17,2,Darren,4,Al Horford,alhorford,opening,3,42,1,auction,Al Horford,A180,B180,C180,
59a6a80ce913c1ee51e35c213b85ca13bb78380df68a73fa1ceb164b84c647a6,2016-17,2,Kerry,2,John Wall,johnwall,opening,3,39,1,auction,John Wall,A177,B177,C177,
59a6a80ce913c1ee51e35c213b85ca13bb78380df68a73fa1ceb164b84c647a6,2016-17,2,Darren,4,LaMarcus Aldridge,lamarcusaldridge,opening,4,39,1,auction,LaMarcus Aldridge,A181,B181,C181,
59a6a80ce913c1ee51e35c213b85ca13bb78380df68a73fa1ceb164b84c647a6,2016-17,2,Alvin,1,Kyle Lowry,kylelowry,opening,3,38,1,auction,Kyle Lowry,A180,B180,C180,
59a6a80ce913c1ee51e35c213b85ca13bb78380df68a73fa1ceb164b84c647a6,2016-17,2,Peter,3,Klay Thompson,klaythompson,opening,4,35,1,auction,Klay Thompson,A181,B181,C181,
59a6a80ce913c1ee51e35c213b85ca13bb78380df68a73fa1ceb164b84c647a6,2016-17,2,Ian,14,Serge Ibaka,sergeibaka,opening,3,32,1,auction,Serge Ibaka ,A181,B181,C181,
59a6a80ce913c1ee51e35c213b85ca13bb78380df68a73fa1ceb164b84c647a6,2016-17,2,Jason,15,Nikola Jokic,nikolajokic,opening,4,30,1,auction,Nikola Jokic,A181,B181,C181,
59a6a80ce913c1ee51e35c213b85ca13bb78380df68a73fa1ceb164b84c647a6,2016-17,2,Graham,9,Carmelo Anthony,carmeloanthony,opening,5,29,1,auction,Carmelo Anthony,A180,B180,C180,
59a6a80ce913c1ee51e35c213b85ca13bb78380df68a73fa1ceb164b84c647a6,2016-17,2,Peter,3,Eric Bledsoe,ericbledsoe,opening,6,28,1,auction,Eric Bledsoe,A183,B183,C183,
59a6a80ce913c1ee51e35c213b85ca13bb78380df68a73fa1ceb164b84c647a6,2016-17,2,Graham,9,Derrick Favors,derrickfavors,opening,6,27,1,auction,Derrick Favors,A181,B181,C181,
59a6a80ce913c1ee51e35c213b85ca13bb78380df68a73fa1ceb164b84c647a6,2016-17,2,Peter,3,Mike Conley,mikeconley,opening,3,27,1,auction,Mike Conley,A180,B180,C180,
59a6a80ce913c1ee51e35c213b85ca13bb78380df68a73fa1ceb164b84c647a6,2016-17,2,Jason,15,Kevin Love,kevinlove,opening,6,26,1,auction,Kevin Love,A183,B183,C183,
59a6a80ce913c1ee51e35c213b85ca13bb78380df68a73fa1ceb164b84c647a6,2016-17,2,Kerry,2,Rudy Gobert,rudygobert,opening,4,25,1,auction,Rudy Gobert,A178,B178,C178,
59a6a80ce913c1ee51e35c213b85ca13bb78380df68a73fa1ceb164b84c647a6,2016-17,2,Peter,3,Marc Gasol,marcgasol,opening,7,23,1,auction,Marc Gasol,A184,B184,C184,
59a6a80ce913c1ee51e35c213b85ca13bb78380df68a73fa1ceb164b84c647a6,2016-17,2,Arthur,11,Jonas Valanciunas,jonasvalanciunas,opening,3,23,1,auction,Jonas Valanciunas,A181,B181,C181,
59a6a80ce913c1ee51e35c213b85ca13bb78380df68a73fa1ceb164b84c647a6,2016-17,2,Ian,14,Terrence Jones,terrencejones,opening,10,23,1,auction,Terrence Jones,A188,B188,C188,
59a6a80ce913c1ee51e35c213b85ca13bb78380df68a73fa1ceb164b84c647a6,2016-17,2,Alvin,1,Myles Turner,mylesturner,opening,5,22,1,auction,Myles Turner,A182,B182,C182,
59a6a80ce913c1ee51e35c213b85ca13bb78380df68a73fa1ceb164b84c647a6,2016-17,2,Graham,9,Ricky Rubio,rickyrubio,opening,8,21,1,auction,Ricky Rubio,A183,B183,C183,
59a6a80ce913c1ee51e35c213b85ca13bb78380df68a73fa1ceb164b84c647a6,2016-17,2,Jason,15,Enes Kanter,eneskanter,opening,10,21,1,auction,Enes Kanter,A187,B187,C187,
59a6a80ce913c1ee51e35c213b85ca13bb78380df68a73fa1ceb164b84c647a6,2016-17,2,Darren,4,Gorgui Dieng,gorguidieng,opening,6,20,1,auction,Gorgui Dieng,A183,B183,C183,
59a6a80ce913c1ee51e35c213b85ca13bb78380df68a73fa1ceb164b84c647a6,2016-17,2,Darren,4,Evan Fournier,evanfournier,opening,9,20,1,auction,Evan Fournier,A186,B186,C186,
59a6a80ce913c1ee51e35c213b85ca13bb78380df68a73fa1ceb164b84c647a6,2016-17,2,Ron,6,Elfrid Payton,elfridpayton,opening,15,20,1,auction,Elfrid Payton,A194,B194,C194,
59a6a80ce913c1ee51e35c213b85ca13bb78380df68a73fa1ceb164b84c647a6,2016-17,2,Graham,9,Dirk Nowitzki,dirknowitzki,opening,4,19,1,auction,Dirk Nowitzki,A179,B179,C179,
59a6a80ce913c1ee51e35c213b85ca13bb78380df68a73fa1ceb164b84c647a6,2016-17,2,Ian,14,Jeremy Lin,jeremylin,opening,6,19,1,auction,Jeremy Lin,A184,B184,C184,
59a6a80ce913c1ee51e35c213b85ca13bb78380df68a73fa1ceb164b84c647a6,2016-17,2,Mark,10,Khris Middleton,khrismiddleton,opening,5,19,1,auction,Khris Middleton,A183,B183,C183,
59a6a80ce913c1ee51e35c213b85ca13bb78380df68a73fa1ceb164b84c647a6,2016-17,2,Graham,9,Trevor Ariza,trevorariza,opening,3,18,1,auction,Trevor Ariza,A178,B178,C178,
59a6a80ce913c1ee51e35c213b85ca13bb78380df68a73fa1ceb164b84c647a6,2016-17,2,Darren,4,Jeff Teague,jeffteague,opening,5,18,1,auction,Jeff Teague,A182,B182,C182,
59a6a80ce913c1ee51e35c213b85ca13bb78380df68a73fa1ceb164b84c647a6,2016-17,2,Alvin,1,Ryan Anderson,ryananderson,opening,4,17,1,auction,Ryan Anderson,A181,B181,C181,
59a6a80ce913c1ee51e35c213b85ca13bb78380df68a73fa1ceb164b84c647a6,2016-17,2,Ron,6,Jusuf Nurkic,jusufnurkic,opening,11,17,1,auction,Jusuf Nurkic,A190,B190,C190,
59a6a80ce913c1ee51e35c213b85ca13bb78380df68a73fa1ceb164b84c647a6,2016-17,2,Jason,15,Gordon Hayward,gordonhayward,opening,3,17,1,auction,Gordon Hayward,A180,B180,C180,
59a6a80ce913c1ee51e35c213b85ca13bb78380df68a73fa1ceb164b84c647a6,2016-17,2,Peter,3,Robin Lopez,robinlopez,opening,8,16,1,auction,Robin Lopez,A185,B185,C185,
59a6a80ce913c1ee51e35c213b85ca13bb78380df68a73fa1ceb164b84c647a6,2016-17,2,Arthur,11,Joel Embiid,joelembiid,opening,7,16,1,auction,Joel Embiid,A185,B185,C185,
59a6a80ce913c1ee51e35c213b85ca13bb78380df68a73fa1ceb164b84c647a6,2016-17,2,Ron,6,Nicolas Batum,nicolasbatum,opening,5,16,1,auction,Nicolas Batum,A184,B184,C184,
59a6a80ce913c1ee51e35c213b85ca13bb78380df68a73fa1ceb164b84c647a6,2016-17,2,Ian,14,Brandon Knight,brandonknight,opening,5,16,1,auction,Brandon Knight,A183,B183,C183,
59a6a80ce913c1ee51e35c213b85ca13bb78380df68a73fa1ceb164b84c647a6,2016-17,2,Ian,14,Julius Randle,juliusrandle,opening,9,16,1,auction,Julius Randle,A187,B187,C187,
59a6a80ce913c1ee51e35c213b85ca13bb78380df68a73fa1ceb164b84c647a6,2016-17,2,Ron,6,D'Angelo Russell,dangelorussell,opening,3,15,1,auction,D'Angelo Russell,A182,B182,C182,
59a6a80ce913c1ee51e35c213b85ca13bb78380df68a73fa1ceb164b84c647a6,2016-17,2,Isaac,12,Devin Booker,devinbooker,opening,3,15,1,auction,Devin Booker,A181,B181,C181,
59a6a80ce913c1ee51e35c213b85ca13bb78380df68a73fa1ceb164b84c647a6,2016-17,2,Isaac,12,Dennis Schroder,dennisschroder,opening,6,15,1,auction,Dennis Schroder,A184,B184,C184,
59a6a80ce913c1ee51e35c213b85ca13bb78380df68a73fa1ceb164b84c647a6,2016-17,2,Joe,13,Jae Crowder,jaecrowder,opening,6,15,1,auction,Jae Crowder,A177,B177,C177,
59a6a80ce913c1ee51e35c213b85ca13bb78380df68a73fa1ceb164b84c647a6,2016-17,2,Darren,4,JJ Redick,jjredick,opening,8,14,1,auction,J.J. Redick,A185,B185,C185,
59a6a80ce913c1ee51e35c213b85ca13bb78380df68a73fa1ceb164b84c647a6,2016-17,2,Ron,6,Kent Bazemore,kentbazemore,opening,13,14,1,auction,Kent Bazemore,A192,B192,C192,
59a6a80ce913c1ee51e35c213b85ca13bb78380df68a73fa1ceb164b84c647a6,2016-17,2,Joe,13,DeAndre Jordan,deandrejordan,opening,4,14,1,auction,DeAndre Jordan,A175,B175,C175,
59a6a80ce913c1ee51e35c213b85ca13bb78380df68a73fa1ceb164b84c647a6,2016-17,2,Ian,14,Jordan Clarkson,jordanclarkson,opening,4,14,1,auction,Jordan Clarkson,A182,B182,C182,
59a6a80ce913c1ee51e35c213b85ca13bb78380df68a73fa1ceb164b84c647a6,2016-17,2,Benji,7,Zach LaVine,zachlavine,opening,5,14,1,auction,Zach LaVine,A177,B177,C177,
59a6a80ce913c1ee51e35c213b85ca13bb78380df68a73fa1ceb164b84c647a6,2016-17,2,Peter,3,Rajon Rondo,rajonrondo,opening,5,13,1,auction,Rajon Rondo,A182,B182,C182,
59a6a80ce913c1ee51e35c213b85ca13bb78380df68a73fa1ceb164b84c647a6,2016-17,2,Kerry,2,Marcin Gortat,marcingortat,opening,5,13,1,auction,Marcin Gortat,A179,B179,C179,
59a6a80ce913c1ee51e35c213b85ca13bb78380df68a73fa1ceb164b84c647a6,2016-17,2,Arthur,11,Aaron Gordon,aarongordon,opening,6,13,1,auction,Aaron Gordon,A184,B184,C184,
59a6a80ce913c1ee51e35c213b85ca13bb78380df68a73fa1ceb164b84c647a6,2016-17,2,Ron,6,Steven Adams,stevenadams,opening,6,13,1,auction,Steven Adams,A185,B185,C185,
59a6a80ce913c1ee51e35c213b85ca13bb78380df68a73fa1ceb164b84c647a6,2016-17,2,Ron,6,Harrison Barnes,harrisonbarnes,opening,9,13,1,auction,Harrison Barnes,A188,B188,C188,
59a6a80ce913c1ee51e35c213b85ca13bb78380df68a73fa1ceb164b84c647a6,2016-17,2,Brent,8,Greg Monroe,gregmonroe,opening,6,13,1,auction,Greg Monroe,A182,B182,C182,
59a6a80ce913c1ee51e35c213b85ca13bb78380df68a73fa1ceb164b84c647a6,2016-17,2,Brent,8,Bradley Beal,bradleybeal,opening,7,13,1,auction,Bradley Beal,A183,B183,C183,
59a6a80ce913c1ee51e35c213b85ca13bb78380df68a73fa1ceb164b84c647a6,2016-17,2,Isaac,12,Danilo Gallinari,danilogallinari,opening,4,13,1,auction,Danilo Gallinari,A182,B182,C182,
59a6a80ce913c1ee51e35c213b85ca13bb78380df68a73fa1ceb164b84c647a6,2016-17,2,Isaac,12,Dwyane Wade,dwyanewade,opening,5,13,1,auction,Dwyane Wade,A183,B183,C183,
59a6a80ce913c1ee51e35c213b85ca13bb78380df68a73fa1ceb164b84c647a6,2016-17,2,Mark,10,Matthew Dellavedova,matthewdellavedova,opening,15,13,1,auction,Matthew Dellavedova,A193,B193,C193,
59a6a80ce913c1ee51e35c213b85ca13bb78380df68a73fa1ceb164b84c647a6,2016-17,2,Arthur,11,Rudy Gay,rudygay,opening,4,12,1,auction,Rudy Gay,A182,B182,C182,
59a6a80ce913c1ee51e35c213b85ca13bb78380df68a73fa1ceb164b84c647a6,2016-17,2,Arthur,11,George Hill,georgehill,opening,5,12,1,auction,George Hill,A183,B183,C183,
59a6a80ce913c1ee51e35c213b85ca13bb78380df68a73fa1ceb164b84c647a6,2016-17,2,Brent,8,Chandler Parsons,chandlerparsons,opening,4,12,1,auction,Chandler Parsons,A180,B180,C180,
59a6a80ce913c1ee51e35c213b85ca13bb78380df68a73fa1ceb164b84c647a6,2016-17,2,Joe,13,Otto Porter Jr,ottoporterjr,opening,8,11,1,auction,Otto Porter,A179,B179,C179,
59a6a80ce913c1ee51e35c213b85ca13bb78380df68a73fa1ceb164b84c647a6,2016-17,2,Mark,10,Reggie Jackson,reggiejackson,opening,4,11,1,auction,Reggie Jackson,A182,B182,C182,
59a6a80ce913c1ee51e35c213b85ca13bb78380df68a73fa1ceb164b84c647a6,2016-17,2,Kerry,2,Thaddeus Young,thaddeusyoung,opening,6,10,1,auction,Thaddeus Young,A180,B180,C180,
59a6a80ce913c1ee51e35c213b85ca13bb78380df68a73fa1ceb164b84c647a6,2016-17,2,Darren,4,Darren Collison,darrencollison,opening,7,10,1,auction,Darren Collison,A184,B184,C184,
59a6a80ce913c1ee51e35c213b85ca13bb78380df68a73fa1ceb164b84c647a6,2016-17,2,Ron,6,Monta Ellis,montaellis,opening,7,10,1,auction,Monta Ellis,A186,B186,C186,
59a6a80ce913c1ee51e35c213b85ca13bb78380df68a73fa1ceb164b84c647a6,2016-17,2,Ron,6,Eric Gordon,ericgordon,opening,10,10,1,auction,Eric Gordon,A189,B189,C189,
59a6a80ce913c1ee51e35c213b85ca13bb78380df68a73fa1ceb164b84c647a6,2016-17,2,Joe,13,Nerlens Noel,nerlensnoel,opening,3,10,1,auction,Nerlens Noel,A174,B174,C174,
59a6a80ce913c1ee51e35c213b85ca13bb78380df68a73fa1ceb164b84c647a6,2016-17,2,Joe,13,Nikola Mirotic,nikolamirotic,opening,10,10,1,auction,Nikola Mirotic,A181,B181,C181,
59a6a80ce913c1ee51e35c213b85ca13bb78380df68a73fa1ceb164b84c647a6,2016-17,2,Graham,9,Avery Bradley,averybradley,opening,9,9,1,auction,Avery Bradley,A184,B184,C184,
59a6a80ce913c1ee51e35c213b85ca13bb78380df68a73fa1ceb164b84c647a6,2016-17,2,Brent,8,Brandon Ingram,brandoningram,opening,10,9,1,auction,Brandon Ingram,A186,B186,C186,
59a6a80ce913c1ee51e35c213b85ca13bb78380df68a73fa1ceb164b84c647a6,2016-17,2,Isaac,12,Clint Capela,clintcapela,opening,7,9,1,auction,Clint Capela,A185,B185,C185,
59a6a80ce913c1ee51e35c213b85ca13bb78380df68a73fa1ceb164b84c647a6,2016-17,2,Jason,15,Will Barton,willbarton,opening,12,9,1,auction,Will Barton,A189,B189,C189,
59a6a80ce913c1ee51e35c213b85ca13bb78380df68a73fa1ceb164b84c647a6,2016-17,2,Graham,9,Danny Green,dannygreen,opening,7,8,1,auction,Danny Green,A182,B182,C182,
59a6a80ce913c1ee51e35c213b85ca13bb78380df68a73fa1ceb164b84c647a6,2016-17,2,Alvin,1,Gary Harris,garyharris,opening,8,8,1,auction,Gary Harris,A185,B185,C185,
59a6a80ce913c1ee51e35c213b85ca13bb78380df68a73fa1ceb164b84c647a6,2016-17,2,Arthur,11,Wesley Matthews,wesleymatthews,opening,8,8,1,auction,Wesley Matthews,A186,B186,C186,
59a6a80ce913c1ee51e35c213b85ca13bb78380df68a73fa1ceb164b84c647a6,2016-17,2,Ron,6,Mason Plumlee,masonplumlee,opening,12,8,1,auction,Mason Plumlee,A191,B191,C191,
59a6a80ce913c1ee51e35c213b85ca13bb78380df68a73fa1ceb164b84c647a6,2016-17,2,Max,11,Jahlil Okafor,jahlilokafor,opening,7,8,1,auction,Jahlil Okafor,A184,B184,C184,
59a6a80ce913c1ee51e35c213b85ca13bb78380df68a73fa1ceb164b84c647a6,2016-17,2,Joe,13,Kenneth Faried,kennethfaried,opening,12,8,1,auction,Kenneth Faried,A183,B183,C183,
59a6a80ce913c1ee51e35c213b85ca13bb78380df68a73fa1ceb164b84c647a6,2016-17,2,Ian,14,Kentavious Caldwell-Pope,kentaviouscaldwellpope,opening,8,8,1,auction,Kentavious Caldwell-Pope,A186,B186,C186,
59a6a80ce913c1ee51e35c213b85ca13bb78380df68a73fa1ceb164b84c647a6,2016-17,2,Benji,7,Rondae Hollis-Jefferson,rondaehollisjefferson,opening,6,8,1,auction,Rondae Hollis-Jefferson,A178,B178,C178,
59a6a80ce913c1ee51e35c213b85ca13bb78380df68a73fa1ceb164b84c647a6,2016-17,2,Alvin,1,Emmanuel Mudiay,emmanuelmudiay,opening,6,7,1,auction,Emmanuel Mudiay,A183,B183,C183,
59a6a80ce913c1ee51e35c213b85ca13bb78380df68a73fa1ceb164b84c647a6,2016-17,2,Kerry,2,Kris Dunn,krisdunn,opening,7,7,1,auction,Kris Dunn,A181,B181,C181,
59a6a80ce913c1ee51e35c213b85ca13bb78380df68a73fa1ceb164b84c647a6,2016-17,2,Kerry,2,Bojan Bogdanovic,bojanbogdanovic,opening,11,7,1,auction,Bojan Bogdanovic,A185,B185,C185,
59a6a80ce913c1ee51e35c213b85ca13bb78380df68a73fa1ceb164b84c647a6,2016-17,2,Ron,6,DeMarre Carroll,demarrecarroll,opening,8,7,1,auction,DeMarre Carroll,A187,B187,C187,
59a6a80ce913c1ee51e35c213b85ca13bb78380df68a73fa1ceb164b84c647a6,2016-17,2,Ron,6,Markieff Morris,markieffmorris,opening,14,7,1,auction,Markieff Morris,A193,B193,C193,
59a6a80ce913c1ee51e35c213b85ca13bb78380df68a73fa1ceb164b84c647a6,2016-17,2,Max,11,Zach Randolph,zachrandolph,opening,8,7,1,auction,Zach Randolph,A185,B185,C185,
59a6a80ce913c1ee51e35c213b85ca13bb78380df68a73fa1ceb164b84c647a6,2016-17,2,Max,11,Kyle Korver,kylekorver,opening,9,7,1,auction,Kyle Korver,A186,B186,C186,
59a6a80ce913c1ee51e35c213b85ca13bb78380df68a73fa1ceb164b84c647a6,2016-17,2,Mark,10,Jamal Crawford,jamalcrawford,opening,12,7,1,auction,Jamal Crawford,A190,B190,C190,
59a6a80ce913c1ee51e35c213b85ca13bb78380df68a73fa1ceb164b84c647a6,2016-17,2,Jason,15,Ben Simmons,bensimmons,opening,7,7,1,auction,Ben Simmons,A184,B184,C184,
59a6a80ce913c1ee51e35c213b85ca13bb78380df68a73fa1ceb164b84c647a6,2016-17,2,Jason,15,Jrue Holiday,jrueholiday,opening,8,7,1,auction,Jrue Holiday,A185,B185,C185,
59a6a80ce913c1ee51e35c213b85ca13bb78380df68a73fa1ceb164b84c647a6,2016-17,2,Benji,7,Tristan Thompson,tristanthompson,opening,7,7,1,auction,Tristan Thompson,A179,B179,C179,
59a6a80ce913c1ee51e35c213b85ca13bb78380df68a73fa1ceb164b84c647a6,2016-17,2,Graham,9,Evan Turner,evanturner,opening,11,6,1,auction,Evan Turner,A186,B186,C186,
59a6a80ce913c1ee51e35c213b85ca13bb78380df68a73fa1ceb164b84c647a6,2016-17,2,Kerry,2,Al-Farouq Aminu,alfarouqaminu,opening,9,6,1,auction,Al-Farouq Aminu,A183,B183,C183,
59a6a80ce913c1ee51e35c213b85ca13bb78380df68a73fa1ceb164b84c647a6,2016-17,2,Darren,4,Tony Parker,tonyparker,opening,10,6,1,auction,Tony Parker,A187,B187,C187,
59a6a80ce913c1ee51e35c213b85ca13bb78380df68a73fa1ceb164b84c647a6,2016-17,2,Brent,8,Marvin Williams,marvinwilliams,opening,8,6,1,auction,Marvin Williams,A184,B184,C184,
59a6a80ce913c1ee51e35c213b85ca13bb78380df68a73fa1ceb164b84c647a6,2016-17,2,Max,11,Deron Williams,deronwilliams,opening,10,6,1,auction,Deron Williams,A187,B187,C187,
59a6a80ce913c1ee51e35c213b85ca13bb78380df68a73fa1ceb164b84c647a6,2016-17,2,Isaac,12,Alex Len,alexlen,opening,9,6,1,auction,Alex Len,A187,B187,C187,
59a6a80ce913c1ee51e35c213b85ca13bb78380df68a73fa1ceb164b84c647a6,2016-17,2,Joe,13,Robert Covington,robertcovington,opening,11,6,1,auction,Robert Covington,A182,B182,C182,
59a6a80ce913c1ee51e35c213b85ca13bb78380df68a73fa1ceb164b84c647a6,2016-17,2,Mark,10,Rodney Hood,rodneyhood,opening,7,6,1,auction,Rodney Hood,A185,B185,C185,
59a6a80ce913c1ee51e35c213b85ca13bb78380df68a73fa1ceb164b84c647a6,2016-17,2,Jason,15,Patrick Beverley,patrickbeverley,opening,9,6,1,auction,Patrick Beverley,A186,B186,C186,
59a6a80ce913c1ee51e35c213b85ca13bb78380df68a73fa1ceb164b84c647a6,2016-17,2,Jason,15,Tyler Johnson,tylerjohnson,opening,15,6,1,auction,Tyler Johnson,A192,B192,C192,
59a6a80ce913c1ee51e35c213b85ca13bb78380df68a73fa1ceb164b84c647a6,2016-17,2,Benji,7,Dario Saric,dariosaric,opening,4,6,1,auction,Dario Saric,A176,B176,C176,
59a6a80ce913c1ee51e35c213b85ca13bb78380df68a73fa1ceb164b84c647a6,2016-17,2,Alvin,1,Joakim Noah,joakimnoah,opening,9,5,1,auction,Joakim Noah,A186,B186,C186,
59a6a80ce913c1ee51e35c213b85ca13bb78380df68a73fa1ceb164b84c647a6,2016-17,2,Alvin,1,Jamal Murray,jamalmurray,opening,11,5,1,auction,Jamal Murray,A188,B188,C188,
59a6a80ce913c1ee51e35c213b85ca13bb78380df68a73fa1ceb164b84c647a6,2016-17,2,Kerry,2,Marcus Morris Sr,marcusmorrissr,opening,10,5,1,auction,Marcus Morris,A184,B184,C184,
59a6a80ce913c1ee51e35c213b85ca13bb78380df68a73fa1ceb164b84c647a6,2016-17,2,Arthur,11,Tim Frazier,timfrazier,opening,12,5,1,auction,Tim Frazier,A190,B190,C190,
59a6a80ce913c1ee51e35c213b85ca13bb78380df68a73fa1ceb164b84c647a6,2016-17,2,Max,11,Marquese Chriss,marquesechriss,opening,5,5,1,auction,Marquese Chriss,A182,B182,C182,
59a6a80ce913c1ee51e35c213b85ca13bb78380df68a73fa1ceb164b84c647a6,2016-17,2,Max,11,Andrew Bogut,andrewbogut,opening,6,5,1,auction,Andrew Bogut,A183,B183,C183,
59a6a80ce913c1ee51e35c213b85ca13bb78380df68a73fa1ceb164b84c647a6,2016-17,2,Ian,14,Bismack Biyombo,bismackbiyombo,opening,7,5,1,auction,Bismack Biyombo,A185,B185,C185,
59a6a80ce913c1ee51e35c213b85ca13bb78380df68a73fa1ceb164b84c647a6,2016-17,2,Graham,9,JR Smith,jrsmith,opening,10,4,1,auction,J.R. Smith,A185,B185,C185,
59a6a80ce913c1ee51e35c213b85ca13bb78380df68a73fa1ceb164b84c647a6,2016-17,2,Alvin,1,JaMychal Green,jamychalgreen,opening,7,4,1,auction,JaMychal Green,A184,B184,C184,
59a6a80ce913c1ee51e35c213b85ca13bb78380df68a73fa1ceb164b84c647a6,2016-17,2,Alvin,1,Buddy Hield,buddyhield,opening,10,4,1,auction,Buddy Hield,A187,B187,C187,
59a6a80ce913c1ee51e35c213b85ca13bb78380df68a73fa1ceb164b84c647a6,2016-17,2,Kerry,2,Justise Winslow,justisewinslow,opening,8,4,1,auction,Justice Winslow,A182,B182,C182,
59a6a80ce913c1ee51e35c213b85ca13bb78380df68a73fa1ceb164b84c647a6,2016-17,2,Arthur,11,Taj Gibson,tajgibson,opening,9,4,1,auction,Taj Gibson,A187,B187,C187,
59a6a80ce913c1ee51e35c213b85ca13bb78380df68a73fa1ceb164b84c647a6,2016-17,2,Max,11,Lou Williams,louwilliams,opening,11,4,1,auction,Lou Williams,A188,B188,C188,
59a6a80ce913c1ee51e35c213b85ca13bb78380df68a73fa1ceb164b84c647a6,2016-17,2,Max,11,Allen Crabbe,allencrabbe,opening,13,4,1,auction,Allen Crabbe,A190,B190,C190,
59a6a80ce913c1ee51e35c213b85ca13bb78380df68a73fa1ceb164b84c647a6,2016-17,2,Isaac,12,Al Jefferson,aljefferson,opening,8,4,1,auction,Al Jefferson,A186,B186,C186,
59a6a80ce913c1ee51e35c213b85ca13bb78380df68a73fa1ceb164b84c647a6,2016-17,2,Joe,13,Tyreke Evans,tyrekeevans,opening,7,4,1,auction,Tyreke Evans,A178,B178,C178,
59a6a80ce913c1ee51e35c213b85ca13bb78380df68a73fa1ceb164b84c647a6,2016-17,2,Joe,13,Marcus Smart,marcussmart,opening,9,4,1,auction,Marcus Smart,A180,B180,C180,
59a6a80ce913c1ee51e35c213b85ca13bb78380df68a73fa1ceb164b84c647a6,2016-17,2,Joe,13,Wilson Chandler,wilsonchandler,opening,15,4,1,auction,Wilson Chandler,A186,B186,C186,
59a6a80ce913c1ee51e35c213b85ca13bb78380df68a73fa1ceb164b84c647a6,2016-17,2,Ian,14,Josh Richardson,joshrichardson,opening,11,4,1,auction,Josh Richardson,A189,B189,C189,
59a6a80ce913c1ee51e35c213b85ca13bb78380df68a73fa1ceb164b84c647a6,2016-17,2,Ian,14,Seth Curry,sethcurry,opening,12,4,1,auction,Seth Curry,A190,B190,C190,
59a6a80ce913c1ee51e35c213b85ca13bb78380df68a73fa1ceb164b84c647a6,2016-17,2,Mark,10,Amir Johnson,amirjohnson,opening,14,4,1,auction,Amir Johnson,A192,B192,C192,
59a6a80ce913c1ee51e35c213b85ca13bb78380df68a73fa1ceb164b84c647a6,2016-17,2,Jason,15,Michael Carter-Williams,michaelcarterwilliams,opening,11,4,1,auction,Michael Carter-Williams,A188,B188,C188,
59a6a80ce913c1ee51e35c213b85ca13bb78380df68a73fa1ceb164b84c647a6,2016-17,2,Graham,9,Joe Johnson,joejohnson,opening,12,3,1,auction,Joe Johnson,A187,B187,C187,
59a6a80ce913c1ee51e35c213b85ca13bb78380df68a73fa1ceb164b84c647a6,2016-17,2,Darren,4,Michael Kidd-Gilchrist,michaelkiddgilchrist,opening,11,3,1,auction,Michael Kidd-Gilchrist,A188,B188,C188,
59a6a80ce913c1ee51e35c213b85ca13bb78380df68a73fa1ceb164b84c647a6,2016-17,2,Darren,4,Matt Barnes,mattbarnes,opening,12,3,1,auction,Matt Barnes,A189,B189,C189,
59a6a80ce913c1ee51e35c213b85ca13bb78380df68a73fa1ceb164b84c647a6,2016-17,2,Ron,6,Dwight Howard,dwighthoward,opening,4,3,1,auction,Dwight Howard,A183,B183,C183,
59a6a80ce913c1ee51e35c213b85ca13bb78380df68a73fa1ceb164b84c647a6,2016-17,2,Brent,8,Stanley Johnson,stanleyjohnson,opening,5,3,1,auction,Stanley Johnson,A181,B181,C181,
59a6a80ce913c1ee51e35c213b85ca13bb78380df68a73fa1ceb164b84c647a6,2016-17,2,Brent,8,Ish Smith,ishsmith,opening,11,3,1,auction,Ish Smith,A187,B187,C187,
59a6a80ce913c1ee51e35c213b85ca13bb78380df68a73fa1ceb164b84c647a6,2016-17,2,Max,11,Ersan Ilyasova,ersanilyasova,opening,15,3,1,auction,Ersan Ilyasova,A192,B192,C192,
59a6a80ce913c1ee51e35c213b85ca13bb78380df68a73fa1ceb164b84c647a6,2016-17,2,Joe,13,Chris Bosh,chrisbosh,opening,5,3,1,auction,Chris Bosh,A176,B176,C176,
59a6a80ce913c1ee51e35c213b85ca13bb78380df68a73fa1ceb164b84c647a6,2016-17,2,Joe,13,Luol Deng,luoldeng,opening,13,3,1,auction,Luol Deng,A184,B184,C184,
59a6a80ce913c1ee51e35c213b85ca13bb78380df68a73fa1ceb164b84c647a6,2016-17,2,Joe,13,Larry Nance Jr.,larrynancejr,opening,14,3,1,auction,Larry Nance Jr.,A185,B185,C185,
59a6a80ce913c1ee51e35c213b85ca13bb78380df68a73fa1ceb164b84c647a6,2016-17,2,Mark,10,Trey Lyles,treylyles,opening,8,3,1,auction,Trey Lyles,A186,B186,C186,
59a6a80ce913c1ee51e35c213b85ca13bb78380df68a73fa1ceb164b84c647a6,2016-17,2,Benji,7,Terry Rozier,terryrozier,opening,3,3,1,auction,Terry Rozier,A175,B175,C175,
59a6a80ce913c1ee51e35c213b85ca13bb78380df68a73fa1ceb164b84c647a6,2016-17,2,Alvin,1,Patrick Patterson,patrickpatterson,opening,15,2,1,auction,Patrick Patterson,A192,B192,C192,
59a6a80ce913c1ee51e35c213b85ca13bb78380df68a73fa1ceb164b84c647a6,2016-17,2,Arthur,11,Doug McDermott,dougmcdermott,opening,10,2,1,auction,Doug McDermott,A188,B188,C188,
59a6a80ce913c1ee51e35c213b85ca13bb78380df68a73fa1ceb164b84c647a6,2016-17,2,Arthur,11,TJ Warren,tjwarren,opening,13,2,1,auction,T.J. Warren,A191,B191,C191,
59a6a80ce913c1ee51e35c213b85ca13bb78380df68a73fa1ceb164b84c647a6,2016-17,2,Max,11,Bobby Portis,bobbyportis,opening,14,2,1,auction,Bobby Portis,A191,B191,C191,
59a6a80ce913c1ee51e35c213b85ca13bb78380df68a73fa1ceb164b84c647a6,2016-17,2,Isaac,12,Mirza Teletovic,mirzateletovic,opening,11,2,1,auction,Mirza Teletovic,A189,B189,C189,
59a6a80ce913c1ee51e35c213b85ca13bb78380df68a73fa1ceb164b84c647a6,2016-17,2,Isaac,12,Arron Afflalo,arronafflalo,opening,14,2,1,auction,Arron Afflalo,A192,B192,C192,
59a6a80ce913c1ee51e35c213b85ca13bb78380df68a73fa1ceb164b84c647a6,2016-17,2,Ian,14,Kelly Olynyk,kellyolynyk,opening,13,2,1,auction,Kelly Olynyk,A191,B191,C191,
59a6a80ce913c1ee51e35c213b85ca13bb78380df68a73fa1ceb164b84c647a6,2016-17,2,Ian,14,E'Twaun Moore,etwaunmoore,opening,14,2,1,auction,E'Twaun Moore,A192,B192,C192,
59a6a80ce913c1ee51e35c213b85ca13bb78380df68a73fa1ceb164b84c647a6,2016-17,2,Mark,10,Ian Mahinmi,ianmahinmi,opening,6,2,1,auction,Ian Mahinmi,A184,B184,C184,
59a6a80ce913c1ee51e35c213b85ca13bb78380df68a73fa1ceb164b84c647a6,2016-17,2,Mark,10,Andre Iguodala,andreiguodala,opening,9,2,1,auction,Andre Iguodala,A187,B187,C187,
59a6a80ce913c1ee51e35c213b85ca13bb78380df68a73fa1ceb164b84c647a6,2016-17,2,Mark,10,Courtney Lee,courtneylee,opening,11,2,1,auction,Courtney Lee,A189,B189,C189,
59a6a80ce913c1ee51e35c213b85ca13bb78380df68a73fa1ceb164b84c647a6,2016-17,2,Mark,10,Dion Waiters,dionwaiters,opening,13,2,1,auction,Dion Waiters,A191,B191,C191,
59a6a80ce913c1ee51e35c213b85ca13bb78380df68a73fa1ceb164b84c647a6,2016-17,2,Jason,15,Kyle Anderson,kyleanderson,opening,5,2,1,auction,Kyle Anderson ,A182,B182,C182,
59a6a80ce913c1ee51e35c213b85ca13bb78380df68a73fa1ceb164b84c647a6,2016-17,2,Jason,15,Frank Kaminsky,frankkaminsky,opening,13,2,1,auction,Frank Kaminsky,A190,B190,C190,
59a6a80ce913c1ee51e35c213b85ca13bb78380df68a73fa1ceb164b84c647a6,2016-17,2,Benji,7,Jared Dudley,jareddudley,opening,11,2,1,auction,Jared Dudley,A183,B183,C183,
59a6a80ce913c1ee51e35c213b85ca13bb78380df68a73fa1ceb164b84c647a6,2016-17,2,Graham,9,Patty Mills,pattymills,opening,13,1,1,auction,Patty Mills,A188,B188,C188,
59a6a80ce913c1ee51e35c213b85ca13bb78380df68a73fa1ceb164b84c647a6,2016-17,2,Graham,9,JJ Barea,jjbarea,opening,14,1,1,auction,J. J. Barea,A189,B189,C189,
59a6a80ce913c1ee51e35c213b85ca13bb78380df68a73fa1ceb164b84c647a6,2016-17,2,Graham,9,David West,davidwest,opening,15,1,1,auction,David West ,A190,B190,C190,
59a6a80ce913c1ee51e35c213b85ca13bb78380df68a73fa1ceb164b84c647a6,2016-17,2,Alvin,1,Trevor Booker,trevorbooker,opening,12,1,1,auction,Trevor Booker,A189,B189,C189,
59a6a80ce913c1ee51e35c213b85ca13bb78380df68a73fa1ceb164b84c647a6,2016-17,2,Alvin,1,Timofey Mozgov,timofeymozgov,opening,13,1,1,auction,Timofey Mozgov,A190,B190,C190,
59a6a80ce913c1ee51e35c213b85ca13bb78380df68a73fa1ceb164b84c647a6,2016-17,2,Alvin,1,TJ McConnell,tjmcconnell,opening,14,1,1,auction,T.J. McConnell,A191,B191,C191,
59a6a80ce913c1ee51e35c213b85ca13bb78380df68a73fa1ceb164b84c647a6,2016-17,2,Peter,3,Dragan Bender,draganbender,opening,9,1,1,auction,Dragan Bender,A186,B186,C186,
59a6a80ce913c1ee51e35c213b85ca13bb78380df68a73fa1ceb164b84c647a6,2016-17,2,Peter,3,Sean Kilpatrick,seankilpatrick,opening,10,1,1,auction,Sean Kilpatrick,A187,B187,C187,
59a6a80ce913c1ee51e35c213b85ca13bb78380df68a73fa1ceb164b84c647a6,2016-17,2,Peter,3,Jakob Poeltl,jakobpoeltl,opening,11,1,1,auction,Jakob Poeltl,A188,B188,C188,
59a6a80ce913c1ee51e35c213b85ca13bb78380df68a73fa1ceb164b84c647a6,2016-17,2,Peter,3,Miles Plumlee,milesplumlee,opening,12,1,1,auction,Miles Plumlee,A189,B189,C189,
59a6a80ce913c1ee51e35c213b85ca13bb78380df68a73fa1ceb164b84c647a6,2016-17,2,Peter,3,Corey Brewer,coreybrewer,opening,13,1,1,auction,Corey Brewer,A190,B190,C190,
59a6a80ce913c1ee51e35c213b85ca13bb78380df68a73fa1ceb164b84c647a6,2016-17,2,Peter,3,Brandon Jennings,brandonjennings,opening,14,1,1,auction,Brandon Jennings,A191,B191,C191,
59a6a80ce913c1ee51e35c213b85ca13bb78380df68a73fa1ceb164b84c647a6,2016-17,2,Peter,3,Tony Allen,tonyallen,opening,15,1,1,auction,Tony Allen,A192,B192,C192,
59a6a80ce913c1ee51e35c213b85ca13bb78380df68a73fa1ceb164b84c647a6,2016-17,2,Kerry,2,Cody Zeller,codyzeller,opening,12,1,1,auction,Cody Zeller,A186,B186,C186,
59a6a80ce913c1ee51e35c213b85ca13bb78380df68a73fa1ceb164b84c647a6,2016-17,2,Kerry,2,Ramon Sessions,ramonsessions,opening,13,1,1,auction,Ramon Sessions,A187,B187,C187,
59a6a80ce913c1ee51e35c213b85ca13bb78380df68a73fa1ceb164b84c647a6,2016-17,2,Kerry,2,Channing Frye,channingfrye,opening,14,1,1,auction,Channing Frye,A188,B188,C188,
59a6a80ce913c1ee51e35c213b85ca13bb78380df68a73fa1ceb164b84c647a6,2016-17,2,Kerry,2,Shaun Livingston,shaunlivingston,opening,15,1,1,auction,Shaun Livingtston,A189,B189,C189,
59a6a80ce913c1ee51e35c213b85ca13bb78380df68a73fa1ceb164b84c647a6,2016-17,2,Darren,4,Hollis Thompson,hollisthompson,opening,13,1,1,auction,Hollis Thompson,A190,B190,C190,
59a6a80ce913c1ee51e35c213b85ca13bb78380df68a73fa1ceb164b84c647a6,2016-17,2,Darren,4,Cory Joseph,coryjoseph,opening,14,1,1,auction,Cory Joseph,A191,B191,C191,
59a6a80ce913c1ee51e35c213b85ca13bb78380df68a73fa1ceb164b84c647a6,2016-17,2,Darren,4,John Henson,johnhenson,opening,15,1,1,auction,John Henson,A192,B192,C192,
59a6a80ce913c1ee51e35c213b85ca13bb78380df68a73fa1ceb164b84c647a6,2016-17,2,Arthur,11,Pascal Siakam,pascalsiakam,opening,11,1,1,auction,Pascal Siakim,A189,B189,C189,
59a6a80ce913c1ee51e35c213b85ca13bb78380df68a73fa1ceb164b84c647a6,2016-17,2,Arthur,11,Dwight Powell,dwightpowell,opening,14,1,1,auction,Dwight Powell,A192,B192,C192,
59a6a80ce913c1ee51e35c213b85ca13bb78380df68a73fa1ceb164b84c647a6,2016-17,2,Arthur,11,Mario Hezonja,mariohezonja,opening,15,1,1,auction,Mario Hezonja,A193,B193,C193,
59a6a80ce913c1ee51e35c213b85ca13bb78380df68a73fa1ceb164b84c647a6,2016-17,2,Brent,8,Zaza Pachulia,zazapachulia,opening,9,1,1,auction,Zaza Pachulia,A185,B185,C185,
59a6a80ce913c1ee51e35c213b85ca13bb78380df68a73fa1ceb164b84c647a6,2016-17,2,Brent,8,Solomon Hill,solomonhill,opening,12,1,1,auction,Solomon Hill,A188,B188,C188,
59a6a80ce913c1ee51e35c213b85ca13bb78380df68a73fa1ceb164b84c647a6,2016-17,2,Brent,8,Brandan Wright,brandanwright,opening,13,1,1,auction,Brandan Wright,A189,B189,C189,
59a6a80ce913c1ee51e35c213b85ca13bb78380df68a73fa1ceb164b84c647a6,2016-17,2,Brent,8,PJ Tucker,pjtucker,opening,14,1,1,auction,P.J. Tucker,A190,B190,C190,
59a6a80ce913c1ee51e35c213b85ca13bb78380df68a73fa1ceb164b84c647a6,2016-17,2,Brent,8,Manu Ginobili,manuginobili,opening,15,1,1,auction,Manu Ginobili,A191,B191,C191,
59a6a80ce913c1ee51e35c213b85ca13bb78380df68a73fa1ceb164b84c647a6,2016-17,2,Max,11,Thon Maker,thonmaker,opening,12,1,1,auction,Thon Maker,A189,B189,C189,
59a6a80ce913c1ee51e35c213b85ca13bb78380df68a73fa1ceb164b84c647a6,2016-17,2,Isaac,12,Roy Hibbert,royhibbert,opening,10,1,1,auction,Roy Hibbert,A188,B188,C188,
59a6a80ce913c1ee51e35c213b85ca13bb78380df68a73fa1ceb164b84c647a6,2016-17,2,Isaac,12,Tyson Chandler,tysonchandler,opening,12,1,1,auction,Tyson Chandler,A190,B190,C190,
59a6a80ce913c1ee51e35c213b85ca13bb78380df68a73fa1ceb164b84c647a6,2016-17,2,Isaac,12,Jerami Grant,jeramigrant,opening,13,1,1,auction,Jerami Grant,A191,B191,C191,
59a6a80ce913c1ee51e35c213b85ca13bb78380df68a73fa1ceb164b84c647a6,2016-17,2,Isaac,12,Dante Exum,danteexum,opening,15,1,1,auction,Dante Exum,A193,B193,C193,
59a6a80ce913c1ee51e35c213b85ca13bb78380df68a73fa1ceb164b84c647a6,2016-17,2,Ian,14,Jerryd Bayless,jerrydbayless,opening,15,1,1,auction,Jerryd Bayless,A193,B193,C193,
59a6a80ce913c1ee51e35c213b85ca13bb78380df68a73fa1ceb164b84c647a6,2016-17,2,Mark,10,Jared Sullinger,jaredsullinger,opening,10,1,1,auction,Jared Sullinger,A188,B188,C188,
59a6a80ce913c1ee51e35c213b85ca13bb78380df68a73fa1ceb164b84c647a6,2016-17,2,Jason,15,Ed Davis,eddavis,opening,14,1,1,auction,Ed Davis,A191,B191,C191,
59a6a80ce913c1ee51e35c213b85ca13bb78380df68a73fa1ceb164b84c647a6,2016-17,2,Benji,7,Willie Cauley-Stein,williecauleystein,opening,8,1,1,auction,Willie Cauley-Stein,A180,B180,C180,
59a6a80ce913c1ee51e35c213b85ca13bb78380df68a73fa1ceb164b84c647a6,2016-17,2,Benji,7,Derrick Williams,derrickwilliams,opening,9,1,1,auction,Derrick Williams,A181,B181,C181,
59a6a80ce913c1ee51e35c213b85ca13bb78380df68a73fa1ceb164b84c647a6,2016-17,2,Benji,7,Maurice Harkless,mauriceharkless,opening,10,1,1,auction,Maurice Harkless,A182,B182,C182,
59a6a80ce913c1ee51e35c213b85ca13bb78380df68a73fa1ceb164b84c647a6,2016-17,2,Benji,7,Jaylen Brown,jaylenbrown,opening,12,1,1,auction,Jaylen Brown,A184,B184,C184,
59a6a80ce913c1ee51e35c213b85ca13bb78380df68a73fa1ceb164b84c647a6,2016-17,2,Benji,7,Nene Hilario,nenehilario,opening,13,1,1,auction,Nene Hilario,A185,B185,C185,
59a6a80ce913c1ee51e35c213b85ca13bb78380df68a73fa1ceb164b84c647a6,2016-17,2,Benji,7,Denzel Valentine,denzelvalentine,opening,14,1,1,auction,Denzel Valentine,A186,B186,C186,
59a6a80ce913c1ee51e35c213b85ca13bb78380df68a73fa1ceb164b84c647a6,2016-17,2,Benji,7,Kosta Koufos,kostakoufos,opening,15,1,1,auction,Kosta Koufos,A187,B187,C187,
59a6a80ce913c1ee51e35c213b85ca13bb78380df68a73fa1ceb164b84c647a6,2015-16,1,Benji,2,Stephen Curry,stephencurry,opening,1,86,1,auction,Stephen Curry,A193,B193,C193,
59a6a80ce913c1ee51e35c213b85ca13bb78380df68a73fa1ceb164b84c647a6,2015-16,1,Mark,14,Anthony Davis,anthonydavis,opening,1,83,1,auction,Anthony Davis,A200,B200,C200,
59a6a80ce913c1ee51e35c213b85ca13bb78380df68a73fa1ceb164b84c647a6,2015-16,1,Alvin,3,Kevin Durant,kevindurant,opening,1,71,1,auction,Kevin Durant,A198,B198,C198,
59a6a80ce913c1ee51e35c213b85ca13bb78380df68a73fa1ceb164b84c647a6,2015-16,1,Darren,7,James Harden,jamesharden,opening,1,71,1,auction,James Harden,A198,B198,C198,
59a6a80ce913c1ee51e35c213b85ca13bb78380df68a73fa1ceb164b84c647a6,2015-16,1,Benji,2,LeBron James,lebronjames,opening,2,65,1,auction,LeBron James,A194,B194,C194,
59a6a80ce913c1ee51e35c213b85ca13bb78380df68a73fa1ceb164b84c647a6,2015-16,1,Max,13,Chris Paul,chrispaul,opening,1,62,1,auction,Chris Paul,A198,B198,C198,
59a6a80ce913c1ee51e35c213b85ca13bb78380df68a73fa1ceb164b84c647a6,2015-16,1,Darren,7,Klay Thompson,klaythompson,opening,2,61,1,auction,Klay Thompson,A199,B199,C199,
59a6a80ce913c1ee51e35c213b85ca13bb78380df68a73fa1ceb164b84c647a6,2015-16,1,Isaac,4,Russell Westbrook,russellwestbrook,opening,1,60,1,auction,Russell Westbrook,A199,B199,C199,
59a6a80ce913c1ee51e35c213b85ca13bb78380df68a73fa1ceb164b84c647a6,2015-16,1,Brent,12,Marcin Gortat,marcingortat,opening,1,58,1,auction,Marcin Gortat,A197,B197,C197,
59a6a80ce913c1ee51e35c213b85ca13bb78380df68a73fa1ceb164b84c647a6,2015-16,1,Max,13,DeMarcus Cousins,demarcuscousins,opening,2,56,1,auction,DeMarcus Cousins,A199,B199,C199,
59a6a80ce913c1ee51e35c213b85ca13bb78380df68a73fa1ceb164b84c647a6,2015-16,1,Kerry,11,Kawhi Leonard,kawhileonard,opening,1,52,1,auction,Kawhi Leonard,A195,B195,C195,
59a6a80ce913c1ee51e35c213b85ca13bb78380df68a73fa1ceb164b84c647a6,2015-16,1,Graham,15,Carmelo Anthony,carmeloanthony,opening,1,48,1,auction,Carmelo Anthony,A196,B196,C196,
59a6a80ce913c1ee51e35c213b85ca13bb78380df68a73fa1ceb164b84c647a6,2015-16,1,Mark,14,Jimmy Butler,jimmybutler,opening,2,48,1,auction,Jimmy Butler,A201,B201,C201,
59a6a80ce913c1ee51e35c213b85ca13bb78380df68a73fa1ceb164b84c647a6,2015-16,1,Jason,10,Rudy Gobert,rudygobert,opening,1,46,1,auction,Rudy Gobert,A198,B198,C198,
59a6a80ce913c1ee51e35c213b85ca13bb78380df68a73fa1ceb164b84c647a6,2015-16,1,Joe,6,Al Horford,alhorford,opening,1,45,1,auction,Al Horford,A192,B192,C192,
59a6a80ce913c1ee51e35c213b85ca13bb78380df68a73fa1ceb164b84c647a6,2015-16,1,Arthur,1,Damian Lillard,damianlillard,opening,1,44,1,auction,Damian Lillard,A199,B199,C199,
59a6a80ce913c1ee51e35c213b85ca13bb78380df68a73fa1ceb164b84c647a6,2015-16,1,Brent,12,Paul Millsap,paulmillsap,opening,2,44,1,auction,Paul Millsap,A198,B198,C198,
59a6a80ce913c1ee51e35c213b85ca13bb78380df68a73fa1ceb164b84c647a6,2015-16,1,Jason,10,Nikola Vucevic,nikolavucevic,opening,2,42,1,auction,Nikola Vucevic,A199,B199,C199,
59a6a80ce913c1ee51e35c213b85ca13bb78380df68a73fa1ceb164b84c647a6,2015-16,1,Isaac,4,Paul George,paulgeorge,opening,2,41,1,auction,Paul George,A200,B200,C200,
59a6a80ce913c1ee51e35c213b85ca13bb78380df68a73fa1ceb164b84c647a6,2015-16,1,Peter,9,John Wall,johnwall,opening,1,40,1,auction,John Wall,A198,B198,C198,
59a6a80ce913c1ee51e35c213b85ca13bb78380df68a73fa1ceb164b84c647a6,2015-16,1,Arthur,1,Serge Ibaka,sergeibaka,opening,2,38,1,auction,Serge Ibaka,A200,B200,C200,
59a6a80ce913c1ee51e35c213b85ca13bb78380df68a73fa1ceb164b84c647a6,2015-16,1,Peter,9,Blake Griffin,blakegriffin,opening,2,36,1,auction,Blake Griffin,A199,B199,C199,
59a6a80ce913c1ee51e35c213b85ca13bb78380df68a73fa1ceb164b84c647a6,2015-16,1,Jason,10,LaMarcus Aldridge,lamarcusaldridge,opening,3,34,1,auction,LaMarcus Aldridge,A200,B200,C200,
59a6a80ce913c1ee51e35c213b85ca13bb78380df68a73fa1ceb164b84c647a6,2015-16,1,Kerry,11,Nerlens Noel,nerlensnoel,opening,2,33,1,auction,Nerlens Noel,A196,B196,C196,
59a6a80ce913c1ee51e35c213b85ca13bb78380df68a73fa1ceb164b84c647a6,2015-16,1,Brent,12,Draymond Green,draymondgreen,opening,3,33,1,auction,Draymond Green,A199,B199,C199,
59a6a80ce913c1ee51e35c213b85ca13bb78380df68a73fa1ceb164b84c647a6,2015-16,1,Benji,2,Marc Gasol,marcgasol,opening,3,33,1,auction,Marc Gasol,A195,B195,C195,
59a6a80ce913c1ee51e35c213b85ca13bb78380df68a73fa1ceb164b84c647a6,2015-16,1,Kerry,11,Kevin Love,kevinlove,opening,3,32,1,auction,Kevin Love,A197,B197,C197,
59a6a80ce913c1ee51e35c213b85ca13bb78380df68a73fa1ceb164b84c647a6,2015-16,1,Arthur,1,Eric Bledsoe,ericbledsoe,opening,3,29,1,auction,Eric Bledsoe,A201,B201,C201,
59a6a80ce913c1ee51e35c213b85ca13bb78380df68a73fa1ceb164b84c647a6,2015-16,1,Graham,15,Mike Conley,mikeconley,opening,2,26,1,auction,Mike Conley,A197,B197,C197,
59a6a80ce913c1ee51e35c213b85ca13bb78380df68a73fa1ceb164b84c647a6,2015-16,1,Graham,15,Pau Gasol,paugasol,opening,3,26,1,auction,Pau Gasol,A198,B198,C198,
59a6a80ce913c1ee51e35c213b85ca13bb78380df68a73fa1ceb164b84c647a6,2015-16,1,Peter,9,Brook Lopez,brooklopez,opening,3,26,1,auction,Brook Lopez,A200,B200,C200,
59a6a80ce913c1ee51e35c213b85ca13bb78380df68a73fa1ceb164b84c647a6,2015-16,1,Kerry,11,Kyrie Irving,kyrieirving,opening,4,26,1,auction,Kyrie Irving,A198,B198,C198,
59a6a80ce913c1ee51e35c213b85ca13bb78380df68a73fa1ceb164b84c647a6,2015-16,1,Ian,5,Kyle Lowry,kylelowry,opening,1,26,1,auction,Kyle Lowry,A198,B198,C198,
59a6a80ce913c1ee51e35c213b85ca13bb78380df68a73fa1ceb164b84c647a6,2015-16,1,Ron,8,Victor Oladipo,victoroladipo,opening,1,25,1,auction,Victor Oladipo,A200,B200,C200,
59a6a80ce913c1ee51e35c213b85ca13bb78380df68a73fa1ceb164b84c647a6,2015-16,1,Ian,5,Chris Bosh,chrisbosh,opening,2,24,1,auction,Chris Bosh,A199,B199,C199,
59a6a80ce913c1ee51e35c213b85ca13bb78380df68a73fa1ceb164b84c647a6,2015-16,1,Graham,15,Hassan Whiteside,hassanwhiteside,opening,4,23,1,auction,Hassan Whiteside,A199,B199,C199,
59a6a80ce913c1ee51e35c213b85ca13bb78380df68a73fa1ceb164b84c647a6,2015-16,1,Ron,8,Dirk Nowitzki,dirknowitzki,opening,2,22,1,auction,Dirk Nowitzki,A201,B201,C201,
59a6a80ce913c1ee51e35c213b85ca13bb78380df68a73fa1ceb164b84c647a6,2015-16,1,Jason,10,Rudy Gay,rudygay,opening,4,21,1,auction,Rudy Gay,A201,B201,C201,
59a6a80ce913c1ee51e35c213b85ca13bb78380df68a73fa1ceb164b84c647a6,2015-16,1,Alvin,3,Gordon Hayward,gordonhayward,opening,2,20,1,auction,Gordon Hayward,A199,B199,C199,
59a6a80ce913c1ee51e35c213b85ca13bb78380df68a73fa1ceb164b84c647a6,2015-16,1,Ron,8,Karl-Anthony Towns,karlanthonytowns,opening,3,20,1,auction,Karl-Anthony Towns,A202,B202,C202,
59a6a80ce913c1ee51e35c213b85ca13bb78380df68a73fa1ceb164b84c647a6,2015-16,1,Ian,5,Reggie Jackson,reggiejackson,opening,3,20,1,auction,Reggie Jackson,A200,B200,C200,
59a6a80ce913c1ee51e35c213b85ca13bb78380df68a73fa1ceb164b84c647a6,2015-16,1,Graham,15,Al Jefferson,aljefferson,opening,5,19,1,auction,Al Jefferson,A200,B200,C200,
59a6a80ce913c1ee51e35c213b85ca13bb78380df68a73fa1ceb164b84c647a6,2015-16,1,Peter,9,Jeff Teague,jeffteague,opening,4,19,1,auction,Jeff Teague,A201,B201,C201,
59a6a80ce913c1ee51e35c213b85ca13bb78380df68a73fa1ceb164b84c647a6,2015-16,1,Ron,8,Andrew Wiggins,andrewwiggins,opening,4,19,1,auction,Andrew Wiggins,A203,B203,C203,
59a6a80ce913c1ee51e35c213b85ca13bb78380df68a73fa1ceb164b84c647a6,2015-16,1,Ron,8,Derrick Favors,derrickfavors,opening,5,19,1,auction,Derrick Favors,A204,B204,C204,
59a6a80ce913c1ee51e35c213b85ca13bb78380df68a73fa1ceb164b84c647a6,2015-16,1,Brent,12,Trevor Ariza,trevorariza,opening,4,19,1,auction,Trevor Ariza,A200,B200,C200,
59a6a80ce913c1ee51e35c213b85ca13bb78380df68a73fa1ceb164b84c647a6,2015-16,1,Ian,5,Andre Drummond,andredrummond,opening,4,19,1,auction,Andre Drummond,A201,B201,C201,
59a6a80ce913c1ee51e35c213b85ca13bb78380df68a73fa1ceb164b84c647a6,2015-16,1,Graham,15,DeAndre Jordan,deandrejordan,opening,6,18,1,auction,DeAndre Jordan,A201,B201,C201,
59a6a80ce913c1ee51e35c213b85ca13bb78380df68a73fa1ceb164b84c647a6,2015-16,1,Mark,14,Goran Dragic,gorandragic,opening,3,18,1,auction,Goran Dragic,A202,B202,C202,
59a6a80ce913c1ee51e35c213b85ca13bb78380df68a73fa1ceb164b84c647a6,2015-16,1,Jason,10,Tobias Harris,tobiasharris,opening,5,18,1,auction,Tobias Harris,A202,B202,C202,
59a6a80ce913c1ee51e35c213b85ca13bb78380df68a73fa1ceb164b84c647a6,2015-16,1,Alvin,3,Terrence Jones,terrencejones,opening,3,17,1,auction,Terrence Jones,A200,B200,C200,
59a6a80ce913c1ee51e35c213b85ca13bb78380df68a73fa1ceb164b84c647a6,2015-16,1,Peter,9,Kyle Korver,kylekorver,opening,5,17,1,auction,Kyle Korver,A202,B202,C202,
59a6a80ce913c1ee51e35c213b85ca13bb78380df68a73fa1ceb164b84c647a6,2015-16,1,Arthur,1,Nicolas Batum,nicolasbatum,opening,4,17,1,auction,Nicolas Batum,A202,B202,C202,
59a6a80ce913c1ee51e35c213b85ca13bb78380df68a73fa1ceb164b84c647a6,2015-16,1,Joe,6,Danilo Gallinari,danilogallinari,opening,2,17,1,auction,Danilo Gallinari,A193,B193,C193,
59a6a80ce913c1ee51e35c213b85ca13bb78380df68a73fa1ceb164b84c647a6,2015-16,1,Ian,5,Isaiah Thomas,isaiahthomas,opening,5,17,1,auction,Isaiah Thomas,A202,B202,C202,
59a6a80ce913c1ee51e35c213b85ca13bb78380df68a73fa1ceb164b84c647a6,2015-16,1,Mark,14,Kenneth Faried,kennethfaried,opening,4,16,1,auction,Kenneth Faried,A203,B203,C203,
59a6a80ce913c1ee51e35c213b85ca13bb78380df68a73fa1ceb164b84c647a6,2015-16,1,Alvin,3,Brandon Knight,brandonknight,opening,4,15,1,auction,Brandon Knight,A201,B201,C201,
59a6a80ce913c1ee51e35c213b85ca13bb78380df68a73fa1ceb164b84c647a6,2015-16,1,Ron,8,Monta Ellis,montaellis,opening,6,15,1,auction,Monta Ellis,A205,B205,C205,
59a6a80ce913c1ee51e35c213b85ca13bb78380df68a73fa1ceb164b84c647a6,2015-16,1,Peter,9,Markieff Morris,markieffmorris,opening,6,14,1,auction,Markieff Morris,A203,B203,C203,
59a6a80ce913c1ee51e35c213b85ca13bb78380df68a73fa1ceb164b84c647a6,2015-16,1,Kerry,11,Nikola Mirotic,nikolamirotic,opening,5,14,1,auction,Nikola Mirotic,A199,B199,C199,
59a6a80ce913c1ee51e35c213b85ca13bb78380df68a73fa1ceb164b84c647a6,2015-16,1,Darren,7,Jonas Valanciunas,jonasvalanciunas,opening,3,14,1,auction,Jonas Valanciunas,A200,B200,C200,
59a6a80ce913c1ee51e35c213b85ca13bb78380df68a73fa1ceb164b84c647a6,2015-16,1,Darren,7,Zach Randolph,zachrandolph,opening,4,14,1,auction,Zach Randolph,A201,B201,C201,
59a6a80ce913c1ee51e35c213b85ca13bb78380df68a73fa1ceb164b84c647a6,2015-16,1,Isaac,4,Luis Scola,luisscola,opening,3,14,1,auction,Luis Scola,A201,B201,C201,
59a6a80ce913c1ee51e35c213b85ca13bb78380df68a73fa1ceb164b84c647a6,2015-16,1,Joe,6,Tim Duncan,timduncan,opening,3,14,1,auction,Tim Duncan,A194,B194,C194,
59a6a80ce913c1ee51e35c213b85ca13bb78380df68a73fa1ceb164b84c647a6,2015-16,1,Ian,5,Bradley Beal,bradleybeal,opening,6,14,1,auction,Bradley Beal,A203,B203,C203,
59a6a80ce913c1ee51e35c213b85ca13bb78380df68a73fa1ceb164b84c647a6,2015-16,1,Alvin,3,Kemba Walker,kembawalker,opening,5,13,1,auction,Kemba Walker,A202,B202,C202,
59a6a80ce913c1ee51e35c213b85ca13bb78380df68a73fa1ceb164b84c647a6,2015-16,1,Alvin,3,Mason Plumlee,masonplumlee,opening,6,13,1,auction,Mason Plumlee,A203,B203,C203,
59a6a80ce913c1ee51e35c213b85ca13bb78380df68a73fa1ceb164b84c647a6,2015-16,1,Kerry,11,Danny Green,dannygreen,opening,6,13,1,auction,Danny Green,A200,B200,C200,
59a6a80ce913c1ee51e35c213b85ca13bb78380df68a73fa1ceb164b84c647a6,2015-16,1,Darren,7,Roy Hibbert,royhibbert,opening,5,13,1,auction,Roy Hibbert,A202,B202,C202,
59a6a80ce913c1ee51e35c213b85ca13bb78380df68a73fa1ceb164b84c647a6,2015-16,1,Arthur,1,CJ McCollum,cjmccollum,opening,5,13,1,auction,CJ McCollum,A203,B203,C203,
59a6a80ce913c1ee51e35c213b85ca13bb78380df68a73fa1ceb164b84c647a6,2015-16,1,Max,13,Greg Monroe,gregmonroe,opening,3,13,1,auction,Greg Monroe,A200,B200,C200,
59a6a80ce913c1ee51e35c213b85ca13bb78380df68a73fa1ceb164b84c647a6,2015-16,1,Isaac,4,Tyson Chandler,tysonchandler,opening,4,13,1,auction,Tyson Chandler,A202,B202,C202,
59a6a80ce913c1ee51e35c213b85ca13bb78380df68a73fa1ceb164b84c647a6,2015-16,1,Arthur,1,Wesley Matthews,wesleymatthews,opening,6,12,1,auction,Wesley Matthews,A204,B204,C204,
59a6a80ce913c1ee51e35c213b85ca13bb78380df68a73fa1ceb164b84c647a6,2015-16,1,Ron,8,Giannis Antetokounmpo,giannisantetokounmpo,opening,7,12,1,auction,Giannis Antetokounmpo,A206,B206,C206,
59a6a80ce913c1ee51e35c213b85ca13bb78380df68a73fa1ceb164b84c647a6,2015-16,1,Mark,14,DeMar DeRozan,demarderozan,opening,5,12,1,auction,DeMar DeRozan,A204,B204,C204,
59a6a80ce913c1ee51e35c213b85ca13bb78380df68a73fa1ceb164b84c647a6,2015-16,1,Ron,8,George Hill,georgehill,opening,8,11,1,auction,George Hill,A207,B207,C207,
59a6a80ce913c1ee51e35c213b85ca13bb78380df68a73fa1ceb164b84c647a6,2015-16,1,Max,13,Dwyane Wade,dwyanewade,opening,4,11,1,auction,Dwyane Wade,A201,B201,C201,
59a6a80ce913c1ee51e35c213b85ca13bb78380df68a73fa1ceb164b84c647a6,2015-16,1,Isaac,4,Jahlil Okafor,jahlilokafor,opening,5,11,1,auction,Jahil Okafor,A203,B203,C203,
59a6a80ce913c1ee51e35c213b85ca13bb78380df68a73fa1ceb164b84c647a6,2015-16,1,Joe,6,DeMarre Carroll,demarrecarroll,opening,4,11,1,auction,DeMarre Carroll,A195,B195,C195,
59a6a80ce913c1ee51e35c213b85ca13bb78380df68a73fa1ceb164b84c647a6,2015-16,1,Ian,5,Chandler Parsons,chandlerparsons,opening,7,11,1,auction,Chandler Parsons,A204,B204,C204,
59a6a80ce913c1ee51e35c213b85ca13bb78380df68a73fa1ceb164b84c647a6,2015-16,1,Alvin,3,Meyers Leonard,meyersleonard,opening,7,10,1,auction,Meyers Leonard,A204,B204,C204,
59a6a80ce913c1ee51e35c213b85ca13bb78380df68a73fa1ceb164b84c647a6,2015-16,1,Alvin,3,Alex Len,alexlen,opening,8,10,1,auction,Alex Len,A205,B205,C205,
59a6a80ce913c1ee51e35c213b85ca13bb78380df68a73fa1ceb164b84c647a6,2015-16,1,Kerry,11,Dwight Howard,dwighthoward,opening,7,10,1,auction,Dwight Howard,A201,B201,C201,
59a6a80ce913c1ee51e35c213b85ca13bb78380df68a73fa1ceb164b84c647a6,2015-16,1,Darren,7,Robin Lopez,robinlopez,opening,6,10,1,auction,Robin Lopez,A203,B203,C203,
59a6a80ce913c1ee51e35c213b85ca13bb78380df68a73fa1ceb164b84c647a6,2015-16,1,Arthur,1,Khris Middleton,khrismiddleton,opening,7,10,1,auction,Khris Middleton,A205,B205,C205,
59a6a80ce913c1ee51e35c213b85ca13bb78380df68a73fa1ceb164b84c647a6,2015-16,1,Arthur,1,JJ Redick,jjredick,opening,8,10,1,auction,JJ Redick,A206,B206,C206,
59a6a80ce913c1ee51e35c213b85ca13bb78380df68a73fa1ceb164b84c647a6,2015-16,1,Ron,8,Myles Turner,mylesturner,opening,9,10,1,auction,Myles Turner,A208,B208,C208,
59a6a80ce913c1ee51e35c213b85ca13bb78380df68a73fa1ceb164b84c647a6,2015-16,1,Brent,12,Eric Gordon,ericgordon,opening,5,10,1,auction,Eric Gordon,A201,B201,C201,
59a6a80ce913c1ee51e35c213b85ca13bb78380df68a73fa1ceb164b84c647a6,2015-16,1,Max,13,Derrick Rose,derrickrose,opening,5,10,1,auction,Derrick Rose,A202,B202,C202,
59a6a80ce913c1ee51e35c213b85ca13bb78380df68a73fa1ceb164b84c647a6,2015-16,1,Joe,6,Jrue Holiday,jrueholiday,opening,5,10,1,auction,Jrue Holiday,A196,B196,C196,
59a6a80ce913c1ee51e35c213b85ca13bb78380df68a73fa1ceb164b84c647a6,2015-16,1,Ian,5,Kyle O'Quinn,kyleoquinn,opening,8,10,1,auction,Kyle O'Quinn,A205,B205,C205,
59a6a80ce913c1ee51e35c213b85ca13bb78380df68a73fa1ceb164b84c647a6,2015-16,1,Graham,15,Ricky Rubio,rickyrubio,opening,7,9,1,auction,Ricky Rubio,A202,B202,C202,
59a6a80ce913c1ee51e35c213b85ca13bb78380df68a73fa1ceb164b84c647a6,2015-16,1,Alvin,3,D'Angelo Russell,dangelorussell,opening,9,9,1,auction,D'Angelo Russell,A206,B206,C206,
59a6a80ce913c1ee51e35c213b85ca13bb78380df68a73fa1ceb164b84c647a6,2015-16,1,Peter,9,Joakim Noah,joakimnoah,opening,7,9,1,auction,Joakim Noah,A204,B204,C204,
59a6a80ce913c1ee51e35c213b85ca13bb78380df68a73fa1ceb164b84c647a6,2015-16,1,Kerry,11,Robert Covington,robertcovington,opening,8,9,1,auction,Robert Covington,A202,B202,C202,
59a6a80ce913c1ee51e35c213b85ca13bb78380df68a73fa1ceb164b84c647a6,2015-16,1,Max,13,Kobe Bryant,kobebryant,opening,6,9,1,auction,Kobe Bryant,A203,B203,C203,
59a6a80ce913c1ee51e35c213b85ca13bb78380df68a73fa1ceb164b84c647a6,2015-16,1,Isaac,4,David Lee,davidlee,opening,6,9,1,auction,David Lee,A204,B204,C204,
59a6a80ce913c1ee51e35c213b85ca13bb78380df68a73fa1ceb164b84c647a6,2015-16,1,Isaac,4,John Henson,johnhenson,opening,7,9,1,auction,John Henson,A205,B205,C205,
59a6a80ce913c1ee51e35c213b85ca13bb78380df68a73fa1ceb164b84c647a6,2015-16,1,Ian,5,Julius Randle,juliusrandle,opening,9,9,1,auction,Julius Randle,A206,B206,C206,
59a6a80ce913c1ee51e35c213b85ca13bb78380df68a73fa1ceb164b84c647a6,2015-16,1,Mark,14,Michael Carter-Williams,michaelcarterwilliams,opening,6,9,1,auction,Michael Carter-Williams,A205,B205,C205,
59a6a80ce913c1ee51e35c213b85ca13bb78380df68a73fa1ceb164b84c647a6,2015-16,1,Jason,10,Deron Williams,deronwilliams,opening,6,9,1,auction,Deron Williams,A203,B203,C203,
59a6a80ce913c1ee51e35c213b85ca13bb78380df68a73fa1ceb164b84c647a6,2015-16,1,Ron,8,Emmanuel Mudiay,emmanuelmudiay,opening,10,8,1,auction,Emmanuel Mudiay,A209,B209,C209,
59a6a80ce913c1ee51e35c213b85ca13bb78380df68a73fa1ceb164b84c647a6,2015-16,1,Brent,12,Tyreke Evans,tyrekeevans,opening,6,8,1,auction,Tyreke Evans,A202,B202,C202,
59a6a80ce913c1ee51e35c213b85ca13bb78380df68a73fa1ceb164b84c647a6,2015-16,1,Joe,6,Elfrid Payton,elfridpayton,opening,6,8,1,auction,Elfrid Payton,A197,B197,C197,
59a6a80ce913c1ee51e35c213b85ca13bb78380df68a73fa1ceb164b84c647a6,2015-16,1,Ian,5,Ryan Anderson,ryananderson,opening,10,8,1,auction,Ryan Anderson,A207,B207,C207,
59a6a80ce913c1ee51e35c213b85ca13bb78380df68a73fa1ceb164b84c647a6,2015-16,1,Ian,5,Enes Kanter,eneskanter,opening,11,8,1,auction,Enes Kanter,A208,B208,C208,
59a6a80ce913c1ee51e35c213b85ca13bb78380df68a73fa1ceb164b84c647a6,2015-16,1,Ian,5,Jeff Green,jeffgreen,opening,12,8,1,auction,Jeff Green,A209,B209,C209,
59a6a80ce913c1ee51e35c213b85ca13bb78380df68a73fa1ceb164b84c647a6,2015-16,1,Peter,9,Jeremy Lin,jeremylin,opening,8,7,1,auction,Jeremy Lin,A205,B205,C205,
59a6a80ce913c1ee51e35c213b85ca13bb78380df68a73fa1ceb164b84c647a6,2015-16,1,Ron,8,Jarrett Jack,jarrettjack,opening,11,7,1,auction,Jarrett Jack,A210,B210,C210,
59a6a80ce913c1ee51e35c213b85ca13bb78380df68a73fa1ceb164b84c647a6,2015-16,1,Ron,8,Ersan Ilyasova,ersanilyasova,opening,12,7,1,auction,Ersan Ilyasova,A211,B211,C211,
59a6a80ce913c1ee51e35c213b85ca13bb78380df68a73fa1ceb164b84c647a6,2015-16,1,Max,13,Jabari Parker,jabariparker,opening,7,7,1,auction,Jabari Parker,A204,B204,C204,
59a6a80ce913c1ee51e35c213b85ca13bb78380df68a73fa1ceb164b84c647a6,2015-16,1,Isaac,4,Kevin Martin,kevinmartin,opening,8,7,1,auction,Kevin Martin,A206,B206,C206,
59a6a80ce913c1ee51e35c213b85ca13bb78380df68a73fa1ceb164b84c647a6,2015-16,1,Isaac,4,Tony Parker,tonyparker,opening,9,7,1,auction,Tony Parker,A207,B207,C207,
59a6a80ce913c1ee51e35c213b85ca13bb78380df68a73fa1ceb164b84c647a6,2015-16,1,Ian,5,Arron Afflalo,arronafflalo,opening,13,7,1,auction,Arron Afflalo,A210,B210,C210,
59a6a80ce913c1ee51e35c213b85ca13bb78380df68a73fa1ceb164b84c647a6,2015-16,1,Jason,10,Thaddeus Young,thaddeusyoung,opening,7,7,1,auction,Thaddeus Young,A204,B204,C204,
59a6a80ce913c1ee51e35c213b85ca13bb78380df68a73fa1ceb164b84c647a6,2015-16,1,Graham,15,Wilson Chandler,wilsonchandler,opening,8,6,1,auction,Wilson Chandler,A203,B203,C203,
59a6a80ce913c1ee51e35c213b85ca13bb78380df68a73fa1ceb164b84c647a6,2015-16,1,Darren,7,Frank Kaminsky,frankkaminsky,opening,7,6,1,auction,Frank Kaminsky,A204,B204,C204,
59a6a80ce913c1ee51e35c213b85ca13bb78380df68a73fa1ceb164b84c647a6,2015-16,1,Max,13,PJ Tucker,pjtucker,opening,8,6,1,auction,PJ Tucker,A205,B205,C205,
59a6a80ce913c1ee51e35c213b85ca13bb78380df68a73fa1ceb164b84c647a6,2015-16,1,Isaac,4,Ty Lawson,tylawson,opening,10,6,1,auction,Ty Lawson,A208,B208,C208,
59a6a80ce913c1ee51e35c213b85ca13bb78380df68a73fa1ceb164b84c647a6,2015-16,1,Isaac,4,Rajon Rondo,rajonrondo,opening,11,6,1,auction,Rajon Rondo,A209,B209,C209,
59a6a80ce913c1ee51e35c213b85ca13bb78380df68a73fa1ceb164b84c647a6,2015-16,1,Isaac,4,Willie Cauley-Stein,williecauleystein,opening,12,6,1,auction,Willie Cauley-Stein,A210,B210,C210,
59a6a80ce913c1ee51e35c213b85ca13bb78380df68a73fa1ceb164b84c647a6,2015-16,1,Joe,6,Gorgui Dieng,gorguidieng,opening,7,6,1,auction,Gorgui Dieng,A198,B198,C198,
59a6a80ce913c1ee51e35c213b85ca13bb78380df68a73fa1ceb164b84c647a6,2015-16,1,Joe,6,Jae Crowder,jaecrowder,opening,8,6,1,auction,Jae Crowder,A199,B199,C199,
59a6a80ce913c1ee51e35c213b85ca13bb78380df68a73fa1ceb164b84c647a6,2015-16,1,Ian,5,Gerald Green,geraldgreen,opening,14,6,1,auction,Gerald Green,A211,B211,C211,
59a6a80ce913c1ee51e35c213b85ca13bb78380df68a73fa1ceb164b84c647a6,2015-16,1,Jason,10,Brandon Jennings,brandonjennings,opening,8,6,1,auction,Brandon Jennings,A205,B205,C205,
59a6a80ce913c1ee51e35c213b85ca13bb78380df68a73fa1ceb164b84c647a6,2015-16,1,Graham,15,Al-Farouq Aminu,alfarouqaminu,opening,9,5,1,auction,Al-Farouq Aminu,A204,B204,C204,
59a6a80ce913c1ee51e35c213b85ca13bb78380df68a73fa1ceb164b84c647a6,2015-16,1,Alvin,3,Jordan Clarkson,jordanclarkson,opening,10,5,1,auction,Jordan Clarkson,A207,B207,C207,
59a6a80ce913c1ee51e35c213b85ca13bb78380df68a73fa1ceb164b84c647a6,2015-16,1,Peter,9,JR Smith,jrsmith,opening,9,5,1,auction,JR Smith,A206,B206,C206,
59a6a80ce913c1ee51e35c213b85ca13bb78380df68a73fa1ceb164b84c647a6,2015-16,1,Brent,12,Timofey Mozgov,timofeymozgov,opening,7,5,1,auction,Timofey Mozgov,A203,B203,C203,
59a6a80ce913c1ee51e35c213b85ca13bb78380df68a73fa1ceb164b84c647a6,2015-16,1,Max,13,Stanley Johnson,stanleyjohnson,opening,9,5,1,auction,Stanley Johnson,A206,B206,C206,
59a6a80ce913c1ee51e35c213b85ca13bb78380df68a73fa1ceb164b84c647a6,2015-16,1,Isaac,4,Mo Williams,mowilliams,opening,13,5,1,auction,Mo Williams,A211,B211,C211,
59a6a80ce913c1ee51e35c213b85ca13bb78380df68a73fa1ceb164b84c647a6,2015-16,1,Ian,5,Alec Burks,alecburks,opening,15,5,1,auction,Alec Burks,A212,B212,C212,
59a6a80ce913c1ee51e35c213b85ca13bb78380df68a73fa1ceb164b84c647a6,2015-16,1,Graham,15,David West,davidwest,opening,10,4,1,auction,David West,A205,B205,C205,
59a6a80ce913c1ee51e35c213b85ca13bb78380df68a73fa1ceb164b84c647a6,2015-16,1,Arthur,1,Darren Collison,darrencollison,opening,9,4,1,auction,Darren Collison,A207,B207,C207,
59a6a80ce913c1ee51e35c213b85ca13bb78380df68a73fa1ceb164b84c647a6,2015-16,1,Arthur,1,Patrick Patterson,patrickpatterson,opening,10,4,1,auction,Patrick Patterson,A208,B208,C208,
59a6a80ce913c1ee51e35c213b85ca13bb78380df68a73fa1ceb164b84c647a6,2015-16,1,Max,13,Joe Johnson,joejohnson,opening,10,4,1,auction,Joe Johnson,A207,B207,C207,
59a6a80ce913c1ee51e35c213b85ca13bb78380df68a73fa1ceb164b84c647a6,2015-16,1,Max,13,Luol Deng,luoldeng,opening,11,4,1,auction,Luol Deng,A208,B208,C208,
59a6a80ce913c1ee51e35c213b85ca13bb78380df68a73fa1ceb164b84c647a6,2015-16,1,Isaac,4,Harrison Barnes,harrisonbarnes,opening,14,4,1,auction,Harrison Barnes,A212,B212,C212,
59a6a80ce913c1ee51e35c213b85ca13bb78380df68a73fa1ceb164b84c647a6,2015-16,1,Joe,6,Iman Shumpert,imanshumpert,opening,9,4,1,auction,Iman Shumpert,A200,B200,C200,
59a6a80ce913c1ee51e35c213b85ca13bb78380df68a73fa1ceb164b84c647a6,2015-16,1,Joe,6,Avery Bradley,averybradley,opening,10,4,1,auction,Avery Bradley,A201,B201,C201,
59a6a80ce913c1ee51e35c213b85ca13bb78380df68a73fa1ceb164b84c647a6,2015-16,1,Mark,14,Jusuf Nurkic,jusufnurkic,opening,7,4,1,auction,Jusuf Nurkic,A206,B206,C206,
59a6a80ce913c1ee51e35c213b85ca13bb78380df68a73fa1ceb164b84c647a6,2015-16,1,Jason,10,Andrew Bogut,andrewbogut,opening,9,4,1,auction,Andrew Bogut,A206,B206,C206,
59a6a80ce913c1ee51e35c213b85ca13bb78380df68a73fa1ceb164b84c647a6,2015-16,1,Jason,10,Jordan Hill,jordanhill,opening,10,4,1,auction,Jordan Hill,A207,B207,C207,
59a6a80ce913c1ee51e35c213b85ca13bb78380df68a73fa1ceb164b84c647a6,2015-16,1,Benji,2,Rodney Hood,rodneyhood,opening,4,4,1,auction,Rodney Hood,A196,B196,C196,
59a6a80ce913c1ee51e35c213b85ca13bb78380df68a73fa1ceb164b84c647a6,2015-16,1,Graham,15,Amir Johnson,amirjohnson,opening,11,3,1,auction,Amir Johnson,A206,B206,C206,
59a6a80ce913c1ee51e35c213b85ca13bb78380df68a73fa1ceb164b84c647a6,2015-16,1,Alvin,3,Kentavious Caldwell-Pope,kentaviouscaldwellpope,opening,11,3,1,auction,Kentavious Caldwell-Pope,A208,B208,C208,
59a6a80ce913c1ee51e35c213b85ca13bb78380df68a73fa1ceb164b84c647a6,2015-16,1,Alvin,3,Dennis Schroder,dennisschroder,opening,12,3,1,auction,Dennis Schroder,A209,B209,C209,
59a6a80ce913c1ee51e35c213b85ca13bb78380df68a73fa1ceb164b84c647a6,2015-16,1,Kerry,11,Tony Allen,tonyallen,opening,9,3,1,auction,Tony Allen,A203,B203,C203,
59a6a80ce913c1ee51e35c213b85ca13bb78380df68a73fa1ceb164b84c647a6,2015-16,1,Darren,7,Lou Williams,louwilliams,opening,8,3,1,auction,Lou Williams,A205,B205,C205,
59a6a80ce913c1ee51e35c213b85ca13bb78380df68a73fa1ceb164b84c647a6,2015-16,1,Arthur,1,Zaza Pachulia,zazapachulia,opening,11,3,1,auction,Zaza Pachulia,A209,B209,C209,
59a6a80ce913c1ee51e35c213b85ca13bb78380df68a73fa1ceb164b84c647a6,2015-16,1,Max,13,Marcus Morris Sr,marcusmorrissr,opening,12,3,1,auction,Marcus Morris,A209,B209,C209,
59a6a80ce913c1ee51e35c213b85ca13bb78380df68a73fa1ceb164b84c647a6,2015-16,1,Joe,6,Ben McLemore,benmclemore,opening,11,3,1,auction,Ben McLemore,A202,B202,C202,
59a6a80ce913c1ee51e35c213b85ca13bb78380df68a73fa1ceb164b84c647a6,2015-16,1,Joe,6,Ed Davis,eddavis,opening,12,3,1,auction,Ed Davis,A203,B203,C203,
59a6a80ce913c1ee51e35c213b85ca13bb78380df68a73fa1ceb164b84c647a6,2015-16,1,Joe,6,Isaiah Canaan,isaiahcanaan,opening,13,3,1,auction,Isaiah Canaan,A204,B204,C204,
59a6a80ce913c1ee51e35c213b85ca13bb78380df68a73fa1ceb164b84c647a6,2015-16,1,Mark,14,Jared Sullinger,jaredsullinger,opening,8,3,1,auction,Jared Sullinger,A207,B207,C207,
59a6a80ce913c1ee51e35c213b85ca13bb78380df68a73fa1ceb164b84c647a6,2015-16,1,Graham,15,Andre Iguodala,andreiguodala,opening,12,2,1,auction,Andre Iguodala,A207,B207,C207,
59a6a80ce913c1ee51e35c213b85ca13bb78380df68a73fa1ceb164b84c647a6,2015-16,1,Alvin,3,Tyler Zeller,tylerzeller,opening,13,2,1,auction,Tyler Zeller,A210,B210,C210,
59a6a80ce913c1ee51e35c213b85ca13bb78380df68a73fa1ceb164b84c647a6,2015-16,1,Kerry,11,Tristan Thompson,tristanthompson,opening,10,2,1,auction,Tristan Thompson,A204,B204,C204,
59a6a80ce913c1ee51e35c213b85ca13bb78380df68a73fa1ceb164b84c647a6,2015-16,1,Kerry,11,Marcus Smart,marcussmart,opening,11,2,1,auction,Marcus Smart,A205,B205,C205,
59a6a80ce913c1ee51e35c213b85ca13bb78380df68a73fa1ceb164b84c647a6,2015-16,1,Darren,7,Kristaps Porzingis,kristapsporzingis,opening,9,2,1,auction,Kristaps Porzingis,A206,B206,C206,
59a6a80ce913c1ee51e35c213b85ca13bb78380df68a73fa1ceb164b84c647a6,2015-16,1,Arthur,1,Mario Hezonja,mariohezonja,opening,12,2,1,auction,Mario Hezonja,A210,B210,C210,
59a6a80ce913c1ee51e35c213b85ca13bb78380df68a73fa1ceb164b84c647a6,2015-16,1,Arthur,1,Tiago Splitter,tiagosplitter,opening,13,2,1,auction,Tiago Splitter,A211,B211,C211,
59a6a80ce913c1ee51e35c213b85ca13bb78380df68a73fa1ceb164b84c647a6,2015-16,1,Arthur,1,Brandon Bass,brandonbass,opening,14,2,1,auction,Brandon Bass,A212,B212,C212,
59a6a80ce913c1ee51e35c213b85ca13bb78380df68a73fa1ceb164b84c647a6,2015-16,1,Ron,8,Nick Young,nickyoung,opening,13,2,1,auction,Nick Young,A212,B212,C212,
59a6a80ce913c1ee51e35c213b85ca13bb78380df68a73fa1ceb164b84c647a6,2015-16,1,Ron,8,Taj Gibson,tajgibson,opening,14,2,1,auction,Taj Gibson,A213,B213,C213,
59a6a80ce913c1ee51e35c213b85ca13bb78380df68a73fa1ceb164b84c647a6,2015-16,1,Brent,12,Otto Porter Jr,ottoporterjr,opening,8,2,1,auction,Otto Porter,A204,B204,C204,
59a6a80ce913c1ee51e35c213b85ca13bb78380df68a73fa1ceb164b84c647a6,2015-16,1,Brent,12,Kevin Garnett,kevingarnett,opening,9,2,1,auction,Kevin Garnett,A205,B205,C205,
59a6a80ce913c1ee51e35c213b85ca13bb78380df68a73fa1ceb164b84c647a6,2015-16,1,Brent,12,Omer Asik,omerasik,opening,10,2,1,auction,Omer Asik,A206,B206,C206,
59a6a80ce913c1ee51e35c213b85ca13bb78380df68a73fa1ceb164b84c647a6,2015-16,1,Max,13,Bojan Bogdanovic,bojanbogdanovic,opening,13,2,1,auction,Bojan Bogdanovic,A210,B210,C210,
59a6a80ce913c1ee51e35c213b85ca13bb78380df68a73fa1ceb164b84c647a6,2015-16,1,Max,13,Kosta Koufos,kostakoufos,opening,14,2,1,auction,Kosta Koufos,A211,B211,C211,
59a6a80ce913c1ee51e35c213b85ca13bb78380df68a73fa1ceb164b84c647a6,2015-16,1,Isaac,4,Jamal Crawford,jamalcrawford,opening,15,2,1,auction,Jamal Crawford,A213,B213,C213,
59a6a80ce913c1ee51e35c213b85ca13bb78380df68a73fa1ceb164b84c647a6,2015-16,1,Joe,6,Aaron Gordon,aarongordon,opening,14,2,1,auction,Aaron Gordon,A205,B205,C205,
59a6a80ce913c1ee51e35c213b85ca13bb78380df68a73fa1ceb164b84c647a6,2015-16,1,Jason,10,Langston Galloway,langstongalloway,opening,11,2,1,auction,Langston Galloway,A208,B208,C208,
59a6a80ce913c1ee51e35c213b85ca13bb78380df68a73fa1ceb164b84c647a6,2015-16,1,Benji,2,Evan Turner,evanturner,opening,5,2,1,auction,Evan Turner,A197,B197,C197,
59a6a80ce913c1ee51e35c213b85ca13bb78380df68a73fa1ceb164b84c647a6,2015-16,1,Graham,15,Patrick Beverley,patrickbeverley,opening,13,1,1,auction,Patrick Beverley,A208,B208,C208,
59a6a80ce913c1ee51e35c213b85ca13bb78380df68a73fa1ceb164b84c647a6,2015-16,1,Graham,15,Nene Hilario,nenehilario,opening,14,1,1,auction,Nene Hilario,A209,B209,C209,
59a6a80ce913c1ee51e35c213b85ca13bb78380df68a73fa1ceb164b84c647a6,2015-16,1,Graham,15,Manu Ginobili,manuginobili,opening,15,1,1,auction,Manu Ginobili,A210,B210,C210,
59a6a80ce913c1ee51e35c213b85ca13bb78380df68a73fa1ceb164b84c647a6,2015-16,1,Alvin,3,Bismack Biyombo,bismackbiyombo,opening,14,1,1,auction,Bismack Biyombo,A211,B211,C211,
59a6a80ce913c1ee51e35c213b85ca13bb78380df68a73fa1ceb164b84c647a6,2015-16,1,Alvin,3,Jerami Grant,jeramigrant,opening,15,1,1,auction,Jerami Grant,A212,B212,C212,
59a6a80ce913c1ee51e35c213b85ca13bb78380df68a73fa1ceb164b84c647a6,2015-16,1,Peter,9,Paul Pierce,paulpierce,opening,10,1,1,auction,Paul Pierce,A207,B207,C207,
59a6a80ce913c1ee51e35c213b85ca13bb78380df68a73fa1ceb164b84c647a6,2015-16,1,Peter,9,Kris Humphries,krishumphries,opening,11,1,1,auction,Kris Humphries,A208,B208,C208,
59a6a80ce913c1ee51e35c213b85ca13bb78380df68a73fa1ceb164b84c647a6,2015-16,1,Peter,9,Steven Adams,stevenadams,opening,12,1,1,auction,Steven Adams,A209,B209,C209,
59a6a80ce913c1ee51e35c213b85ca13bb78380df68a73fa1ceb164b84c647a6,2015-16,1,Peter,9,Shabazz Muhammad,shabazzmuhammad,opening,13,1,1,auction,Shabazz Muhammad,A210,B210,C210,
59a6a80ce913c1ee51e35c213b85ca13bb78380df68a73fa1ceb164b84c647a6,2015-16,1,Peter,9,KJ McDaniels,kjmcdaniels,opening,14,1,1,auction,KJ McDaniels,A211,B211,C211,
59a6a80ce913c1ee51e35c213b85ca13bb78380df68a73fa1ceb164b84c647a6,2015-16,1,Peter,9,Channing Frye,channingfrye,opening,15,1,1,auction,Channing Frye,A212,B212,C212,
59a6a80ce913c1ee51e35c213b85ca13bb78380df68a73fa1ceb164b84c647a6,2015-16,1,Kerry,11,Trey Burke,treyburke,opening,12,1,1,auction,Trey Burke,A206,B206,C206,
59a6a80ce913c1ee51e35c213b85ca13bb78380df68a73fa1ceb164b84c647a6,2015-16,1,Kerry,11,Courtney Lee,courtneylee,opening,13,1,1,auction,Courtney Lee,A207,B207,C207,
59a6a80ce913c1ee51e35c213b85ca13bb78380df68a73fa1ceb164b84c647a6,2015-16,1,Kerry,11,Zach LaVine,zachlavine,opening,14,1,1,auction,Zach LaVine,A208,B208,C208,
59a6a80ce913c1ee51e35c213b85ca13bb78380df68a73fa1ceb164b84c647a6,2015-16,1,Kerry,11,Matt Barnes,mattbarnes,opening,15,1,1,auction,Matt Barnes,A209,B209,C209,
59a6a80ce913c1ee51e35c213b85ca13bb78380df68a73fa1ceb164b84c647a6,2015-16,1,Darren,7,Cory Joseph,coryjoseph,opening,10,1,1,auction,Cory Joseph,A207,B207,C207,
59a6a80ce913c1ee51e35c213b85ca13bb78380df68a73fa1ceb164b84c647a6,2015-16,1,Darren,7,Shane Larkin,shanelarkin,opening,11,1,1,auction,Shane Larkin,A208,B208,C208,
59a6a80ce913c1ee51e35c213b85ca13bb78380df68a73fa1ceb164b84c647a6,2015-16,1,Darren,7,Terrence Ross,terrenceross,opening,12,1,1,auction,Terrence Ross,A209,B209,C209,
59a6a80ce913c1ee51e35c213b85ca13bb78380df68a73fa1ceb164b84c647a6,2015-16,1,Darren,7,Boris Diaw,borisdiaw,opening,13,1,1,auction,Boris Diaw,A210,B210,C210,
59a6a80ce913c1ee51e35c213b85ca13bb78380df68a73fa1ceb164b84c647a6,2015-16,1,Darren,7,Beno Udrih,benoudrih,opening,14,1,1,auction,Beno Udrih,A211,B211,C211,
59a6a80ce913c1ee51e35c213b85ca13bb78380df68a73fa1ceb164b84c647a6,2015-16,1,Darren,7,Derrick Williams,derrickwilliams,opening,15,1,1,auction,Derrick Williams,A212,B212,C212,
59a6a80ce913c1ee51e35c213b85ca13bb78380df68a73fa1ceb164b84c647a6,2015-16,1,Arthur,1,Nemanja Bjelica,nemanjabjelica,opening,15,1,1,auction,Nemanja Bjelica,A213,B213,C213,
59a6a80ce913c1ee51e35c213b85ca13bb78380df68a73fa1ceb164b84c647a6,2015-16,1,Ron,8,Nik Stauskas,nikstauskas,opening,15,1,1,auction,Nik Stauskas,A214,B214,C214,
59a6a80ce913c1ee51e35c213b85ca13bb78380df68a73fa1ceb164b84c647a6,2015-16,1,Brent,12,Jose Calderon,josecalderon,opening,11,1,1,auction,Jose Calderon,A207,B207,C207,
59a6a80ce913c1ee51e35c213b85ca13bb78380df68a73fa1ceb164b84c647a6,2015-16,1,Brent,12,Dion Waiters,dionwaiters,opening,12,1,1,auction,Dion Waiters,A208,B208,C208,
59a6a80ce913c1ee51e35c213b85ca13bb78380df68a73fa1ceb164b84c647a6,2015-16,1,Brent,12,Cody Zeller,codyzeller,opening,13,1,1,auction,Cody Zeller,A209,B209,C209,
59a6a80ce913c1ee51e35c213b85ca13bb78380df68a73fa1ceb164b84c647a6,2015-16,1,Brent,12,Patty Mills,pattymills,opening,14,1,1,auction,Patty Mills,A210,B210,C210,
59a6a80ce913c1ee51e35c213b85ca13bb78380df68a73fa1ceb164b84c647a6,2015-16,1,Brent,12,Donatas Motiejunas,donatasmotiejunas,opening,15,1,1,auction,Donatas Motiejunas,A211,B211,C211,
59a6a80ce913c1ee51e35c213b85ca13bb78380df68a73fa1ceb164b84c647a6,2015-16,1,Max,13,Nikola Pekovic,nikolapekovic,opening,15,1,1,auction,Nikola Pekovic,A212,B212,C212,
59a6a80ce913c1ee51e35c213b85ca13bb78380df68a73fa1ceb164b84c647a6,2015-16,1,Joe,6,Brandan Wright,brandanwright,opening,15,1,1,auction,Brandan Wright,A206,B206,C206,
59a6a80ce913c1ee51e35c213b85ca13bb78380df68a73fa1ceb164b84c647a6,2015-16,1,Mark,14,Gerald Henderson,geraldhenderson,opening,9,1,1,auction,Gerald Henderson,A208,B208,C208,
59a6a80ce913c1ee51e35c213b85ca13bb78380df68a73fa1ceb164b84c647a6,2015-16,1,Mark,14,Kelly Olynyk,kellyolynyk,opening,10,1,1,auction,Kelly Olynyk,A209,B209,C209,
59a6a80ce913c1ee51e35c213b85ca13bb78380df68a73fa1ceb164b84c647a6,2015-16,1,Mark,14,Devin Harris,devinharris,opening,11,1,1,auction,Devin Harris,A210,B210,C210,
59a6a80ce913c1ee51e35c213b85ca13bb78380df68a73fa1ceb164b84c647a6,2015-16,1,Mark,14,Lance Stephenson,lancestephenson,opening,12,1,1,auction,Lance Stephenson,A211,B211,C211,
59a6a80ce913c1ee51e35c213b85ca13bb78380df68a73fa1ceb164b84c647a6,2015-16,1,Mark,14,Thabo Sefolosha,thabosefolosha,opening,13,1,1,auction,Thabo Sefolosha,A212,B212,C212,
59a6a80ce913c1ee51e35c213b85ca13bb78380df68a73fa1ceb164b84c647a6,2015-16,1,Mark,14,Andrea Bargnani,andreabargnani,opening,14,1,1,auction,Andrea Bargnani,A213,B213,C213,
59a6a80ce913c1ee51e35c213b85ca13bb78380df68a73fa1ceb164b84c647a6,2015-16,1,Mark,14,Tony Wroten,tonywroten,opening,15,1,1,auction,Tony Wroten,A214,B214,C214,
59a6a80ce913c1ee51e35c213b85ca13bb78380df68a73fa1ceb164b84c647a6,2015-16,1,Jason,10,CJ Miles,cjmiles,opening,12,1,1,auction,CJ Miles,A209,B209,C209,
59a6a80ce913c1ee51e35c213b85ca13bb78380df68a73fa1ceb164b84c647a6,2015-16,1,Jason,10,Jerian Grant,jeriangrant,opening,13,1,1,auction,Jerian Grant,A210,B210,C210,
59a6a80ce913c1ee51e35c213b85ca13bb78380df68a73fa1ceb164b84c647a6,2015-16,1,Jason,10,Anthony Morrow,anthonymorrow,opening,14,1,1,auction,Anthony Morrow,A211,B211,C211,
59a6a80ce913c1ee51e35c213b85ca13bb78380df68a73fa1ceb164b84c647a6,2015-16,1,Jason,10,Corey Brewer,coreybrewer,opening,15,1,1,auction,Corey Brewer,A212,B212,C212,
59a6a80ce913c1ee51e35c213b85ca13bb78380df68a73fa1ceb164b84c647a6,2015-16,1,Benji,2,Joffrey Lauvergne,joffreylauvergne,opening,6,1,1,auction,Joffrey Lauvergne,A198,B198,C198,
59a6a80ce913c1ee51e35c213b85ca13bb78380df68a73fa1ceb164b84c647a6,2015-16,1,Benji,2,TJ Warren,tjwarren,opening,7,1,1,auction,TJ Warren,A199,B199,C199,
59a6a80ce913c1ee51e35c213b85ca13bb78380df68a73fa1ceb164b84c647a6,2015-16,1,Benji,2,Ian Mahinmi,ianmahinmi,opening,8,1,1,auction,Ian Mahinmi,A200,B200,C200,
59a6a80ce913c1ee51e35c213b85ca13bb78380df68a73fa1ceb164b84c647a6,2015-16,1,Benji,2,JJ Barea,jjbarea,opening,9,1,1,auction,JJ Barea,A201,B201,C201,
59a6a80ce913c1ee51e35c213b85ca13bb78380df68a73fa1ceb164b84c647a6,2015-16,1,Benji,2,Anderson Varejao,andersonvarejao,opening,10,1,1,auction,Anderson Varejao,A202,B202,C202,
59a6a80ce913c1ee51e35c213b85ca13bb78380df68a73fa1ceb164b84c647a6,2015-16,1,Benji,2,Marco Belinelli,marcobelinelli,opening,11,1,1,auction,Marco Belinelli,A203,B203,C203,
59a6a80ce913c1ee51e35c213b85ca13bb78380df68a73fa1ceb164b84c647a6,2015-16,1,Benji,2,Kent Bazemore,kentbazemore,opening,12,1,1,auction,Kent Bazemore,A204,B204,C204,
59a6a80ce913c1ee51e35c213b85ca13bb78380df68a73fa1ceb164b84c647a6,2015-16,1,Benji,2,Josh Smith,joshsmith,opening,13,1,1,auction,Josh Smith,A205,B205,C205,
59a6a80ce913c1ee51e35c213b85ca13bb78380df68a73fa1ceb164b84c647a6,2015-16,1,Benji,2,Greivis Vasquez,greivisvasquez,opening,14,1,1,auction,Greivis Vasquez,A206,B206,C206,
59a6a80ce913c1ee51e35c213b85ca13bb78380df68a73fa1ceb164b84c647a6,2015-16,1,Benji,2,Rodney Stuckey,rodneystuckey,opening,15,1,1,auction,Rodney Stuckey,A207,B207,C207,
