source_id,season,league_year,franchise_sheet,finish,player,player_id,stage,roster_order,recorded_cost,contract_year_recorded,acquisition_class,raw_name,source_cell,cost_cell,contract_year_cell,note_raw
59a6a80ce913c1ee51e35c213b85ca13bb78380df68a73fa1ceb164b84c647a6,2025-26,11,Alvin,2,Cade Cunningham,cadecunningham,final,1,36,1,final_snapshot,Cade Cunningham,D2,E2,F2,
59a6a80ce913c1ee51e35c213b85ca13bb78380df68a73fa1ceb164b84c647a6,2025-26,11,Alvin,2,Tyrese Maxey,tyresemaxey,final,2,32,1,final_snapshot,Tyrese Maxey,D3,E3,F3,
59a6a80ce913c1ee51e35c213b85ca13bb78380df68a73fa1ceb164b84c647a6,2025-26,11,Alvin,2,Brandon Ingram,brandoningram,final,3,28,1,final_snapshot,Brandon Ingram,D4,E4,F4,
59a6a80ce913c1ee51e35c213b85ca13bb78380df68a73fa1ceb164b84c647a6,2025-26,11,Alvin,2,Amen Thompson,amenthompson,final,4,43,1,final_snapshot,Amen Thompson,D5,E5,F5,
59a6a80ce913c1ee51e35c213b85ca13bb78380df68a73fa1ceb164b84c647a6,2025-26,11,Alvin,2,LaMelo Ball,lameloball,final,5,33,1,final_snapshot,LaMelo Ball,D6,E6,F6,
59a6a80ce913c1ee51e35c213b85ca13bb78380df68a73fa1ceb164b84c647a6,2025-26,11,Alvin,2,Cooper Flagg,cooperflagg,final,6,37,1,final_snapshot,Cooper Flagg,D7,E7,F7,
59a6a80ce913c1ee51e35c213b85ca13bb78380df68a73fa1ceb164b84c647a6,2025-26,11,Alvin,2,Kon Knueppel,konknueppel,final,7,4,1,final_snapshot,Kon Knueppel,D8,E8,F8,
59a6a80ce913c1ee51e35c213b85ca13bb78380df68a73fa1ceb164b84c647a6,2025-26,11,Alvin,2,Scottie Barnes,scottiebarnes,final,8,21,1,final_snapshot,Scottie Barnes,D9,E9,F9,
59a6a80ce913c1ee51e35c213b85ca13bb78380df68a73fa1ceb164b84c647a6,2025-26,11,Alvin,2,Donovan Clingan,donovanclingan,final,9,15,1,final_snapshot,Donovan Clingan,D10,E10,F10,
59a6a80ce913c1ee51e35c213b85ca13bb78380df68a73fa1ceb164b84c647a6,2025-26,11,Alvin,2,Jeremiah Fears,jeremiahfears,final,10,1,1,final_snapshot,Jeremiah Fears,D11,E11,F11,
59a6a80ce913c1ee51e35c213b85ca13bb78380df68a73fa1ceb164b84c647a6,2025-26,11,Alvin,2,Deni Avdija,deniavdija,final,11,23,1,final_snapshot,Deni Avdija,D12,E12,F12,
59a6a80ce913c1ee51e35c213b85ca13bb78380df68a73fa1ceb164b84c647a6,2025-26,11,Alvin,2,Damian Lillard,damianlillard,final,12,1,1,final_snapshot,Damian Lillard,D13,E13,F13,
59a6a80ce913c1ee51e35c213b85ca13bb78380df68a73fa1ceb164b84c647a6,2025-26,11,Alvin,2,Stephen Curry,stephencurry,final,13,51,1,final_snapshot,Stephen Curry,D14,E14,F14,
59a6a80ce913c1ee51e35c213b85ca13bb78380df68a73fa1ceb164b84c647a6,2025-26,11,Alvin,2,Jamal Murray,jamalmurray,final,14,27,1,final_snapshot,Jamal Murray,D15,E15,F15,
59a6a80ce913c1ee51e35c213b85ca13bb78380df68a73fa1ceb164b84c647a6,2025-26,11,Alvin,2,Jayson Tatum,jaysontatum,final,15,23,1,final_snapshot,Jayson Tatum,D16,E16,F16,
59a6a80ce913c1ee51e35c213b85ca13bb78380df68a73fa1ceb164b84c647a6,2025-26,11,Alvin,2,Nikola Jokic,nikolajokic,final,16,85,1,final_snapshot,Nikola Jokic,D17,E17,F17,
59a6a80ce913c1ee51e35c213b85ca13bb78380df68a73fa1ceb164b84c647a6,2025-26,11,Alvin,2,Luka Doncic,lukadoncic,final,17,66,1,final_snapshot,Luka Doncic,D18,E18,F18,
59a6a80ce913c1ee51e35c213b85ca13bb78380df68a73fa1ceb164b84c647a6,2025-26,11,Arthur,6,Victor Wembanyama,victorwembanyama,final,1,43,3,final_snapshot,Victor Wembanyama,D2,E2,F2,10.2 Graham
59a6a80ce913c1ee51e35c213b85ca13bb78380df68a73fa1ceb164b84c647a6,2025-26,11,Arthur,6,Desmond Bane,desmondbane,final,2,14,2,final_snapshot,Desmond Bane,D3,E3,F3,10.4 Darren
59a6a80ce913c1ee51e35c213b85ca13bb78380df68a73fa1ceb164b84c647a6,2025-26,11,Arthur,6,Tyrese Haliburton,tyresehaliburton,final,3,15,1,final_snapshot,Tyrese Haliburton,D4,E4,F4,
59a6a80ce913c1ee51e35c213b85ca13bb78380df68a73fa1ceb164b84c647a6,2025-26,11,Arthur,6,Kawhi Leonard,kawhileonard,final,4,27,1,final_snapshot,Kawhi Leonard,D5,E5,F5,10.3 Kerry
59a6a80ce913c1ee51e35c213b85ca13bb78380df68a73fa1ceb164b84c647a6,2025-26,11,Arthur,6,Josh Hart,joshhart,final,5,12,1,final_snapshot,Josh Hart,D6,E6,F6,FA-4 Alvin
59a6a80ce913c1ee51e35c213b85ca13bb78380df68a73fa1ceb164b84c647a6,2025-26,11,Arthur,6,Kyrie Irving,kyrieirving,final,6,8,1,final_snapshot,Kyrie Irving,D7,E7,F7,
59a6a80ce913c1ee51e35c213b85ca13bb78380df68a73fa1ceb164b84c647a6,2025-26,11,Arthur,6,Nikola Jokic,nikolajokic,final,7,85,1,final_snapshot,Nikola Jokic,D8,E8,F8,10.1 Alvin
59a6a80ce913c1ee51e35c213b85ca13bb78380df68a73fa1ceb164b84c647a6,2025-26,11,Arthur,6,Nickeil Alexander-Walker,nickeilalexanderwalker,final,8,4,1,final_snapshot,Nickeil Alexander-Walker,D9,E9,F9,FA-3 Alvin
59a6a80ce913c1ee51e35c213b85ca13bb78380df68a73fa1ceb164b84c647a6,2025-26,11,Arthur,6,VJ Edgecombe,vjedgecombe,final,9,3,1,final_snapshot,VJ Edgecombe,D10,E10,F10,FA-2 Alvin
59a6a80ce913c1ee51e35c213b85ca13bb78380df68a73fa1ceb164b84c647a6,2025-26,11,Arthur,6,Donovan Clingan,donovanclingan,final,10,15,1,final_snapshot,Donovan Clingan,D11,E11,F11,10.5 Darren
59a6a80ce913c1ee51e35c213b85ca13bb78380df68a73fa1ceb164b84c647a6,2025-26,11,Arthur,6,Brook Lopez,brooklopez,final,11,5,1,final_snapshot,Brook Lopez,D12,E12,F12,
59a6a80ce913c1ee51e35c213b85ca13bb78380df68a73fa1ceb164b84c647a6,2025-26,11,Arthur,6,Dyson Daniels,dysondaniels,final,12,2,1,final_snapshot,Dyson Daniels,D13,E13,F13,
59a6a80ce913c1ee51e35c213b85ca13bb78380df68a73fa1ceb164b84c647a6,2025-26,11,Arthur,6,Cooper Flagg,cooperflagg,final,13,37,1,final_snapshot,Cooper Flagg,D14,E14,F14,FA-1 Peter
59a6a80ce913c1ee51e35c213b85ca13bb78380df68a73fa1ceb164b84c647a6,2025-26,11,Arthur,6,Moses Moody,mosesmoody,final,14,1,1,final_snapshot,Moses Moody,D15,E15,F15,
59a6a80ce913c1ee51e35c213b85ca13bb78380df68a73fa1ceb164b84c647a6,2025-26,11,Arthur,6,Bennedict Mathurin,bennedictmathurin,final,15,16,1,final_snapshot,Bennedict Mathurin,D16,E16,F16,
59a6a80ce913c1ee51e35c213b85ca13bb78380df68a73fa1ceb164b84c647a6,2025-26,11,Arthur,6,Jakob Poeltl,jakobpoeltl,final,16,15,1,final_snapshot,Jakob Poeltl,D17,E17,F17,10.6 Darren
59a6a80ce913c1ee51e35c213b85ca13bb78380df68a73fa1ceb164b84c647a6,2025-26,11,Arthur,6,Jonathan Kuminga,jonathankuminga,final,17,3,1,final_snapshot,Jonathan Kuminga,D18,E18,F18,10.7 Darreen
59a6a80ce913c1ee51e35c213b85ca13bb78380df68a73fa1ceb164b84c647a6,2025-26,11,Benji,15,Ja Morant,jamorant,final,1,23,3,final_snapshot,Ja Morant,D2,E2,F2,1.8 Jason
59a6a80ce913c1ee51e35c213b85ca13bb78380df68a73fa1ceb164b84c647a6,2025-26,11,Benji,15,Paolo Banchero,paolobanchero,final,2,28,2,final_snapshot,Paolo Banchero,D3,E3,F3,1.4 Jason
59a6a80ce913c1ee51e35c213b85ca13bb78380df68a73fa1ceb164b84c647a6,2025-26,11,Benji,15,Trae Young,traeyoung,final,3,48,1,final_snapshot,Trae Young,D4,E4,F4,1.5 Brent
59a6a80ce913c1ee51e35c213b85ca13bb78380df68a73fa1ceb164b84c647a6,2025-26,11,Benji,15,LaMelo Ball,lameloball,final,4,33,1,final_snapshot,LaMelo Ball,D5,E5,F5,1.3 Ian
59a6a80ce913c1ee51e35c213b85ca13bb78380df68a73fa1ceb164b84c647a6,2025-26,11,Benji,15,Jalen Johnson,jalenjohnson,final,5,38,1,final_snapshot,Jalen Johnson,D6,E6,F6,1.1 Isaac
59a6a80ce913c1ee51e35c213b85ca13bb78380df68a73fa1ceb164b84c647a6,2025-26,11,Benji,15,Keegan Murray,keeganmurray,final,6,9,1,final_snapshot,Keegan Murray,D7,E7,F7,1.9 Ian
59a6a80ce913c1ee51e35c213b85ca13bb78380df68a73fa1ceb164b84c647a6,2025-26,11,Benji,15,Onyeka Okongwu,onyekaokongwu,final,7,13,1,final_snapshot,Onyeka Okongwu,D8,E8,F8,1.2 Alvin
59a6a80ce913c1ee51e35c213b85ca13bb78380df68a73fa1ceb164b84c647a6,2025-26,11,Benji,15,Bogdan Bogdanovic,bogdanbogdanovic,final,8,0,0,final_snapshot,Bogdan Bogdanovic,D9,E9,F9,FA-1 Kerry
59a6a80ce913c1ee51e35c213b85ca13bb78380df68a73fa1ceb164b84c647a6,2025-26,11,Benji,15,Derik Queen,derikqueen,final,9,0,0,final_snapshot,Derik Queen,D10,E10,F10,1.6 Alvin
59a6a80ce913c1ee51e35c213b85ca13bb78380df68a73fa1ceb164b84c647a6,2025-26,11,Benji,15,Josh Okogie,joshokogie,final,10,0,0,final_snapshot,Josh Okogie,D11,E11,F11,
59a6a80ce913c1ee51e35c213b85ca13bb78380df68a73fa1ceb164b84c647a6,2025-26,11,Benji,15,Alex Caruso,alexcaruso,final,11,1,1,final_snapshot,Alex Caruso,D12,E12,F12,FA-2 Max
59a6a80ce913c1ee51e35c213b85ca13bb78380df68a73fa1ceb164b84c647a6,2025-26,11,Benji,15,Corey Kispert,coreykispert,final,12,1,1,final_snapshot,Corey Kispert,D13,E13,F13,
59a6a80ce913c1ee51e35c213b85ca13bb78380df68a73fa1ceb164b84c647a6,2025-26,11,Benji,15,Pelle Larsson,pellelarsson,final,13,0,0,final_snapshot,Pelle Larsson,D14,E14,F14,
59a6a80ce913c1ee51e35c213b85ca13bb78380df68a73fa1ceb164b84c647a6,2025-26,11,Benji,15,Miles McBride,milesmcbride,final,14,0,0,final_snapshot,Miles McBride,D15,E15,F15,
59a6a80ce913c1ee51e35c213b85ca13bb78380df68a73fa1ceb164b84c647a6,2025-26,11,Benji,15,Jeremiah Fears,jeremiahfears,final,15,1,1,final_snapshot,Jeremiah Fears,D16,E16,F16,1.7 Ian
59a6a80ce913c1ee51e35c213b85ca13bb78380df68a73fa1ceb164b84c647a6,2025-26,11,Benji,15,Nique Clifford,niqueclifford,final,16,0,0,final_snapshot,Nique Clifford,D17,E17,F17,
59a6a80ce913c1ee51e35c213b85ca13bb78380df68a73fa1ceb164b84c647a6,2025-26,11,Benji,15,Jeremy Sochan,jeremysochan,final,17,1,1,final_snapshot,Jeremy Sochan,D18,E18,F18,
59a6a80ce913c1ee51e35c213b85ca13bb78380df68a73fa1ceb164b84c647a6,2025-26,11,Brent,8,Evan Mobley,evanmobley,final,1,24,2,final_snapshot,Evan Mobley,D2,E2,F2,8.10 Alvin
59a6a80ce913c1ee51e35c213b85ca13bb78380df68a73fa1ceb164b84c647a6,2025-26,11,Brent,8,Scottie Barnes,scottiebarnes,final,2,21,2,final_snapshot,Scottie Barnes,D3,E3,F3,8.2 Alvin
59a6a80ce913c1ee51e35c213b85ca13bb78380df68a73fa1ceb164b84c647a6,2025-26,11,Brent,8,LeBron James,lebronjames,final,3,27,1,final_snapshot,LeBron James,D4,E4,F4,8.3 Darren
59a6a80ce913c1ee51e35c213b85ca13bb78380df68a73fa1ceb164b84c647a6,2025-26,11,Brent,8,Ivica Zubac,ivicazubac,final,4,26,1,final_snapshot,Ivica Zubac,D5,E5,F5,8.8 Arthur
59a6a80ce913c1ee51e35c213b85ca13bb78380df68a73fa1ceb164b84c647a6,2025-26,11,Brent,8,Lauri Markkanen,laurimarkkanen,final,5,21,1,final_snapshot,Lauri Markkanen,D6,E6,F6,8.5 Ron
59a6a80ce913c1ee51e35c213b85ca13bb78380df68a73fa1ceb164b84c647a6,2025-26,11,Brent,8,Trae Young,traeyoung,final,6,48,1,final_snapshot,Trae Young,D7,E7,F7,
59a6a80ce913c1ee51e35c213b85ca13bb78380df68a73fa1ceb164b84c647a6,2025-26,11,Brent,8,Isaiah Hartenstein,isaiahhartenstein,final,7,14,1,final_snapshot,Isaiah Hartenstein,D8,E8,F8,
59a6a80ce913c1ee51e35c213b85ca13bb78380df68a73fa1ceb164b84c647a6,2025-26,11,Brent,8,Donovan Mitchell,donovanmitchell,final,8,44,1,final_snapshot,Donovan Mitchell,D9,E9,F9,8.1 Kerry
59a6a80ce913c1ee51e35c213b85ca13bb78380df68a73fa1ceb164b84c647a6,2025-26,11,Brent,8,Jalen Suggs,jalensuggs,final,9,6,1,final_snapshot,Jalen Suggs,D10,E10,F10,
59a6a80ce913c1ee51e35c213b85ca13bb78380df68a73fa1ceb164b84c647a6,2025-26,11,Brent,8,Stephon Castle,stephoncastle,final,10,5,1,final_snapshot,Stephon Castle,D11,E11,F11,
59a6a80ce913c1ee51e35c213b85ca13bb78380df68a73fa1ceb164b84c647a6,2025-26,11,Brent,8,Nickeil Alexander-Walker,nickeilalexanderwalker,final,11,4,1,final_snapshot,Nickeil Alexander-Walker,D12,E12,F12,8.7 Ron
59a6a80ce913c1ee51e35c213b85ca13bb78380df68a73fa1ceb164b84c647a6,2025-26,11,Brent,8,Walker Kessler,walkerkessler,final,12,24,1,final_snapshot,Walker Kessler,D13,E13,F13,
59a6a80ce913c1ee51e35c213b85ca13bb78380df68a73fa1ceb164b84c647a6,2025-26,11,Brent,8,Devin Booker,devinbooker,final,13,45,1,final_snapshot,Devin Booker,D14,E14,F14,8.6 Alvin
59a6a80ce913c1ee51e35c213b85ca13bb78380df68a73fa1ceb164b84c647a6,2025-26,11,Brent,8,LaMelo Ball,lameloball,final,14,33,1,final_snapshot,LaMelo Ball,D15,E15,F15,8.9 Alvin
59a6a80ce913c1ee51e35c213b85ca13bb78380df68a73fa1ceb164b84c647a6,2025-26,11,Brent,8,Ja Morant,jamorant,final,15,23,1,final_snapshot,Ja Morant,D16,E16,F16,
59a6a80ce913c1ee51e35c213b85ca13bb78380df68a73fa1ceb164b84c647a6,2025-26,11,Brent,8,Ryan Rollins,ryanrollins,final,16,0,0,final_snapshot,Ryan Rollins,D17,E17,F17,8.4 Ron
59a6a80ce913c1ee51e35c213b85ca13bb78380df68a73fa1ceb164b84c647a6,2025-26,11,Darren,5,Anthony Davis,anthonydavis,final,1,48,3,final_snapshot,Anthony Davis,D2,E2,F2,
59a6a80ce913c1ee51e35c213b85ca13bb78380df68a73fa1ceb164b84c647a6,2025-26,11,Darren,5,Tyrese Maxey,tyresemaxey,final,2,32,4,final_snapshot,Tyrese Maxey,D3,E3,F3,11.1 Alvin
59a6a80ce913c1ee51e35c213b85ca13bb78380df68a73fa1ceb164b84c647a6,2025-26,11,Darren,5,Keyonte George,keyontegeorge,final,3,5,1,final_snapshot,Keyonte George,D4,E4,F4,FA-2 Alvin
59a6a80ce913c1ee51e35c213b85ca13bb78380df68a73fa1ceb164b84c647a6,2025-26,11,Darren,5,Immanuel Quickley,immanuelquickley,final,4,7,1,final_snapshot,Immanuel Quickley,D5,E5,F5,
59a6a80ce913c1ee51e35c213b85ca13bb78380df68a73fa1ceb164b84c647a6,2025-26,11,Darren,5,Donovan Clingan,donovanclingan,final,5,15,1,final_snapshot,Donovan Clingan,D6,E6,F6,
59a6a80ce913c1ee51e35c213b85ca13bb78380df68a73fa1ceb164b84c647a6,2025-26,11,Darren,5,Payton Pritchard,paytonpritchard,final,6,26,1,final_snapshot,Payton Pritchard,D7,E7,F7,
59a6a80ce913c1ee51e35c213b85ca13bb78380df68a73fa1ceb164b84c647a6,2025-26,11,Darren,5,Bam Adebayo,bamadebayo,final,7,30,1,final_snapshot,Bam Adebayo,D8,E8,F8,
59a6a80ce913c1ee51e35c213b85ca13bb78380df68a73fa1ceb164b84c647a6,2025-26,11,Darren,5,Paolo Banchero,paolobanchero,final,8,28,1,final_snapshot,Paolo Banchero,D9,E9,F9,FA-1 Peter
59a6a80ce913c1ee51e35c213b85ca13bb78380df68a73fa1ceb164b84c647a6,2025-26,11,Darren,5,Pascal Siakam,pascalsiakam,final,9,36,1,final_snapshot,Pascal Siakam,D10,E10,F10,
59a6a80ce913c1ee51e35c213b85ca13bb78380df68a73fa1ceb164b84c647a6,2025-26,11,Darren,5,LeBron James,lebronjames,final,10,27,1,final_snapshot,LeBron James,D11,E11,F11,
59a6a80ce913c1ee51e35c213b85ca13bb78380df68a73fa1ceb164b84c647a6,2025-26,11,Darren,5,CJ McCollum,cjmccollum,final,11,7,1,final_snapshot,CJ McCollum,D12,E12,F12,
59a6a80ce913c1ee51e35c213b85ca13bb78380df68a73fa1ceb164b84c647a6,2025-26,11,Darren,5,Kevin Porter Jr.,kevinporterjr,final,12,6,1,final_snapshot,Kevin Porter Jr,D13,E13,F13,
59a6a80ce913c1ee51e35c213b85ca13bb78380df68a73fa1ceb164b84c647a6,2025-26,11,Darren,5,Desmond Bane,desmondbane,final,13,14,1,final_snapshot,Desmond Bane,D14,E14,F14,11.2 Graham
59a6a80ce913c1ee51e35c213b85ca13bb78380df68a73fa1ceb164b84c647a6,2025-26,11,Darren,5,Duncan Robinson,duncanrobinson,final,14,1,1,final_snapshot,Duncan Robinson,D15,E15,F15,
59a6a80ce913c1ee51e35c213b85ca13bb78380df68a73fa1ceb164b84c647a6,2025-26,11,Darren,5,Jonathan Kuminga,jonathankuminga,final,15,3,1,final_snapshot,Jonanthan Kuminga,D16,E16,F16,
59a6a80ce913c1ee51e35c213b85ca13bb78380df68a73fa1ceb164b84c647a6,2025-26,11,Darren,5,Saddiq Bey,saddiqbey,final,16,0,0,final_snapshot,Saddiq Bey,D17,E17,F17,
59a6a80ce913c1ee51e35c213b85ca13bb78380df68a73fa1ceb164b84c647a6,2025-26,11,Darren,5,Ryan Rollins,ryanrollins,final,17,0,0,final_snapshot,Ryan Rollins,D18,E18,F18,11.3 Graham
59a6a80ce913c1ee51e35c213b85ca13bb78380df68a73fa1ceb164b84c647a6,2025-26,11,Graham,1,Shai Gilgeous-Alexander,shaigilgeousalexander,final,1,40,4,final_snapshot,Shai Gilgeous-Alexander,D2,E2,F2,
59a6a80ce913c1ee51e35c213b85ca13bb78380df68a73fa1ceb164b84c647a6,2025-26,11,Graham,1,Derrick White,derrickwhite,final,2,12,3,final_snapshot,Derrick White,D3,E3,F3,
59a6a80ce913c1ee51e35c213b85ca13bb78380df68a73fa1ceb164b84c647a6,2025-26,11,Graham,1,James Harden,jamesharden,final,3,39,1,final_snapshot,James Harden,D4,E4,F4,
59a6a80ce913c1ee51e35c213b85ca13bb78380df68a73fa1ceb164b84c647a6,2025-26,11,Graham,1,Austin Reaves,austinreaves,final,4,18,1,final_snapshot,Austin Reaves,D5,E5,F5,
59a6a80ce913c1ee51e35c213b85ca13bb78380df68a73fa1ceb164b84c647a6,2025-26,11,Graham,1,Jarrett Allen,jarrettallen,final,5,15,1,final_snapshot,Jarrett Allen,D6,E6,F6,
59a6a80ce913c1ee51e35c213b85ca13bb78380df68a73fa1ceb164b84c647a6,2025-26,11,Graham,1,Jalen Duren,jalenduren,final,6,20,1,final_snapshot,Jalen Duren,D7,E7,F7,
59a6a80ce913c1ee51e35c213b85ca13bb78380df68a73fa1ceb164b84c647a6,2025-26,11,Graham,1,Trey Murphy III,treymurphyiii,final,7,8,1,final_snapshot,Trey Murphy III,D8,E8,F8,
59a6a80ce913c1ee51e35c213b85ca13bb78380df68a73fa1ceb164b84c647a6,2025-26,11,Graham,1,Mikal Bridges,mikalbridges,final,8,20,1,final_snapshot,Mikal Bridges,D9,E9,F9,
59a6a80ce913c1ee51e35c213b85ca13bb78380df68a73fa1ceb164b84c647a6,2025-26,11,Graham,1,Desmond Bane,desmondbane,final,9,14,1,final_snapshot,Desmond Bane,D10,E10,F10,
59a6a80ce913c1ee51e35c213b85ca13bb78380df68a73fa1ceb164b84c647a6,2025-26,11,Graham,1,Kevin Durant,kevindurant,final,10,60,1,final_snapshot,Kevin Durant,D11,E11,F11,
59a6a80ce913c1ee51e35c213b85ca13bb78380df68a73fa1ceb164b84c647a6,2025-26,11,Graham,1,Dyson Daniels,dysondaniels,final,11,2,1,final_snapshot,Dyson Daniels,D12,E12,F12,
59a6a80ce913c1ee51e35c213b85ca13bb78380df68a73fa1ceb164b84c647a6,2025-26,11,Graham,1,Jaden McDaniels,jadenmcdaniels,final,12,8,1,final_snapshot,Jaden McDaniels,D13,E13,F13,
59a6a80ce913c1ee51e35c213b85ca13bb78380df68a73fa1ceb164b84c647a6,2025-26,11,Graham,1,Victor Wembanyama,victorwembanyama,final,13,43,1,final_snapshot,Victor Wembanyama,D14,E14,F14,
59a6a80ce913c1ee51e35c213b85ca13bb78380df68a73fa1ceb164b84c647a6,2025-26,11,Graham,1,Kel'el Ware,kelelware,final,14,14,1,final_snapshot,Kel'el Ware,D15,E15,F15,
59a6a80ce913c1ee51e35c213b85ca13bb78380df68a73fa1ceb164b84c647a6,2025-26,11,Graham,1,Deandre Ayton,deandreayton,final,15,16,1,final_snapshot,Deandre Ayton,D16,E16,F16,
59a6a80ce913c1ee51e35c213b85ca13bb78380df68a73fa1ceb164b84c647a6,2025-26,11,Graham,1,Kawhi Leonard,kawhileonard,final,16,27,1,final_snapshot,Kawhi Leonard,D17,E17,F17,
59a6a80ce913c1ee51e35c213b85ca13bb78380df68a73fa1ceb164b84c647a6,2025-26,11,Graham,1,Ryan Rollins,ryanrollins,final,17,0,0,final_snapshot,Ryan Rollins,D18,E18,F18,
59a6a80ce913c1ee51e35c213b85ca13bb78380df68a73fa1ceb164b84c647a6,2025-26,11,Ian,12,Chet Holmgren,chetholmgren,final,1,18,4,final_snapshot,Chet Holmgren,D2,E2,F2,4.2 Kerry
59a6a80ce913c1ee51e35c213b85ca13bb78380df68a73fa1ceb164b84c647a6,2025-26,11,Ian,12,OG Anunoby,oganunoby,final,2,16,2,final_snapshot,OG Anunoby,D3,E3,F3,4.8 Peter
59a6a80ce913c1ee51e35c213b85ca13bb78380df68a73fa1ceb164b84c647a6,2025-26,11,Ian,12,Alperen Sengun,alperensengun,final,3,39,1,final_snapshot,Alperen Sengun,D4,E4,F4,4.1 Peter
59a6a80ce913c1ee51e35c213b85ca13bb78380df68a73fa1ceb164b84c647a6,2025-26,11,Ian,12,Jayson Tatum,jaysontatum,final,4,23,1,final_snapshot,Jayson Tatum,D5,E5,F5,
59a6a80ce913c1ee51e35c213b85ca13bb78380df68a73fa1ceb164b84c647a6,2025-26,11,Ian,12,Zion Williamson,zionwilliamson,final,5,29,1,final_snapshot,Zion Williamson,D6,E6,F6,
59a6a80ce913c1ee51e35c213b85ca13bb78380df68a73fa1ceb164b84c647a6,2025-26,11,Ian,12,Pascal Siakam,pascalsiakam,final,6,36,1,final_snapshot,Pascal Siakam,D7,E7,F7,4.3 Isaac
59a6a80ce913c1ee51e35c213b85ca13bb78380df68a73fa1ceb164b84c647a6,2025-26,11,Ian,12,Coby White,cobywhite,final,7,24,1,final_snapshot,Coby  White,D8,E8,F8,4.5 Ron
59a6a80ce913c1ee51e35c213b85ca13bb78380df68a73fa1ceb164b84c647a6,2025-26,11,Ian,12,Collin Sexton,collinsexton,final,8,3,1,final_snapshot,Collin Sexton,D9,E9,F9,4.9 Isaac
59a6a80ce913c1ee51e35c213b85ca13bb78380df68a73fa1ceb164b84c647a6,2025-26,11,Ian,12,Keyonte George,keyontegeorge,final,9,5,1,final_snapshot,Keyonte George,D10,E10,F10,4.6 Joe
59a6a80ce913c1ee51e35c213b85ca13bb78380df68a73fa1ceb164b84c647a6,2025-26,11,Ian,12,Bam Adebayo,bamadebayo,final,10,30,1,final_snapshot,Bam Adebayo,D11,E11,F11,4.4 Darren
59a6a80ce913c1ee51e35c213b85ca13bb78380df68a73fa1ceb164b84c647a6,2025-26,11,Ian,12,Ayo Dosunmu,ayodosunmu,final,11,1,1,final_snapshot,Ayo Dosunmu,D12,E12,F12,4.12 Joe
59a6a80ce913c1ee51e35c213b85ca13bb78380df68a73fa1ceb164b84c647a6,2025-26,11,Ian,12,Jeremiah Fears,jeremiahfears,final,12,1,1,final_snapshot,Jeremiah Fears,D13,E13,F13,4.11 Peter
59a6a80ce913c1ee51e35c213b85ca13bb78380df68a73fa1ceb164b84c647a6,2025-26,11,Ian,12,LaMelo Ball,lameloball,final,13,33,1,final_snapshot,LaMello Ball,D14,E14,F14,4.10 Joe
59a6a80ce913c1ee51e35c213b85ca13bb78380df68a73fa1ceb164b84c647a6,2025-26,11,Ian,12,Russell Westbrook,russellwestbrook,final,14,1,1,final_snapshot,Russell Westbrook,D15,E15,F15,
59a6a80ce913c1ee51e35c213b85ca13bb78380df68a73fa1ceb164b84c647a6,2025-26,11,Ian,12,Keegan Murray,keeganmurray,final,15,9,1,final_snapshot,Keegan Murray,D16,E16,F16,4.7 Max
59a6a80ce913c1ee51e35c213b85ca13bb78380df68a73fa1ceb164b84c647a6,2025-26,11,Ian,12,Buddy Hield,buddyhield,final,16,1,1,final_snapshot,Buddy Hield,D17,E17,F17,
59a6a80ce913c1ee51e35c213b85ca13bb78380df68a73fa1ceb164b84c647a6,2025-26,11,Isaac,10,Julius Randle,juliusrandle,final,1,20,2,final_snapshot,Julius Randle,D2,E2,F2,6.3 Peter
59a6a80ce913c1ee51e35c213b85ca13bb78380df68a73fa1ceb164b84c647a6,2025-26,11,Isaac,10,Austin Reaves,austinreaves,final,2,18,2,final_snapshot,Austin Reaves,D3,E3,F3,6.9 Peter
59a6a80ce913c1ee51e35c213b85ca13bb78380df68a73fa1ceb164b84c647a6,2025-26,11,Isaac,10,Jalen Brunson,jalenbrunson,final,3,45,1,final_snapshot,Jalen Brunson,D4,E4,F4,6.2 Ron
59a6a80ce913c1ee51e35c213b85ca13bb78380df68a73fa1ceb164b84c647a6,2025-26,11,Isaac,10,Fred VanVleet,fredvanvleet,final,4,7,1,final_snapshot,Fred VanVleet,D5,E5,F5,
59a6a80ce913c1ee51e35c213b85ca13bb78380df68a73fa1ceb164b84c647a6,2025-26,11,Isaac,10,Myles Turner,mylesturner,final,5,34,1,final_snapshot,Myles Turner,D6,E6,F6,6.7 Ron
59a6a80ce913c1ee51e35c213b85ca13bb78380df68a73fa1ceb164b84c647a6,2025-26,11,Isaac,10,Jalen Johnson,jalenjohnson,final,6,38,1,final_snapshot,Jalen Johnson,D7,E7,F7,6.1 Alvin
59a6a80ce913c1ee51e35c213b85ca13bb78380df68a73fa1ceb164b84c647a6,2025-26,11,Isaac,10,Nikola Vucevic,nikolavucevic,final,7,23,1,final_snapshot,Nikola Vucevic,D8,E8,F8,6.5 Graham
59a6a80ce913c1ee51e35c213b85ca13bb78380df68a73fa1ceb164b84c647a6,2025-26,11,Isaac,10,Pascal Siakam,pascalsiakam,final,8,36,1,final_snapshot,Pascal Siakam,D9,E9,F9,6.6 Darren
59a6a80ce913c1ee51e35c213b85ca13bb78380df68a73fa1ceb164b84c647a6,2025-26,11,Isaac,10,LaMelo Ball,lameloball,final,9,33,1,final_snapshot,LaMelo Ball,D10,E10,F10,6.4 Brent
59a6a80ce913c1ee51e35c213b85ca13bb78380df68a73fa1ceb164b84c647a6,2025-26,11,Isaac,10,Naji Marshall,najimarshall,final,10,0,0,final_snapshot,Naji Marshall,D11,E11,F11,
59a6a80ce913c1ee51e35c213b85ca13bb78380df68a73fa1ceb164b84c647a6,2025-26,11,Isaac,10,Collin Sexton,collinsexton,final,11,3,1,final_snapshot,Collin  Sexton,D12,E12,F12,6.10 Peter
59a6a80ce913c1ee51e35c213b85ca13bb78380df68a73fa1ceb164b84c647a6,2025-26,11,Isaac,10,Paolo Banchero,paolobanchero,final,12,28,1,final_snapshot,Paolo Banchero,D13,E13,F13,FA-1 Darren
59a6a80ce913c1ee51e35c213b85ca13bb78380df68a73fa1ceb164b84c647a6,2025-26,11,Isaac,10,Neemias Queta,neemiasqueta,final,13,5,1,final_snapshot,Neemias Queta,D14,E14,F14,
59a6a80ce913c1ee51e35c213b85ca13bb78380df68a73fa1ceb164b84c647a6,2025-26,11,Isaac,10,Marcus Smart,marcussmart,final,14,0,0,final_snapshot,Marcus Smart,D15,E15,F15,
59a6a80ce913c1ee51e35c213b85ca13bb78380df68a73fa1ceb164b84c647a6,2025-26,11,Isaac,10,Darius Garland,dariusgarland,final,15,17,1,final_snapshot,Darius Garland,D16,E16,F16,6.8 Peter
59a6a80ce913c1ee51e35c213b85ca13bb78380df68a73fa1ceb164b84c647a6,2025-26,11,Isaac,10,Ziaire Williams,ziairewilliams,final,16,0,0,final_snapshot,Ziaire Williams,D17,E17,F17,
59a6a80ce913c1ee51e35c213b85ca13bb78380df68a73fa1ceb164b84c647a6,2025-26,11,Jason,14,Cooper Flagg,cooperflagg,final,1,37,1,final_snapshot,Cooper Flagg,D2,E2,F2,2.4 Mark
59a6a80ce913c1ee51e35c213b85ca13bb78380df68a73fa1ceb164b84c647a6,2025-26,11,Jason,14,Kevin Durant,kevindurant,final,2,60,2,final_snapshot,Kevin Durant,D3,E3,F3,2.1 Peter
59a6a80ce913c1ee51e35c213b85ca13bb78380df68a73fa1ceb164b84c647a6,2025-26,11,Jason,14,Giannis Antetokounmpo,giannisantetokounmpo,final,3,53,1,final_snapshot,Giannis Antetokounmpo,D4,E4,F4,2.3 Kerry
59a6a80ce913c1ee51e35c213b85ca13bb78380df68a73fa1ceb164b84c647a6,2025-26,11,Jason,14,De'Aaron Fox,deaaronfox,final,4,29,1,final_snapshot,De'Aaron Fox,D5,E5,F5,2.2 Max
59a6a80ce913c1ee51e35c213b85ca13bb78380df68a73fa1ceb164b84c647a6,2025-26,11,Jason,14,Paolo Banchero,paolobanchero,final,5,28,1,final_snapshot,Paolo Banchero,D6,E6,F6,2.6 Isaac
59a6a80ce913c1ee51e35c213b85ca13bb78380df68a73fa1ceb164b84c647a6,2025-26,11,Jason,14,Wendell Carter Jr.,wendellcarterjr,final,6,1,1,final_snapshot,Wendell Carter Jr,D7,E7,F7,2.10 Darren
59a6a80ce913c1ee51e35c213b85ca13bb78380df68a73fa1ceb164b84c647a6,2025-26,11,Jason,14,Ja Morant,jamorant,final,7,23,1,final_snapshot,Ja Morant,D8,E8,F8,2.7 Brent
59a6a80ce913c1ee51e35c213b85ca13bb78380df68a73fa1ceb164b84c647a6,2025-26,11,Jason,14,Kyle Filipowski,kylefilipowski,final,8,1,1,final_snapshot,Kyle Filipowski,D9,E9,F9,
59a6a80ce913c1ee51e35c213b85ca13bb78380df68a73fa1ceb164b84c647a6,2025-26,11,Jason,14,Dillon Brooks,dillonbrooks,final,9,1,1,final_snapshot,Dillon Brooks,D10,E10,F10,2.5 Darren
59a6a80ce913c1ee51e35c213b85ca13bb78380df68a73fa1ceb164b84c647a6,2025-26,11,Jason,14,Cam Whitmore,camwhitmore,final,10,1,1,final_snapshot,Cam Whitmore,D11,E11,F11,
59a6a80ce913c1ee51e35c213b85ca13bb78380df68a73fa1ceb164b84c647a6,2025-26,11,Jason,14,Keldon Johnson,keldonjohnson,final,11,0,0,final_snapshot,Keldon Johnson,D12,E12,F12,2.9 Darren
59a6a80ce913c1ee51e35c213b85ca13bb78380df68a73fa1ceb164b84c647a6,2025-26,11,Jason,14,Day'ron Sharpe,dayronsharpe,final,12,0,0,final_snapshot,Day'ron Sharpe,D13,E13,F13,
59a6a80ce913c1ee51e35c213b85ca13bb78380df68a73fa1ceb164b84c647a6,2025-26,11,Jason,14,Jordan Goodwin,jordangoodwin,final,13,0,0,final_snapshot,Jordan Goodwin,D14,E14,F14,2.11 Darren
59a6a80ce913c1ee51e35c213b85ca13bb78380df68a73fa1ceb164b84c647a6,2025-26,11,Jason,14,Jalen Smith,jalensmith,final,14,0,0,final_snapshot,Jalen Smith,D15,E15,F15,
59a6a80ce913c1ee51e35c213b85ca13bb78380df68a73fa1ceb164b84c647a6,2025-26,11,Jason,14,Dru Smith,drusmith,final,15,0,0,final_snapshot,Dru Smith,D16,E16,F16,
59a6a80ce913c1ee51e35c213b85ca13bb78380df68a73fa1ceb164b84c647a6,2025-26,11,Jason,14,Cam Spencer,camspencer,final,16,0,0,final_snapshot,Cam Spencer,D17,E17,F17,FA-1 Arthur
59a6a80ce913c1ee51e35c213b85ca13bb78380df68a73fa1ceb164b84c647a6,2025-26,11,Jason,14,Andre Drummond,andredrummond,final,17,1,1,final_snapshot,Andre Drummond,D18,E18,F18,2.8 Darren
59a6a80ce913c1ee51e35c213b85ca13bb78380df68a73fa1ceb164b84c647a6,2025-26,11,Joe,11,Donovan Mitchell,donovanmitchell,final,1,44,5,final_snapshot,Donovan Mitchell,D2,E2,F2,5.1 Brent
59a6a80ce913c1ee51e35c213b85ca13bb78380df68a73fa1ceb164b84c647a6,2025-26,11,Joe,11,Immanuel Quickley,immanuelquickley,final,2,7,3,final_snapshot,Immanuel Quickley,D3,E3,F3,FA-1 Max
59a6a80ce913c1ee51e35c213b85ca13bb78380df68a73fa1ceb164b84c647a6,2025-26,11,Joe,11,Tyler Herro,tylerherro,final,3,15,1,final_snapshot,Tyler Herro,D4,E4,F4,5.7 Kerry
59a6a80ce913c1ee51e35c213b85ca13bb78380df68a73fa1ceb164b84c647a6,2025-26,11,Joe,11,Darius Garland,dariusgarland,final,4,17,1,final_snapshot,Darius Garland,D5,E5,F5,5.8 Isaac
59a6a80ce913c1ee51e35c213b85ca13bb78380df68a73fa1ceb164b84c647a6,2025-26,11,Joe,11,Nikola Vucevic,nikolavucevic,final,5,23,1,final_snapshot,Nikola Vucevic,D6,E6,F6,5.6 Isaac
59a6a80ce913c1ee51e35c213b85ca13bb78380df68a73fa1ceb164b84c647a6,2025-26,11,Joe,11,Kel'el Ware,kelelware,final,6,14,1,final_snapshot,Kel'el Ware,D7,E7,F7,5.3 Graham
59a6a80ce913c1ee51e35c213b85ca13bb78380df68a73fa1ceb164b84c647a6,2025-26,11,Joe,11,Dereck Lively II,derecklivelyii,final,7,13,1,final_snapshot,Dereck Lively II,D8,E8,F8,
59a6a80ce913c1ee51e35c213b85ca13bb78380df68a73fa1ceb164b84c647a6,2025-26,11,Joe,11,John Collins,johncollins,final,8,16,1,final_snapshot,John Collins,D9,E9,F9,5.9 Kerry
59a6a80ce913c1ee51e35c213b85ca13bb78380df68a73fa1ceb164b84c647a6,2025-26,11,Joe,11,Keyonte George,keyontegeorge,final,9,5,1,final_snapshot,Keyonte George,D10,E10,F10,5.5 Darren
59a6a80ce913c1ee51e35c213b85ca13bb78380df68a73fa1ceb164b84c647a6,2025-26,11,Joe,11,Tre Jones,trejones,final,10,2,1,final_snapshot,Tre Jones,D11,E11,F11,5.11 Kerry
59a6a80ce913c1ee51e35c213b85ca13bb78380df68a73fa1ceb164b84c647a6,2025-26,11,Joe,11,Aaron Gordon,aarongordon,final,11,10,1,final_snapshot,Aaron Gordon,D12,E12,F12,
59a6a80ce913c1ee51e35c213b85ca13bb78380df68a73fa1ceb164b84c647a6,2025-26,11,Joe,11,Jimmy Butler,jimmybutler,final,12,23,1,final_snapshot,Jimmy Butler III,D13,E13,F13,5.2 Arthur
59a6a80ce913c1ee51e35c213b85ca13bb78380df68a73fa1ceb164b84c647a6,2025-26,11,Joe,11,Kon Knueppel,konknueppel,final,13,4,1,final_snapshot,Kon Knueppel,D14,E14,F14,5.4 Kerry
59a6a80ce913c1ee51e35c213b85ca13bb78380df68a73fa1ceb164b84c647a6,2025-26,11,Joe,11,LaMelo Ball,lameloball,final,14,33,1,final_snapshot,LaMelo Ball,D15,E15,F15,5.10 Isaac
59a6a80ce913c1ee51e35c213b85ca13bb78380df68a73fa1ceb164b84c647a6,2025-26,11,Joe,11,Anfernee Simons,anferneesimons,final,15,10,1,final_snapshot,Anfernee Simons,D16,E16,F16,
59a6a80ce913c1ee51e35c213b85ca13bb78380df68a73fa1ceb164b84c647a6,2025-26,11,Joe,11,Ayo Dosunmu,ayodosunmu,final,16,19,1,final_snapshot,Ayo Dosunmu,D17,E17,F17,
59a6a80ce913c1ee51e35c213b85ca13bb78380df68a73fa1ceb164b84c647a6,2025-26,11,Joe,11,Malik Monk,malikmonk,final,17,8,1,final_snapshot,Malik Monk,D18,E18,F18,
59a6a80ce913c1ee51e35c213b85ca13bb78380df68a73fa1ceb164b84c647a6,2025-26,11,Kerry,4,Luka Doncic,lukadoncic,final,1,66,2,final_snapshot,Luka Doncic,D2,E2,F2,12.2 Alvin
59a6a80ce913c1ee51e35c213b85ca13bb78380df68a73fa1ceb164b84c647a6,2025-26,11,Kerry,4,Norman Powell,normanpowell,final,2,4,2,final_snapshot,Norman Powell,D3,E3,F3,
59a6a80ce913c1ee51e35c213b85ca13bb78380df68a73fa1ceb164b84c647a6,2025-26,11,Kerry,4,Josh Giddey,joshgiddey,final,3,34,1,final_snapshot,Josh Giddey,D4,E4,F4,
59a6a80ce913c1ee51e35c213b85ca13bb78380df68a73fa1ceb164b84c647a6,2025-26,11,Kerry,4,Dejounte Murray,dejountemurray,final,4,2,1,final_snapshot,Dejounte Murray,D5,E5,F5,
59a6a80ce913c1ee51e35c213b85ca13bb78380df68a73fa1ceb164b84c647a6,2025-26,11,Kerry,4,Ty Jerome,tyjerome,final,5,2,1,final_snapshot,Ty Jerome,D6,E6,F6,
59a6a80ce913c1ee51e35c213b85ca13bb78380df68a73fa1ceb164b84c647a6,2025-26,11,Kerry,4,Tyler Herro,tylerherro,final,6,15,1,final_snapshot,Tyler Herro,D7,E7,F7,12.6 Alvin
59a6a80ce913c1ee51e35c213b85ca13bb78380df68a73fa1ceb164b84c647a6,2025-26,11,Kerry,4,Giannis Antetokounmpo,giannisantetokounmpo,final,7,53,1,final_snapshot,Giannis Antetokounmpo,D8,E8,F8,
59a6a80ce913c1ee51e35c213b85ca13bb78380df68a73fa1ceb164b84c647a6,2025-26,11,Kerry,4,Jrue Holiday,jrueholiday,final,8,5,1,final_snapshot,Jrue Holiday,D9,E9,F9,
59a6a80ce913c1ee51e35c213b85ca13bb78380df68a73fa1ceb164b84c647a6,2025-26,11,Kerry,4,Ace Bailey,acebailey,final,9,3,1,final_snapshot,Ace Bailey,D10,E10,F10,
59a6a80ce913c1ee51e35c213b85ca13bb78380df68a73fa1ceb164b84c647a6,2025-26,11,Kerry,4,Ausar Thompson,ausarthompson,final,10,18,1,final_snapshot,Ausar Thompson,D11,E11,F11,
59a6a80ce913c1ee51e35c213b85ca13bb78380df68a73fa1ceb164b84c647a6,2025-26,11,Kerry,4,VJ Edgecombe,vjedgecombe,final,11,3,1,final_snapshot,VJ  Edgecombe,D12,E12,F12,
59a6a80ce913c1ee51e35c213b85ca13bb78380df68a73fa1ceb164b84c647a6,2025-26,11,Kerry,4,Deni Avdija,deniavdija,final,12,23,1,final_snapshot,Deni Avdija,D13,E13,F13,
59a6a80ce913c1ee51e35c213b85ca13bb78380df68a73fa1ceb164b84c647a6,2025-26,11,Kerry,4,Chet Holmgren,chetholmgren,final,13,18,1,final_snapshot,Chet Holmgren,D14,E14,F14,12.1 Peter
59a6a80ce913c1ee51e35c213b85ca13bb78380df68a73fa1ceb164b84c647a6,2025-26,11,Kerry,4,Jalen Brunson,jalenbrunson,final,14,45,1,final_snapshot,Jalen Brunson,D15,E15,F15,
59a6a80ce913c1ee51e35c213b85ca13bb78380df68a73fa1ceb164b84c647a6,2025-26,11,Kerry,4,Kon Knueppel,konknueppel,final,15,4,1,final_snapshot,Kon Knueppel,D16,E16,F16,12.4 Peter
59a6a80ce913c1ee51e35c213b85ca13bb78380df68a73fa1ceb164b84c647a6,2025-26,11,Kerry,4,Donovan Mitchell,donovanmitchell,final,16,44,1,final_snapshot,Donovan Mitchell,D17,E17,F17,12.5 Alvin
59a6a80ce913c1ee51e35c213b85ca13bb78380df68a73fa1ceb164b84c647a6,2025-26,11,Kerry,4,Kawhi Leonard,kawhileonard,final,17,27,1,final_snapshot,Kawhi Leonard,D18,E18,F18,12.3 Graham
59a6a80ce913c1ee51e35c213b85ca13bb78380df68a73fa1ceb164b84c647a6,2025-26,11,Mark,13,Trey Murphy III,treymurphyiii,final,1,8,2,final_snapshot,Trey Murphy III,D2,E2,F2,3.4 Graham
59a6a80ce913c1ee51e35c213b85ca13bb78380df68a73fa1ceb164b84c647a6,2025-26,11,Mark,13,Joel Embiid,joelembiid,final,2,60,2,final_snapshot,Joel Embiid,D3,E3,F3,3.5 Alvin
59a6a80ce913c1ee51e35c213b85ca13bb78380df68a73fa1ceb164b84c647a6,2025-26,11,Mark,13,Bam Adebayo,bamadebayo,final,3,30,1,final_snapshot,Bam Adebayo,D4,E4,F4,3.6 Ian
59a6a80ce913c1ee51e35c213b85ca13bb78380df68a73fa1ceb164b84c647a6,2025-26,11,Mark,13,Deni Avdija,deniavdija,final,4,23,1,final_snapshot,Deni Avdija,D5,E5,F5,3.1 Ron
59a6a80ce913c1ee51e35c213b85ca13bb78380df68a73fa1ceb164b84c647a6,2025-26,11,Mark,13,Jimmy Butler,jimmybutler,final,5,23,1,final_snapshot,Jimmy Butler III,D6,E6,F6,3.2 Joe
59a6a80ce913c1ee51e35c213b85ca13bb78380df68a73fa1ceb164b84c647a6,2025-26,11,Mark,13,Brandon Miller,brandonmiller,final,6,25,1,final_snapshot,Brandon Miller,D7,E7,F7,3.10 Alvin
59a6a80ce913c1ee51e35c213b85ca13bb78380df68a73fa1ceb164b84c647a6,2025-26,11,Mark,13,Kristaps Porzingis,kristapsporzingis,final,7,19,1,final_snapshot,Kristaps Porzingis,D8,E8,F8,3.7 Max
59a6a80ce913c1ee51e35c213b85ca13bb78380df68a73fa1ceb164b84c647a6,2025-26,11,Mark,13,Bilal Coulibaly,bilalcoulibaly,final,8,1,1,final_snapshot,Bilal Coulibaly,D9,E9,F9,
59a6a80ce913c1ee51e35c213b85ca13bb78380df68a73fa1ceb164b84c647a6,2025-26,11,Mark,13,Aaron Wiggins,aaronwiggins,final,9,1,1,final_snapshot,Aaron Wiggins,D10,E10,F10,
59a6a80ce913c1ee51e35c213b85ca13bb78380df68a73fa1ceb164b84c647a6,2025-26,11,Mark,13,Anthony Black,anthonyblack,final,10,1,1,final_snapshot,Anthony Black,D11,E11,F11,
59a6a80ce913c1ee51e35c213b85ca13bb78380df68a73fa1ceb164b84c647a6,2025-26,11,Mark,13,Luguentz Dort,luguentzdort,final,11,1,1,final_snapshot,Luguentz Dort,D12,E12,F12,
59a6a80ce913c1ee51e35c213b85ca13bb78380df68a73fa1ceb164b84c647a6,2025-26,11,Mark,13,Kelly Oubre Jr.,kellyoubrejr,final,12,1,1,final_snapshot,Kelly Oubre Jr,D13,E13,F13,FA-2 Kerry
59a6a80ce913c1ee51e35c213b85ca13bb78380df68a73fa1ceb164b84c647a6,2025-26,11,Mark,13,Peyton Watson,peytonwatson,final,13,1,1,final_snapshot,Peyton Watson,D14,E14,F14,3.9 Graham
59a6a80ce913c1ee51e35c213b85ca13bb78380df68a73fa1ceb164b84c647a6,2025-26,11,Mark,13,Royce O'Neale,royceoneale,final,14,1,1,final_snapshot,Royce O'Neale,D15,E15,F15,FA-1 Peter
59a6a80ce913c1ee51e35c213b85ca13bb78380df68a73fa1ceb164b84c647a6,2025-26,11,Mark,13,Jaime Jaquez Jr,jaimejaquezjr,final,15,1,1,final_snapshot,Jaime Jaquez Jr,D16,E16,F16,3.8 Arthur
59a6a80ce913c1ee51e35c213b85ca13bb78380df68a73fa1ceb164b84c647a6,2025-26,11,Mark,13,Cooper Flagg,cooperflagg,final,16,37,1,final_snapshot,Cooper Flagg,D17,E17,F17,3.3 Arthur
59a6a80ce913c1ee51e35c213b85ca13bb78380df68a73fa1ceb164b84c647a6,2025-26,11,Max,9,Devin Booker,devinbooker,final,1,45,5,final_snapshot,Devin Booker,D2,E2,F2,7.2 Brent
59a6a80ce913c1ee51e35c213b85ca13bb78380df68a73fa1ceb164b84c647a6,2025-26,11,Max,9,Nikola Jokic,nikolajokic,final,2,85,2,final_snapshot,Nikola Jokic,D3,E3,F3,7.1 Arthur
59a6a80ce913c1ee51e35c213b85ca13bb78380df68a73fa1ceb164b84c647a6,2025-26,11,Max,9,Dejounte Murray,dejountemurray,final,3,2,1,final_snapshot,Dejounte Murray,D4,E4,F4,
59a6a80ce913c1ee51e35c213b85ca13bb78380df68a73fa1ceb164b84c647a6,2025-26,11,Max,9,Collin Gillespie,collingillespie,final,4,0,0,final_snapshot,Collin Gillespie,D5,E5,F5,FA-1 Graham
59a6a80ce913c1ee51e35c213b85ca13bb78380df68a73fa1ceb164b84c647a6,2025-26,11,Max,9,Jrue Holiday,jrueholiday,final,5,5,1,final_snapshot,Jrue Holiday,D6,E6,F6,
59a6a80ce913c1ee51e35c213b85ca13bb78380df68a73fa1ceb164b84c647a6,2025-26,11,Max,9,De'Aaron Fox,deaaronfox,final,6,29,1,final_snapshot,De'Aaron Fox,D7,E7,F7,7.3 Arthur
59a6a80ce913c1ee51e35c213b85ca13bb78380df68a73fa1ceb164b84c647a6,2025-26,11,Max,9,Sandro Mamukelashvili,sandromamukelashvili,final,7,0,0,final_snapshot,Sandro Mamukelashvili,D8,E8,F8,
59a6a80ce913c1ee51e35c213b85ca13bb78380df68a73fa1ceb164b84c647a6,2025-26,11,Max,9,Cam Spencer,camspencer,final,8,0,0,final_snapshot,Cam Spencer,D9,E9,F9,
59a6a80ce913c1ee51e35c213b85ca13bb78380df68a73fa1ceb164b84c647a6,2025-26,11,Max,9,Nic Claxton,nicclaxton,final,9,6,1,final_snapshot,Nic Claxton,D10,E10,F10,FA-3 Alvin
59a6a80ce913c1ee51e35c213b85ca13bb78380df68a73fa1ceb164b84c647a6,2025-26,11,Max,9,Day'ron Sharpe,dayronsharpe,final,10,0,0,final_snapshot,Day'ron Sharpe,D11,E11,F11,
59a6a80ce913c1ee51e35c213b85ca13bb78380df68a73fa1ceb164b84c647a6,2025-26,11,Max,9,Jock Landale,jocklandale,final,11,0,0,final_snapshot,Jock Landale,D12,E12,F12,FA-4 Kerry
59a6a80ce913c1ee51e35c213b85ca13bb78380df68a73fa1ceb164b84c647a6,2025-26,11,Max,9,Jerami Grant,jeramigrant,final,12,1,1,final_snapshot,Jerami Grant,D13,E13,F13,
59a6a80ce913c1ee51e35c213b85ca13bb78380df68a73fa1ceb164b84c647a6,2025-26,11,Max,9,Kristaps Porzingis,kristapsporzingis,final,13,19,1,final_snapshot,Kristaps Porzingis,D14,E14,F14,
59a6a80ce913c1ee51e35c213b85ca13bb78380df68a73fa1ceb164b84c647a6,2025-26,11,Max,9,Brice Sensabaugh,bricesensabaugh,final,14,1,1,final_snapshot,Brice Sensabaugh,D15,E15,F15,
59a6a80ce913c1ee51e35c213b85ca13bb78380df68a73fa1ceb164b84c647a6,2025-26,11,Max,9,Grayson Allen,graysonallen,final,15,1,1,final_snapshot,Grayson Allen,D16,E16,F16,FA-2 Ron
59a6a80ce913c1ee51e35c213b85ca13bb78380df68a73fa1ceb164b84c647a6,2025-26,11,Max,9,Caleb Love,caleblove,final,16,0,0,final_snapshot,Caleb Love,D17,E17,F17,
59a6a80ce913c1ee51e35c213b85ca13bb78380df68a73fa1ceb164b84c647a6,2025-26,11,Max,9,Jalen Smith,jalensmith,final,17,0,0,final_snapshot,Jalen Smith,D18,E18,F18,
59a6a80ce913c1ee51e35c213b85ca13bb78380df68a73fa1ceb164b84c647a6,2025-26,11,Peter,3,Jamal Murray,jamalmurray,final,1,27,2,final_snapshot,Jamal Murray,D2,E2,F2,13.4 Alvin
59a6a80ce913c1ee51e35c213b85ca13bb78380df68a73fa1ceb164b84c647a6,2025-26,11,Peter,3,Kyle Filipowski,kylefilipowski,final,2,1,1,final_snapshot,Kyle Filipowski,D3,E3,F3,
59a6a80ce913c1ee51e35c213b85ca13bb78380df68a73fa1ceb164b84c647a6,2025-26,11,Peter,3,Stephen Curry,stephencurry,final,3,51,1,final_snapshot,Stephen Curry,D4,E4,F4,13.5 Alvin
59a6a80ce913c1ee51e35c213b85ca13bb78380df68a73fa1ceb164b84c647a6,2025-26,11,Peter,3,Jaylen Brown,jaylenbrown,final,4,33,1,final_snapshot,Jaylen Brown,D5,E5,F5,
59a6a80ce913c1ee51e35c213b85ca13bb78380df68a73fa1ceb164b84c647a6,2025-26,11,Peter,3,Rudy Gobert,rudygobert,final,5,16,1,final_snapshot,Rudy Gobert,D6,E6,F6,
59a6a80ce913c1ee51e35c213b85ca13bb78380df68a73fa1ceb164b84c647a6,2025-26,11,Peter,3,Zion Williamson,zionwilliamson,final,6,29,1,final_snapshot,Zion Williamson,D7,E7,F7,
59a6a80ce913c1ee51e35c213b85ca13bb78380df68a73fa1ceb164b84c647a6,2025-26,11,Peter,3,Kevin Durant,kevindurant,final,7,60,1,final_snapshot,Kevin Durant,D8,E8,F8,13.1 Graham
59a6a80ce913c1ee51e35c213b85ca13bb78380df68a73fa1ceb164b84c647a6,2025-26,11,Peter,3,Darius Garland,dariusgarland,final,8,17,1,final_snapshot,Darius Garland,D9,E9,F9,
59a6a80ce913c1ee51e35c213b85ca13bb78380df68a73fa1ceb164b84c647a6,2025-26,11,Peter,3,Jalen Williams,jalenwilliams,final,9,31,1,final_snapshot,Jalen Williams,D10,E10,F10,
59a6a80ce913c1ee51e35c213b85ca13bb78380df68a73fa1ceb164b84c647a6,2025-26,11,Peter,3,LeBron James,lebronjames,final,10,27,1,final_snapshot,LeBron James,D11,E11,F11,
59a6a80ce913c1ee51e35c213b85ca13bb78380df68a73fa1ceb164b84c647a6,2025-26,11,Peter,3,Austin Reaves,austinreaves,final,11,18,1,final_snapshot,Austin Reaves,D12,E12,F12,13.3 Graham
59a6a80ce913c1ee51e35c213b85ca13bb78380df68a73fa1ceb164b84c647a6,2025-26,11,Peter,3,Cooper Flagg,cooperflagg,final,12,37,1,final_snapshot,Cooper Flagg,D13,E13,F13,
59a6a80ce913c1ee51e35c213b85ca13bb78380df68a73fa1ceb164b84c647a6,2025-26,11,Peter,3,Donovan Clingan,donovanclingan,final,13,15,1,final_snapshot,Donovan Clingan,D14,E14,F14,
59a6a80ce913c1ee51e35c213b85ca13bb78380df68a73fa1ceb164b84c647a6,2025-26,11,Peter,3,Chet Holmgren,chetholmgren,final,14,18,1,final_snapshot,Chet Holmgren,D15,E15,F15,13.2 Alvin
59a6a80ce913c1ee51e35c213b85ca13bb78380df68a73fa1ceb164b84c647a6,2025-26,11,Peter,3,Kon Knueppel,konknueppel,final,15,4,1,final_snapshot,Kon Knueppel,D16,E16,F16,
59a6a80ce913c1ee51e35c213b85ca13bb78380df68a73fa1ceb164b84c647a6,2025-26,11,Peter,3,Cade Cunningham,cadecunningham,final,16,36,1,final_snapshot,Cade Cunningham,D17,E17,F17,13.6 Alvin
59a6a80ce913c1ee51e35c213b85ca13bb78380df68a73fa1ceb164b84c647a6,2025-26,11,Peter,3,Maxime Raynaud,maximeraynaud,final,17,0,0,final_snapshot,Maxime Raynaud,D18,E18,F18,
59a6a80ce913c1ee51e35c213b85ca13bb78380df68a73fa1ceb164b84c647a6,2025-26,11,Ron,7,Cade Cunningham,cadecunningham,final,1,36,2,final_snapshot,Cade Cunningham,D2,E2,F2,9.2 Peter
59a6a80ce913c1ee51e35c213b85ca13bb78380df68a73fa1ceb164b84c647a6,2025-26,11,Ron,7,Jalen Williams,jalenwilliams,final,2,31,3,final_snapshot,Jalen Williams,D3,E3,F3,FA-2 Peter
59a6a80ce913c1ee51e35c213b85ca13bb78380df68a73fa1ceb164b84c647a6,2025-26,11,Ron,7,Anthony Edwards,anthonyedwards,final,3,45,1,final_snapshot,Anthony Edwards,D4,E4,F4,9.1 Graham
59a6a80ce913c1ee51e35c213b85ca13bb78380df68a73fa1ceb164b84c647a6,2025-26,11,Ron,7,Mark Williams,markwilliams,final,4,10,1,final_snapshot,Mark Williams,D5,E5,F5,
59a6a80ce913c1ee51e35c213b85ca13bb78380df68a73fa1ceb164b84c647a6,2025-26,11,Ron,7,Alex Sarr,alexsarr,final,5,16,1,final_snapshot,Alex Sarr,D6,E6,F6,
59a6a80ce913c1ee51e35c213b85ca13bb78380df68a73fa1ceb164b84c647a6,2025-26,11,Ron,7,Nickeil Alexander-Walker,nickeilalexanderwalker,final,6,4,1,final_snapshot,Nickeil Alexander-Walker,D7,E7,F7,FA-1 Arthur
59a6a80ce913c1ee51e35c213b85ca13bb78380df68a73fa1ceb164b84c647a6,2025-26,11,Ron,7,Jalen Brunson,jalenbrunson,final,7,45,1,final_snapshot,Jalen Brunson,D8,E8,F8,9.3 Kerry
59a6a80ce913c1ee51e35c213b85ca13bb78380df68a73fa1ceb164b84c647a6,2025-26,11,Ron,7,Grayson Allen,graysonallen,final,8,1,1,final_snapshot,Grayson Allen,D9,E9,F9,
59a6a80ce913c1ee51e35c213b85ca13bb78380df68a73fa1ceb164b84c647a6,2025-26,11,Ron,7,Deni Avdija,deniavdija,final,9,23,1,final_snapshot,Deni Avdija,D10,E10,F10,FA-3 Alvin
59a6a80ce913c1ee51e35c213b85ca13bb78380df68a73fa1ceb164b84c647a6,2025-26,11,Ron,7,Donte DiVincenzo,dontedivincenzo,final,10,4,1,final_snapshot,Donte DiVincenzo,D11,E11,F11,
59a6a80ce913c1ee51e35c213b85ca13bb78380df68a73fa1ceb164b84c647a6,2025-26,11,Ron,7,Immanuel Quickley,immanuelquickley,final,11,7,1,final_snapshot,Immanuel Quickley,D12,E12,F12,9.6 Darren
59a6a80ce913c1ee51e35c213b85ca13bb78380df68a73fa1ceb164b84c647a6,2025-26,11,Ron,7,Myles Turner,mylesturner,final,12,34,1,final_snapshot,Myles Turner,D13,E13,F13,9.5 Peter
59a6a80ce913c1ee51e35c213b85ca13bb78380df68a73fa1ceb164b84c647a6,2025-26,11,Ron,7,Kyshawn George,kyshawngeorge,final,13,1,1,final_snapshot,Kyshawn George,D14,E14,F14,
59a6a80ce913c1ee51e35c213b85ca13bb78380df68a73fa1ceb164b84c647a6,2025-26,11,Ron,7,Dylan Harper,dylanharper,final,14,3,1,final_snapshot,Dylan Harper,D15,E15,F15,
59a6a80ce913c1ee51e35c213b85ca13bb78380df68a73fa1ceb164b84c647a6,2025-26,11,Ron,7,Ryan Rollins,ryanrollins,final,15,0,0,final_snapshot,Ryan Rollins,D16,E16,F16,9.4 Darren
59a6a80ce913c1ee51e35c213b85ca13bb78380df68a73fa1ceb164b84c647a6,2025-26,11,Ron,7,Saddiq Bey,saddiqbey,final,16,0,0,final_snapshot,Saddiq Bey,D17,E17,F17,9.7 DArren
59a6a80ce913c1ee51e35c213b85ca13bb78380df68a73fa1ceb164b84c647a6,2024-25,10,Alvin,1,Nikola Jokic,nikolajokic,final,1,84,1,final_snapshot,Nikola Jokic,D21,E21,F21,
59a6a80ce913c1ee51e35c213b85ca13bb78380df68a73fa1ceb164b84c647a6,2024-25,10,Alvin,1,Jaren Jackson Jr,jarenjacksonjr,final,2,13,3,final_snapshot,Jaren Jackson Jr,D22,E22,F22,
59a6a80ce913c1ee51e35c213b85ca13bb78380df68a73fa1ceb164b84c647a6,2024-25,10,Alvin,1,Luka Doncic,lukadoncic,final,3,65,1,final_snapshot,Luka Doncic,D23,E23,F23,
59a6a80ce913c1ee51e35c213b85ca13bb78380df68a73fa1ceb164b84c647a6,2024-25,10,Alvin,1,Anthony Davis,anthonydavis,final,4,45,1,final_snapshot,Anthony Davis,D24,E24,F24,
59a6a80ce913c1ee51e35c213b85ca13bb78380df68a73fa1ceb164b84c647a6,2024-25,10,Alvin,1,Zach LaVine,zachlavine,final,5,24,1,final_snapshot,Zach LaVine,D25,E25,F25,
59a6a80ce913c1ee51e35c213b85ca13bb78380df68a73fa1ceb164b84c647a6,2024-25,10,Alvin,1,Karl-Anthony Towns,karlanthonytowns,final,6,45,1,final_snapshot,Karl-Anthony  Towns,D26,E26,F26,
59a6a80ce913c1ee51e35c213b85ca13bb78380df68a73fa1ceb164b84c647a6,2024-25,10,Alvin,1,Tyler Herro,tylerherro,final,7,13,1,final_snapshot,Tyler Herro,D27,E27,F27,
59a6a80ce913c1ee51e35c213b85ca13bb78380df68a73fa1ceb164b84c647a6,2024-25,10,Alvin,1,Jayson Tatum,jaysontatum,final,8,35,1,final_snapshot,Jayson Tatum,D28,E28,F28,
59a6a80ce913c1ee51e35c213b85ca13bb78380df68a73fa1ceb164b84c647a6,2024-25,10,Alvin,1,Domantas Sabonis,domantassabonis,final,9,45,1,final_snapshot,Domantas Sabonis,D29,E29,F29,
59a6a80ce913c1ee51e35c213b85ca13bb78380df68a73fa1ceb164b84c647a6,2024-25,10,Alvin,1,Dyson Daniels,dysondaniels,final,10,1,1,final_snapshot,Dyson Daniels,D30,E30,F30,
59a6a80ce913c1ee51e35c213b85ca13bb78380df68a73fa1ceb164b84c647a6,2024-25,10,Alvin,1,Devin Booker,devinbooker,final,11,35,1,final_snapshot,Devin Booker,D31,E31,F31,
59a6a80ce913c1ee51e35c213b85ca13bb78380df68a73fa1ceb164b84c647a6,2024-25,10,Alvin,1,Brandon Ingram,brandoningram,final,12,15,1,final_snapshot,Brandon Ingram,D32,E32,F32,
59a6a80ce913c1ee51e35c213b85ca13bb78380df68a73fa1ceb164b84c647a6,2024-25,10,Alvin,1,Desmond Bane,desmondbane,final,13,13,1,final_snapshot,Desmond Bane,D33,E33,F33,
59a6a80ce913c1ee51e35c213b85ca13bb78380df68a73fa1ceb164b84c647a6,2024-25,10,Alvin,1,Kawhi Leonard,kawhileonard,final,14,22,1,final_snapshot,Kawhi Leonard,D34,E34,F34,
59a6a80ce913c1ee51e35c213b85ca13bb78380df68a73fa1ceb164b84c647a6,2024-25,10,Alvin,1,Stephen Curry,stephencurry,final,15,57,1,final_snapshot,Stephen Curry,D35,E35,F35,
59a6a80ce913c1ee51e35c213b85ca13bb78380df68a73fa1ceb164b84c647a6,2024-25,10,Alvin,1,James Harden,jamesharden,final,16,51,1,final_snapshot,James Harden,D36,E36,F36,
59a6a80ce913c1ee51e35c213b85ca13bb78380df68a73fa1ceb164b84c647a6,2024-25,10,Alvin,1,Coby White,cobywhite,final,17,12,1,final_snapshot,Coby White,D37,E37,F37,
59a6a80ce913c1ee51e35c213b85ca13bb78380df68a73fa1ceb164b84c647a6,2024-25,10,Arthur,6,Victor Wembanyama,victorwembanyama,final,1,40,2,final_snapshot,Victor Wembanyama,D21,E21,F21,
59a6a80ce913c1ee51e35c213b85ca13bb78380df68a73fa1ceb164b84c647a6,2024-25,10,Arthur,6,Tyrese Haliburton,tyresehaliburton,final,2,22,1,final_snapshot,Tyrese Haliburton,D22,E22,F22,10.2 Max
59a6a80ce913c1ee51e35c213b85ca13bb78380df68a73fa1ceb164b84c647a6,2024-25,10,Arthur,6,Jimmy Butler,jimmybutler,final,3,32,1,final_snapshot,Jimmy Butler III,D23,E23,F23,10.5 Alvin
59a6a80ce913c1ee51e35c213b85ca13bb78380df68a73fa1ceb164b84c647a6,2024-25,10,Arthur,6,Kyrie Irving,kyrieirving,final,4,42,1,final_snapshot,Kyrie Irving,D24,E24,F24,
59a6a80ce913c1ee51e35c213b85ca13bb78380df68a73fa1ceb164b84c647a6,2024-25,10,Arthur,6,Bam Adebayo,bamadebayo,final,5,32,1,final_snapshot,Bam Adebayo,D25,E25,F25,10.6 Max
59a6a80ce913c1ee51e35c213b85ca13bb78380df68a73fa1ceb164b84c647a6,2024-25,10,Arthur,6,Austin Reaves,austinreaves,final,6,15,1,final_snapshot,Austin Reaves,D26,E26,F26,10.9 Max
59a6a80ce913c1ee51e35c213b85ca13bb78380df68a73fa1ceb164b84c647a6,2024-25,10,Arthur,6,Desmond Bane,desmondbane,final,7,13,1,final_snapshot,Desmond Bane,D27,E27,F27,10.4 Darren
59a6a80ce913c1ee51e35c213b85ca13bb78380df68a73fa1ceb164b84c647a6,2024-25,10,Arthur,6,OG Anunoby,oganunoby,final,8,15,1,final_snapshot,OG Anunoby,D28,E28,F28,
59a6a80ce913c1ee51e35c213b85ca13bb78380df68a73fa1ceb164b84c647a6,2024-25,10,Arthur,6,Ivica Zubac,ivicazubac,final,9,15,1,final_snapshot,Ivica Zubac,D29,E29,F29,10.3 Peter
59a6a80ce913c1ee51e35c213b85ca13bb78380df68a73fa1ceb164b84c647a6,2024-25,10,Arthur,6,Malik Monk,malikmonk,final,10,2,1,final_snapshot,Malik Monk,D30,E30,F30,
59a6a80ce913c1ee51e35c213b85ca13bb78380df68a73fa1ceb164b84c647a6,2024-25,10,Arthur,6,Payton Pritchard,paytonpritchard,final,11,1,1,final_snapshot,Payton Pritchard,D31,E31,F31,
59a6a80ce913c1ee51e35c213b85ca13bb78380df68a73fa1ceb164b84c647a6,2024-25,10,Arthur,6,Deni Avdija,deniavdija,final,12,4,1,final_snapshot,Deni Avdija,D32,E32,F32,
59a6a80ce913c1ee51e35c213b85ca13bb78380df68a73fa1ceb164b84c647a6,2024-25,10,Arthur,6,Scoot Henderson,scoothenderson,final,13,1,1,final_snapshot,Scoot Henderson ,D33,E33,F33,
59a6a80ce913c1ee51e35c213b85ca13bb78380df68a73fa1ceb164b84c647a6,2024-25,10,Arthur,6,Domantas Sabonis,domantassabonis,final,14,45,1,final_snapshot,Domantas Sabonis,D34,E34,F34,10.8 Max
59a6a80ce913c1ee51e35c213b85ca13bb78380df68a73fa1ceb164b84c647a6,2024-25,10,Arthur,6,Mark Williams,markwilliams,final,15,8,1,final_snapshot,Mark Williams,D35,E35,F35,10.7 Peter
59a6a80ce913c1ee51e35c213b85ca13bb78380df68a73fa1ceb164b84c647a6,2024-25,10,Arthur,6,Chet Holmgren,chetholmgren,final,16,12,1,final_snapshot,Chet Holmgren,D36,E36,F36,10.1 Alvin
59a6a80ce913c1ee51e35c213b85ca13bb78380df68a73fa1ceb164b84c647a6,2024-25,10,Arthur,6,Kawhi Leonard,kawhileonard,final,17,22,1,final_snapshot,Kawhi Leonard,D37,E37,F37,10.10 Max
59a6a80ce913c1ee51e35c213b85ca13bb78380df68a73fa1ceb164b84c647a6,2024-25,10,Benji,14,John Collins,johncollins,final,1,12,1,final_snapshot,John Collins,D20,E20,F20,2.3 Graham
59a6a80ce913c1ee51e35c213b85ca13bb78380df68a73fa1ceb164b84c647a6,2024-25,10,Benji,14,Ja Morant,jamorant,final,2,20,2,final_snapshot,Ja Morant,D21,E21,F21,2.6 Peter
59a6a80ce913c1ee51e35c213b85ca13bb78380df68a73fa1ceb164b84c647a6,2024-25,10,Benji,14,CJ McCollum,cjmccollum,final,3,19,1,final_snapshot,CJ McCollum,D22,E22,F22,2.8 Darren
59a6a80ce913c1ee51e35c213b85ca13bb78380df68a73fa1ceb164b84c647a6,2024-25,10,Benji,14,Jrue Holiday,jrueholiday,final,4,16,1,final_snapshot,Jrue Holiday,D23,E23,F23,2.7 Jason
59a6a80ce913c1ee51e35c213b85ca13bb78380df68a73fa1ceb164b84c647a6,2024-25,10,Benji,14,Bam Adebayo,bamadebayo,final,5,32,1,final_snapshot,Bam Adebayo,D24,E24,F24,2.5 Josh
59a6a80ce913c1ee51e35c213b85ca13bb78380df68a73fa1ceb164b84c647a6,2024-25,10,Benji,14,Paolo Banchero,paolobanchero,final,6,27,1,final_snapshot,Paolo Banchero,D25,E25,F25,2.10 Jason
59a6a80ce913c1ee51e35c213b85ca13bb78380df68a73fa1ceb164b84c647a6,2024-25,10,Benji,14,Zach Edey,zachedey,final,7,15,1,final_snapshot,Zach Edey,D26,E26,F26,2.12 Jason
59a6a80ce913c1ee51e35c213b85ca13bb78380df68a73fa1ceb164b84c647a6,2024-25,10,Benji,14,OG Anunoby,oganunoby,final,8,15,1,final_snapshot,OG Anunoby,D27,E27,F27,2.2 Ian
59a6a80ce913c1ee51e35c213b85ca13bb78380df68a73fa1ceb164b84c647a6,2024-25,10,Benji,14,Brook Lopez,brooklopez,final,9,24,1,final_snapshot,Brook Lopez,D28,E28,F28,2.4 Alvin
59a6a80ce913c1ee51e35c213b85ca13bb78380df68a73fa1ceb164b84c647a6,2024-25,10,Benji,14,Wendell Carter Jr.,wendellcarterjr,final,10,4,1,final_snapshot,Wendell Carter Jr.,D29,E29,F29,
59a6a80ce913c1ee51e35c213b85ca13bb78380df68a73fa1ceb164b84c647a6,2024-25,10,Benji,14,Donovan Mitchell,donovanmitchell,final,11,34,1,final_snapshot,Donovan Mitchell,D30,E30,F30,2.1 Isaac
59a6a80ce913c1ee51e35c213b85ca13bb78380df68a73fa1ceb164b84c647a6,2024-25,10,Benji,14,Luguentz Dort,luguentzdort,final,12,1,1,final_snapshot,Luguentz Dort,D31,E31,F31,2.11 Darren
59a6a80ce913c1ee51e35c213b85ca13bb78380df68a73fa1ceb164b84c647a6,2024-25,10,Benji,14,Kevin Huerter,kevinhuerter,final,13,1,1,final_snapshot,Kevin Huerter,D32,E32,F32,
59a6a80ce913c1ee51e35c213b85ca13bb78380df68a73fa1ceb164b84c647a6,2024-25,10,Benji,14,Malik Beasley,malikbeasley,final,14,0,0,final_snapshot,Malik Bealsey,D33,E33,F33,2.9 Isaac
59a6a80ce913c1ee51e35c213b85ca13bb78380df68a73fa1ceb164b84c647a6,2024-25,10,Benji,14,Ochai Agbaji,ochaiagbaji,final,15,0,0,final_snapshot,Ochai Agbaji,D34,E34,F34,2.13 Jason
59a6a80ce913c1ee51e35c213b85ca13bb78380df68a73fa1ceb164b84c647a6,2024-25,10,Benji,14,Onyeka Okongwu,onyekaokongwu,final,16,9,1,final_snapshot,Onyeka Okongwu,D35,E35,F35,FA-1 Arthur
59a6a80ce913c1ee51e35c213b85ca13bb78380df68a73fa1ceb164b84c647a6,2024-25,10,Benji,14,Quentin Grimes,quentingrimes,final,17,0,0,final_snapshot,Quentin Grimes,D36,E36,F36,
59a6a80ce913c1ee51e35c213b85ca13bb78380df68a73fa1ceb164b84c647a6,2024-25,10,Brent,7,James Harden,jamesharden,final,1,51,1,final_snapshot,James Harden,D21,E21,F21,9.1 Alvin
59a6a80ce913c1ee51e35c213b85ca13bb78380df68a73fa1ceb164b84c647a6,2024-25,10,Brent,7,Brandon Miller,brandonmiller,final,2,12,2,final_snapshot,Brandon Miller,D22,E22,F22,
59a6a80ce913c1ee51e35c213b85ca13bb78380df68a73fa1ceb164b84c647a6,2024-25,10,Brent,7,Jaylen Brown,jaylenbrown,final,3,31,1,final_snapshot,Jaylen Brown,D23,E23,F23,9.7 Darren
59a6a80ce913c1ee51e35c213b85ca13bb78380df68a73fa1ceb164b84c647a6,2024-25,10,Brent,7,Domantas Sabonis,domantassabonis,final,4,45,1,final_snapshot,Domantas Sabonis,D24,E24,F24,9.6 Arthur
59a6a80ce913c1ee51e35c213b85ca13bb78380df68a73fa1ceb164b84c647a6,2024-25,10,Brent,7,Evan Mobley,evanmobley,final,5,23,1,final_snapshot,Evan Mobley,D25,E25,F25,9.2 Max
59a6a80ce913c1ee51e35c213b85ca13bb78380df68a73fa1ceb164b84c647a6,2024-25,10,Brent,7,Brandon Ingram,brandoningram,final,6,15,1,final_snapshot,Brandon Ingram,D26,E26,F26,
59a6a80ce913c1ee51e35c213b85ca13bb78380df68a73fa1ceb164b84c647a6,2024-25,10,Brent,7,Rudy Gobert,rudygobert,final,7,20,1,final_snapshot,Rudy Gobert,D27,E27,F27,FA-1 Max
59a6a80ce913c1ee51e35c213b85ca13bb78380df68a73fa1ceb164b84c647a6,2024-25,10,Brent,7,Mark Williams,markwilliams,final,8,8,1,final_snapshot,Mark Williams,D28,E28,F28,
59a6a80ce913c1ee51e35c213b85ca13bb78380df68a73fa1ceb164b84c647a6,2024-25,10,Brent,7,Jakob Poeltl,jakobpoeltl,final,9,11,1,final_snapshot,Jakob Poeltl,D29,E29,F29,FA-2 Max
59a6a80ce913c1ee51e35c213b85ca13bb78380df68a73fa1ceb164b84c647a6,2024-25,10,Brent,7,Cameron Johnson,cameronjohnson,final,10,4,1,final_snapshot,Cameron Johnson,D30,E30,F30,9.8 Arthur
59a6a80ce913c1ee51e35c213b85ca13bb78380df68a73fa1ceb164b84c647a6,2024-25,10,Brent,7,Tobias Harris,tobiasharris,final,11,20,1,final_snapshot,Tobias Harris,D31,E31,F31,9.9 Darren
59a6a80ce913c1ee51e35c213b85ca13bb78380df68a73fa1ceb164b84c647a6,2024-25,10,Brent,7,Kristaps Porzingis,kristapsporzingis,final,12,14,1,final_snapshot,Kristaps Porzingis,D32,E32,F32,9.3 Pete
59a6a80ce913c1ee51e35c213b85ca13bb78380df68a73fa1ceb164b84c647a6,2024-25,10,Brent,7,Derrick White,derrickwhite,final,13,9,1,final_snapshot,Derrick White,D33,E33,F33,9.4 Darren
59a6a80ce913c1ee51e35c213b85ca13bb78380df68a73fa1ceb164b84c647a6,2024-25,10,Brent,7,Paolo Banchero,paolobanchero,final,14,27,1,final_snapshot,Paolo Banchero,D34,E34,F34,
59a6a80ce913c1ee51e35c213b85ca13bb78380df68a73fa1ceb164b84c647a6,2024-25,10,Brent,7,Scottie Barnes,scottiebarnes,final,15,20,1,final_snapshot,Scottie Barnes,D35,E35,F35,9.5 Ron
59a6a80ce913c1ee51e35c213b85ca13bb78380df68a73fa1ceb164b84c647a6,2024-25,10,Brent,7,OG Anunoby,oganunoby,final,16,15,1,final_snapshot,OG Anunoby,D36,E36,F36,9.10 Arthur
59a6a80ce913c1ee51e35c213b85ca13bb78380df68a73fa1ceb164b84c647a6,2024-25,10,Brent,7,Isaiah Collier,isaiahcollier,final,17,0,0,final_snapshot,Isaiah Collier,D37,E37,F37,
59a6a80ce913c1ee51e35c213b85ca13bb78380df68a73fa1ceb164b84c647a6,2024-25,10,Darren,5,Anthony Davis,anthonydavis,final,1,45,2,final_snapshot,Anthony Davis,D21,E21,F21,
59a6a80ce913c1ee51e35c213b85ca13bb78380df68a73fa1ceb164b84c647a6,2024-25,10,Darren,5,Tyrese Maxey,tyresemaxey,final,2,26,3,final_snapshot,Tyrese Maxey,D22,E22,F22,FA-1 Peter
59a6a80ce913c1ee51e35c213b85ca13bb78380df68a73fa1ceb164b84c647a6,2024-25,10,Darren,5,DeMar DeRozan,demarderozan,final,3,28,1,final_snapshot,DeMar DeRozan,D23,E23,F23,11.2 Peter
59a6a80ce913c1ee51e35c213b85ca13bb78380df68a73fa1ceb164b84c647a6,2024-25,10,Darren,5,Jalen Johnson,jalenjohnson,final,4,33,1,final_snapshot,Jalen Johnson,D24,E24,F24,
59a6a80ce913c1ee51e35c213b85ca13bb78380df68a73fa1ceb164b84c647a6,2024-25,10,Darren,5,Anfernee Simons,anferneesimons,final,5,17,1,final_snapshot,Anfernee Simons,D25,E25,F25,
59a6a80ce913c1ee51e35c213b85ca13bb78380df68a73fa1ceb164b84c647a6,2024-25,10,Darren,5,Desmond Bane,desmondbane,final,6,13,1,final_snapshot,Desmond Bane,D26,E26,F26,11.3 Max
59a6a80ce913c1ee51e35c213b85ca13bb78380df68a73fa1ceb164b84c647a6,2024-25,10,Darren,5,Michael Porter Jr.,michaelporterjr,final,7,15,1,final_snapshot,Michael Porter Jr,D27,E27,F27,
59a6a80ce913c1ee51e35c213b85ca13bb78380df68a73fa1ceb164b84c647a6,2024-25,10,Darren,5,Pascal Siakam,pascalsiakam,final,8,26,1,final_snapshot,Pascal Siakam,D28,E28,F28,11.4 Ron
59a6a80ce913c1ee51e35c213b85ca13bb78380df68a73fa1ceb164b84c647a6,2024-25,10,Darren,5,Derrick White,derrickwhite,final,9,9,1,final_snapshot,Derrick White,D29,E29,F29,11.5 Ron
59a6a80ce913c1ee51e35c213b85ca13bb78380df68a73fa1ceb164b84c647a6,2024-25,10,Darren,5,Jaylen Brown,jaylenbrown,final,10,31,1,final_snapshot,Jaylen Brown,D30,E30,F30,
59a6a80ce913c1ee51e35c213b85ca13bb78380df68a73fa1ceb164b84c647a6,2024-25,10,Darren,5,Anthony Edwards,anthonyedwards,final,11,30,1,final_snapshot,Anthony Edwards,D31,E31,F31,11.1 Ron
59a6a80ce913c1ee51e35c213b85ca13bb78380df68a73fa1ceb164b84c647a6,2024-25,10,Darren,5,CJ McCollum,cjmccollum,final,12,19,1,final_snapshot,CJ McCollum,D32,E32,F32,
59a6a80ce913c1ee51e35c213b85ca13bb78380df68a73fa1ceb164b84c647a6,2024-25,10,Darren,5,Donte DiVincenzo,dontedivincenzo,final,13,9,1,final_snapshot,Donte DiVincenzo,D33,E33,F33,
59a6a80ce913c1ee51e35c213b85ca13bb78380df68a73fa1ceb164b84c647a6,2024-25,10,Darren,5,Ausar Thompson,ausarthompson,final,14,2,1,final_snapshot,Ausar Thompson,D34,E34,F34,
59a6a80ce913c1ee51e35c213b85ca13bb78380df68a73fa1ceb164b84c647a6,2024-25,10,Darren,5,Jeremy Sochan,jeremysochan,final,15,3,1,final_snapshot,Jeremy Sochan,D35,E35,F35,
59a6a80ce913c1ee51e35c213b85ca13bb78380df68a73fa1ceb164b84c647a6,2024-25,10,Darren,5,Aaron Gordon,aarongordon,final,16,7,1,final_snapshot,Aaron Gordon,D36,E36,F36,
59a6a80ce913c1ee51e35c213b85ca13bb78380df68a73fa1ceb164b84c647a6,2024-25,10,Darren,5,Kris Dunn,krisdunn,final,17,0,0,final_snapshot,Kris Dunn,D37,E37,F37,
59a6a80ce913c1ee51e35c213b85ca13bb78380df68a73fa1ceb164b84c647a6,2024-25,10,Graham,9,Shai Gilgeous-Alexander,shaigilgeousalexander,final,1,34,3,final_snapshot,Shai Gilgeous-Alexander,D20,E20,F20,7.1 Ron
59a6a80ce913c1ee51e35c213b85ca13bb78380df68a73fa1ceb164b84c647a6,2024-25,10,Graham,9,Derrick White,derrickwhite,final,2,9,2,final_snapshot,Derrick White,D21,E21,F21,7.6 Brent
59a6a80ce913c1ee51e35c213b85ca13bb78380df68a73fa1ceb164b84c647a6,2024-25,10,Graham,9,Giannis Antetokounmpo,giannisantetokounmpo,final,3,60,1,final_snapshot,Giannis Antetokounmpo,D22,E22,F22,7.2 Peter
59a6a80ce913c1ee51e35c213b85ca13bb78380df68a73fa1ceb164b84c647a6,2024-25,10,Graham,9,Stephen Curry,stephencurry,final,4,57,1,final_snapshot,Stephen Curry,D23,E23,F23,1.0
59a6a80ce913c1ee51e35c213b85ca13bb78380df68a73fa1ceb164b84c647a6,2024-25,10,Graham,9,Pascal Siakam,pascalsiakam,final,5,26,1,final_snapshot,Pascal Siakam,D24,E24,F24,7.4 Darren
59a6a80ce913c1ee51e35c213b85ca13bb78380df68a73fa1ceb164b84c647a6,2024-25,10,Graham,9,Deandre Ayton,deandreayton,final,6,28,1,final_snapshot,Deandre Ayton,D25,E25,F25,7.7 Ron
59a6a80ce913c1ee51e35c213b85ca13bb78380df68a73fa1ceb164b84c647a6,2024-25,10,Graham,9,Tyus Jones,tyusjones,final,7,8,1,final_snapshot,Tyus Jones,D26,E26,F26,FA-1 Alvin
59a6a80ce913c1ee51e35c213b85ca13bb78380df68a73fa1ceb164b84c647a6,2024-25,10,Graham,9,John Collins,johncollins,final,8,12,1,final_snapshot,John Collins,D27,E27,F27,FA-2 Alvin
59a6a80ce913c1ee51e35c213b85ca13bb78380df68a73fa1ceb164b84c647a6,2024-25,10,Graham,9,Luguentz Dort,luguentzdort,final,9,1,1,final_snapshot,Luguentz Dort,D28,E28,F28,
59a6a80ce913c1ee51e35c213b85ca13bb78380df68a73fa1ceb164b84c647a6,2024-25,10,Graham,9,Jerami Grant,jeramigrant,final,10,11,1,final_snapshot,Jerami Grant,D29,E29,F29,
59a6a80ce913c1ee51e35c213b85ca13bb78380df68a73fa1ceb164b84c647a6,2024-25,10,Graham,9,Nic Claxton,nicclaxton,final,11,20,1,final_snapshot,Nic Claxton,D30,E30,F30,
59a6a80ce913c1ee51e35c213b85ca13bb78380df68a73fa1ceb164b84c647a6,2024-25,10,Graham,9,Joel Embiid,joelembiid,final,12,59,2,final_snapshot,Joel Embiid,D31,E31,F31,7.5 Arthur
59a6a80ce913c1ee51e35c213b85ca13bb78380df68a73fa1ceb164b84c647a6,2024-25,10,Graham,9,Payton Pritchard,paytonpritchard,final,13,1,1,final_snapshot,Payton Pritchard,D32,E32,F32,7.8 Arthur
59a6a80ce913c1ee51e35c213b85ca13bb78380df68a73fa1ceb164b84c647a6,2024-25,10,Graham,9,Kyshawn George,kyshawngeorge,final,14,0,0,final_snapshot,Kyshawn George,D33,E33,F33,
59a6a80ce913c1ee51e35c213b85ca13bb78380df68a73fa1ceb164b84c647a6,2024-25,10,Ian,8,Karl-Anthony Towns,karlanthonytowns,final,1,45,2,final_snapshot,Karl-Anthony Towns,D20,E20,F20,8.1 Max
59a6a80ce913c1ee51e35c213b85ca13bb78380df68a73fa1ceb164b84c647a6,2024-25,10,Ian,8,Chet Holmgren,chetholmgren,final,2,12,3,final_snapshot,Chet Holmgren,D21,E21,F21,8.6 Arthur
59a6a80ce913c1ee51e35c213b85ca13bb78380df68a73fa1ceb164b84c647a6,2024-25,10,Ian,8,De'Aaron Fox,deaaronfox,final,3,40,1,final_snapshot,De'Aaron Fox,D22,E22,F22,8.2 Peter
59a6a80ce913c1ee51e35c213b85ca13bb78380df68a73fa1ceb164b84c647a6,2024-25,10,Ian,8,Alperen Sengun,alperensengun,final,4,40,1,final_snapshot,Alperen Sengun,D23,E23,F23,8.4 Ron
59a6a80ce913c1ee51e35c213b85ca13bb78380df68a73fa1ceb164b84c647a6,2024-25,10,Ian,8,Dejounte Murray,dejountemurray,final,5,33,1,final_snapshot,Dejounte Murray,D24,E24,F24,
59a6a80ce913c1ee51e35c213b85ca13bb78380df68a73fa1ceb164b84c647a6,2024-25,10,Ian,8,Aaron Gordon,aarongordon,final,6,17,1,final_snapshot,Aaron Gordon,D25,E25,F25,
59a6a80ce913c1ee51e35c213b85ca13bb78380df68a73fa1ceb164b84c647a6,2024-25,10,Ian,8,OG Anunoby,oganunoby,final,7,15,1,final_snapshot,OG Anunoby,D26,E26,F26,8.5 Brent
59a6a80ce913c1ee51e35c213b85ca13bb78380df68a73fa1ceb164b84c647a6,2024-25,10,Ian,8,Jakob Poeltl,jakobpoeltl,final,8,11,1,final_snapshot,Jakob Poeltl,D27,E27,F27,8.7 Brent
59a6a80ce913c1ee51e35c213b85ca13bb78380df68a73fa1ceb164b84c647a6,2024-25,10,Ian,8,Kelly Oubre Jr.,kellyoubrejr,final,9,2,1,final_snapshot,Kelly Oubre Jr,D28,E28,F28,
59a6a80ce913c1ee51e35c213b85ca13bb78380df68a73fa1ceb164b84c647a6,2024-25,10,Ian,8,Julius Randle,juliusrandle,final,10,19,1,final_snapshot,Julius Randle,D29,E29,F29,FA-2 Alvin
59a6a80ce913c1ee51e35c213b85ca13bb78380df68a73fa1ceb164b84c647a6,2024-25,10,Ian,8,Russell Westbrook,russellwestbrook,final,11,2,1,final_snapshot,Russell Westbrook,D30,E30,F30,
59a6a80ce913c1ee51e35c213b85ca13bb78380df68a73fa1ceb164b84c647a6,2024-25,10,Ian,8,Collin Sexton,collinsexton,final,12,12,1,final_snapshot,Collin Sexton,D31,E31,F31,8.3 Darren
59a6a80ce913c1ee51e35c213b85ca13bb78380df68a73fa1ceb164b84c647a6,2024-25,10,Ian,8,Gradey Dick,gradeydick,final,13,1,1,final_snapshot,Gradey Dick,D32,E32,F32,
59a6a80ce913c1ee51e35c213b85ca13bb78380df68a73fa1ceb164b84c647a6,2024-25,10,Ian,8,Tobias Harris,tobiasharris,final,14,20,1,final_snapshot,Tobias Harris,D33,E33,F33,
59a6a80ce913c1ee51e35c213b85ca13bb78380df68a73fa1ceb164b84c647a6,2024-25,10,Ian,8,Jaime Jaquez Jr,jaimejaquezjr,final,15,8,1,final_snapshot,Jaime Jacquez Jr,D34,E34,F34,
59a6a80ce913c1ee51e35c213b85ca13bb78380df68a73fa1ceb164b84c647a6,2024-25,10,Ian,8,Malik Beasley,malikbeasley,final,16,0,0,final_snapshot,Malik Beasley,D35,E35,F35,FA-1 Peter
59a6a80ce913c1ee51e35c213b85ca13bb78380df68a73fa1ceb164b84c647a6,2024-25,10,Isaac,11,LeBron James,lebronjames,final,1,34,2,final_snapshot,LeBron James,D20,E20,F20,5.3 Peter
59a6a80ce913c1ee51e35c213b85ca13bb78380df68a73fa1ceb164b84c647a6,2024-25,10,Isaac,11,Austin Reaves,austinreaves,final,2,15,2,final_snapshot,Austin Reaves,D21,E21,F21,5.9 Arthur
59a6a80ce913c1ee51e35c213b85ca13bb78380df68a73fa1ceb164b84c647a6,2024-25,10,Isaac,11,Donovan Mitchell,donovanmitchell,final,3,34,1,final_snapshot,Donovan Mitchell,D22,E22,F22,5.2 Graham
59a6a80ce913c1ee51e35c213b85ca13bb78380df68a73fa1ceb164b84c647a6,2024-25,10,Isaac,11,James Harden,jamesharden,final,4,51,1,final_snapshot,James Harden,D23,E23,F23,5.1 Brent
59a6a80ce913c1ee51e35c213b85ca13bb78380df68a73fa1ceb164b84c647a6,2024-25,10,Isaac,11,Rudy Gobert,rudygobert,final,5,20,1,final_snapshot,Rudy Gobert,D24,E24,F24,5.7 Brent
59a6a80ce913c1ee51e35c213b85ca13bb78380df68a73fa1ceb164b84c647a6,2024-25,10,Isaac,11,Julius Randle,juliusrandle,final,6,19,1,final_snapshot,Julius Randle,D25,E25,F25,5.4 Jason
59a6a80ce913c1ee51e35c213b85ca13bb78380df68a73fa1ceb164b84c647a6,2024-25,10,Isaac,11,Bam Adebayo,bamadebayo,final,7,32,1,final_snapshot,Bam Adebayo,D26,E26,F26,5.5 Arthur
59a6a80ce913c1ee51e35c213b85ca13bb78380df68a73fa1ceb164b84c647a6,2024-25,10,Isaac,11,Bradley Beal,bradleybeal,final,8,16,1,final_snapshot,Bradley Beal,D27,E27,F27,5.8 Peter
59a6a80ce913c1ee51e35c213b85ca13bb78380df68a73fa1ceb164b84c647a6,2024-25,10,Isaac,11,Malik Beasley,malikbeasley,final,9,0,0,final_snapshot,Malik Beasley,D28,E28,F28,5.6 Ian
59a6a80ce913c1ee51e35c213b85ca13bb78380df68a73fa1ceb164b84c647a6,2024-25,10,Isaac,11,Bobby Portis,bobbyportis,final,10,6,1,final_snapshot,Bobby Portis,D29,E29,F29,5.10 Peter
59a6a80ce913c1ee51e35c213b85ca13bb78380df68a73fa1ceb164b84c647a6,2024-25,10,Isaac,11,Dillon Brooks,dillonbrooks,final,11,1,1,final_snapshot,Dillon Brooks,D30,E30,F30,
59a6a80ce913c1ee51e35c213b85ca13bb78380df68a73fa1ceb164b84c647a6,2024-25,10,Isaac,11,Kevin Huerter,kevinhuerter,final,12,1,1,final_snapshot,Kevin Huerter,D31,E31,F31,
59a6a80ce913c1ee51e35c213b85ca13bb78380df68a73fa1ceb164b84c647a6,2024-25,10,Isaac,11,Peyton Watson,peytonwatson,final,13,0,0,final_snapshot,Peyton Watson,D32,E32,F32,
59a6a80ce913c1ee51e35c213b85ca13bb78380df68a73fa1ceb164b84c647a6,2024-25,10,Isaac,11,Julian Strawther,julianstrawther,final,14,0,0,final_snapshot,Julian Strawther,D33,E33,F33,
59a6a80ce913c1ee51e35c213b85ca13bb78380df68a73fa1ceb164b84c647a6,2024-25,10,Isaac,11,Jordan Hawkins,jordanhawkins,final,15,0,0,final_snapshot,Jordan Hawkins,D34,E34,F34,
59a6a80ce913c1ee51e35c213b85ca13bb78380df68a73fa1ceb164b84c647a6,2024-25,10,Jason,10,Anthony Edwards,anthonyedwards,final,1,30,5,final_snapshot,Anthony Edwards,D20,E20,F20,6.2 Darren
59a6a80ce913c1ee51e35c213b85ca13bb78380df68a73fa1ceb164b84c647a6,2024-25,10,Jason,10,Lauri Markkanen,laurimarkkanen,final,2,14,2,final_snapshot,Lauri Markkanen,D21,E21,F21,6.7 Arthur
59a6a80ce913c1ee51e35c213b85ca13bb78380df68a73fa1ceb164b84c647a6,2024-25,10,Jason,10,Kevin Durant,kevindurant,final,3,59,1,final_snapshot,Kevin Durant,D22,E22,F22,6.1 Alvin
59a6a80ce913c1ee51e35c213b85ca13bb78380df68a73fa1ceb164b84c647a6,2024-25,10,Jason,10,Myles Turner,mylesturner,final,4,40,1,final_snapshot,Myles Turner,D23,E23,F23,6.3 Max
59a6a80ce913c1ee51e35c213b85ca13bb78380df68a73fa1ceb164b84c647a6,2024-25,10,Jason,10,Julius Randle,juliusrandle,final,5,19,1,final_snapshot,Julius Randle,D24,E24,F24,6.5 Ian
59a6a80ce913c1ee51e35c213b85ca13bb78380df68a73fa1ceb164b84c647a6,2024-25,10,Jason,10,Dennis Schroder,dennisschroder,final,6,5,1,final_snapshot,Dennis Schroder,D25,E25,F25,
59a6a80ce913c1ee51e35c213b85ca13bb78380df68a73fa1ceb164b84c647a6,2024-25,10,Jason,10,Daniel Gafford,danielgafford,final,7,17,1,final_snapshot,Daniel Gafford,D26,E26,F26,FA-3 Peter
59a6a80ce913c1ee51e35c213b85ca13bb78380df68a73fa1ceb164b84c647a6,2024-25,10,Jason,10,Tyus Jones,tyusjones,final,8,8,1,final_snapshot,Tyus Jones,D27,E27,F27,6.8 Graham
59a6a80ce913c1ee51e35c213b85ca13bb78380df68a73fa1ceb164b84c647a6,2024-25,10,Jason,10,Keon Ellis,keonellis,final,9,1,1,final_snapshot,Keon Ellis,D28,E28,F28,
59a6a80ce913c1ee51e35c213b85ca13bb78380df68a73fa1ceb164b84c647a6,2024-25,10,Jason,10,Yves Missi,yvesmissi,final,10,1,1,final_snapshot,Yves Missi,D29,E29,F29,6.9 Ian
59a6a80ce913c1ee51e35c213b85ca13bb78380df68a73fa1ceb164b84c647a6,2024-25,10,Jason,10,Joel Embiid,joelembiid,final,11,59,1,final_snapshot,Joel Embiid,D30,E30,F30,6.4 Graham
59a6a80ce913c1ee51e35c213b85ca13bb78380df68a73fa1ceb164b84c647a6,2024-25,10,Jason,10,Zach Edey,zachedey,final,12,15,1,final_snapshot,Zach Edey,D31,E31,F31,FA-1 Peter
59a6a80ce913c1ee51e35c213b85ca13bb78380df68a73fa1ceb164b84c647a6,2024-25,10,Jason,10,Kristaps Porzingis,kristapsporzingis,final,13,14,1,final_snapshot,Kristaps Porzingis,D32,E32,F32,6.6 Brent
59a6a80ce913c1ee51e35c213b85ca13bb78380df68a73fa1ceb164b84c647a6,2024-25,10,Jason,10,Paolo Banchero,paolobanchero,final,14,27,1,final_snapshot,Paolo Banchero,D33,E33,F33,6.10 Brent
59a6a80ce913c1ee51e35c213b85ca13bb78380df68a73fa1ceb164b84c647a6,2024-25,10,Jason,10,Toumani Camara,toumanicamara,final,15,0,0,final_snapshot,Toumani Camara,D34,E34,F34,
59a6a80ce913c1ee51e35c213b85ca13bb78380df68a73fa1ceb164b84c647a6,2024-25,10,Jason,10,Max Christie,maxchristie,final,16,0,0,final_snapshot,Max Christie,D35,E35,F35,FA-2 Arthur
59a6a80ce913c1ee51e35c213b85ca13bb78380df68a73fa1ceb164b84c647a6,2024-25,10,Joe,15,Donovan Mitchell,donovanmitchell,final,1,34,4,final_snapshot,Donovan Mitchell,D20,E20,F20,1.1 Benji
59a6a80ce913c1ee51e35c213b85ca13bb78380df68a73fa1ceb164b84c647a6,2024-25,10,Joe,15,Immanuel Quickley,immanuelquickley,final,2,4,2,final_snapshot,Immanuel Quickley,D21,E21,F21,1.7 Arthur
59a6a80ce913c1ee51e35c213b85ca13bb78380df68a73fa1ceb164b84c647a6,2024-25,10,Joe,15,Damian Lillard,damianlillard,final,3,46,1,final_snapshot,Damian Lillard,D22,E22,F22,1.2 Peter
59a6a80ce913c1ee51e35c213b85ca13bb78380df68a73fa1ceb164b84c647a6,2024-25,10,Joe,15,Kristaps Porzingis,kristapsporzingis,final,4,14,1,final_snapshot,Kristaps Porzingis,D23,E23,F23,1.5 Jason
59a6a80ce913c1ee51e35c213b85ca13bb78380df68a73fa1ceb164b84c647a6,2024-25,10,Joe,15,Jonas Valanciunas,jonasvalanciunas,final,5,16,1,final_snapshot,Jonas Valanciunas,D24,E24,F24,1.4 Darren
59a6a80ce913c1ee51e35c213b85ca13bb78380df68a73fa1ceb164b84c647a6,2024-25,10,Joe,15,Tobias Harris,tobiasharris,final,6,20,1,final_snapshot,Tobias Harris,D25,E25,F25,1.3 Arthur
59a6a80ce913c1ee51e35c213b85ca13bb78380df68a73fa1ceb164b84c647a6,2024-25,10,Joe,15,D'Angelo Russell,dangelorussell,final,7,18,1,final_snapshot,D'Angelo Russell,D26,E26,F26,1.8 Darren
59a6a80ce913c1ee51e35c213b85ca13bb78380df68a73fa1ceb164b84c647a6,2024-25,10,Joe,15,Jabari Smith Jr.,jabarismithjr,final,8,12,1,final_snapshot,Jabari Smith Jr.,D27,E27,F27,1.10 Arthur
59a6a80ce913c1ee51e35c213b85ca13bb78380df68a73fa1ceb164b84c647a6,2024-25,10,Joe,15,Malachi Branham,malachibranham,final,9,0,0,final_snapshot,Malachi Branham,D28,E28,F28,
59a6a80ce913c1ee51e35c213b85ca13bb78380df68a73fa1ceb164b84c647a6,2024-25,10,Joe,15,Onyeka Okongwu,onyekaokongwu,final,10,9,1,final_snapshot,Onyeka Okongwu,D29,E29,F29,1.6 Benji
59a6a80ce913c1ee51e35c213b85ca13bb78380df68a73fa1ceb164b84c647a6,2024-25,10,Joe,15,Amir Coffey,amircoffey,final,11,0,0,final_snapshot,Amir Coffey,D30,E30,F30,
59a6a80ce913c1ee51e35c213b85ca13bb78380df68a73fa1ceb164b84c647a6,2024-25,10,Joe,15,Ayo Dosunmu,ayodosunmu,final,12,4,1,final_snapshot,Ayo Dosunmu,D31,E31,F31,1.11 Arthur
59a6a80ce913c1ee51e35c213b85ca13bb78380df68a73fa1ceb164b84c647a6,2024-25,10,Joe,15,Rui Hachimura,ruihachimura,final,13,7,1,final_snapshot,Rui Hachimura,D32,E32,F32,FA-1 Jason
59a6a80ce913c1ee51e35c213b85ca13bb78380df68a73fa1ceb164b84c647a6,2024-25,10,Joe,15,Cody Martin,codymartin,final,14,0,0,final_snapshot,Cody Martin,D33,E33,F33,
59a6a80ce913c1ee51e35c213b85ca13bb78380df68a73fa1ceb164b84c647a6,2024-25,10,Joe,15,Malik Beasley,malikbeasley,final,15,0,0,final_snapshot,Malik Beasley,D34,E34,F34,1.9 Benji
59a6a80ce913c1ee51e35c213b85ca13bb78380df68a73fa1ceb164b84c647a6,2024-25,10,Joe,15,Nickeil Alexander-Walker,nickeilalexanderwalker,final,16,1,1,final_snapshot,Nickeil Alexander-Walker,D35,E35,F35,1.12 Arthur
59a6a80ce913c1ee51e35c213b85ca13bb78380df68a73fa1ceb164b84c647a6,2024-25,10,Joe,15,Garrison Mathews,garrisonmathews,final,17,0,0,final_snapshot,Garrison Mathews,D36,E36,F36,
59a6a80ce913c1ee51e35c213b85ca13bb78380df68a73fa1ceb164b84c647a6,2024-25,10,Kerry,12,Jalen Brunson,jalenbrunson,final,1,31,3,final_snapshot,Jalen Brunson,D21,E21,F21,4.2 Ron
59a6a80ce913c1ee51e35c213b85ca13bb78380df68a73fa1ceb164b84c647a6,2024-25,10,Kerry,12,Desmond Bane,desmondbane,final,2,13,4,final_snapshot,Desmond Bane,D22,E22,F22,4.4 Arthur
59a6a80ce913c1ee51e35c213b85ca13bb78380df68a73fa1ceb164b84c647a6,2024-25,10,Kerry,12,Luka Doncic,lukadoncic,final,3,65,1,final_snapshot,Luka Doncic,D23,E23,F23,4.1 Max
59a6a80ce913c1ee51e35c213b85ca13bb78380df68a73fa1ceb164b84c647a6,2024-25,10,Kerry,12,Klay Thompson,klaythompson,final,4,10,1,final_snapshot,Klay Thompson,D24,E24,F24,4.11 Ron
59a6a80ce913c1ee51e35c213b85ca13bb78380df68a73fa1ceb164b84c647a6,2024-25,10,Kerry,12,Aaron Gordon,aarongordon,final,5,7,1,final_snapshot,Aaron Gordon,D25,E25,F25,4.9 Ian
59a6a80ce913c1ee51e35c213b85ca13bb78380df68a73fa1ceb164b84c647a6,2024-25,10,Kerry,12,Nic Claxton,nicclaxton,final,6,20,1,final_snapshot,Nic Claxton,D26,E26,F26,4.7 Ron
59a6a80ce913c1ee51e35c213b85ca13bb78380df68a73fa1ceb164b84c647a6,2024-25,10,Kerry,12,Dereck Lively II,derecklivelyii,final,7,11,1,final_snapshot,Dereck Lively II,D27,E27,F27,4.10 Max
59a6a80ce913c1ee51e35c213b85ca13bb78380df68a73fa1ceb164b84c647a6,2024-25,10,Kerry,12,Naz Reid,nazreid,final,8,12,1,final_snapshot,Naz Reid,D28,E28,F28,4.8 Arthur
59a6a80ce913c1ee51e35c213b85ca13bb78380df68a73fa1ceb164b84c647a6,2024-25,10,Kerry,12,Collin Sexton,collinsexton,final,9,12,1,final_snapshot,Collin Sexton,D29,E29,F29,4.5 Ian
59a6a80ce913c1ee51e35c213b85ca13bb78380df68a73fa1ceb164b84c647a6,2024-25,10,Kerry,12,Stephon Castle,stephoncastle,final,10,7,1,final_snapshot,Stephon Castle,D30,E30,F30,4.12 Ian
59a6a80ce913c1ee51e35c213b85ca13bb78380df68a73fa1ceb164b84c647a6,2024-25,10,Kerry,12,Norman Powell,normanpowell,final,11,3,1,final_snapshot,Norman Powell,D31,E31,F31,4.3 Darren
59a6a80ce913c1ee51e35c213b85ca13bb78380df68a73fa1ceb164b84c647a6,2024-25,10,Kerry,12,Franz Wagner,franzwagner,final,12,25,1,final_snapshot,Franz Wagner,D32,E32,F32,4.6 Max
59a6a80ce913c1ee51e35c213b85ca13bb78380df68a73fa1ceb164b84c647a6,2024-25,10,Kerry,12,Nick Richards,nickrichards,final,13,1,1,final_snapshot,Nick Richards,D33,E33,F33,4.13 Max
59a6a80ce913c1ee51e35c213b85ca13bb78380df68a73fa1ceb164b84c647a6,2024-25,10,Kerry,12,Obi Toppin,obitoppin,final,14,1,1,final_snapshot,Obi Toppin,D34,E34,F34,
59a6a80ce913c1ee51e35c213b85ca13bb78380df68a73fa1ceb164b84c647a6,2024-25,10,Kerry,12,Gary Trent Jr.,garytrentjr,final,15,1,1,final_snapshot,Gary Trent Jr,D35,E35,F35,
59a6a80ce913c1ee51e35c213b85ca13bb78380df68a73fa1ceb164b84c647a6,2024-25,10,Kerry,12,Alex Caruso,alexcaruso,final,16,6,1,final_snapshot,Alex Caruso,D36,E36,F36,4.14 Ron
59a6a80ce913c1ee51e35c213b85ca13bb78380df68a73fa1ceb164b84c647a6,2024-25,10,Kerry,12,Brandon Clarke,brandonclarke,final,17,0,0,final_snapshot,Brandon Clarke,D37,E37,F37,
59a6a80ce913c1ee51e35c213b85ca13bb78380df68a73fa1ceb164b84c647a6,2024-25,10,Mark,13,Fred VanVleet,fredvanvleet,final,1,34,2,final_snapshot,Fred VanVleet,D20,E20,F20,3.2 Arthur
59a6a80ce913c1ee51e35c213b85ca13bb78380df68a73fa1ceb164b84c647a6,2024-25,10,Mark,13,Franz Wagner,franzwagner,final,2,25,2,final_snapshot,Franz Wagner,D21,E21,F21,3.1 Kerry
59a6a80ce913c1ee51e35c213b85ca13bb78380df68a73fa1ceb164b84c647a6,2024-25,10,Mark,13,Joel Embiid,joelembiid,final,3,59,1,final_snapshot,Joel Embiid,D22,E22,F22,3.6 Jason
59a6a80ce913c1ee51e35c213b85ca13bb78380df68a73fa1ceb164b84c647a6,2024-25,10,Mark,13,Trey Murphy III,treymurphyiii,final,4,7,1,final_snapshot,Trey Murphy III,D23,E23,F23,3.9 Alvin
59a6a80ce913c1ee51e35c213b85ca13bb78380df68a73fa1ceb164b84c647a6,2024-25,10,Mark,13,Keyonte George,keyontegeorge,final,5,8,1,final_snapshot,Keyonte George,D24,E24,F24,FA-2 Max
59a6a80ce913c1ee51e35c213b85ca13bb78380df68a73fa1ceb164b84c647a6,2024-25,10,Mark,13,Amen Thompson,amenthompson,final,6,13,1,final_snapshot,Amen Thompson,D25,E25,F25,3.7 Alvin
59a6a80ce913c1ee51e35c213b85ca13bb78380df68a73fa1ceb164b84c647a6,2024-25,10,Mark,13,Cam Thomas,camthomas,final,7,16,1,final_snapshot,Cam Thomas,D26,E26,F26,3.8 Alvin
59a6a80ce913c1ee51e35c213b85ca13bb78380df68a73fa1ceb164b84c647a6,2024-25,10,Mark,13,Jakob Poeltl,jakobpoeltl,final,8,11,1,final_snapshot,Jakob Poeltl,D27,E27,F27,3.3 Ian
59a6a80ce913c1ee51e35c213b85ca13bb78380df68a73fa1ceb164b84c647a6,2024-25,10,Mark,13,Bam Adebayo,bamadebayo,final,9,32,1,final_snapshot,Bam Adebayo,D28,E28,F28,3.5 Isaac
59a6a80ce913c1ee51e35c213b85ca13bb78380df68a73fa1ceb164b84c647a6,2024-25,10,Mark,13,Sam Hauser,samhauser,final,10,1,1,final_snapshot,Sam Hauser,D29,E29,F29,
59a6a80ce913c1ee51e35c213b85ca13bb78380df68a73fa1ceb164b84c647a6,2024-25,10,Mark,13,Bilal Coulibaly,bilalcoulibaly,final,11,1,1,final_snapshot,Bilal Coulibaly,D30,E30,F30,FA-1 Darren
59a6a80ce913c1ee51e35c213b85ca13bb78380df68a73fa1ceb164b84c647a6,2024-25,10,Mark,13,Jeremy Sochan,jeremysochan,final,12,3,1,final_snapshot,Jeremy Sochan,D31,E31,F31,3.10 Alvin
59a6a80ce913c1ee51e35c213b85ca13bb78380df68a73fa1ceb164b84c647a6,2024-25,10,Mark,13,Caris LeVert,carislevert,final,13,1,1,final_snapshot,Caris LeVert,D32,E32,F32,FA-3 Graham
59a6a80ce913c1ee51e35c213b85ca13bb78380df68a73fa1ceb164b84c647a6,2024-25,10,Mark,13,Dyson Daniels,dysondaniels,final,14,1,1,final_snapshot,Dyson Daniels,D33,E33,F33,3.4 Alvin
59a6a80ce913c1ee51e35c213b85ca13bb78380df68a73fa1ceb164b84c647a6,2024-25,10,Mark,13,Ty Jerome,tyjerome,final,15,0,0,final_snapshot,Ty Jerome,D34,E34,F34,
59a6a80ce913c1ee51e35c213b85ca13bb78380df68a73fa1ceb164b84c647a6,2024-25,10,Mark,13,Cody Martin,codymartin,final,16,0,0,final_snapshot,Cody Martin,D35,E35,F35,
59a6a80ce913c1ee51e35c213b85ca13bb78380df68a73fa1ceb164b84c647a6,2024-25,10,Mark,13,Haywood Highsmith,haywoodhighsmith,final,17,0,0,final_snapshot,Haywood Highsmith,D36,E36,F36,
59a6a80ce913c1ee51e35c213b85ca13bb78380df68a73fa1ceb164b84c647a6,2024-25,10,Max,4,Devin Booker,devinbooker,final,1,35,4,final_snapshot,Devin Booker,D21,E21,F21,12.1 Peter
59a6a80ce913c1ee51e35c213b85ca13bb78380df68a73fa1ceb164b84c647a6,2024-25,10,Max,4,Miles Bridges,milesbridges,final,2,7,2,final_snapshot,Miles Bridges,D22,E22,F22,12.4 Peter
59a6a80ce913c1ee51e35c213b85ca13bb78380df68a73fa1ceb164b84c647a6,2024-25,10,Max,4,Nikola Jokic,nikolajokic,final,3,84,1,final_snapshot,Nikola Jokic,D23,E23,F23,12.2 Ron
59a6a80ce913c1ee51e35c213b85ca13bb78380df68a73fa1ceb164b84c647a6,2024-25,10,Max,4,Karl-Anthony Towns,karlanthonytowns,final,4,84,1,final_snapshot,Karl-Anthony Towns,D24,E24,F24,12.3 Alvin
59a6a80ce913c1ee51e35c213b85ca13bb78380df68a73fa1ceb164b84c647a6,2024-25,10,Max,4,Tyrese Haliburton,tyresehaliburton,final,5,22,1,final_snapshot,Tyrese Haliburton,D25,E25,F25,12.8 Ron
59a6a80ce913c1ee51e35c213b85ca13bb78380df68a73fa1ceb164b84c647a6,2024-25,10,Max,4,LeBron James,lebronjames,final,6,34,1,final_snapshot,LeBron James,D26,E26,F26,12.5 Ron
59a6a80ce913c1ee51e35c213b85ca13bb78380df68a73fa1ceb164b84c647a6,2024-25,10,Max,4,Evan Mobley,evanmobley,final,7,23,1,final_snapshot,Evan Mobley,D27,E27,F27,12.11 Ron
59a6a80ce913c1ee51e35c213b85ca13bb78380df68a73fa1ceb164b84c647a6,2024-25,10,Max,4,Josh Hart,joshhart,final,8,14,1,final_snapshot,Josh Hart,D28,E28,F28,
59a6a80ce913c1ee51e35c213b85ca13bb78380df68a73fa1ceb164b84c647a6,2024-25,10,Max,4,Bam Adebayo,bamadebayo,final,9,32,1,final_snapshot,Bam Adebayo,D29,E29,F29,
59a6a80ce913c1ee51e35c213b85ca13bb78380df68a73fa1ceb164b84c647a6,2024-25,10,Max,4,Austin Reaves,austinreaves,final,10,15,1,final_snapshot,Austin Reaves,D30,E30,F30,12.7 Peter
59a6a80ce913c1ee51e35c213b85ca13bb78380df68a73fa1ceb164b84c647a6,2024-25,10,Max,4,Christian Braun,christianbraun,final,11,1,1,final_snapshot,Christian Braun,D31,E31,F31,
59a6a80ce913c1ee51e35c213b85ca13bb78380df68a73fa1ceb164b84c647a6,2024-25,10,Max,4,Desmond Bane,desmondbane,final,12,13,1,final_snapshot,Desmond Bane,D32,E32,F32,12.10 Peter
59a6a80ce913c1ee51e35c213b85ca13bb78380df68a73fa1ceb164b84c647a6,2024-25,10,Max,4,Michael Porter Jr.,michaelporterjr,final,13,15,1,final_snapshot,Michael Porter Jr,D33,E33,F33,
59a6a80ce913c1ee51e35c213b85ca13bb78380df68a73fa1ceb164b84c647a6,2024-25,10,Max,4,Payton Pritchard,paytonpritchard,final,14,1,1,final_snapshot,Payton Pritchard,D34,E34,F34,
59a6a80ce913c1ee51e35c213b85ca13bb78380df68a73fa1ceb164b84c647a6,2024-25,10,Max,4,Luka Doncic,lukadoncic,final,15,65,1,final_snapshot,Luka Doncic,D35,E35,F35,12.6 Alvin
59a6a80ce913c1ee51e35c213b85ca13bb78380df68a73fa1ceb164b84c647a6,2024-25,10,Max,4,Kawhi Leonard,kawhileonard,final,16,22,1,final_snapshot,Kawhi Leonard,D36,E36,F36,12.9 Alvin
59a6a80ce913c1ee51e35c213b85ca13bb78380df68a73fa1ceb164b84c647a6,2024-25,10,Max,4,Toumani Camara,toumanicamara,final,17,0,0,final_snapshot,Toumani Camara,D37,E37,F37,
59a6a80ce913c1ee51e35c213b85ca13bb78380df68a73fa1ceb164b84c647a6,2024-25,10,Peter,2,Shai Gilgeous-Alexander,shaigilgeousalexander,final,1,34,1,final_snapshot,Shai Gilgeous-Alexander,D20,E20,F20,
59a6a80ce913c1ee51e35c213b85ca13bb78380df68a73fa1ceb164b84c647a6,2024-25,10,Peter,2,Tyrese Haliburton,tyresehaliburton,final,2,22,1,final_snapshot,Tyrese Haliburton,D21,E21,F21,
59a6a80ce913c1ee51e35c213b85ca13bb78380df68a73fa1ceb164b84c647a6,2024-25,10,Peter,2,Trae Young,traeyoung,final,3,49,1,final_snapshot,Trae Young,D22,E22,F22,
59a6a80ce913c1ee51e35c213b85ca13bb78380df68a73fa1ceb164b84c647a6,2024-25,10,Peter,2,Nikola Vucevic,nikolavucevic,final,4,24,1,final_snapshot,Nikola Vucevic,D23,E23,F23,
59a6a80ce913c1ee51e35c213b85ca13bb78380df68a73fa1ceb164b84c647a6,2024-25,10,Peter,2,Jamal Murray,jamalmurray,final,5,26,1,final_snapshot,Jamal Murray,D24,E24,F24,
59a6a80ce913c1ee51e35c213b85ca13bb78380df68a73fa1ceb164b84c647a6,2024-25,10,Peter,2,Franz Wagner,franzwagner,final,6,25,1,final_snapshot,Franz Wagner,D25,E25,F25,
59a6a80ce913c1ee51e35c213b85ca13bb78380df68a73fa1ceb164b84c647a6,2024-25,10,Peter,2,Austin Reaves,austinreaves,final,7,15,1,final_snapshot,Austin Reaves,D26,E26,F26,
59a6a80ce913c1ee51e35c213b85ca13bb78380df68a73fa1ceb164b84c647a6,2024-25,10,Peter,2,Anthony Edwards,anthonyedwards,final,8,30,1,final_snapshot,Anthony Edwards,D27,E27,F27,
59a6a80ce913c1ee51e35c213b85ca13bb78380df68a73fa1ceb164b84c647a6,2024-25,10,Peter,2,Jimmy Butler,jimmybutler,final,9,32,1,final_snapshot,Jimmy Butler III,D28,E28,F28,
59a6a80ce913c1ee51e35c213b85ca13bb78380df68a73fa1ceb164b84c647a6,2024-25,10,Peter,2,Myles Turner,mylesturner,final,10,40,1,final_snapshot,Myles Turner,D29,E29,F29,
59a6a80ce913c1ee51e35c213b85ca13bb78380df68a73fa1ceb164b84c647a6,2024-25,10,Peter,2,Onyeka Okongwu,onyekaokongwu,final,11,9,1,final_snapshot,Onyeka Okongwu,D30,E30,F30,
59a6a80ce913c1ee51e35c213b85ca13bb78380df68a73fa1ceb164b84c647a6,2024-25,10,Peter,2,Deni Avdija,deniavdija,final,12,4,1,final_snapshot,Deni Avdija,D31,E31,F31,
59a6a80ce913c1ee51e35c213b85ca13bb78380df68a73fa1ceb164b84c647a6,2024-25,10,Peter,2,Mikal Bridges,mikalbridges,final,13,14,1,final_snapshot,Mikal Bridges,D32,E32,F32,
59a6a80ce913c1ee51e35c213b85ca13bb78380df68a73fa1ceb164b84c647a6,2024-25,10,Peter,2,Buddy Hield,buddyhield,final,14,7,1,final_snapshot,Buddy Hield,D33,E33,F33,
59a6a80ce913c1ee51e35c213b85ca13bb78380df68a73fa1ceb164b84c647a6,2024-25,10,Peter,2,Sam Hauser,samhauser,final,15,1,1,final_snapshot,Sam Hauser,D34,E34,F34,
59a6a80ce913c1ee51e35c213b85ca13bb78380df68a73fa1ceb164b84c647a6,2024-25,10,Peter,2,Collin Gillespie,collingillespie,final,16,0,0,final_snapshot,Collin Gillespie,D35,E35,F35,
59a6a80ce913c1ee51e35c213b85ca13bb78380df68a73fa1ceb164b84c647a6,2024-25,10,Peter,2,Jamison Battle,jamisonbattle,final,17,0,0,final_snapshot,Jamison Battle,D36,E36,F36,
59a6a80ce913c1ee51e35c213b85ca13bb78380df68a73fa1ceb164b84c647a6,2024-25,10,Ron,3,Jayson Tatum,jaysontatum,final,1,35,4,final_snapshot,Jayson Tatum,D21,E21,F21,13.3 Alvin
59a6a80ce913c1ee51e35c213b85ca13bb78380df68a73fa1ceb164b84c647a6,2024-25,10,Ron,3,Jalen Williams,jalenwilliams,final,2,28,2,final_snapshot,Jalen Williams,D22,E22,F22,13.5 Alvin
59a6a80ce913c1ee51e35c213b85ca13bb78380df68a73fa1ceb164b84c647a6,2024-25,10,Ron,3,Cade Cunningham,cadecunningham,final,3,35,1,final_snapshot,Cade Cunningham,D23,E23,F23,13.9 Alvin
59a6a80ce913c1ee51e35c213b85ca13bb78380df68a73fa1ceb164b84c647a6,2024-25,10,Ron,3,Shai Gilgeous-Alexander,shaigilgeousalexander,final,4,34,1,final_snapshot,Shai Gilgeous-Alexander,D24,E24,F24,13.2 Peter
59a6a80ce913c1ee51e35c213b85ca13bb78380df68a73fa1ceb164b84c647a6,2024-25,10,Ron,3,Anthony Edwards,anthonyedwards,final,5,30,1,final_snapshot,Anthony Edwards,D25,E25,F25,
59a6a80ce913c1ee51e35c213b85ca13bb78380df68a73fa1ceb164b84c647a6,2024-25,10,Ron,3,Tyrese Haliburton,tyresehaliburton,final,6,22,1,final_snapshot,Tyrese Haliburton,D26,E26,F26,13.6 Peter
59a6a80ce913c1ee51e35c213b85ca13bb78380df68a73fa1ceb164b84c647a6,2024-25,10,Ron,3,Josh Giddey,joshgiddey,final,7,22,1,final_snapshot,Josh Giddey,D27,E27,F27,13.8 Peter
59a6a80ce913c1ee51e35c213b85ca13bb78380df68a73fa1ceb164b84c647a6,2024-25,10,Ron,3,LeBron James,lebronjames,final,8,34,1,final_snapshot,LeBron James,D28,E28,F28,13.7 Alvin
59a6a80ce913c1ee51e35c213b85ca13bb78380df68a73fa1ceb164b84c647a6,2024-25,10,Ron,3,Josh Hart,joshhart,final,9,14,1,final_snapshot,Josh Hart,D29,E29,F29,
59a6a80ce913c1ee51e35c213b85ca13bb78380df68a73fa1ceb164b84c647a6,2024-25,10,Ron,3,Evan Mobley,evanmobley,final,10,23,1,final_snapshot,Evan Mobley,D30,E30,F30,13.10 Peter
59a6a80ce913c1ee51e35c213b85ca13bb78380df68a73fa1ceb164b84c647a6,2024-25,10,Ron,3,Nikola Jokic,nikolajokic,final,11,84,1,final_snapshot,Nikola Jokic,D31,E31,F31,13.1 Alvin
59a6a80ce913c1ee51e35c213b85ca13bb78380df68a73fa1ceb164b84c647a6,2024-25,10,Ron,3,OG Anunoby,oganunoby,final,12,15,1,final_snapshot,OG Anunoby,D32,E32,F32,13.4 Peter
59a6a80ce913c1ee51e35c213b85ca13bb78380df68a73fa1ceb164b84c647a6,2024-25,10,Ron,3,Victor Wembanyama,victorwembanyama,final,13,40,1,final_snapshot,Victor Wembanyama,D33,E33,F33,
59a6a80ce913c1ee51e35c213b85ca13bb78380df68a73fa1ceb164b84c647a6,2024-25,10,Ron,3,Alperen Sengun,alperensengun,final,14,40,1,final_snapshot,Alperen Sengun,D34,E34,F34,13.11 Alvin
59a6a80ce913c1ee51e35c213b85ca13bb78380df68a73fa1ceb164b84c647a6,2024-25,10,Ron,3,Scottie Barnes,scottiebarnes,final,15,20,1,final_snapshot,Scottie Barnes,D35,E35,F35,
59a6a80ce913c1ee51e35c213b85ca13bb78380df68a73fa1ceb164b84c647a6,2024-25,10,Ron,3,Jaylen Brown,jaylenbrown,final,16,31,1,final_snapshot,Jaylen Brown,D36,E36,F36,
59a6a80ce913c1ee51e35c213b85ca13bb78380df68a73fa1ceb164b84c647a6,2024-25,10,Ron,3,Alex Sarr,alexsarr,final,17,10,1,final_snapshot,Alex Sarr,D37,E37,F37,
59a6a80ce913c1ee51e35c213b85ca13bb78380df68a73fa1ceb164b84c647a6,2023-24,9,Alvin,11,LaMelo Ball,lameloball,final,1,18,4,final_snapshot,LaMelo Ball,D40,E40,F40,5.5 Peter
59a6a80ce913c1ee51e35c213b85ca13bb78380df68a73fa1ceb164b84c647a6,2023-24,9,Alvin,11,Jaren Jackson Jr,jarenjacksonjr,final,2,7,2,final_snapshot,Jaren Jackson Jr,D41,E41,F41,5.2 Benji
59a6a80ce913c1ee51e35c213b85ca13bb78380df68a73fa1ceb164b84c647a6,2023-24,9,Alvin,11,Mikal Bridges,mikalbridges,final,3,31,1,final_snapshot,Mikal Bridges,D42,E42,F42,5.3 Brent
59a6a80ce913c1ee51e35c213b85ca13bb78380df68a73fa1ceb164b84c647a6,2023-24,9,Alvin,11,Tyus Jones,tyusjones,final,4,16,1,final_snapshot,Tyus Jones,D43,E43,F43,5.9 Josh
59a6a80ce913c1ee51e35c213b85ca13bb78380df68a73fa1ceb164b84c647a6,2023-24,9,Alvin,11,Zach LaVine,zachlavine,final,5,32,1,final_snapshot,Zach LaVine,D44,E44,F44,5.4 Arthur
59a6a80ce913c1ee51e35c213b85ca13bb78380df68a73fa1ceb164b84c647a6,2023-24,9,Alvin,11,Paolo Banchero,paolobanchero,final,6,21,1,final_snapshot,Paolo Banchero,D45,E45,F45,5.6 Josh
59a6a80ce913c1ee51e35c213b85ca13bb78380df68a73fa1ceb164b84c647a6,2023-24,9,Alvin,11,Isaiah Hartenstein,isaiahhartenstein,final,7,1,1,final_snapshot,Isaiah Hartenstein,D46,E46,F46,FA-1 Max
59a6a80ce913c1ee51e35c213b85ca13bb78380df68a73fa1ceb164b84c647a6,2023-24,9,Alvin,11,Domantas Sabonis,domantassabonis,final,8,39,1,final_snapshot,Domantas Sabonis,D47,E47,F47,5.1 Josh
59a6a80ce913c1ee51e35c213b85ca13bb78380df68a73fa1ceb164b84c647a6,2023-24,9,Alvin,11,Collin Sexton,collinsexton,final,9,6,1,final_snapshot,Collin Sexton,D48,E48,F48,5.8 Peter
59a6a80ce913c1ee51e35c213b85ca13bb78380df68a73fa1ceb164b84c647a6,2023-24,9,Alvin,11,Eric Gordon,ericgordon,final,10,1,1,final_snapshot,Eric Gordon,D49,E49,F49,
59a6a80ce913c1ee51e35c213b85ca13bb78380df68a73fa1ceb164b84c647a6,2023-24,9,Alvin,11,Norman Powell,normanpowell,final,11,2,1,final_snapshot,Norman Powell,D50,E50,F50,
59a6a80ce913c1ee51e35c213b85ca13bb78380df68a73fa1ceb164b84c647a6,2023-24,9,Alvin,11,Bogdan Bogdanovic,bogdanbogdanovic,final,12,1,1,final_snapshot,Bogdan Bogdanovic,D51,E51,F51,5.7 Brent
59a6a80ce913c1ee51e35c213b85ca13bb78380df68a73fa1ceb164b84c647a6,2023-24,9,Alvin,11,Kelly Olynyk,kellyolynyk,final,13,2,1,final_snapshot,Kelly Olynyk,D52,E52,F52,FA-2 Joe
59a6a80ce913c1ee51e35c213b85ca13bb78380df68a73fa1ceb164b84c647a6,2023-24,9,Alvin,11,Jabari Walker,jabariwalker,final,14,0,0,final_snapshot,Jabari Walker,D53,E53,F53,5.10 Josh
59a6a80ce913c1ee51e35c213b85ca13bb78380df68a73fa1ceb164b84c647a6,2023-24,9,Alvin,11,Peyton Watson,peytonwatson,final,15,0,0,final_snapshot,Peyton Watson,D54,E54,F54,
59a6a80ce913c1ee51e35c213b85ca13bb78380df68a73fa1ceb164b84c647a6,2023-24,9,Alvin,11,Malik Beasley,malikbeasley,final,16,0,0,final_snapshot,Malik Beasley,D55,E55,F55,
59a6a80ce913c1ee51e35c213b85ca13bb78380df68a73fa1ceb164b84c647a6,2023-24,9,Arthur,7,Damian Lillard,damianlillard,final,1,50,2,final_snapshot,Damian Lillard,D40,E40,F40,9.2 Josh
59a6a80ce913c1ee51e35c213b85ca13bb78380df68a73fa1ceb164b84c647a6,2023-24,9,Arthur,7,Scottie Barnes,scottiebarnes,final,2,14,3,final_snapshot,Scottie Barnes,D41,E41,F41,9.3 Max
59a6a80ce913c1ee51e35c213b85ca13bb78380df68a73fa1ceb164b84c647a6,2023-24,9,Arthur,7,Victor Wembanyama,victorwembanyama,final,3,39,1,final_snapshot,Victor Wembanyama,D42,E42,F42,9.1 Isaac
59a6a80ce913c1ee51e35c213b85ca13bb78380df68a73fa1ceb164b84c647a6,2023-24,9,Arthur,7,Jarrett Allen,jarrettallen,final,4,31,1,final_snapshot,Jarrett Allen,D43,E43,F43,9.5 Peter
59a6a80ce913c1ee51e35c213b85ca13bb78380df68a73fa1ceb164b84c647a6,2023-24,9,Arthur,7,Mikal Bridges,mikalbridges,final,5,31,1,final_snapshot,Mikal Bridges,D44,E44,F44,9.7 Josh
59a6a80ce913c1ee51e35c213b85ca13bb78380df68a73fa1ceb164b84c647a6,2023-24,9,Arthur,7,Jalen Brunson,jalenbrunson,final,6,28,1,final_snapshot,Jalen Brunson,D45,E45,F45,9.4 Joe
59a6a80ce913c1ee51e35c213b85ca13bb78380df68a73fa1ceb164b84c647a6,2023-24,9,Arthur,7,D'Angelo Russell,dangelorussell,final,7,12,1,final_snapshot,D'Angelo Russell,D46,E46,F46,9.12 Isaac
59a6a80ce913c1ee51e35c213b85ca13bb78380df68a73fa1ceb164b84c647a6,2023-24,9,Arthur,7,Tobias Harris,tobiasharris,final,8,16,1,final_snapshot,Tobias Harris,D47,E47,F47,FA-1 Joe
59a6a80ce913c1ee51e35c213b85ca13bb78380df68a73fa1ceb164b84c647a6,2023-24,9,Arthur,7,Jaylen Brown,jaylenbrown,final,9,28,1,final_snapshot,Jaylen Brown,D48,E48,F48,9.6 Isaac
59a6a80ce913c1ee51e35c213b85ca13bb78380df68a73fa1ceb164b84c647a6,2023-24,9,Arthur,7,Terry Rozier,terryrozier,final,10,16,1,final_snapshot,Terry Rozier,D49,E49,F49,
59a6a80ce913c1ee51e35c213b85ca13bb78380df68a73fa1ceb164b84c647a6,2023-24,9,Arthur,7,Deandre Ayton,deandreayton,final,11,30,1,final_snapshot,Deandre Ayton,D50,E50,F50,9.11 Peter
59a6a80ce913c1ee51e35c213b85ca13bb78380df68a73fa1ceb164b84c647a6,2023-24,9,Arthur,7,Jalen Duren,jalenduren,final,12,12,1,final_snapshot,Jalen Duren,D51,E51,F51,9.9 Isaac
59a6a80ce913c1ee51e35c213b85ca13bb78380df68a73fa1ceb164b84c647a6,2023-24,9,Arthur,7,Khris Middleton,khrismiddleton,final,13,15,1,final_snapshot,Khris Middleton,D52,E52,F52,
59a6a80ce913c1ee51e35c213b85ca13bb78380df68a73fa1ceb164b84c647a6,2023-24,9,Arthur,7,Duncan Robinson,duncanrobinson,final,14,2,1,final_snapshot,Duncan Robinson,D53,E53,F53,
59a6a80ce913c1ee51e35c213b85ca13bb78380df68a73fa1ceb164b84c647a6,2023-24,9,Arthur,7,Evan Mobley,evanmobley,final,15,24,1,final_snapshot,Evan Mobley,D54,E54,F54,9.8 Peter
59a6a80ce913c1ee51e35c213b85ca13bb78380df68a73fa1ceb164b84c647a6,2023-24,9,Arthur,7,Jalen Johnson,jalenjohnson,final,16,0,0,final_snapshot,Jalen Johnson,D55,E55,F55,9.10 Josh
59a6a80ce913c1ee51e35c213b85ca13bb78380df68a73fa1ceb164b84c647a6,2023-24,9,Benji,8,Kawhi Leonard,kawhileonard,final,1,16,3,final_snapshot,Kawhi Leonard,D38,E38,F38,8.1 Josh
59a6a80ce913c1ee51e35c213b85ca13bb78380df68a73fa1ceb164b84c647a6,2023-24,9,Benji,8,Darius Garland,dariusgarland,final,2,12,4,final_snapshot,Darius Garland,D39,E39,F39,FA-3 Max
59a6a80ce913c1ee51e35c213b85ca13bb78380df68a73fa1ceb164b84c647a6,2023-24,9,Benji,8,Ja Morant,jamorant,final,3,19,1,final_snapshot,Ja Morant,D40,E40,F40,
59a6a80ce913c1ee51e35c213b85ca13bb78380df68a73fa1ceb164b84c647a6,2023-24,9,Benji,8,Devin Vassell,devinvassell,final,4,19,1,final_snapshot,Devin Vassell,D41,E41,F41,FA-2 Isaac
59a6a80ce913c1ee51e35c213b85ca13bb78380df68a73fa1ceb164b84c647a6,2023-24,9,Benji,8,Julius Randle,juliusrandle,final,5,23,1,final_snapshot,Julius Randle,D42,E42,F42,FA-1 Josh
59a6a80ce913c1ee51e35c213b85ca13bb78380df68a73fa1ceb164b84c647a6,2023-24,9,Benji,8,Kyle Kuzma,kylekuzma,final,6,19,1,final_snapshot,Kyle Kuzma,D43,E43,F43,8.8 Peter
59a6a80ce913c1ee51e35c213b85ca13bb78380df68a73fa1ceb164b84c647a6,2023-24,9,Benji,8,Miles Bridges,milesbridges,final,7,6,1,final_snapshot,Miles Bridges,D44,E44,F44,8.2 Max
59a6a80ce913c1ee51e35c213b85ca13bb78380df68a73fa1ceb164b84c647a6,2023-24,9,Benji,8,RJ Barrett,rjbarrett,final,8,6,1,final_snapshot,RJ Barrett,D45,E45,F45,
59a6a80ce913c1ee51e35c213b85ca13bb78380df68a73fa1ceb164b84c647a6,2023-24,9,Benji,8,Clint Capela,clintcapela,final,9,14,1,final_snapshot,Clint Capela,D46,E46,F46,
59a6a80ce913c1ee51e35c213b85ca13bb78380df68a73fa1ceb164b84c647a6,2023-24,9,Benji,8,Jaden Ivey,jadenivey,final,10,8,1,final_snapshot,Jaden Ivey,D47,E47,F47,
59a6a80ce913c1ee51e35c213b85ca13bb78380df68a73fa1ceb164b84c647a6,2023-24,9,Benji,8,Ivica Zubac,ivicazubac,final,11,17,1,final_snapshot,Ivica Zubac,D48,E48,F48,
59a6a80ce913c1ee51e35c213b85ca13bb78380df68a73fa1ceb164b84c647a6,2023-24,9,Benji,8,Jalen Duren,jalenduren,final,12,12,1,final_snapshot,Jalen Duren,D49,E49,F49,8.3 Arthur
59a6a80ce913c1ee51e35c213b85ca13bb78380df68a73fa1ceb164b84c647a6,2023-24,9,Benji,8,Al Horford,alhorford,final,13,5,1,final_snapshot,Al Horford,D50,E50,F50,
59a6a80ce913c1ee51e35c213b85ca13bb78380df68a73fa1ceb164b84c647a6,2023-24,9,Benji,8,Jalen Williams,jalenwilliams,final,14,27,1,final_snapshot,Jalen Williams,D51,E51,F51,8.5 Jason
59a6a80ce913c1ee51e35c213b85ca13bb78380df68a73fa1ceb164b84c647a6,2023-24,9,Benji,8,Coby White,cobywhite,final,15,1,1,final_snapshot,Coby White,D52,E52,F52,8.7 Peter
59a6a80ce913c1ee51e35c213b85ca13bb78380df68a73fa1ceb164b84c647a6,2023-24,9,Benji,8,Tyrese Maxey,tyresemaxey,final,16,23,1,final_snapshot,Tyrese Maxey,D53,E53,F53,8.4 Peter
59a6a80ce913c1ee51e35c213b85ca13bb78380df68a73fa1ceb164b84c647a6,2023-24,9,Benji,8,Jaren Jackson Jr,jarenjacksonjr,final,17,7,1,final_snapshot,Jaren Jackson Jr,D54,E54,F54,8.6 Joe
59a6a80ce913c1ee51e35c213b85ca13bb78380df68a73fa1ceb164b84c647a6,2023-24,9,Brent,10,Evan Mobley,evanmobley,final,1,24,3,final_snapshot,Evan Mobley,D40,E40,F40,6.11 Arthur
59a6a80ce913c1ee51e35c213b85ca13bb78380df68a73fa1ceb164b84c647a6,2023-24,9,Brent,10,Tyrese Haliburton,tyresehaliburton,final,2,12,4,final_snapshot,Tyrese Haliburton,D41,E41,F41,6.1 Darren
59a6a80ce913c1ee51e35c213b85ca13bb78380df68a73fa1ceb164b84c647a6,2023-24,9,Brent,10,Jrue Holiday,jrueholiday,final,3,27,1,final_snapshot,Jrue Holiday,D42,E42,F42,6.6 Darren
59a6a80ce913c1ee51e35c213b85ca13bb78380df68a73fa1ceb164b84c647a6,2023-24,9,Brent,10,James Harden,jamesharden,final,4,26,1,final_snapshot,James Harden,D43,E43,F43,6.2 Max
59a6a80ce913c1ee51e35c213b85ca13bb78380df68a73fa1ceb164b84c647a6,2023-24,9,Brent,10,Zion Williamson,zionwilliamson,final,5,24,1,final_snapshot,Zion Williamson,D44,E44,F44,6.9 Darren
59a6a80ce913c1ee51e35c213b85ca13bb78380df68a73fa1ceb164b84c647a6,2023-24,9,Brent,10,Bam Adebayo,bamadebayo,final,6,38,1,final_snapshot,Bam Adebayo,D45,E45,F45,6.3 Jason
59a6a80ce913c1ee51e35c213b85ca13bb78380df68a73fa1ceb164b84c647a6,2023-24,9,Brent,10,Dereck Lively II,derecklivelyii,final,7,3,1,final_snapshot,Dereck Lively II,D46,E46,F46,6.12 Arthur
59a6a80ce913c1ee51e35c213b85ca13bb78380df68a73fa1ceb164b84c647a6,2023-24,9,Brent,10,Jordan Clarkson,jordanclarkson,final,8,6,1,final_snapshot,Jordan Clarkson,D47,E47,F47,6.10 Arthur
59a6a80ce913c1ee51e35c213b85ca13bb78380df68a73fa1ceb164b84c647a6,2023-24,9,Brent,10,Jalen Green,jalengreen,final,9,12,1,final_snapshot,Jalen Green,D48,E48,F48,
59a6a80ce913c1ee51e35c213b85ca13bb78380df68a73fa1ceb164b84c647a6,2023-24,9,Brent,10,Brandon Miller,brandonmiller,final,10,11,1,final_snapshot,Brandon Miller,D49,E49,F49,
59a6a80ce913c1ee51e35c213b85ca13bb78380df68a73fa1ceb164b84c647a6,2023-24,9,Brent,10,Alperen Sengun,alperensengun,final,11,29,1,final_snapshot,Alperen Sengun,D50,E50,F50,6.4 Joe
59a6a80ce913c1ee51e35c213b85ca13bb78380df68a73fa1ceb164b84c647a6,2023-24,9,Brent,10,Keldon Johnson,keldonjohnson,final,12,5,1,final_snapshot,Keldon Johnson,D51,E51,F51,
59a6a80ce913c1ee51e35c213b85ca13bb78380df68a73fa1ceb164b84c647a6,2023-24,9,Brent,10,Bojan Bogdanovic,bojanbogdanovic,final,13,4,1,final_snapshot,Bojan Bogdanovic,D52,E52,F52,6.11 Darren
59a6a80ce913c1ee51e35c213b85ca13bb78380df68a73fa1ceb164b84c647a6,2023-24,9,Brent,10,Mikal Bridges,mikalbridges,final,14,31,1,final_snapshot,Mikal Bridges,D53,E53,F53,6.5 Arthur
59a6a80ce913c1ee51e35c213b85ca13bb78380df68a73fa1ceb164b84c647a6,2023-24,9,Brent,10,Bogdan Bogdanovic,bogdanbogdanovic,final,15,1,1,final_snapshot,Bogdan Bogdanovic,D54,E54,F54,6.7 Joe
59a6a80ce913c1ee51e35c213b85ca13bb78380df68a73fa1ceb164b84c647a6,2023-24,9,Brent,10,Deandre Ayton,deandreayton,final,16,30,1,final_snapshot,Deandre Ayton,D55,E55,F55,6.8 Arthur
59a6a80ce913c1ee51e35c213b85ca13bb78380df68a73fa1ceb164b84c647a6,2023-24,9,Brent,10,Duop Reath,duopreath,final,17,0,0,final_snapshot,Duop Reath,D56,E56,F56,
59a6a80ce913c1ee51e35c213b85ca13bb78380df68a73fa1ceb164b84c647a6,2023-24,9,Darren,9,Tyrese Maxey,tyresemaxey,final,1,23,2,final_snapshot,Tyese Maxey,D40,E40,F40,7.2 Benji
59a6a80ce913c1ee51e35c213b85ca13bb78380df68a73fa1ceb164b84c647a6,2023-24,9,Darren,9,Walker Kessler,walkerkessler,final,2,3,2,final_snapshot,Walker Kessler,D41,E41,F41,7.3 Peter
59a6a80ce913c1ee51e35c213b85ca13bb78380df68a73fa1ceb164b84c647a6,2023-24,9,Darren,9,Derrick White,derrickwhite,final,3,8,1,final_snapshot,Derrick White,D42,E42,F42,7.5 Joe
59a6a80ce913c1ee51e35c213b85ca13bb78380df68a73fa1ceb164b84c647a6,2023-24,9,Darren,9,Coby White,cobywhite,final,4,1,1,final_snapshot,Coby  White,D43,E43,F43,7.7 Benji
59a6a80ce913c1ee51e35c213b85ca13bb78380df68a73fa1ceb164b84c647a6,2023-24,9,Darren,9,Pascal Siakam,pascalsiakam,final,5,33,1,final_snapshot,Pascal Siakam,D44,E44,F44,7.4 Jason
59a6a80ce913c1ee51e35c213b85ca13bb78380df68a73fa1ceb164b84c647a6,2023-24,9,Darren,9,Jakob Poeltl,jakobpoeltl,final,6,18,1,final_snapshot,Jakob Poeltl,D45,E45,F45,
59a6a80ce913c1ee51e35c213b85ca13bb78380df68a73fa1ceb164b84c647a6,2023-24,9,Darren,9,Jusuf Nurkic,jusufnurkic,final,7,13,1,final_snapshot,Jusuf Nurkic,D46,E46,F46,FA-3 Max
59a6a80ce913c1ee51e35c213b85ca13bb78380df68a73fa1ceb164b84c647a6,2023-24,9,Darren,9,Alex Caruso,alexcaruso,final,8,1,1,final_snapshot,Alex Caruso,D47,E47,F47,
59a6a80ce913c1ee51e35c213b85ca13bb78380df68a73fa1ceb164b84c647a6,2023-24,9,Darren,9,Anthony Davis,anthonydavis,final,9,44,1,final_snapshot,Anthony Davis,D48,E48,F48,7.1 Isaac
59a6a80ce913c1ee51e35c213b85ca13bb78380df68a73fa1ceb164b84c647a6,2023-24,9,Darren,9,Jalen Suggs,jalensuggs,final,10,1,1,final_snapshot,Jalen Suggs,D49,E49,F49,
59a6a80ce913c1ee51e35c213b85ca13bb78380df68a73fa1ceb164b84c647a6,2023-24,9,Darren,9,Jrue Holiday,jrueholiday,final,11,27,1,final_snapshot,Jrue Holiday,D50,E50,F50,FA-1 Jason
59a6a80ce913c1ee51e35c213b85ca13bb78380df68a73fa1ceb164b84c647a6,2023-24,9,Darren,9,Zion Williamson,zionwilliamson,final,12,24,1,final_snapshot,Zion Williamson,D51,E51,F51,7.6 Isaac
59a6a80ce913c1ee51e35c213b85ca13bb78380df68a73fa1ceb164b84c647a6,2023-24,9,Darren,9,Andre Drummond,andredrummond,final,13,1,1,final_snapshot,Andre Drummond,D52,E52,F52,
59a6a80ce913c1ee51e35c213b85ca13bb78380df68a73fa1ceb164b84c647a6,2023-24,9,Darren,9,Bojan Bogdanovic,bojanbogdanovic,final,14,4,1,final_snapshot,Bojan Bogdanovic,D53,E53,F53,FA-2 Peter
59a6a80ce913c1ee51e35c213b85ca13bb78380df68a73fa1ceb164b84c647a6,2023-24,9,Darren,9,John Konchar,johnkonchar,final,15,0,0,final_snapshot,John Konchar,D54,E54,F54,
59a6a80ce913c1ee51e35c213b85ca13bb78380df68a73fa1ceb164b84c647a6,2023-24,9,Darren,9,Aaron Nesmith,aaronnesmith,final,16,0,0,final_snapshot,Aaron Nesmith,D55,E55,F55,
59a6a80ce913c1ee51e35c213b85ca13bb78380df68a73fa1ceb164b84c647a6,2023-24,9,Graham,14,Shai Gilgeous-Alexander,shaigilgeousalexander,final,1,31,2,final_snapshot,Shai Gilgeous-Alexander,D39,E39,F39,2.1 Jason
59a6a80ce913c1ee51e35c213b85ca13bb78380df68a73fa1ceb164b84c647a6,2023-24,9,Graham,14,Jaylen Brown,jaylenbrown,final,2,28,4,final_snapshot,Jaylen Brown,D40,E40,F40,2.5 Arthur
59a6a80ce913c1ee51e35c213b85ca13bb78380df68a73fa1ceb164b84c647a6,2023-24,9,Graham,14,Khris Middleton,khrismiddleton,final,3,15,1,final_snapshot,Khris Middleton,D41,E41,F41,2.9 Arthur
59a6a80ce913c1ee51e35c213b85ca13bb78380df68a73fa1ceb164b84c647a6,2023-24,9,Graham,14,Pascal Siakam,pascalsiakam,final,4,33,1,final_snapshot,Pascal Siakam,D42,E42,F42,2.4 D
59a6a80ce913c1ee51e35c213b85ca13bb78380df68a73fa1ceb164b84c647a6,2023-24,9,Graham,14,Rudy Gobert,rudygobert,final,5,21,1,final_snapshot,Rudy Gobert,D43,E43,F43,2.6 Isaac
59a6a80ce913c1ee51e35c213b85ca13bb78380df68a73fa1ceb164b84c647a6,2023-24,9,Graham,14,Alperen Sengun,alperensengun,final,6,29,1,final_snapshot,Alperen Sengun,D44,E44,F44,2.2 Brent
59a6a80ce913c1ee51e35c213b85ca13bb78380df68a73fa1ceb164b84c647a6,2023-24,9,Graham,14,Derrick White,derrickwhite,final,7,8,1,final_snapshot,Derrick White,D45,E45,F45,2.3 Joe
59a6a80ce913c1ee51e35c213b85ca13bb78380df68a73fa1ceb164b84c647a6,2023-24,9,Graham,14,Malik Monk,malikmonk,final,8,1,1,final_snapshot,Malik Monk,D46,E46,F46,2.8 Isaac
59a6a80ce913c1ee51e35c213b85ca13bb78380df68a73fa1ceb164b84c647a6,2023-24,9,Graham,14,Josh Richardson,joshrichardson,final,9,1,1,final_snapshot,Josh Richardson,D47,E47,F47,
59a6a80ce913c1ee51e35c213b85ca13bb78380df68a73fa1ceb164b84c647a6,2023-24,9,Graham,14,Dwight Powell,dwightpowell,final,10,0,0,final_snapshot,Dwight Powell,D48,E48,F48,
59a6a80ce913c1ee51e35c213b85ca13bb78380df68a73fa1ceb164b84c647a6,2023-24,9,Graham,14,Monte Morris,montemorris,final,11,1,1,final_snapshot,Monte Morris,D49,E49,F49,
59a6a80ce913c1ee51e35c213b85ca13bb78380df68a73fa1ceb164b84c647a6,2023-24,9,Graham,14,Malcolm Brogdon,malcolmbrogdon,final,12,6,1,final_snapshot,Malcolm Brogdon,D50,E50,F50,2.7 Arthur
59a6a80ce913c1ee51e35c213b85ca13bb78380df68a73fa1ceb164b84c647a6,2023-24,9,Graham,14,Patrick Williams,patrickwilliams,final,13,3,1,final_snapshot,Patrick Williams,D51,E51,F51,FA-1 Ker
59a6a80ce913c1ee51e35c213b85ca13bb78380df68a73fa1ceb164b84c647a6,2023-24,9,Graham,14,Dorian Finney-Smith,dorianfinneysmith,final,14,1,1,final_snapshot,Dorian Finney Smith,D52,E52,F52,
59a6a80ce913c1ee51e35c213b85ca13bb78380df68a73fa1ceb164b84c647a6,2023-24,9,Graham,14,Caleb Martin,calebmartin,final,15,1,1,final_snapshot,Caleb Martin,D53,E53,F53,FA-2 Ker
59a6a80ce913c1ee51e35c213b85ca13bb78380df68a73fa1ceb164b84c647a6,2023-24,9,Graham,14,Reggie Jackson,reggiejackson,final,16,0,0,final_snapshot,Reggie Jackson,D54,E54,F54,2.10 Isaac
59a6a80ce913c1ee51e35c213b85ca13bb78380df68a73fa1ceb164b84c647a6,2023-24,9,Ian,15,Jamal Murray,jamalmurray,final,1,15,3,final_snapshot,Jamal Murray,D38,E38,F38,1.4 Benji
59a6a80ce913c1ee51e35c213b85ca13bb78380df68a73fa1ceb164b84c647a6,2023-24,9,Ian,15,Chet Holmgren,chetholmgren,final,2,9,2,final_snapshot,Chet Holmgren,D39,E39,F39,1.1 Josh
59a6a80ce913c1ee51e35c213b85ca13bb78380df68a73fa1ceb164b84c647a6,2023-24,9,Ian,15,De'Aaron Fox,deaaronfox,final,3,34,1,final_snapshot,De'Aaron Fox,D40,E40,F40,1.3 Peter
59a6a80ce913c1ee51e35c213b85ca13bb78380df68a73fa1ceb164b84c647a6,2023-24,9,Ian,15,Karl-Anthony Towns,karlanthonytowns,final,4,44,1,final_snapshot,Karl-Anthony Towns,D41,E41,F41,1.2 Ron
59a6a80ce913c1ee51e35c213b85ca13bb78380df68a73fa1ceb164b84c647a6,2023-24,9,Ian,15,Anfernee Simons,anferneesimons,final,5,32,1,final_snapshot,Anfernee Simons,D42,E42,F42,1.6 Max
59a6a80ce913c1ee51e35c213b85ca13bb78380df68a73fa1ceb164b84c647a6,2023-24,9,Ian,15,Derrick Rose,derrickrose,final,6,0,0,final_snapshot,Derrick Rose,D43,E43,F43,
59a6a80ce913c1ee51e35c213b85ca13bb78380df68a73fa1ceb164b84c647a6,2023-24,9,Ian,15,Malcolm Brogdon,malcolmbrogdon,final,7,6,1,final_snapshot,Malcolm Brogdon,D44,E44,F44,1.5 Graham
59a6a80ce913c1ee51e35c213b85ca13bb78380df68a73fa1ceb164b84c647a6,2023-24,9,Ian,15,Daniel Gafford,danielgafford,final,8,16,1,final_snapshot,Daniel Gafford,D45,E45,F45,1.8 Max
59a6a80ce913c1ee51e35c213b85ca13bb78380df68a73fa1ceb164b84c647a6,2023-24,9,Ian,15,Kevon Looney,kevonlooney,final,9,8,1,final_snapshot,Kevon Looney,D46,E46,F46,1.9 Max
59a6a80ce913c1ee51e35c213b85ca13bb78380df68a73fa1ceb164b84c647a6,2023-24,9,Ian,15,Bennedict Mathurin,bennedictmathurin,final,10,17,1,final_snapshot,Bennedict Mathurin,D47,E47,F47,FA-1 Al
59a6a80ce913c1ee51e35c213b85ca13bb78380df68a73fa1ceb164b84c647a6,2023-24,9,Ian,15,Aaron Gordon,aarongordon,final,11,3,1,final_snapshot,Aaron Gordon,D48,E48,F48,1.7 Max
59a6a80ce913c1ee51e35c213b85ca13bb78380df68a73fa1ceb164b84c647a6,2023-24,9,Ian,15,Bilal Coulibaly,bilalcoulibaly,final,12,1,1,final_snapshot,Bilal Coulibaly,D49,E49,F49,FA-2 D
59a6a80ce913c1ee51e35c213b85ca13bb78380df68a73fa1ceb164b84c647a6,2023-24,9,Ian,15,Donte DiVincenzo,dontedivincenzo,final,13,1,1,final_snapshot,Donte DiVincenzo,D50,E50,F50,
59a6a80ce913c1ee51e35c213b85ca13bb78380df68a73fa1ceb164b84c647a6,2023-24,9,Ian,15,Jacob Gilyard,jacobgilyard,final,14,0,0,final_snapshot,Jacob Gilyard,D51,E51,F51,
59a6a80ce913c1ee51e35c213b85ca13bb78380df68a73fa1ceb164b84c647a6,2023-24,9,Ian,15,Georges Niang,georgesniang,final,15,0,0,final_snapshot,Georges Niang,D52,E52,F52,
59a6a80ce913c1ee51e35c213b85ca13bb78380df68a73fa1ceb164b84c647a6,2023-24,9,Ian,15,Christian Braun,christianbraun,final,16,1,1,final_snapshot,Christian Braun,D53,E53,F53,
59a6a80ce913c1ee51e35c213b85ca13bb78380df68a73fa1ceb164b84c647a6,2023-24,9,Isaac,3,Victor Wembanyama,victorwembanyama,final,1,39,1,final_snapshot,Victor Wembanyama,D38,E38,F38,13.2 Jason
59a6a80ce913c1ee51e35c213b85ca13bb78380df68a73fa1ceb164b84c647a6,2023-24,9,Isaac,3,Rudy Gobert,rudygobert,final,2,21,1,final_snapshot,Rudy Gobert,D39,E39,F39,13.5 Max
59a6a80ce913c1ee51e35c213b85ca13bb78380df68a73fa1ceb164b84c647a6,2023-24,9,Isaac,3,Anthony Davis,anthonydavis,final,3,44,1,final_snapshot,Anthony Davis,D40,E40,F40,13.1 Max
59a6a80ce913c1ee51e35c213b85ca13bb78380df68a73fa1ceb164b84c647a6,2023-24,9,Isaac,3,LeBron James,lebronjames,final,4,33,1,final_snapshot,LeBron James,D41,E41,F41,13.3 Max
59a6a80ce913c1ee51e35c213b85ca13bb78380df68a73fa1ceb164b84c647a6,2023-24,9,Isaac,3,DeMar DeRozan,demarderozan,final,5,28,1,final_snapshot,DeMar DeRozan,D42,E42,F42,
59a6a80ce913c1ee51e35c213b85ca13bb78380df68a73fa1ceb164b84c647a6,2023-24,9,Isaac,3,Bradley Beal,bradleybeal,final,6,30,1,final_snapshot,Bradley Beal,D43,E43,F43,
59a6a80ce913c1ee51e35c213b85ca13bb78380df68a73fa1ceb164b84c647a6,2023-24,9,Isaac,3,D'Angelo Russell,dangelorussell,final,7,12,1,final_snapshot,D'Angelo Russell,D44,E44,F44,
59a6a80ce913c1ee51e35c213b85ca13bb78380df68a73fa1ceb164b84c647a6,2023-24,9,Isaac,3,Devin Vassell,devinvassell,final,8,19,1,final_snapshot,Devin Vassell,D45,E45,F45,
59a6a80ce913c1ee51e35c213b85ca13bb78380df68a73fa1ceb164b84c647a6,2023-24,9,Isaac,3,Austin Reaves,austinreaves,final,9,14,1,final_snapshot,Austin Reaves,D46,E46,F46,
59a6a80ce913c1ee51e35c213b85ca13bb78380df68a73fa1ceb164b84c647a6,2023-24,9,Isaac,3,Dejounte Murray,dejountemurray,final,10,32,1,final_snapshot,Dejounte Murray,D47,E47,F47,
59a6a80ce913c1ee51e35c213b85ca13bb78380df68a73fa1ceb164b84c647a6,2023-24,9,Isaac,3,Giannis Antetokounmpo,giannisantetokounmpo,final,11,38,1,final_snapshot,Giannis Antetokounmpo,D48,E48,F48,
59a6a80ce913c1ee51e35c213b85ca13bb78380df68a73fa1ceb164b84c647a6,2023-24,9,Isaac,3,Zion Williamson,zionwilliamson,final,12,24,1,final_snapshot,Zion  Williamson,D49,E49,F49,
59a6a80ce913c1ee51e35c213b85ca13bb78380df68a73fa1ceb164b84c647a6,2023-24,9,Isaac,3,Jusuf Nurkic,jusufnurkic,final,13,13,1,final_snapshot,Jusuf Nurkic,D50,E50,F50,
59a6a80ce913c1ee51e35c213b85ca13bb78380df68a73fa1ceb164b84c647a6,2023-24,9,Isaac,3,Grayson Allen,graysonallen,final,14,3,1,final_snapshot,Grayson Allen,D51,E51,F51,
59a6a80ce913c1ee51e35c213b85ca13bb78380df68a73fa1ceb164b84c647a6,2023-24,9,Isaac,3,Jaylen Brown,jaylenbrown,final,15,28,1,final_snapshot,Jaylen Brown,D52,E52,F52,
59a6a80ce913c1ee51e35c213b85ca13bb78380df68a73fa1ceb164b84c647a6,2023-24,9,Isaac,3,Brandon Ingram,brandoningram,final,16,30,1,final_snapshot,Brandon Ingram,D53,E53,F53,
59a6a80ce913c1ee51e35c213b85ca13bb78380df68a73fa1ceb164b84c647a6,2023-24,9,Isaac,3,Kyrie Irving,kyrieirving,final,17,36,1,final_snapshot,Kyrie Irving,D54,E54,F54,13.4 Jason
59a6a80ce913c1ee51e35c213b85ca13bb78380df68a73fa1ceb164b84c647a6,2023-24,9,Jason,1,Luka Doncic,lukadoncic,final,1,63,6,final_snapshot,Luka Doncic,D39,E39,F39,
59a6a80ce913c1ee51e35c213b85ca13bb78380df68a73fa1ceb164b84c647a6,2023-24,9,Jason,1,Anthony Edwards,anthonyedwards,final,2,20,4,final_snapshot,Anthony Edwards,D40,E40,F40,
59a6a80ce913c1ee51e35c213b85ca13bb78380df68a73fa1ceb164b84c647a6,2023-24,9,Jason,1,Shai Gilgeous-Alexander,shaigilgeousalexander,final,3,31,1,final_snapshot,Shai Gilgeous-Alexander,D41,E41,F41,
59a6a80ce913c1ee51e35c213b85ca13bb78380df68a73fa1ceb164b84c647a6,2023-24,9,Jason,1,Victor Wembanyama,victorwembanyama,final,4,39,1,final_snapshot,Victor Wembanyama,D42,E42,F42,
59a6a80ce913c1ee51e35c213b85ca13bb78380df68a73fa1ceb164b84c647a6,2023-24,9,Jason,1,Kawhi Leonard,kawhileonard,final,5,16,1,final_snapshot,Kawhi Leonard,D43,E43,F43,
59a6a80ce913c1ee51e35c213b85ca13bb78380df68a73fa1ceb164b84c647a6,2023-24,9,Jason,1,Kevin Durant,kevindurant,final,6,38,1,final_snapshot,Kevin Durant,D44,E44,F44,
59a6a80ce913c1ee51e35c213b85ca13bb78380df68a73fa1ceb164b84c647a6,2023-24,9,Jason,1,Kyrie Irving,kyrieirving,final,7,36,1,final_snapshot,Kyrie Irving,D45,E45,F45,
59a6a80ce913c1ee51e35c213b85ca13bb78380df68a73fa1ceb164b84c647a6,2023-24,9,Jason,1,Tyrese Haliburton,tyresehaliburton,final,8,12,1,final_snapshot,Tyrese Haliburton,D46,E46,F46,
59a6a80ce913c1ee51e35c213b85ca13bb78380df68a73fa1ceb164b84c647a6,2023-24,9,Jason,1,Paul George,paulgeorge,final,9,34,1,final_snapshot,Paul George,D47,E47,F47,
59a6a80ce913c1ee51e35c213b85ca13bb78380df68a73fa1ceb164b84c647a6,2023-24,9,Jason,1,Lauri Markkanen,laurimarkkanen,final,10,13,1,final_snapshot,Lauri Markkanen,D48,E48,F48,
59a6a80ce913c1ee51e35c213b85ca13bb78380df68a73fa1ceb164b84c647a6,2023-24,9,Jason,1,Joel Embiid,joelembiid,final,11,60,1,final_snapshot,Joel Embiid,D49,E49,F49,
59a6a80ce913c1ee51e35c213b85ca13bb78380df68a73fa1ceb164b84c647a6,2023-24,9,Jason,1,Kristaps Porzingis,kristapsporzingis,final,12,35,1,final_snapshot,Kristaps Porzingis,D50,E50,F50,
59a6a80ce913c1ee51e35c213b85ca13bb78380df68a73fa1ceb164b84c647a6,2023-24,9,Jason,1,Bam Adebayo,bamadebayo,final,13,38,1,final_snapshot,Bam Adebayo,D51,E51,F51,
59a6a80ce913c1ee51e35c213b85ca13bb78380df68a73fa1ceb164b84c647a6,2023-24,9,Jason,1,Jalen Williams,jalenwilliams,final,14,27,1,final_snapshot,Jalen Williams,D52,E52,F52,
59a6a80ce913c1ee51e35c213b85ca13bb78380df68a73fa1ceb164b84c647a6,2023-24,9,Jason,1,Collin Sexton,collinsexton,final,15,6,1,final_snapshot,Collin Sexton,D53,E53,F53,
59a6a80ce913c1ee51e35c213b85ca13bb78380df68a73fa1ceb164b84c647a6,2023-24,9,Jason,1,John Collins,johncollins,final,16,11,1,final_snapshot,John Collins,D54,E54,F54,
59a6a80ce913c1ee51e35c213b85ca13bb78380df68a73fa1ceb164b84c647a6,2023-24,9,Joe,5,Giannis Antetokounmpo,giannisantetokounmpo,final,1,38,2,final_snapshot,Giannis Antetokounmpo,D39,E39,F39,11.2 Isaac
59a6a80ce913c1ee51e35c213b85ca13bb78380df68a73fa1ceb164b84c647a6,2023-24,9,Joe,5,Donovan Mitchell,donovanmitchell,final,2,28,3,final_snapshot,Donovan Mitchell,D40,E40,F40,11.5 Max
59a6a80ce913c1ee51e35c213b85ca13bb78380df68a73fa1ceb164b84c647a6,2023-24,9,Joe,5,Stephen Curry,stephencurry,final,3,60,1,final_snapshot,Stephen Curry,D41,E41,F41,11.3 Max
59a6a80ce913c1ee51e35c213b85ca13bb78380df68a73fa1ceb164b84c647a6,2023-24,9,Joe,5,Damian Lillard,damianlillard,final,4,50,1,final_snapshot,Damian Lillard,D42,E42,F42,11.1 Jason
59a6a80ce913c1ee51e35c213b85ca13bb78380df68a73fa1ceb164b84c647a6,2023-24,9,Joe,5,Dejounte Murray,dejountemurray,final,5,32,1,final_snapshot,Dejounte Murray,D43,E43,F43,11.6 Isaac
59a6a80ce913c1ee51e35c213b85ca13bb78380df68a73fa1ceb164b84c647a6,2023-24,9,Joe,5,Jalen Brunson,jalenbrunson,final,6,28,1,final_snapshot,Jalen Brunson,D44,E44,F44,11.4 Peter
59a6a80ce913c1ee51e35c213b85ca13bb78380df68a73fa1ceb164b84c647a6,2023-24,9,Joe,5,Alperen Sengun,alperensengun,final,7,29,1,final_snapshot,Alperen Sengun ,D45,E45,F45,
59a6a80ce913c1ee51e35c213b85ca13bb78380df68a73fa1ceb164b84c647a6,2023-24,9,Joe,5,Brandon Ingram,brandoningram,final,8,30,1,final_snapshot,Brandon Ingram,D46,E46,F46,11.7 Isaac
59a6a80ce913c1ee51e35c213b85ca13bb78380df68a73fa1ceb164b84c647a6,2023-24,9,Joe,5,John Collins,johncollins,final,9,11,1,final_snapshot,John Collins,D47,E47,F47,FA-1 Max
59a6a80ce913c1ee51e35c213b85ca13bb78380df68a73fa1ceb164b84c647a6,2023-24,9,Joe,5,Jaren Jackson Jr,jarenjacksonjr,final,10,7,1,final_snapshot,Jaren Jackson Jr,D48,E48,F48,
59a6a80ce913c1ee51e35c213b85ca13bb78380df68a73fa1ceb164b84c647a6,2023-24,9,Joe,5,Tobias Harris,tobiasharris,final,11,16,1,final_snapshot,Tobias Harris,D49,E49,F49,
59a6a80ce913c1ee51e35c213b85ca13bb78380df68a73fa1ceb164b84c647a6,2023-24,9,Joe,5,Derrick White,derrickwhite,final,12,8,1,final_snapshot,Derrick White,D50,E50,F50,
59a6a80ce913c1ee51e35c213b85ca13bb78380df68a73fa1ceb164b84c647a6,2023-24,9,Joe,5,Grayson Allen,graysonallen,final,13,3,1,final_snapshot,Grayson Allen,D51,E51,F51,
59a6a80ce913c1ee51e35c213b85ca13bb78380df68a73fa1ceb164b84c647a6,2023-24,9,Joe,5,Immanuel Quickley,immanuelquickley,final,14,3,1,final_snapshot,Immanuel Quickley,D52,E52,F52,
59a6a80ce913c1ee51e35c213b85ca13bb78380df68a73fa1ceb164b84c647a6,2023-24,9,Joe,5,Terry Rozier,terryrozier,final,15,16,1,final_snapshot,Terry Rozier,D53,E53,F53,
59a6a80ce913c1ee51e35c213b85ca13bb78380df68a73fa1ceb164b84c647a6,2023-24,9,Joe,5,Mikal Bridges,mikalbridges,final,16,31,1,final_snapshot,Mikal Bridges,D54,E54,F54,
59a6a80ce913c1ee51e35c213b85ca13bb78380df68a73fa1ceb164b84c647a6,2023-24,9,Joe,5,Chris Paul,chrispaul,final,17,15,1,final_snapshot,Chris Paul,D55,E55,F55,
59a6a80ce913c1ee51e35c213b85ca13bb78380df68a73fa1ceb164b84c647a6,2023-24,9,Kerry,12,Jalen Brunson,jalenbrunson,final,1,28,2,final_snapshot,Jalen Brunson,D40,E40,F40,4.4 Arthur
59a6a80ce913c1ee51e35c213b85ca13bb78380df68a73fa1ceb164b84c647a6,2023-24,9,Kerry,12,Desmond Bane,desmondbane,final,2,7,3,final_snapshot,Desmond Bane,D41,E41,F41,4.3 Joe
59a6a80ce913c1ee51e35c213b85ca13bb78380df68a73fa1ceb164b84c647a6,2023-24,9,Kerry,12,Kyrie Irving,kyrieirving,final,3,36,1,final_snapshot,Kyrie Irving,D42,E42,F42,4.5 Isaac
59a6a80ce913c1ee51e35c213b85ca13bb78380df68a73fa1ceb164b84c647a6,2023-24,9,Kerry,12,Myles Turner,mylesturner,final,4,33,1,final_snapshot,Myles Turner,D43,E43,F43,4.2 Jason
59a6a80ce913c1ee51e35c213b85ca13bb78380df68a73fa1ceb164b84c647a6,2023-24,9,Kerry,12,Kristaps Porzingis,kristapsporzingis,final,5,35,1,final_snapshot,Kristaps Porzingis,D44,E44,F44,4.6 Peter
59a6a80ce913c1ee51e35c213b85ca13bb78380df68a73fa1ceb164b84c647a6,2023-24,9,Kerry,12,Cameron Johnson,cameronjohnson,final,6,12,1,final_snapshot,Cameron Johnson,D45,E45,F45,4.8 Peter
59a6a80ce913c1ee51e35c213b85ca13bb78380df68a73fa1ceb164b84c647a6,2023-24,9,Kerry,12,Patrick Williams,patrickwilliams,final,7,3,1,final_snapshot,Patrick Williams,D46,E46,F46,
59a6a80ce913c1ee51e35c213b85ca13bb78380df68a73fa1ceb164b84c647a6,2023-24,9,Kerry,12,D'Angelo Russell,dangelorussell,final,8,12,1,final_snapshot,D'Angelo Russell,D47,E47,F47,4.7 Arthur
59a6a80ce913c1ee51e35c213b85ca13bb78380df68a73fa1ceb164b84c647a6,2023-24,9,Kerry,12,Jayson Tatum,jaysontatum,final,9,29,1,final_snapshot,Jayson Tatum,D48,E48,F48,4.1 Max
59a6a80ce913c1ee51e35c213b85ca13bb78380df68a73fa1ceb164b84c647a6,2023-24,9,Kerry,12,Anthony Black,anthonyblack,final,10,0,0,final_snapshot,Anthony Black,D49,E49,F49,
59a6a80ce913c1ee51e35c213b85ca13bb78380df68a73fa1ceb164b84c647a6,2023-24,9,Kerry,12,Duop Reath,duopreath,final,11,0,0,final_snapshot,Duop Reath,D50,E50,F50,
59a6a80ce913c1ee51e35c213b85ca13bb78380df68a73fa1ceb164b84c647a6,2023-24,9,Kerry,12,Caleb Martin,calebmartin,final,12,1,1,final_snapshot,Caleb Martin,D51,E51,F51,FA-1 Benji
59a6a80ce913c1ee51e35c213b85ca13bb78380df68a73fa1ceb164b84c647a6,2023-24,9,Kerry,12,Nick Richards,nickrichards,final,13,1,1,final_snapshot,Nick Richards,D52,E52,F52,4.9 Peter
59a6a80ce913c1ee51e35c213b85ca13bb78380df68a73fa1ceb164b84c647a6,2023-24,9,Kerry,12,Jabari Walker,jabariwalker,final,14,0,0,final_snapshot,Jabari Walker,D53,E53,F53,
59a6a80ce913c1ee51e35c213b85ca13bb78380df68a73fa1ceb164b84c647a6,2023-24,9,Kerry,12,Simone Fontecchio,simonefontecchio,final,15,0,0,final_snapshot,Simone Fontecchio,D54,E54,F54,
59a6a80ce913c1ee51e35c213b85ca13bb78380df68a73fa1ceb164b84c647a6,2023-24,9,Kerry,12,Kevin Love,kevinlove,final,16,0,0,final_snapshot,Kevin Love,D55,E55,F55,
59a6a80ce913c1ee51e35c213b85ca13bb78380df68a73fa1ceb164b84c647a6,2023-24,9,Kerry,12,Toumani Camara,toumanicamara,final,17,0,0,final_snapshot,Toumani Camara,D56,E56,F56,
59a6a80ce913c1ee51e35c213b85ca13bb78380df68a73fa1ceb164b84c647a6,2023-24,9,Mark,6,DeMar DeRozan,demarderozan,final,1,28,3,final_snapshot,DeMar DeRozan,D39,E39,F39,10.5 Isaac
59a6a80ce913c1ee51e35c213b85ca13bb78380df68a73fa1ceb164b84c647a6,2023-24,9,Mark,6,Domantas Sabonis,domantassabonis,final,2,39,1,final_snapshot,Domantas Sabonis,D40,E40,F40,10.4 Peter
59a6a80ce913c1ee51e35c213b85ca13bb78380df68a73fa1ceb164b84c647a6,2023-24,9,Mark,6,Joel Embiid,joelembiid,final,3,69,1,final_snapshot,Joel Embiid,D41,E41,F41,FA-1 Jason
59a6a80ce913c1ee51e35c213b85ca13bb78380df68a73fa1ceb164b84c647a6,2023-24,9,Mark,6,Fred VanVleet,fredvanvleet,final,4,33,1,final_snapshot,Fred VanVleet,D42,E42,F42,
59a6a80ce913c1ee51e35c213b85ca13bb78380df68a73fa1ceb164b84c647a6,2023-24,9,Mark,6,Chet Holmgren,chetholmgren,final,5,9,1,final_snapshot,Chet Holmgren,D43,E43,F43,10.2 Max
59a6a80ce913c1ee51e35c213b85ca13bb78380df68a73fa1ceb164b84c647a6,2023-24,9,Mark,6,Lauri Markkanen,laurimarkkanen,final,6,13,1,final_snapshot,Lauri Markkanen,D44,E44,F44,FA-2 Jason
59a6a80ce913c1ee51e35c213b85ca13bb78380df68a73fa1ceb164b84c647a6,2023-24,9,Mark,6,Franz Wagner,franzwagner,final,7,24,1,final_snapshot,Franz Wagner,D45,E45,F45,10.7 Peter
59a6a80ce913c1ee51e35c213b85ca13bb78380df68a73fa1ceb164b84c647a6,2023-24,9,Mark,6,Damian Lillard,damianlillard,final,8,50,1,final_snapshot,Damian Lillard,D46,E46,F46,10.3 Joe
59a6a80ce913c1ee51e35c213b85ca13bb78380df68a73fa1ceb164b84c647a6,2023-24,9,Mark,6,Mikal Bridges,mikalbridges,final,9,31,1,final_snapshot,Mikal Bridges,D47,E47,F47,10.6 Joe
59a6a80ce913c1ee51e35c213b85ca13bb78380df68a73fa1ceb164b84c647a6,2023-24,9,Mark,6,Tyus Jones,tyusjones,final,10,16,1,final_snapshot,Tyus Jones,D48,E48,F48,
59a6a80ce913c1ee51e35c213b85ca13bb78380df68a73fa1ceb164b84c647a6,2023-24,9,Mark,6,Kawhi Leonard,kawhileonard,final,11,16,1,final_snapshot,Kawhi Leonard,D49,E49,F49,10.1 Jason
59a6a80ce913c1ee51e35c213b85ca13bb78380df68a73fa1ceb164b84c647a6,2023-24,9,Mark,6,Paolo Banchero,paolobanchero,final,12,21,1,final_snapshot,Paolo Banchero,D50,E50,F50,10.8 Peter
59a6a80ce913c1ee51e35c213b85ca13bb78380df68a73fa1ceb164b84c647a6,2023-24,9,Mark,6,Klay Thompson,klaythompson,final,13,17,1,final_snapshot,Klay Thompson,D51,E51,F51,
59a6a80ce913c1ee51e35c213b85ca13bb78380df68a73fa1ceb164b84c647a6,2023-24,9,Mark,6,Deni Avdija,deniavdija,final,14,2,1,final_snapshot,Deni Avdija,D52,E52,F52,
59a6a80ce913c1ee51e35c213b85ca13bb78380df68a73fa1ceb164b84c647a6,2023-24,9,Mark,6,Nic Claxton,nicclaxton,final,15,6,1,final_snapshot,Nic Claxton,D53,E53,F53,
59a6a80ce913c1ee51e35c213b85ca13bb78380df68a73fa1ceb164b84c647a6,2023-24,9,Mark,6,Tre Jones,trejones,final,16,13,1,final_snapshot,Tre Jones,D54,E54,F54,
59a6a80ce913c1ee51e35c213b85ca13bb78380df68a73fa1ceb164b84c647a6,2023-24,9,Max,2,Anthony Davis,anthonydavis,final,1,44,1,final_snapshot,Anthony Davis,D40,E40,F40,
59a6a80ce913c1ee51e35c213b85ca13bb78380df68a73fa1ceb164b84c647a6,2023-24,9,Max,2,Devin Booker,devinbooker,final,2,29,3,final_snapshot,Devin Booker,D41,E41,F41,
59a6a80ce913c1ee51e35c213b85ca13bb78380df68a73fa1ceb164b84c647a6,2023-24,9,Max,2,Nikola Jokic,nikolajokic,final,3,72,1,final_snapshot,Nikola Jokic,D42,E42,F42,
59a6a80ce913c1ee51e35c213b85ca13bb78380df68a73fa1ceb164b84c647a6,2023-24,9,Max,2,Donovan Mitchell,donovanmitchell,final,4,28,1,final_snapshot,Donovan Mitchell,D43,E43,F43,
59a6a80ce913c1ee51e35c213b85ca13bb78380df68a73fa1ceb164b84c647a6,2023-24,9,Max,2,LeBron James,lebronjames,final,5,33,1,final_snapshot,LeBron James,D44,E44,F44,
59a6a80ce913c1ee51e35c213b85ca13bb78380df68a73fa1ceb164b84c647a6,2023-24,9,Max,2,Jayson Tatum,jaysontatum,final,6,29,1,final_snapshot,Jayson Tatum,D45,E45,F45,
59a6a80ce913c1ee51e35c213b85ca13bb78380df68a73fa1ceb164b84c647a6,2023-24,9,Max,2,Domantas Sabonis,domantassabonis,final,7,39,1,final_snapshot,Domantas Sabonis,D46,E46,F46,
59a6a80ce913c1ee51e35c213b85ca13bb78380df68a73fa1ceb164b84c647a6,2023-24,9,Max,2,Stephen Curry,stephencurry,final,8,60,1,final_snapshot,Stephen Curry,D47,E47,F47,
59a6a80ce913c1ee51e35c213b85ca13bb78380df68a73fa1ceb164b84c647a6,2023-24,9,Max,2,De'Aaron Fox,deaaronfox,final,9,34,1,final_snapshot,De'Aaron Fox,D48,E48,F48,
59a6a80ce913c1ee51e35c213b85ca13bb78380df68a73fa1ceb164b84c647a6,2023-24,9,Max,2,Jalen Brunson,jalenbrunson,final,10,28,1,final_snapshot,Jalen Brunson,D49,E49,F49,
59a6a80ce913c1ee51e35c213b85ca13bb78380df68a73fa1ceb164b84c647a6,2023-24,9,Max,2,Tyrese Maxey,tyresemaxey,final,11,23,1,final_snapshot,Tyrese Maxey,D50,E50,F50,
59a6a80ce913c1ee51e35c213b85ca13bb78380df68a73fa1ceb164b84c647a6,2023-24,9,Max,2,Jamal Murray,jamalmurray,final,12,15,1,final_snapshot,Jamal Murray,D51,E51,F51,
59a6a80ce913c1ee51e35c213b85ca13bb78380df68a73fa1ceb164b84c647a6,2023-24,9,Max,2,Jimmy Butler,jimmybutler,final,13,43,1,final_snapshot,Jimmy Butler,D52,E52,F52,
59a6a80ce913c1ee51e35c213b85ca13bb78380df68a73fa1ceb164b84c647a6,2023-24,9,Max,2,Deandre Ayton,deandreayton,final,14,30,1,final_snapshot,Deandre Ayton,D53,E53,F53,
59a6a80ce913c1ee51e35c213b85ca13bb78380df68a73fa1ceb164b84c647a6,2023-24,9,Max,2,Jarrett Allen,jarrettallen,final,15,31,1,final_snapshot,Jarrett Allen,D54,E54,F54,
59a6a80ce913c1ee51e35c213b85ca13bb78380df68a73fa1ceb164b84c647a6,2023-24,9,Max,2,Rudy Gobert,rudygobert,final,16,21,1,final_snapshot,Rudy Gobert,D55,E55,F55,
59a6a80ce913c1ee51e35c213b85ca13bb78380df68a73fa1ceb164b84c647a6,2023-24,9,Max,2,Miles Bridges,milesbridges,final,17,6,1,final_snapshot,Miles Bridges,D56,E56,F56,
59a6a80ce913c1ee51e35c213b85ca13bb78380df68a73fa1ceb164b84c647a6,2023-24,9,Peter,4,Domantas Sabonis,domantassabonis,final,1,39,2,final_snapshot,Domantas Sabonis,D39,E39,F39,12.2 Max
59a6a80ce913c1ee51e35c213b85ca13bb78380df68a73fa1ceb164b84c647a6,2023-24,9,Peter,4,Kevin Durant,kevindurant,final,2,38,5,final_snapshot,Kevin Durant,D40,E40,F40,12.1 Jason
59a6a80ce913c1ee51e35c213b85ca13bb78380df68a73fa1ceb164b84c647a6,2023-24,9,Peter,4,Paul George,paulgeorge,final,3,34,1,final_snapshot,Paul George,D41,E41,F41,12.3 Jason
59a6a80ce913c1ee51e35c213b85ca13bb78380df68a73fa1ceb164b84c647a6,2023-24,9,Peter,4,De'Aaron Fox,deaaronfox,final,4,34,1,final_snapshot,De'Aaron Fox,D42,E42,F42,12.4 Max
59a6a80ce913c1ee51e35c213b85ca13bb78380df68a73fa1ceb164b84c647a6,2023-24,9,Peter,4,Jalen Brunson,jalenbrunson,final,5,28,1,final_snapshot,Jalen Brunson,D43,E43,F43,FA-2 Max
59a6a80ce913c1ee51e35c213b85ca13bb78380df68a73fa1ceb164b84c647a6,2023-24,9,Peter,4,Derrick White,derrickwhite,final,6,8,1,final_snapshot,Derrick White,D44,E44,F44,
59a6a80ce913c1ee51e35c213b85ca13bb78380df68a73fa1ceb164b84c647a6,2023-24,9,Peter,4,Tyrese Maxey,tyresemaxey,final,7,23,1,final_snapshot,Tyrese Maxey,D45,E45,F45,FA-1 Max
59a6a80ce913c1ee51e35c213b85ca13bb78380df68a73fa1ceb164b84c647a6,2023-24,9,Peter,4,Jarrett Allen,jarrettallen,final,8,31,1,final_snapshot,Jarrett Allen,D46,E46,F46,FA-3 Max
59a6a80ce913c1ee51e35c213b85ca13bb78380df68a73fa1ceb164b84c647a6,2023-24,9,Peter,4,Jaren Jackson Jr,jarenjacksonjr,final,9,7,1,final_snapshot,Jaren Jackson Jr,D47,E47,F47,
59a6a80ce913c1ee51e35c213b85ca13bb78380df68a73fa1ceb164b84c647a6,2023-24,9,Peter,4,Kyle Kuzma,kylekuzma,final,10,19,1,final_snapshot,Kyle Kuzma,D48,E48,F48,
59a6a80ce913c1ee51e35c213b85ca13bb78380df68a73fa1ceb164b84c647a6,2023-24,9,Peter,4,Cade Cunningham,cadecunningham,final,11,37,1,final_snapshot,Cade Cunningham,D49,E49,F49,
59a6a80ce913c1ee51e35c213b85ca13bb78380df68a73fa1ceb164b84c647a6,2023-24,9,Peter,4,Franz Wagner,franzwagner,final,12,24,1,final_snapshot,Franz Wagner,D50,E50,F50,
59a6a80ce913c1ee51e35c213b85ca13bb78380df68a73fa1ceb164b84c647a6,2023-24,9,Peter,4,Paolo Banchero,paolobanchero,final,13,21,1,final_snapshot,Paolo Banchero,D51,E51,F51,
59a6a80ce913c1ee51e35c213b85ca13bb78380df68a73fa1ceb164b84c647a6,2023-24,9,Peter,4,Kristaps Porzingis,kristapsporzingis,final,14,35,1,final_snapshot,Kristaps Porzingis,D52,E52,F52,12.5 Jason
59a6a80ce913c1ee51e35c213b85ca13bb78380df68a73fa1ceb164b84c647a6,2023-24,9,Peter,4,Jalen Green,jalengreen,final,15,12,1,final_snapshot,Jalen Green,D53,E53,F53,
59a6a80ce913c1ee51e35c213b85ca13bb78380df68a73fa1ceb164b84c647a6,2023-24,9,Peter,4,Jalen Duren,jalenduren,final,16,12,1,final_snapshot,Jalen Duren,D54,E54,F54,
59a6a80ce913c1ee51e35c213b85ca13bb78380df68a73fa1ceb164b84c647a6,2023-24,9,Peter,4,Aaron Gordon,aarongordon,final,17,3,1,final_snapshot,Aaron Gordon ,D55,E55,F55,
59a6a80ce913c1ee51e35c213b85ca13bb78380df68a73fa1ceb164b84c647a6,2023-24,9,Ron,13,Jayson Tatum,jaysontatum,final,1,29,3,final_snapshot,Jayson Tatum,D40,E40,F40,3.2 Ker
59a6a80ce913c1ee51e35c213b85ca13bb78380df68a73fa1ceb164b84c647a6,2023-24,9,Ron,13,Lauri Markkanen,laurimarkkanen,final,2,13,2,final_snapshot,Lauri Markkanen,D41,E41,F41,3.3 Josh
59a6a80ce913c1ee51e35c213b85ca13bb78380df68a73fa1ceb164b84c647a6,2023-24,9,Ron,13,Cade Cunningham,cadecunningham,final,3,37,1,final_snapshot,Cade Cunningham,D42,E42,F42,3.4 Peter
59a6a80ce913c1ee51e35c213b85ca13bb78380df68a73fa1ceb164b84c647a6,2023-24,9,Ron,13,Jalen Williams,jalenwilliams,final,4,27,1,final_snapshot,Jalen Williams,D43,E43,F43,3.5 Benji
59a6a80ce913c1ee51e35c213b85ca13bb78380df68a73fa1ceb164b84c647a6,2023-24,9,Ron,13,Deandre Ayton,deandreayton,final,5,30,1,final_snapshot,Deandre Ayton,D44,E44,F44,3.6 Brent
59a6a80ce913c1ee51e35c213b85ca13bb78380df68a73fa1ceb164b84c647a6,2023-24,9,Ron,13,Mark Williams,markwilliams,final,6,22,1,final_snapshot,Mark Williams,D45,E45,F45,FA-2 Arthur
59a6a80ce913c1ee51e35c213b85ca13bb78380df68a73fa1ceb164b84c647a6,2023-24,9,Ron,13,Dennis Schroder,dennisschroder,final,7,9,1,final_snapshot,Dennis Schroder,D46,E46,F46,FA-1 Isaac
59a6a80ce913c1ee51e35c213b85ca13bb78380df68a73fa1ceb164b84c647a6,2023-24,9,Ron,13,Scoot Henderson,scoothenderson,final,8,20,1,final_snapshot,Scoot Henderson,D47,E47,F47,FA-3 Al
59a6a80ce913c1ee51e35c213b85ca13bb78380df68a73fa1ceb164b84c647a6,2023-24,9,Ron,13,PJ Washington,pjwashington,final,9,2,1,final_snapshot,PJ Washington,D48,E48,F48,FA-4 Ker
59a6a80ce913c1ee51e35c213b85ca13bb78380df68a73fa1ceb164b84c647a6,2023-24,9,Ron,13,Karl-Anthony Towns,karlanthonytowns,final,10,44,1,final_snapshot,Karl-Anthony Towns,D49,E49,F49,3.1 Al
59a6a80ce913c1ee51e35c213b85ca13bb78380df68a73fa1ceb164b84c647a6,2023-24,9,Ron,13,Cam Reddish,camreddish,final,11,0,0,final_snapshot,Cam Reddish,D50,E50,F50,
59a6a80ce913c1ee51e35c213b85ca13bb78380df68a73fa1ceb164b84c647a6,2023-24,9,Ron,13,Jonathan Isaac,jonathanisaac,final,12,1,1,final_snapshot,Jonathan Isaac,D51,E51,F51,
59a6a80ce913c1ee51e35c213b85ca13bb78380df68a73fa1ceb164b84c647a6,2023-24,9,Ron,13,Coby White,cobywhite,final,13,1,1,final_snapshot,Coby White,D52,E52,F52,3.7 D
59a6a80ce913c1ee51e35c213b85ca13bb78380df68a73fa1ceb164b84c647a6,2023-24,9,Ron,13,Xavier Tillman,xaviertillman,final,14,0,0,final_snapshot,Xavier Tillman,D53,E53,F53,
59a6a80ce913c1ee51e35c213b85ca13bb78380df68a73fa1ceb164b84c647a6,2023-24,9,Ron,13,Derrick Rose,derrickrose,final,15,0,0,final_snapshot,Derrick Rose,D54,E54,F54,
59a6a80ce913c1ee51e35c213b85ca13bb78380df68a73fa1ceb164b84c647a6,2023-24,9,Ron,13,Jalen Suggs,jalensuggs,final,16,1,1,final_snapshot,Jalen Suggs,D55,E55,F55,3.8 D
59a6a80ce913c1ee51e35c213b85ca13bb78380df68a73fa1ceb164b84c647a6,2023-24,9,Ron,13,Wendell Carter Jr.,wendellcarterjr,final,17,7,1,final_snapshot,Wendell Carter Jr,D56,E56,F56,FA-5 Arthur
59a6a80ce913c1ee51e35c213b85ca13bb78380df68a73fa1ceb164b84c647a6,2022-23,8,Alvin,3,LaMelo Ball,lameloball,final,1,12,3,final_snapshot,LaMelo Ball,D59,E59,F59,
59a6a80ce913c1ee51e35c213b85ca13bb78380df68a73fa1ceb164b84c647a6,2022-23,8,Alvin,3,Jaden McDaniels,jadenmcdaniels,final,2,5,1,final_snapshot,Jaden McDaniels,D60,E60,F60,
59a6a80ce913c1ee51e35c213b85ca13bb78380df68a73fa1ceb164b84c647a6,2022-23,8,Alvin,3,OG Anunoby,oganunoby,final,3,14,1,final_snapshot,OG Anunoby,D61,E61,F61,
59a6a80ce913c1ee51e35c213b85ca13bb78380df68a73fa1ceb164b84c647a6,2022-23,8,Alvin,3,Devin Booker,devinbooker,final,4,26,1,final_snapshot,Devin Booker,D62,E62,F62,
59a6a80ce913c1ee51e35c213b85ca13bb78380df68a73fa1ceb164b84c647a6,2022-23,8,Alvin,3,Mikal Bridges,mikalbridges,final,5,30,1,final_snapshot,Mikal Bridges,D63,E63,F63,13.4 Ron
59a6a80ce913c1ee51e35c213b85ca13bb78380df68a73fa1ceb164b84c647a6,2022-23,8,Alvin,3,Luka Doncic,lukadoncic,final,6,48,1,final_snapshot,Luka Doncic,D64,E64,F64,13.2 Ron
59a6a80ce913c1ee51e35c213b85ca13bb78380df68a73fa1ceb164b84c647a6,2022-23,8,Alvin,3,Darius Garland,dariusgarland,final,7,6,1,final_snapshot,Darius Garland,D65,E65,F65,
59a6a80ce913c1ee51e35c213b85ca13bb78380df68a73fa1ceb164b84c647a6,2022-23,8,Alvin,3,Evan Mobley,evanmobley,final,8,21,1,final_snapshot,Evan Mobley,D66,E66,F66,13.6 Ron
59a6a80ce913c1ee51e35c213b85ca13bb78380df68a73fa1ceb164b84c647a6,2022-23,8,Alvin,3,Anthony Davis,anthonydavis,final,9,54,1,final_snapshot,Anthony Davis,D67,E67,F67,13.3 Peter
59a6a80ce913c1ee51e35c213b85ca13bb78380df68a73fa1ceb164b84c647a6,2022-23,8,Alvin,3,Jaylen Brown,jaylenbrown,final,10,22,1,final_snapshot,Jaylen Brown,D68,E68,F68,
59a6a80ce913c1ee51e35c213b85ca13bb78380df68a73fa1ceb164b84c647a6,2022-23,8,Alvin,3,Jalen Jackson Jr.,jalenjacksonjr,final,11,6,1,final_snapshot,Jalen Jackson Jr.,D69,E69,F69,13.1 Peter
59a6a80ce913c1ee51e35c213b85ca13bb78380df68a73fa1ceb164b84c647a6,2022-23,8,Alvin,3,Julius Randle,juliusrandle,final,12,17,1,final_snapshot,Julius Randle,D70,E70,F70,
59a6a80ce913c1ee51e35c213b85ca13bb78380df68a73fa1ceb164b84c647a6,2022-23,8,Alvin,3,Kawhi Leonard,kawhileonard,final,13,13,1,final_snapshot,Kawhi Leonard,D71,E71,F71,13.5 Peter
59a6a80ce913c1ee51e35c213b85ca13bb78380df68a73fa1ceb164b84c647a6,2022-23,8,Alvin,3,De'Aaron Fox,deaaronfox,final,14,22,1,final_snapshot,De'Aaron Fox,D72,E72,F72,
59a6a80ce913c1ee51e35c213b85ca13bb78380df68a73fa1ceb164b84c647a6,2022-23,8,Alvin,3,James Harden,jamesharden,final,15,58,1,final_snapshot,James Harden,D73,E73,F73,13.7 Ron
59a6a80ce913c1ee51e35c213b85ca13bb78380df68a73fa1ceb164b84c647a6,2022-23,8,Alvin,3,Rudy Gobert,rudygobert,final,16,34,1,final_snapshot,Rudy Gobert,D74,E74,F74,
59a6a80ce913c1ee51e35c213b85ca13bb78380df68a73fa1ceb164b84c647a6,2022-23,8,Alvin,3,Josh Giddey,joshgiddey,final,17,3,1,final_snapshot,Josh Giddey,D75,E75,F75,
59a6a80ce913c1ee51e35c213b85ca13bb78380df68a73fa1ceb164b84c647a6,2022-23,8,Arthur,5,Scottie Barnes,scottiebarnes,final,1,11,2,final_snapshot,Scottie Barnes,D59,E59,F59,
59a6a80ce913c1ee51e35c213b85ca13bb78380df68a73fa1ceb164b84c647a6,2022-23,8,Arthur,5,Josh Giddey,joshgiddey,final,2,3,2,final_snapshot,Josh Giddey,D60,E60,F60,
59a6a80ce913c1ee51e35c213b85ca13bb78380df68a73fa1ceb164b84c647a6,2022-23,8,Arthur,5,Bam Adebayo,bamadebayo,final,3,39,1,final_snapshot,Bam Adebayo,D61,E61,F61,11.5 Peter
59a6a80ce913c1ee51e35c213b85ca13bb78380df68a73fa1ceb164b84c647a6,2022-23,8,Arthur,5,Zion Williamson,zionwilliamson,final,4,46,1,final_snapshot,Zion Williamson,D62,E62,F62,
59a6a80ce913c1ee51e35c213b85ca13bb78380df68a73fa1ceb164b84c647a6,2022-23,8,Arthur,5,Kawhi Leonard,kawhileonard,final,5,13,1,final_snapshot,Kawhi Leonard,D63,E63,F63,11.2 Alvin
59a6a80ce913c1ee51e35c213b85ca13bb78380df68a73fa1ceb164b84c647a6,2022-23,8,Arthur,5,Myles Turner,mylesturner,final,6,38,1,final_snapshot,Myles Turner,D64,E64,F64,11.3 Jason
59a6a80ce913c1ee51e35c213b85ca13bb78380df68a73fa1ceb164b84c647a6,2022-23,8,Arthur,5,Damian Lillard,damianlillard,final,7,49,1,final_snapshot,Damian Lillard,D65,E65,F65,11.1 Peter
59a6a80ce913c1ee51e35c213b85ca13bb78380df68a73fa1ceb164b84c647a6,2022-23,8,Arthur,5,Devin Booker,devinbooker,final,8,26,1,final_snapshot,Devin Booker,D66,E66,F66,11.6 Alvin
59a6a80ce913c1ee51e35c213b85ca13bb78380df68a73fa1ceb164b84c647a6,2022-23,8,Arthur,5,Jordan Poole,jordanpoole,final,9,2,1,final_snapshot,Jordan Poole,D67,E67,F67,
59a6a80ce913c1ee51e35c213b85ca13bb78380df68a73fa1ceb164b84c647a6,2022-23,8,Arthur,5,Deandre Ayton,deandreayton,final,10,35,1,final_snapshot,Deandre Ayton,D68,E68,F68,11.10 Jason
59a6a80ce913c1ee51e35c213b85ca13bb78380df68a73fa1ceb164b84c647a6,2022-23,8,Arthur,5,Jalen Duren,jalenduren,final,11,1,1,final_snapshot,Jalen Duren,D69,E69,F69,
59a6a80ce913c1ee51e35c213b85ca13bb78380df68a73fa1ceb164b84c647a6,2022-23,8,Arthur,5,Giannis Antetokounmpo,giannisantetokounmpo,final,12,37,1,final_snapshot,Giannis Antetokounmpo,D70,E70,F70,11.8 Ron
59a6a80ce913c1ee51e35c213b85ca13bb78380df68a73fa1ceb164b84c647a6,2022-23,8,Arthur,5,Buddy Hield,buddyhield,final,13,10,1,final_snapshot,Buddy Hield,D71,E71,F71,11.7 Jason
59a6a80ce913c1ee51e35c213b85ca13bb78380df68a73fa1ceb164b84c647a6,2022-23,8,Arthur,5,Onyeka Okongwu,onyekaokongwu,final,14,8,1,final_snapshot,Onyeka Okongwu,D72,E72,F72,
59a6a80ce913c1ee51e35c213b85ca13bb78380df68a73fa1ceb164b84c647a6,2022-23,8,Arthur,5,Brook Lopez,brooklopez,final,15,12,1,final_snapshot,Brook Lopez,D73,E73,F73,11.9 Jason
59a6a80ce913c1ee51e35c213b85ca13bb78380df68a73fa1ceb164b84c647a6,2022-23,8,Arthur,5,Jimmy Butler,jimmybutler,final,16,45,1,final_snapshot,Jimmy Butler,D74,E74,F74,11.4 Ron
59a6a80ce913c1ee51e35c213b85ca13bb78380df68a73fa1ceb164b84c647a6,2022-23,8,Arthur,5,Tyler Herro,tylerherro,final,17,15,1,final_snapshot,Tyler Herro,D75,E75,F75,
59a6a80ce913c1ee51e35c213b85ca13bb78380df68a73fa1ceb164b84c647a6,2022-23,8,Benji,14,Darius Garland,dariusgarland,final,1,6,3,final_snapshot,Darius Garland,D56,E56,F56,2.2 Darren
59a6a80ce913c1ee51e35c213b85ca13bb78380df68a73fa1ceb164b84c647a6,2022-23,8,Benji,14,Kawhi Leonard,kawhileonard,final,2,13,2,final_snapshot,Kawhi Leonard,D57,E57,F57,2.5 Arthur
59a6a80ce913c1ee51e35c213b85ca13bb78380df68a73fa1ceb164b84c647a6,2022-23,8,Benji,14,Joel Embiid,joelembiid,final,3,72,1,final_snapshot,Joel Embiid,D58,E58,F58,2.1 Max
59a6a80ce913c1ee51e35c213b85ca13bb78380df68a73fa1ceb164b84c647a6,2022-23,8,Benji,14,Kristaps Porzingis,kristapsporzingis,final,4,39,1,final_snapshot,Kristaps Porzingis,D59,E59,F59,2.3 Joe
59a6a80ce913c1ee51e35c213b85ca13bb78380df68a73fa1ceb164b84c647a6,2022-23,8,Benji,14,Tyler Herro,tylerherro,final,5,15,1,final_snapshot,Tyler Herro,D60,E60,F60,2.6 Darren
59a6a80ce913c1ee51e35c213b85ca13bb78380df68a73fa1ceb164b84c647a6,2022-23,8,Benji,14,RJ Barrett,rjbarrett,final,6,11,1,final_snapshot,RJ Barrett,D61,E61,F61,
59a6a80ce913c1ee51e35c213b85ca13bb78380df68a73fa1ceb164b84c647a6,2022-23,8,Benji,14,Steven Adams,stevenadams,final,7,6,1,final_snapshot,Steven Adams,D62,E62,F62,
59a6a80ce913c1ee51e35c213b85ca13bb78380df68a73fa1ceb164b84c647a6,2022-23,8,Benji,14,Marcus Smart,marcussmart,final,8,12,1,final_snapshot,Marcus Smart,D63,E63,F63,2.4 Josh
59a6a80ce913c1ee51e35c213b85ca13bb78380df68a73fa1ceb164b84c647a6,2022-23,8,Benji,14,Isaiah Hartenstein,isaiahhartenstein,final,9,7,1,final_snapshot,Isaiah Hartenstein,D64,E64,F64,2.9 Joe
59a6a80ce913c1ee51e35c213b85ca13bb78380df68a73fa1ceb164b84c647a6,2022-23,8,Benji,14,Derrick Rose,derrickrose,final,10,0,0,final_snapshot,Derrick Rose,D65,E65,F65,
59a6a80ce913c1ee51e35c213b85ca13bb78380df68a73fa1ceb164b84c647a6,2022-23,8,Benji,14,Kelly Olynyk,kellyolynyk,final,11,2,1,final_snapshot,Kelly Olynyk,D66,E66,F66,2.7 Joe
59a6a80ce913c1ee51e35c213b85ca13bb78380df68a73fa1ceb164b84c647a6,2022-23,8,Benji,14,Cade Cunningham,cadecunningham,final,12,28,1,final_snapshot,Cade Cunningham,D67,E67,F67,FA-1 Kerry
59a6a80ce913c1ee51e35c213b85ca13bb78380df68a73fa1ceb164b84c647a6,2022-23,8,Benji,14,Jalen McDaniels,jalenmcdaniels,final,13,1,1,final_snapshot,Jalen McDaniels,D68,E68,F68,2.10 Joe
59a6a80ce913c1ee51e35c213b85ca13bb78380df68a73fa1ceb164b84c647a6,2022-23,8,Benji,14,Royce O'Neale,royceoneale,final,14,1,1,final_snapshot,Royce O'Neale,D69,E69,F69,2.8 Josh
59a6a80ce913c1ee51e35c213b85ca13bb78380df68a73fa1ceb164b84c647a6,2022-23,8,Benji,14,Trey Lyles,treylyles,final,15,0,0,final_snapshot,Trey Lyles,D70,E70,F70,
59a6a80ce913c1ee51e35c213b85ca13bb78380df68a73fa1ceb164b84c647a6,2022-23,8,Benji,14,Anthony Lamb,anthonylamb,final,16,0,0,final_snapshot,Anthony Lamb,D71,E71,F71,
59a6a80ce913c1ee51e35c213b85ca13bb78380df68a73fa1ceb164b84c647a6,2022-23,8,Brent,8,Tyrese Haliburton,tyresehaliburton,final,1,6,3,final_snapshot,Tyrese Haliburton,D59,E59,F59,8.1 Jason
59a6a80ce913c1ee51e35c213b85ca13bb78380df68a73fa1ceb164b84c647a6,2022-23,8,Brent,8,Evan Mobley,evanmobley,final,2,21,2,final_snapshot,Evan Mobley,D60,E60,F60,8.6 Peter
59a6a80ce913c1ee51e35c213b85ca13bb78380df68a73fa1ceb164b84c647a6,2022-23,8,Brent,8,Paolo Banchero,paolobanchero,final,3,18,1,final_snapshot,Paolo Banchero,D61,E61,F61,
59a6a80ce913c1ee51e35c213b85ca13bb78380df68a73fa1ceb164b84c647a6,2022-23,8,Brent,8,Khris Middleton,khrismiddleton,final,4,31,1,final_snapshot,Khris Middleton,D62,E62,F62,FA-2 Jason
59a6a80ce913c1ee51e35c213b85ca13bb78380df68a73fa1ceb164b84c647a6,2022-23,8,Brent,8,CJ McCollum,cjmccollum,final,5,29,1,final_snapshot,CJ McCollum,D63,E63,F63,8.5 Isaac
59a6a80ce913c1ee51e35c213b85ca13bb78380df68a73fa1ceb164b84c647a6,2022-23,8,Brent,8,Nikola Vucevic,nikolavucevic,final,6,35,1,final_snapshot,Nikola Vucevic,D64,E64,F64,8.4 Alvin
59a6a80ce913c1ee51e35c213b85ca13bb78380df68a73fa1ceb164b84c647a6,2022-23,8,Brent,8,Russell Westbrook,russellwestbrook,final,7,5,1,final_snapshot,Russell Westbrook,D65,E65,F65,
59a6a80ce913c1ee51e35c213b85ca13bb78380df68a73fa1ceb164b84c647a6,2022-23,8,Brent,8,De'Anthony Melton,deanthonymelton,final,8,4,1,final_snapshot,De'Anthony Melton,D66,E66,F66,
59a6a80ce913c1ee51e35c213b85ca13bb78380df68a73fa1ceb164b84c647a6,2022-23,8,Brent,8,Jarrett Allen,jarrettallen,final,9,31,1,final_snapshot,Jarrett Allen,D67,E67,F67,8.7 Kerry
59a6a80ce913c1ee51e35c213b85ca13bb78380df68a73fa1ceb164b84c647a6,2022-23,8,Brent,8,Kristaps Porzingis,kristapsporzingis,final,10,39,1,final_snapshot,Kristaps Porzingis,D68,E68,F68,8.3 Ron
59a6a80ce913c1ee51e35c213b85ca13bb78380df68a73fa1ceb164b84c647a6,2022-23,8,Brent,8,Keldon Johnson,keldonjohnson,final,11,13,1,final_snapshot,Keldon Johnson,D69,E69,F69,8.8 Isaac
59a6a80ce913c1ee51e35c213b85ca13bb78380df68a73fa1ceb164b84c647a6,2022-23,8,Brent,8,Bojan Bogdanovic,bojanbogdanovic,final,12,9,1,final_snapshot,Bojan Bogdanovic,D70,E70,F70,FA-1 Alvin
59a6a80ce913c1ee51e35c213b85ca13bb78380df68a73fa1ceb164b84c647a6,2022-23,8,Brent,8,Brandon Ingram,brandoningram,final,13,27,1,final_snapshot,Brandon Ingram,D71,E71,F71,8.9  Isaac
59a6a80ce913c1ee51e35c213b85ca13bb78380df68a73fa1ceb164b84c647a6,2022-23,8,Brent,8,Aaron Gordon,aarongordon,final,14,3,1,final_snapshot,Aaron Gordon,D72,E72,F72,
59a6a80ce913c1ee51e35c213b85ca13bb78380df68a73fa1ceb164b84c647a6,2022-23,8,Brent,8,Terance Mann,terancemann,final,15,2,1,final_snapshot,Terance Mann,D73,E73,F73,
59a6a80ce913c1ee51e35c213b85ca13bb78380df68a73fa1ceb164b84c647a6,2022-23,8,Brent,8,Victor Oladipo,victoroladipo,final,16,2,1,final_snapshot,Victor Oladipo,D74,E74,F74,
59a6a80ce913c1ee51e35c213b85ca13bb78380df68a73fa1ceb164b84c647a6,2022-23,8,Brent,8,James Harden,jamesharden,final,17,58,1,final_snapshot,James Harden,D75,E75,F75,8.2 Kerry
59a6a80ce913c1ee51e35c213b85ca13bb78380df68a73fa1ceb164b84c647a6,2022-23,8,Darren,9,Deandre Ayton,deandreayton,final,1,35,2,final_snapshot,Deandre Ayton,D59,E59,F59,7.8 Arthur
59a6a80ce913c1ee51e35c213b85ca13bb78380df68a73fa1ceb164b84c647a6,2022-23,8,Darren,9,Jonas Valanciunas,jonasvalanciunas,final,2,16,2,final_snapshot,Jonas Valanciunas,D60,E60,F60,7.5 Arthur
59a6a80ce913c1ee51e35c213b85ca13bb78380df68a73fa1ceb164b84c647a6,2022-23,8,Darren,9,De'Aaron Fox,deaaronfox,final,3,22,1,final_snapshot,De'Aaron Fox,D61,E61,F61,7.2 Isaac
59a6a80ce913c1ee51e35c213b85ca13bb78380df68a73fa1ceb164b84c647a6,2022-23,8,Darren,9,Tyrese Maxey,tyresemaxey,final,4,22,1,final_snapshot,Tyrese Maxey,D62,E62,F62,7.9 Arthur
59a6a80ce913c1ee51e35c213b85ca13bb78380df68a73fa1ceb164b84c647a6,2022-23,8,Darren,9,Darius Garland,dariusgarland,final,5,6,1,final_snapshot,Darius Garland,D63,E63,F63,7.3 Alvin
59a6a80ce913c1ee51e35c213b85ca13bb78380df68a73fa1ceb164b84c647a6,2022-23,8,Darren,9,Tyler Herro,tylerherro,final,6,15,1,final_snapshot,Tyler Herro,D64,E64,F64,7.4 Peter
59a6a80ce913c1ee51e35c213b85ca13bb78380df68a73fa1ceb164b84c647a6,2022-23,8,Darren,9,Marcus Smart,marcussmart,final,7,12,1,final_snapshot,Marcus Smart,D65,E65,F65,7.10 Arthur
59a6a80ce913c1ee51e35c213b85ca13bb78380df68a73fa1ceb164b84c647a6,2022-23,8,Darren,9,Jaden McDaniels,jadenmcdaniels,final,8,5,1,final_snapshot,Jaden McDaniels,D66,E66,F66,7.11 Arthur
59a6a80ce913c1ee51e35c213b85ca13bb78380df68a73fa1ceb164b84c647a6,2022-23,8,Darren,9,Jalen Williams,jalenwilliams,final,9,0,0,final_snapshot,Jalen Williams,D67,E67,F67,
59a6a80ce913c1ee51e35c213b85ca13bb78380df68a73fa1ceb164b84c647a6,2022-23,8,Darren,9,Kevon Looney,kevonlooney,final,10,2,1,final_snapshot,Kevon Looney,D68,E68,F68,
59a6a80ce913c1ee51e35c213b85ca13bb78380df68a73fa1ceb164b84c647a6,2022-23,8,Darren,9,Ben Simmons,bensimmons,final,11,15,1,final_snapshot,Ben Simmons,D69,E69,F69,FA-1 Isaac
59a6a80ce913c1ee51e35c213b85ca13bb78380df68a73fa1ceb164b84c647a6,2022-23,8,Darren,9,Kevin Huerter,kevinhuerter,final,12,5,1,final_snapshot,Kevin Huerter,D70,E70,F70,7.7 Peter
59a6a80ce913c1ee51e35c213b85ca13bb78380df68a73fa1ceb164b84c647a6,2022-23,8,Darren,9,Brandon Clarke,brandonclarke,final,13,6,1,final_snapshot,Brandon Clarke,D71,E71,F71,
59a6a80ce913c1ee51e35c213b85ca13bb78380df68a73fa1ceb164b84c647a6,2022-23,8,Darren,9,Michael Porter Jr.,michaelporterjr,final,14,14,1,final_snapshot,Michael Porter Jr.,D72,E72,F72,FA-2 Brent
59a6a80ce913c1ee51e35c213b85ca13bb78380df68a73fa1ceb164b84c647a6,2022-23,8,Darren,9,Walker Kessler,walkerkessler,final,15,2,1,final_snapshot,Walker Kessler,D73,E73,F73,7.6 Isaac
59a6a80ce913c1ee51e35c213b85ca13bb78380df68a73fa1ceb164b84c647a6,2022-23,8,Darren,9,Chris Boucher,chrisboucher,final,16,5,1,final_snapshot,Chris Boucher,D74,E74,F74,
59a6a80ce913c1ee51e35c213b85ca13bb78380df68a73fa1ceb164b84c647a6,2022-23,8,Darren,9,Nic Claxton,nicclaxton,final,17,5,1,final_snapshot,Nic Claxton,D75,E75,F75,7.1 Ron
59a6a80ce913c1ee51e35c213b85ca13bb78380df68a73fa1ceb164b84c647a6,2022-23,8,Graham,15,Cade Cunningham,cadecunningham,final,1,28,2,final_snapshot,Cade Cunningham,D57,E57,F57,1.3 Benji
59a6a80ce913c1ee51e35c213b85ca13bb78380df68a73fa1ceb164b84c647a6,2022-23,8,Graham,15,Jaylen Brown,jaylenbrown,final,2,22,3,final_snapshot,Jaylen Brown,D58,E58,F58,1.2 Alvin
59a6a80ce913c1ee51e35c213b85ca13bb78380df68a73fa1ceb164b84c647a6,2022-23,8,Graham,15,Kyle Lowry,kylelowry,final,3,12,1,final_snapshot,Kyle Lowry,D59,E59,F59,1.5 Arthur
59a6a80ce913c1ee51e35c213b85ca13bb78380df68a73fa1ceb164b84c647a6,2022-23,8,Graham,15,Shai Gilgeous-Alexander,shaigilgeousalexander,final,4,30,1,final_snapshot,Shai Gilgeous-Alexander,D60,E60,F60,1.1 Peter
59a6a80ce913c1ee51e35c213b85ca13bb78380df68a73fa1ceb164b84c647a6,2022-23,8,Graham,15,James Harden,jamesharden,final,5,58,1,final_snapshot,James Harden,D61,E61,F61,1.4 Brent
59a6a80ce913c1ee51e35c213b85ca13bb78380df68a73fa1ceb164b84c647a6,2022-23,8,Graham,15,Jusuf Nurkic,jusufnurkic,final,6,18,1,final_snapshot,Jusuf Nurkic,D62,E62,F62,1.7 Alvin
59a6a80ce913c1ee51e35c213b85ca13bb78380df68a73fa1ceb164b84c647a6,2022-23,8,Graham,15,Michael Porter Jr.,michaelporterjr,final,7,14,1,final_snapshot,Michael Porter Jr.,D63,E63,F63,1.6 Ian
59a6a80ce913c1ee51e35c213b85ca13bb78380df68a73fa1ceb164b84c647a6,2022-23,8,Graham,15,Jalen Smith,jalensmith,final,8,11,1,final_snapshot,Jalen Smith,D64,E64,F64,FA-1 Ian
59a6a80ce913c1ee51e35c213b85ca13bb78380df68a73fa1ceb164b84c647a6,2022-23,8,Graham,15,Marvin Bagley III,marvinbagleyiii,final,9,1,1,final_snapshot,Marvin Bagley III,D65,E65,F65,FA-2 Darren
59a6a80ce913c1ee51e35c213b85ca13bb78380df68a73fa1ceb164b84c647a6,2022-23,8,Graham,15,JaMychal Green,jamychalgreen,final,10,1,1,final_snapshot,JaMychal Green,D66,E66,F66,
59a6a80ce913c1ee51e35c213b85ca13bb78380df68a73fa1ceb164b84c647a6,2022-23,8,Graham,15,PJ Tucker,pjtucker,final,11,1,1,final_snapshot,PJ Tucker,D67,E67,F67,
59a6a80ce913c1ee51e35c213b85ca13bb78380df68a73fa1ceb164b84c647a6,2022-23,8,Graham,15,Robin Lopez,robinlopez,final,12,0,0,final_snapshot,Robin Lopez,D68,E68,F68,
59a6a80ce913c1ee51e35c213b85ca13bb78380df68a73fa1ceb164b84c647a6,2022-23,8,Graham,15,JaVale McGee,javalemcgee,final,13,5,1,final_snapshot,JaVale Mcgee,D69,E69,F69,
59a6a80ce913c1ee51e35c213b85ca13bb78380df68a73fa1ceb164b84c647a6,2022-23,8,Graham,15,Max Strus,maxstrus,final,14,1,1,final_snapshot,Max Strus,D70,E70,F70,1.8 Brent
59a6a80ce913c1ee51e35c213b85ca13bb78380df68a73fa1ceb164b84c647a6,2022-23,8,Ian,11,Zach LaVine,zachlavine,final,1,38,5,final_snapshot,Zach LaVine,D57,E57,F57,5.5 Ron
59a6a80ce913c1ee51e35c213b85ca13bb78380df68a73fa1ceb164b84c647a6,2022-23,8,Ian,11,Jamal Murray,jamalmurray,final,2,12,2,final_snapshot,Jamal Murray,D58,E58,F58,5.8 Alvin
59a6a80ce913c1ee51e35c213b85ca13bb78380df68a73fa1ceb164b84c647a6,2022-23,8,Ian,11,Devin Booker,devinbooker,final,3,26,1,final_snapshot,Devin Booker,D59,E59,F59,5.1 Arthur
59a6a80ce913c1ee51e35c213b85ca13bb78380df68a73fa1ceb164b84c647a6,2022-23,8,Ian,11,Chet Holmgren,chetholmgren,final,4,8,1,final_snapshot,Chet Holmgren,D60,E60,F60,
59a6a80ce913c1ee51e35c213b85ca13bb78380df68a73fa1ceb164b84c647a6,2022-23,8,Ian,11,Julius Randle,juliusrandle,final,5,17,1,final_snapshot,Julius Randle,D61,E61,F61,5.3 Jason
59a6a80ce913c1ee51e35c213b85ca13bb78380df68a73fa1ceb164b84c647a6,2022-23,8,Ian,11,Tobias Harris,tobiasharris,final,6,20,1,final_snapshot,Tobias Harris,D62,E62,F62,5.4 Kerry
59a6a80ce913c1ee51e35c213b85ca13bb78380df68a73fa1ceb164b84c647a6,2022-23,8,Ian,11,Christian Wood,christianwood,final,7,17,1,final_snapshot,Christian Wood,D63,E63,F63,5.7 Isaac
59a6a80ce913c1ee51e35c213b85ca13bb78380df68a73fa1ceb164b84c647a6,2022-23,8,Ian,11,Kevin Porter Jr.,kevinporterjr,final,8,6,1,final_snapshot,Kevin Porter Jr.,D64,E64,F64,5.6 Alvin
59a6a80ce913c1ee51e35c213b85ca13bb78380df68a73fa1ceb164b84c647a6,2022-23,8,Ian,11,Keldon Johnson,keldonjohnson,final,9,13,1,final_snapshot,Keldon Johnson,D65,E65,F65,FA-1 Ron
59a6a80ce913c1ee51e35c213b85ca13bb78380df68a73fa1ceb164b84c647a6,2022-23,8,Ian,11,Wendell Carter Jr.,wendellcarterjr,final,10,14,1,final_snapshot,Wendell Carter Jr.,D66,E66,F66,5.10 Alvin
59a6a80ce913c1ee51e35c213b85ca13bb78380df68a73fa1ceb164b84c647a6,2022-23,8,Ian,11,Will Barton,willbarton,final,11,5,1,final_snapshot,Will Barton,D67,E67,F67,
59a6a80ce913c1ee51e35c213b85ca13bb78380df68a73fa1ceb164b84c647a6,2022-23,8,Ian,11,Josh Hart,joshhart,final,12,8,1,final_snapshot,Josh Hart,D68,E68,F68,FA-3 Brent
59a6a80ce913c1ee51e35c213b85ca13bb78380df68a73fa1ceb164b84c647a6,2022-23,8,Ian,11,Daniel Gafford,danielgafford,final,13,5,1,final_snapshot,Daniel Gafford,D69,E69,F69,
59a6a80ce913c1ee51e35c213b85ca13bb78380df68a73fa1ceb164b84c647a6,2022-23,8,Ian,11,Malik Beasley,malikbeasley,final,14,1,1,final_snapshot,Malik Beasley,D70,E70,F70,FA-2 Jason
59a6a80ce913c1ee51e35c213b85ca13bb78380df68a73fa1ceb164b84c647a6,2022-23,8,Ian,11,Michael Porter Jr.,michaelporterjr,final,15,14,1,final_snapshot,Michael Porter Jr.,D71,E71,F71,FA-4 Darren
59a6a80ce913c1ee51e35c213b85ca13bb78380df68a73fa1ceb164b84c647a6,2022-23,8,Ian,11,Thomas Bryant,thomasbryant,final,16,3,1,final_snapshot,Thomas Bryant,D72,E72,F72,5.9 Isaac
59a6a80ce913c1ee51e35c213b85ca13bb78380df68a73fa1ceb164b84c647a6,2022-23,8,Ian,11,Giannis Antetokounmpo,giannisantetokounmpo,final,17,37,1,final_snapshot,Giannis Antetokounmpo,D73,E73,F73,5.2 Joe
59a6a80ce913c1ee51e35c213b85ca13bb78380df68a73fa1ceb164b84c647a6,2022-23,8,Isaac,7,CJ McCollum,cjmccollum,final,1,29,1,final_snapshot,CJ McCollum,D57,E57,F57,
59a6a80ce913c1ee51e35c213b85ca13bb78380df68a73fa1ceb164b84c647a6,2022-23,8,Isaac,7,Jordan Poole,jordanpoole,final,2,2,2,final_snapshot,Jordan Poole,D58,E58,F58,
59a6a80ce913c1ee51e35c213b85ca13bb78380df68a73fa1ceb164b84c647a6,2022-23,8,Isaac,7,Brandon Ingram,brandoningram,final,3,27,1,final_snapshot,Brandon Ingram,D59,E59,F59,
59a6a80ce913c1ee51e35c213b85ca13bb78380df68a73fa1ceb164b84c647a6,2022-23,8,Isaac,7,Chris Paul,chrispaul,final,4,37,1,final_snapshot,Chris Paul,D60,E60,F60,
59a6a80ce913c1ee51e35c213b85ca13bb78380df68a73fa1ceb164b84c647a6,2022-23,8,Isaac,7,RJ Barrett,rjbarrett,final,5,11,1,final_snapshot,RJ Barrett,D61,E61,F61,
59a6a80ce913c1ee51e35c213b85ca13bb78380df68a73fa1ceb164b84c647a6,2022-23,8,Isaac,7,Wendell Carter Jr.,wendellcarterjr,final,6,14,1,final_snapshot,Wendell Carter Jr.,D62,E62,F62,
59a6a80ce913c1ee51e35c213b85ca13bb78380df68a73fa1ceb164b84c647a6,2022-23,8,Isaac,7,Quentin Grimes,quentingrimes,final,7,0,0,final_snapshot,Quentin Grimes,D63,E63,F63,
59a6a80ce913c1ee51e35c213b85ca13bb78380df68a73fa1ceb164b84c647a6,2022-23,8,Isaac,7,D'Angelo Russell,dangelorussell,final,8,15,1,final_snapshot,D'Angelo Russell,D64,E64,F64,9.3 Ron
59a6a80ce913c1ee51e35c213b85ca13bb78380df68a73fa1ceb164b84c647a6,2022-23,8,Isaac,7,Malik Monk,malikmonk,final,9,1,1,final_snapshot,Malik Monk,D65,E65,F65,
59a6a80ce913c1ee51e35c213b85ca13bb78380df68a73fa1ceb164b84c647a6,2022-23,8,Isaac,7,Mason Plumlee,masonplumlee,final,10,1,1,final_snapshot,Mason Plumlee,D66,E66,F66,
59a6a80ce913c1ee51e35c213b85ca13bb78380df68a73fa1ceb164b84c647a6,2022-23,8,Isaac,7,Giannis Antetokounmpo,giannisantetokounmpo,final,11,37,1,final_snapshot,Giannis Antetokounmpo,D67,E67,F67,
59a6a80ce913c1ee51e35c213b85ca13bb78380df68a73fa1ceb164b84c647a6,2022-23,8,Isaac,7,Josh Giddey,joshgiddey,final,12,3,1,final_snapshot,Josh Giddey,D68,E68,F68,9.1 Arthur
59a6a80ce913c1ee51e35c213b85ca13bb78380df68a73fa1ceb164b84c647a6,2022-23,8,Isaac,7,Anfernee Simons,anferneesimons,final,13,10,1,final_snapshot,Anfernee Simons,D69,E69,F69,
59a6a80ce913c1ee51e35c213b85ca13bb78380df68a73fa1ceb164b84c647a6,2022-23,8,Isaac,7,De'Anthony Melton,deanthonymelton,final,14,4,1,final_snapshot,De'Anthony Melton,D70,E70,F70,
59a6a80ce913c1ee51e35c213b85ca13bb78380df68a73fa1ceb164b84c647a6,2022-23,8,Isaac,7,Michael Porter Jr.,michaelporterjr,final,15,14,1,final_snapshot,Michael Porter Jr.,D71,E71,F71,
59a6a80ce913c1ee51e35c213b85ca13bb78380df68a73fa1ceb164b84c647a6,2022-23,8,Isaac,7,De'Aaron Fox,deaaronfox,final,16,22,1,final_snapshot,De'Aaron Fox,D72,E72,F72,9.4 Alvin
59a6a80ce913c1ee51e35c213b85ca13bb78380df68a73fa1ceb164b84c647a6,2022-23,8,Isaac,7,Christian Wood,christianwood,final,17,17,1,final_snapshot,Christian Wood,D73,E73,F73,9.2 Jason
59a6a80ce913c1ee51e35c213b85ca13bb78380df68a73fa1ceb164b84c647a6,2022-23,8,Jason,4,Luka Doncic,lukadoncic,final,1,48,5,final_snapshot,Luka Doncic,D58,E58,F58,12.5 Alvin
59a6a80ce913c1ee51e35c213b85ca13bb78380df68a73fa1ceb164b84c647a6,2022-23,8,Jason,4,Anthony Edwards,anthonyedwards,final,2,14,3,final_snapshot,Anthony Edwards,D59,E59,F59,
59a6a80ce913c1ee51e35c213b85ca13bb78380df68a73fa1ceb164b84c647a6,2022-23,8,Jason,4,Anthony Davis,anthonydavis,final,3,54,1,final_snapshot,Anthony Davis,D60,E60,F60,12.2 Alvin
59a6a80ce913c1ee51e35c213b85ca13bb78380df68a73fa1ceb164b84c647a6,2022-23,8,Jason,4,Desmond Bane,desmondbane,final,4,4,1,final_snapshot,Desmond Bane,D61,E61,F61,
59a6a80ce913c1ee51e35c213b85ca13bb78380df68a73fa1ceb164b84c647a6,2022-23,8,Jason,4,Julius Randle,juliusrandle,final,5,17,1,final_snapshot,Julius Randle,D62,E62,F62,
59a6a80ce913c1ee51e35c213b85ca13bb78380df68a73fa1ceb164b84c647a6,2022-23,8,Jason,4,Draymond Green,draymondgreen,final,6,14,1,final_snapshot,Draymond Green,D63,E63,F63,
59a6a80ce913c1ee51e35c213b85ca13bb78380df68a73fa1ceb164b84c647a6,2022-23,8,Jason,4,Rudy Gobert,rudygobert,final,7,34,1,final_snapshot,Rudy Gobert,D64,E64,F64,
59a6a80ce913c1ee51e35c213b85ca13bb78380df68a73fa1ceb164b84c647a6,2022-23,8,Jason,4,Myles Turner,mylesturner,final,8,38,1,final_snapshot,Myles Turner,D65,E65,F65,12.4 Peter
59a6a80ce913c1ee51e35c213b85ca13bb78380df68a73fa1ceb164b84c647a6,2022-23,8,Jason,4,Jalen Brunson,jalenbrunson,final,9,27,1,final_snapshot,Jalen Brunson,D66,E66,F66,12.7 Ron
59a6a80ce913c1ee51e35c213b85ca13bb78380df68a73fa1ceb164b84c647a6,2022-23,8,Jason,4,Kelly Olynyk,kellyolynyk,final,10,2,1,final_snapshot,Kelly Olynyk,D67,E67,F67,
59a6a80ce913c1ee51e35c213b85ca13bb78380df68a73fa1ceb164b84c647a6,2022-23,8,Jason,4,Nikola Jokic,nikolajokic,final,11,72,1,final_snapshot,Nikola Jokic,D68,E68,F68,12.1 Peter
59a6a80ce913c1ee51e35c213b85ca13bb78380df68a73fa1ceb164b84c647a6,2022-23,8,Jason,4,Dejounte Murray,dejountemurray,final,12,26,1,final_snapshot,Dejounte Murray,D69,E69,F69,12.6 Ron
59a6a80ce913c1ee51e35c213b85ca13bb78380df68a73fa1ceb164b84c647a6,2022-23,8,Jason,4,Buddy Hield,buddyhield,final,13,10,1,final_snapshot,Buddy Hield,D70,E70,F70,
59a6a80ce913c1ee51e35c213b85ca13bb78380df68a73fa1ceb164b84c647a6,2022-23,8,Jason,4,Brook Lopez,brooklopez,final,14,12,1,final_snapshot,Brook Lopez,D71,E71,F71,12.3 Ron
59a6a80ce913c1ee51e35c213b85ca13bb78380df68a73fa1ceb164b84c647a6,2022-23,8,Jason,4,Christian Wood,christianwood,final,15,17,1,final_snapshot,Christian Wood,D72,E72,F72,
59a6a80ce913c1ee51e35c213b85ca13bb78380df68a73fa1ceb164b84c647a6,2022-23,8,Jason,4,Tyrese Haliburton,tyresehaliburton,final,16,6,1,final_snapshot,Tyrese Haliburton,D73,E73,F73,
59a6a80ce913c1ee51e35c213b85ca13bb78380df68a73fa1ceb164b84c647a6,2022-23,8,Jason,4,Scottie Barnes,scottiebarnes,final,17,11,1,final_snapshot,Scottie Barnes,D74,E74,F74,
59a6a80ce913c1ee51e35c213b85ca13bb78380df68a73fa1ceb164b84c647a6,2022-23,8,Joe,10,Dejounte Murray,dejountemurray,final,1,26,2,final_snapshot,Dejounte Murray,D58,E58,F58,6.5 Jason
59a6a80ce913c1ee51e35c213b85ca13bb78380df68a73fa1ceb164b84c647a6,2022-23,8,Joe,10,Donovan Mitchell,donovanmitchell,final,2,25,2,final_snapshot,Donovan Mitchell,D59,E59,F59,6.1 Peter
59a6a80ce913c1ee51e35c213b85ca13bb78380df68a73fa1ceb164b84c647a6,2022-23,8,Joe,10,Jimmy Butler,jimmybutler,final,3,45,1,final_snapshot,Jimmy Butler,D60,E60,F60,6.4 Arthur
59a6a80ce913c1ee51e35c213b85ca13bb78380df68a73fa1ceb164b84c647a6,2022-23,8,Joe,10,John Collins,johncollins,final,4,29,1,final_snapshot,John Collins,D61,E61,F61,6.10 Kerry
59a6a80ce913c1ee51e35c213b85ca13bb78380df68a73fa1ceb164b84c647a6,2022-23,8,Joe,10,Brandon Ingram,brandoningram,final,5,27,1,final_snapshot,Brandon Ingram,D62,E62,F62,6.7 Brent
59a6a80ce913c1ee51e35c213b85ca13bb78380df68a73fa1ceb164b84c647a6,2022-23,8,Joe,10,Gary Trent Jr.,garytrentjr,final,6,12,1,final_snapshot,Gary Trent Jr.,D63,E63,F63,6.8 Kerry
59a6a80ce913c1ee51e35c213b85ca13bb78380df68a73fa1ceb164b84c647a6,2022-23,8,Joe,10,Brook Lopez,brooklopez,final,7,12,1,final_snapshot,Brook Lopez,D64,E64,F64,6.6 Kerry
59a6a80ce913c1ee51e35c213b85ca13bb78380df68a73fa1ceb164b84c647a6,2022-23,8,Joe,10,Jalen McDaniels,jalenmcdaniels,final,8,1,1,final_snapshot,Jalen McDaniels,D65,E65,F65,FA-1 Jason
59a6a80ce913c1ee51e35c213b85ca13bb78380df68a73fa1ceb164b84c647a6,2022-23,8,Joe,10,Kelly Olynyk,kellyolynyk,final,9,2,1,final_snapshot,Kelly Olynyk,D66,E66,F66,6.9 Kerry
59a6a80ce913c1ee51e35c213b85ca13bb78380df68a73fa1ceb164b84c647a6,2022-23,8,Joe,10,Derrick White,derrickwhite,final,10,5,1,final_snapshot,Derrick White,D67,E67,F67,
59a6a80ce913c1ee51e35c213b85ca13bb78380df68a73fa1ceb164b84c647a6,2022-23,8,Joe,10,Pat Connaughton,patconnaughton,final,11,2,1,final_snapshot,Pat Connaughton,D68,E68,F68,
59a6a80ce913c1ee51e35c213b85ca13bb78380df68a73fa1ceb164b84c647a6,2022-23,8,Joe,10,Tyus Jones,tyusjones,final,12,5,1,final_snapshot,Tyus Jones,D69,E69,F69,
59a6a80ce913c1ee51e35c213b85ca13bb78380df68a73fa1ceb164b84c647a6,2022-23,8,Joe,10,Kentavious Caldwell-Pope,kentaviouscaldwellpope,final,13,4,1,final_snapshot,Kentavious Caldwell-Pope,D70,E70,F70,
59a6a80ce913c1ee51e35c213b85ca13bb78380df68a73fa1ceb164b84c647a6,2022-23,8,Joe,10,Markelle Fultz,markellefultz,final,14,2,1,final_snapshot,Markelle Fultz,D71,E71,F71,
59a6a80ce913c1ee51e35c213b85ca13bb78380df68a73fa1ceb164b84c647a6,2022-23,8,Joe,10,Giannis Antetokounmpo,giannisantetokounmpo,final,15,37,1,final_snapshot,Giannis Antetokounmpo,D72,E72,F72,6.3 Darren
59a6a80ce913c1ee51e35c213b85ca13bb78380df68a73fa1ceb164b84c647a6,2022-23,8,Joe,10,Kristaps Porzingis,kristapsporzingis,final,16,39,1,final_snapshot,Kristaps Porzingis,D73,E73,F73,6.2 Brent
59a6a80ce913c1ee51e35c213b85ca13bb78380df68a73fa1ceb164b84c647a6,2022-23,8,Kerry,6,Trae Young,traeyoung,final,1,26,5,final_snapshot,Trae Young,D59,E59,F59,10.1 Peter
59a6a80ce913c1ee51e35c213b85ca13bb78380df68a73fa1ceb164b84c647a6,2022-23,8,Kerry,6,Desmond Bane,desmondbane,final,2,4,2,final_snapshot,Desmond Bane,D60,E60,F60,10.10 Jason
59a6a80ce913c1ee51e35c213b85ca13bb78380df68a73fa1ceb164b84c647a6,2022-23,8,Kerry,6,Paul George,paulgeorge,final,3,46,1,final_snapshot,Paul George,D61,E61,F61,10.7 Alvin
59a6a80ce913c1ee51e35c213b85ca13bb78380df68a73fa1ceb164b84c647a6,2022-23,8,Kerry,6,Rudy Gobert,rudygobert,final,4,34,1,final_snapshot,Rudy Gobert,D62,E62,F62,10.8 Jason
59a6a80ce913c1ee51e35c213b85ca13bb78380df68a73fa1ceb164b84c647a6,2022-23,8,Kerry,6,Jalen Brunson,jalenbrunson,final,5,27,1,final_snapshot,Jalen Brunson,D63,E63,F63,10.3 Jason
59a6a80ce913c1ee51e35c213b85ca13bb78380df68a73fa1ceb164b84c647a6,2022-23,8,Kerry,6,Clint Capela,clintcapela,final,6,13,1,final_snapshot,Clint Capela,D64,E64,F64,
59a6a80ce913c1ee51e35c213b85ca13bb78380df68a73fa1ceb164b84c647a6,2022-23,8,Kerry,6,Mark Williams,markwilliams,final,7,0,0,final_snapshot,Mark Williams,D65,E65,F65,
59a6a80ce913c1ee51e35c213b85ca13bb78380df68a73fa1ceb164b84c647a6,2022-23,8,Kerry,6,Ivica Zubac,ivicazubac,final,8,13,1,final_snapshot,Ivica Zubac,D66,E66,F66,
59a6a80ce913c1ee51e35c213b85ca13bb78380df68a73fa1ceb164b84c647a6,2022-23,8,Kerry,6,Gordon Hayward,gordonhayward,final,9,10,1,final_snapshot,Gordon Hayward,D67,E67,F67,
59a6a80ce913c1ee51e35c213b85ca13bb78380df68a73fa1ceb164b84c647a6,2022-23,8,Kerry,6,Jaden Ivey,jadenivey,final,10,9,1,final_snapshot,Jaden Ivey,D68,E68,F68,
59a6a80ce913c1ee51e35c213b85ca13bb78380df68a73fa1ceb164b84c647a6,2022-23,8,Kerry,6,James Harden,jamesharden,final,11,58,1,final_snapshot,James Harden,D69,E69,F69,10.2 Alvin
59a6a80ce913c1ee51e35c213b85ca13bb78380df68a73fa1ceb164b84c647a6,2022-23,8,Kerry,6,DeMar DeRozan,demarderozan,final,12,25,1,final_snapshot,DeMar DeRozan,D70,E70,F70,10.4 Ron
59a6a80ce913c1ee51e35c213b85ca13bb78380df68a73fa1ceb164b84c647a6,2022-23,8,Kerry,6,Brandon Ingram,brandoningram,final,13,27,1,final_snapshot,Brandon Ingram,D71,E71,F71,10.11 Ron
59a6a80ce913c1ee51e35c213b85ca13bb78380df68a73fa1ceb164b84c647a6,2022-23,8,Kerry,6,Jarrett Allen,jarrettallen,final,14,31,1,final_snapshot,Jarrett Allen,D72,E72,F72,10.6 Peter
59a6a80ce913c1ee51e35c213b85ca13bb78380df68a73fa1ceb164b84c647a6,2022-23,8,Kerry,6,Chris Paul,chrispaul,final,15,37,1,final_snapshot,Chris Paul,D73,E73,F73,10.9 Ron
59a6a80ce913c1ee51e35c213b85ca13bb78380df68a73fa1ceb164b84c647a6,2022-23,8,Kerry,6,Markelle Fultz,markellefultz,final,16,2,1,final_snapshot,Markelle Fultz,D74,E74,F74,
59a6a80ce913c1ee51e35c213b85ca13bb78380df68a73fa1ceb164b84c647a6,2022-23,8,Kerry,6,Brook Lopez,brooklopez,final,17,12,1,final_snapshot,Brook Lopez,D75,E75,F75,10.5 Arthur
59a6a80ce913c1ee51e35c213b85ca13bb78380df68a73fa1ceb164b84c647a6,2022-23,8,Mark,13,Nikola Jokic,nikolajokic,final,1,72,2,final_snapshot,Nikola Jokic,D58,E58,F58,3.1 Jason
59a6a80ce913c1ee51e35c213b85ca13bb78380df68a73fa1ceb164b84c647a6,2022-23,8,Mark,13,DeMar DeRozan,demarderozan,final,2,25,2,final_snapshot,DeMar DeRozan,D59,E59,F59,3.2 Kerry
59a6a80ce913c1ee51e35c213b85ca13bb78380df68a73fa1ceb164b84c647a6,2022-23,8,Mark,13,De'Aaron Fox,deaaronfox,final,3,22,1,final_snapshot,De'Aaron Fox,D60,E60,F60,3.3 Isaac
59a6a80ce913c1ee51e35c213b85ca13bb78380df68a73fa1ceb164b84c647a6,2022-23,8,Mark,13,Robert Williams III,robertwilliamsiii,final,4,5,1,final_snapshot,Robert Williams III,D61,E61,F61,
59a6a80ce913c1ee51e35c213b85ca13bb78380df68a73fa1ceb164b84c647a6,2022-23,8,Mark,13,Mike Conley,mikeconley,final,5,6,1,final_snapshot,Mike Conley,D62,E62,F62,3.9 Max
59a6a80ce913c1ee51e35c213b85ca13bb78380df68a73fa1ceb164b84c647a6,2022-23,8,Mark,13,Royce O'Neale,royceoneale,final,6,1,1,final_snapshot,Royce O'Neale,D63,E63,F63,3.6 Max
59a6a80ce913c1ee51e35c213b85ca13bb78380df68a73fa1ceb164b84c647a6,2022-23,8,Mark,13,Nic Claxton,nicclaxton,final,7,5,1,final_snapshot,Nic Claxton,D64,E64,F64,3.5 Darren
59a6a80ce913c1ee51e35c213b85ca13bb78380df68a73fa1ceb164b84c647a6,2022-23,8,Mark,13,Jevon Carter,jevoncarter,final,8,0,0,final_snapshot,Jevon Carter,D65,E65,F65,3.10 Max
59a6a80ce913c1ee51e35c213b85ca13bb78380df68a73fa1ceb164b84c647a6,2022-23,8,Mark,13,Chris Boucher,chrisboucher,final,9,5,1,final_snapshot,Chris Boucher,D66,E66,F66,
59a6a80ce913c1ee51e35c213b85ca13bb78380df68a73fa1ceb164b84c647a6,2022-23,8,Mark,13,Tyus Jones,tyusjones,final,10,5,1,final_snapshot,Tyus Jones,D67,E67,F67,
59a6a80ce913c1ee51e35c213b85ca13bb78380df68a73fa1ceb164b84c647a6,2022-23,8,Mark,13,AJ Griffin,ajgriffin,final,11,0,0,final_snapshot,AJ Griffin,D68,E68,F68,
59a6a80ce913c1ee51e35c213b85ca13bb78380df68a73fa1ceb164b84c647a6,2022-23,8,Mark,13,Corey Kispert,coreykispert,final,12,0,0,final_snapshot,Corey Kispert,D69,E69,F69,
59a6a80ce913c1ee51e35c213b85ca13bb78380df68a73fa1ceb164b84c647a6,2022-23,8,Mark,13,Jalen Suggs,jalensuggs,final,13,4,1,final_snapshot,Jalen Suggs,D70,E70,F70,
59a6a80ce913c1ee51e35c213b85ca13bb78380df68a73fa1ceb164b84c647a6,2022-23,8,Mark,13,Marvin Bagley III,marvinbagleyiii,final,14,1,1,final_snapshot,Marvin Bagley III,D71,E71,F71,3.7 Max
59a6a80ce913c1ee51e35c213b85ca13bb78380df68a73fa1ceb164b84c647a6,2022-23,8,Mark,13,Patrick Williams,patrickwilliams,final,15,1,1,final_snapshot,Patrick Williams,D72,E72,F72,3.8 Max
59a6a80ce913c1ee51e35c213b85ca13bb78380df68a73fa1ceb164b84c647a6,2022-23,8,Mark,13,Kevin Knox II,kevinknoxii,final,16,0,0,final_snapshot,Kevin Knox,D73,E73,F73,
59a6a80ce913c1ee51e35c213b85ca13bb78380df68a73fa1ceb164b84c647a6,2022-23,8,Mark,13,Marcus Smart,marcussmart,final,17,12,1,final_snapshot,Marcus Smart,D74,E74,F74,3.4 Max
59a6a80ce913c1ee51e35c213b85ca13bb78380df68a73fa1ceb164b84c647a6,2022-23,8,Max,12,Devin Booker,devinbooker,final,1,26,2,final_snapshot,Devin Booker,D59,E59,F59,4.3 Ian
59a6a80ce913c1ee51e35c213b85ca13bb78380df68a73fa1ceb164b84c647a6,2022-23,8,Max,12,Kyle Kuzma,kylekuzma,final,2,3,2,final_snapshot,Kyle Kuzma,D60,E60,F60,4.6 Isaac
59a6a80ce913c1ee51e35c213b85ca13bb78380df68a73fa1ceb164b84c647a6,2022-23,8,Max,12,Stephen Curry,stephencurry,final,3,80,1,final_snapshot,Stephen Curry,D61,E61,F61,4.1 Ron
59a6a80ce913c1ee51e35c213b85ca13bb78380df68a73fa1ceb164b84c647a6,2022-23,8,Max,12,Jarrett Allen,jarrettallen,final,4,31,1,final_snapshot,Jarrett Allen,D62,E62,F62,4.5 Brent
59a6a80ce913c1ee51e35c213b85ca13bb78380df68a73fa1ceb164b84c647a6,2022-23,8,Max,12,Mikal Bridges,mikalbridges,final,5,30,1,final_snapshot,Mikal Bridges,D63,E63,F63,4.4 Alvin
59a6a80ce913c1ee51e35c213b85ca13bb78380df68a73fa1ceb164b84c647a6,2022-23,8,Max,12,Joel Embiid,joelembiid,final,6,72,1,final_snapshot,Joel Embiid,D64,E64,F64,4.2 Peter
59a6a80ce913c1ee51e35c213b85ca13bb78380df68a73fa1ceb164b84c647a6,2022-23,8,Max,12,Cole Anthony,coleanthony,final,7,4,1,final_snapshot,Cole Anthony,D65,E65,F65,
59a6a80ce913c1ee51e35c213b85ca13bb78380df68a73fa1ceb164b84c647a6,2022-23,8,Max,12,Jevon Carter,jevoncarter,final,8,0,0,final_snapshot,Jevon Carter,D66,E66,F66,
59a6a80ce913c1ee51e35c213b85ca13bb78380df68a73fa1ceb164b84c647a6,2022-23,8,Max,12,Royce O'Neale,royceoneale,final,9,1,1,final_snapshot,Royce O'Neale,D67,E67,F67,4.8 Ian
59a6a80ce913c1ee51e35c213b85ca13bb78380df68a73fa1ceb164b84c647a6,2022-23,8,Max,12,Patrick Williams,patrickwilliams,final,10,1,1,final_snapshot,Patrick Williams,D68,E68,F68,FA-1 Arthur
59a6a80ce913c1ee51e35c213b85ca13bb78380df68a73fa1ceb164b84c647a6,2022-23,8,Max,12,Mike Conley,mikeconley,final,11,6,1,final_snapshot,Mike Conley,D69,E69,F69,
59a6a80ce913c1ee51e35c213b85ca13bb78380df68a73fa1ceb164b84c647a6,2022-23,8,Max,12,Dorian Finney-Smith,dorianfinneysmith,final,12,3,1,final_snapshot,Dorian Finney-Smith,D70,E70,F70,
59a6a80ce913c1ee51e35c213b85ca13bb78380df68a73fa1ceb164b84c647a6,2022-23,8,Max,12,Josh Green,joshgreen,final,13,0,0,final_snapshot,Josh Green,D71,E71,F71,
59a6a80ce913c1ee51e35c213b85ca13bb78380df68a73fa1ceb164b84c647a6,2022-23,8,Max,12,Marvin Bagley III,marvinbagleyiii,final,14,1,1,final_snapshot,Marvin Bagley III,D72,E72,F72,
59a6a80ce913c1ee51e35c213b85ca13bb78380df68a73fa1ceb164b84c647a6,2022-23,8,Max,12,Maxi Kleber,maxikleber,final,15,0,0,final_snapshot,Maxi Kleber,D73,E73,F73,
59a6a80ce913c1ee51e35c213b85ca13bb78380df68a73fa1ceb164b84c647a6,2022-23,8,Max,12,Marcus Smart,marcussmart,final,16,12,1,final_snapshot,Marcus Smart,D74,E74,F74,4.7 Darren
59a6a80ce913c1ee51e35c213b85ca13bb78380df68a73fa1ceb164b84c647a6,2022-23,8,Max,12,Haywood Highsmith,haywoodhighsmith,final,17,0,0,final_snapshot,Haywood Highsmith,D75,E75,F75,
59a6a80ce913c1ee51e35c213b85ca13bb78380df68a73fa1ceb164b84c647a6,2022-23,8,Peter,1,Kevin Durant,kevindurant,final,1,28,4,final_snapshot,Kevin Durant,D58,E58,F58,
59a6a80ce913c1ee51e35c213b85ca13bb78380df68a73fa1ceb164b84c647a6,2022-23,8,Peter,1,Ja Morant,jamorant,final,2,25,2,final_snapshot,Ja Morant,D59,E59,F59,
59a6a80ce913c1ee51e35c213b85ca13bb78380df68a73fa1ceb164b84c647a6,2022-23,8,Peter,1,Kyrie Irving,kyrieirving,final,3,48,1,final_snapshot,Kyrie Irving,D60,E60,F60,
59a6a80ce913c1ee51e35c213b85ca13bb78380df68a73fa1ceb164b84c647a6,2022-23,8,Peter,1,Domantas Sabonis,domantassabonis,final,4,38,1,final_snapshot,Domantas Sabonis,D61,E61,F61,
59a6a80ce913c1ee51e35c213b85ca13bb78380df68a73fa1ceb164b84c647a6,2022-23,8,Peter,1,Jaren Jackson Jr,jarenjacksonjr,final,5,6,1,final_snapshot,Jaren Jackson Jr.,D62,E62,F62,
59a6a80ce913c1ee51e35c213b85ca13bb78380df68a73fa1ceb164b84c647a6,2022-23,8,Peter,1,Anthony Davis,anthonydavis,final,6,54,1,final_snapshot,Anthony Davis,D63,E63,F63,
59a6a80ce913c1ee51e35c213b85ca13bb78380df68a73fa1ceb164b84c647a6,2022-23,8,Peter,1,Nikola Jokic,nikolajokic,final,7,72,1,final_snapshot,Nikola Jokic,D64,E64,F64,
59a6a80ce913c1ee51e35c213b85ca13bb78380df68a73fa1ceb164b84c647a6,2022-23,8,Peter,1,Trae Young,traeyoung,final,8,26,1,final_snapshot,Trae Young,D65,E65,F65,
59a6a80ce913c1ee51e35c213b85ca13bb78380df68a73fa1ceb164b84c647a6,2022-23,8,Peter,1,Kawhi Leonard,kawhileonard,final,9,13,1,final_snapshot,Kawhi Leonard,D66,E66,F66,
59a6a80ce913c1ee51e35c213b85ca13bb78380df68a73fa1ceb164b84c647a6,2022-23,8,Peter,1,Karl-Anthony Towns,karlanthonytowns,final,10,70,1,final_snapshot,Karl-Anthony Towns,D67,E67,F67,
59a6a80ce913c1ee51e35c213b85ca13bb78380df68a73fa1ceb164b84c647a6,2022-23,8,Peter,1,Joel Embiid,joelembiid,final,11,72,1,final_snapshot,Joel Embiid,D68,E68,F68,
59a6a80ce913c1ee51e35c213b85ca13bb78380df68a73fa1ceb164b84c647a6,2022-23,8,Peter,1,Shai Gilgeous-Alexander,shaigilgeousalexander,final,12,30,1,final_snapshot,Shai Gilgeous-Alexander,D69,E69,F69,
59a6a80ce913c1ee51e35c213b85ca13bb78380df68a73fa1ceb164b84c647a6,2022-23,8,Peter,1,Walker Kessler,walkerkessler,final,13,2,1,final_snapshot,Walker Kessler,D70,E70,F70,
59a6a80ce913c1ee51e35c213b85ca13bb78380df68a73fa1ceb164b84c647a6,2022-23,8,Peter,1,Tyrese Haliburton,tyresehaliburton,final,14,6,1,final_snapshot,Tyrese Haliburton,D71,E71,F71,
59a6a80ce913c1ee51e35c213b85ca13bb78380df68a73fa1ceb164b84c647a6,2022-23,8,Peter,1,Donovan Mitchell,donovanmitchell,final,15,25,1,final_snapshot,Donovan Mitchell,D72,E72,F72,
59a6a80ce913c1ee51e35c213b85ca13bb78380df68a73fa1ceb164b84c647a6,2022-23,8,Peter,1,Myles Turner,mylesturner,final,16,38,1,final_snapshot,Myles Turner,D73,E73,F73,
59a6a80ce913c1ee51e35c213b85ca13bb78380df68a73fa1ceb164b84c647a6,2022-23,8,Peter,1,Damian Lillard,damianlillard,final,17,49,1,final_snapshot,Damian Lillard,D74,E74,F74,
59a6a80ce913c1ee51e35c213b85ca13bb78380df68a73fa1ceb164b84c647a6,2022-23,8,Ron,2,Pascal Siakam,pascalsiakam,final,1,26,5,final_snapshot,Pascal Siakam,D59,E59,F59,
59a6a80ce913c1ee51e35c213b85ca13bb78380df68a73fa1ceb164b84c647a6,2022-23,8,Ron,2,Jayson Tatum,jaysontatum,final,2,26,2,final_snapshot,Jayson Tatum,D60,E60,F60,
59a6a80ce913c1ee51e35c213b85ca13bb78380df68a73fa1ceb164b84c647a6,2022-23,8,Ron,2,Fred VanVleet,fredvanvleet,final,3,35,1,final_snapshot,Fred VanVleet,D61,E61,F61,
59a6a80ce913c1ee51e35c213b85ca13bb78380df68a73fa1ceb164b84c647a6,2022-23,8,Ron,2,Stephen Curry,stephencurry,final,4,80,1,final_snapshot,Stephen Curry,D62,E62,F62,
59a6a80ce913c1ee51e35c213b85ca13bb78380df68a73fa1ceb164b84c647a6,2022-23,8,Ron,2,Evan Mobley,evanmobley,final,5,21,1,final_snapshot,Evan Mobley,D63,E63,F63,
59a6a80ce913c1ee51e35c213b85ca13bb78380df68a73fa1ceb164b84c647a6,2022-23,8,Ron,2,Mikal Bridges,mikalbridges,final,6,30,1,final_snapshot,Mikal Bridges,D64,E64,F64,
59a6a80ce913c1ee51e35c213b85ca13bb78380df68a73fa1ceb164b84c647a6,2022-23,8,Ron,2,Lauri Markkanen,laurimarkkanen,final,7,12,1,final_snapshot,Lauri Markkanen,D65,E65,F65,
59a6a80ce913c1ee51e35c213b85ca13bb78380df68a73fa1ceb164b84c647a6,2022-23,8,Ron,2,Nic Claxton,nicclaxton,final,8,5,1,final_snapshot,Nic Claxton,D66,E66,F66,
59a6a80ce913c1ee51e35c213b85ca13bb78380df68a73fa1ceb164b84c647a6,2022-23,8,Ron,2,Zach LaVine,zachlavine,final,9,38,1,final_snapshot,Zach LaVine,D67,E67,F67,
59a6a80ce913c1ee51e35c213b85ca13bb78380df68a73fa1ceb164b84c647a6,2022-23,8,Ron,2,Jimmy Butler,jimmybutler,final,10,45,1,final_snapshot,Jimmy Butler,D68,E68,F68,
59a6a80ce913c1ee51e35c213b85ca13bb78380df68a73fa1ceb164b84c647a6,2022-23,8,Ron,2,Brandon Ingram,brandoningram,final,11,27,1,final_snapshot,Brandon Ingram,D69,E69,F69,
59a6a80ce913c1ee51e35c213b85ca13bb78380df68a73fa1ceb164b84c647a6,2022-23,8,Ron,2,Brook Lopez,brooklopez,final,12,12,1,final_snapshot,Brook Lopez,D70,E70,F70,
59a6a80ce913c1ee51e35c213b85ca13bb78380df68a73fa1ceb164b84c647a6,2022-23,8,Ron,2,Giannis Antetokounmpo,giannisantetokounmpo,final,13,37,1,final_snapshot,Giannis Antetokounmpo,D71,E71,F71,
59a6a80ce913c1ee51e35c213b85ca13bb78380df68a73fa1ceb164b84c647a6,2022-23,8,Ron,2,James Harden,jamesharden,final,14,58,1,final_snapshot,James Harden,D72,E72,F72,
59a6a80ce913c1ee51e35c213b85ca13bb78380df68a73fa1ceb164b84c647a6,2022-23,8,Ron,2,Luka Doncic,lukadoncic,final,15,48,1,final_snapshot,Luka Doncic,D73,E73,F73,
59a6a80ce913c1ee51e35c213b85ca13bb78380df68a73fa1ceb164b84c647a6,2022-23,8,Ron,2,Kristaps Porzingis,kristapsporzingis,final,16,39,1,final_snapshot,Kristaps Porzingis,D74,E74,F74,
59a6a80ce913c1ee51e35c213b85ca13bb78380df68a73fa1ceb164b84c647a6,2022-23,8,Ron,2,Bam Adebayo,bamadebayo,final,17,39,1,final_snapshot,Bam Adebayo,D75,E75,F75,
59a6a80ce913c1ee51e35c213b85ca13bb78380df68a73fa1ceb164b84c647a6,2021-22,7,Alvin,4,LaMelo Ball,lameloball,final,1,9,2,final_snapshot,LaMelo Ball,D78,E78,F78,12.6 Ron
59a6a80ce913c1ee51e35c213b85ca13bb78380df68a73fa1ceb164b84c647a6,2021-22,7,Alvin,4,Donovan Mitchell,donovanmitchell,final,2,24,5,final_snapshot,Donovan Mitchell,D79,E79,F79,12.7 Isaac
59a6a80ce913c1ee51e35c213b85ca13bb78380df68a73fa1ceb164b84c647a6,2021-22,7,Alvin,4,Giannis Antetokounmpo,giannisantetokounmpo,final,3,36,1,final_snapshot,Giannis Antetokounmpo,D80,E80,F80,12.2 Darren
59a6a80ce913c1ee51e35c213b85ca13bb78380df68a73fa1ceb164b84c647a6,2021-22,7,Alvin,4,Karl-Anthony Towns,karlanthonytowns,final,4,56,1,final_snapshot,Karl-Anthony Towns,D81,E81,F81,12.1 Isaac
59a6a80ce913c1ee51e35c213b85ca13bb78380df68a73fa1ceb164b84c647a6,2021-22,7,Alvin,4,Jerami Grant,jeramigrant,final,5,13,1,final_snapshot,Jerami Grant,D82,E82,F82,
59a6a80ce913c1ee51e35c213b85ca13bb78380df68a73fa1ceb164b84c647a6,2021-22,7,Alvin,4,Dejounte Murray,dejountemurray,final,6,25,1,final_snapshot,Dejounte Murray,D83,E83,F83,12.3 Ron
59a6a80ce913c1ee51e35c213b85ca13bb78380df68a73fa1ceb164b84c647a6,2021-22,7,Alvin,4,Rudy Gobert,rudygobert,final,7,39,1,final_snapshot,Rudy Gobert,D84,E84,F84,12.9 Darren
59a6a80ce913c1ee51e35c213b85ca13bb78380df68a73fa1ceb164b84c647a6,2021-22,7,Alvin,4,Khris Middleton,khrismiddleton,final,8,37,1,final_snapshot,Khris Middleton,D85,E85,F85,FA-1 Ron
59a6a80ce913c1ee51e35c213b85ca13bb78380df68a73fa1ceb164b84c647a6,2021-22,7,Alvin,4,Evan Mobley,evanmobley,final,9,20,1,final_snapshot,Evan Mobley,D86,E86,F86,
59a6a80ce913c1ee51e35c213b85ca13bb78380df68a73fa1ceb164b84c647a6,2021-22,7,Alvin,4,Tobias Harris,tobiasharris,final,10,38,1,final_snapshot,Tobias Harris,D87,E87,F87,
59a6a80ce913c1ee51e35c213b85ca13bb78380df68a73fa1ceb164b84c647a6,2021-22,7,Alvin,4,Bam Adebayo,bamadebayo,final,11,34,1,final_snapshot,Bam Adebayo,D88,E88,F88,12.8 Darren
59a6a80ce913c1ee51e35c213b85ca13bb78380df68a73fa1ceb164b84c647a6,2021-22,7,Alvin,4,Kristaps Porzingis,kristapsporzingis,final,12,24,1,final_snapshot,Kristaps Porzingis,D89,E89,F89,12.5 Darren
59a6a80ce913c1ee51e35c213b85ca13bb78380df68a73fa1ceb164b84c647a6,2021-22,7,Alvin,4,Devin Booker,devinbooker,final,13,25,1,final_snapshot,Devin Booker,D90,E90,F90,12.4 Isaac
59a6a80ce913c1ee51e35c213b85ca13bb78380df68a73fa1ceb164b84c647a6,2021-22,7,Alvin,4,Paul George,paulgeorge,final,14,54,1,final_snapshot,Paul George,D91,E91,F91,
59a6a80ce913c1ee51e35c213b85ca13bb78380df68a73fa1ceb164b84c647a6,2021-22,7,Alvin,4,Tyrese Maxey,tyresemaxey,final,15,7,1,final_snapshot,Tyrese Maxey,D92,E92,F92,
59a6a80ce913c1ee51e35c213b85ca13bb78380df68a73fa1ceb164b84c647a6,2021-22,7,Alvin,4,Malcolm Brogdon,malcolmbrogdon,final,16,16,1,final_snapshot,Malcolm Brogdon,D93,E93,F93,
59a6a80ce913c1ee51e35c213b85ca13bb78380df68a73fa1ceb164b84c647a6,2021-22,7,Alvin,4,Franz Wagner,franzwagner,final,17,0,0,final_snapshot,Franz Wagner,D94,E94,F94,
59a6a80ce913c1ee51e35c213b85ca13bb78380df68a73fa1ceb164b84c647a6,2021-22,7,Arthur,11,Devin Booker,devinbooker,final,1,25,2,final_snapshot,Devin Booker,D78,E78,F78,5.4 Max
59a6a80ce913c1ee51e35c213b85ca13bb78380df68a73fa1ceb164b84c647a6,2021-22,7,Arthur,11,Joel Embiid,joelembiid,final,2,51,6,final_snapshot,Joel Embiid,D79,E79,F79,5.1 Ron
59a6a80ce913c1ee51e35c213b85ca13bb78380df68a73fa1ceb164b84c647a6,2021-22,7,Arthur,11,Paul George,paulgeorge,final,3,54,1,final_snapshot,Paul George,D80,E80,F80,5.2 Kerry
59a6a80ce913c1ee51e35c213b85ca13bb78380df68a73fa1ceb164b84c647a6,2021-22,7,Arthur,11,Jalen Suggs,jalensuggs,final,4,11,1,final_snapshot,Jalen Suggs,D81,E81,F81,
59a6a80ce913c1ee51e35c213b85ca13bb78380df68a73fa1ceb164b84c647a6,2021-22,7,Arthur,11,Jonathan Isaac,jonathanisaac,final,5,5,1,final_snapshot,Jonathan Isaac,D82,E82,F82,
59a6a80ce913c1ee51e35c213b85ca13bb78380df68a73fa1ceb164b84c647a6,2021-22,7,Arthur,11,Scottie Barnes,scottiebarnes,final,6,10,1,final_snapshot,Scottie Barnes,D83,E83,F83,5.6 Josh
59a6a80ce913c1ee51e35c213b85ca13bb78380df68a73fa1ceb164b84c647a6,2021-22,7,Arthur,11,Mike Conley,mikeconley,final,7,10,1,final_snapshot,Mike Conley,D84,E84,F84,5.5 Joe
59a6a80ce913c1ee51e35c213b85ca13bb78380df68a73fa1ceb164b84c647a6,2021-22,7,Arthur,11,Daniel Gafford,danielgafford,final,8,7,1,final_snapshot,Daniel Gafford,D85,E85,F85,FA-1 Kerry
59a6a80ce913c1ee51e35c213b85ca13bb78380df68a73fa1ceb164b84c647a6,2021-22,7,Arthur,11,Will Barton,willbarton,final,9,4,1,final_snapshot,Will Barton,D86,E86,F86,FA-2 Max
59a6a80ce913c1ee51e35c213b85ca13bb78380df68a73fa1ceb164b84c647a6,2021-22,7,Arthur,11,Chris Duarte,chrisduarte,final,10,0,0,final_snapshot,Chris Duarte,D87,E87,F87,
59a6a80ce913c1ee51e35c213b85ca13bb78380df68a73fa1ceb164b84c647a6,2021-22,7,Arthur,11,Dewayne Dedmon,dewaynededmon,final,11,0,0,final_snapshot,Dewayne Dedmon,D88,E88,F88,
59a6a80ce913c1ee51e35c213b85ca13bb78380df68a73fa1ceb164b84c647a6,2021-22,7,Arthur,11,Josh Giddey,joshgiddey,final,12,2,1,final_snapshot,Josh Giddey,D89,E89,F89,5.8 Ron
59a6a80ce913c1ee51e35c213b85ca13bb78380df68a73fa1ceb164b84c647a6,2021-22,7,Arthur,11,Cole Anthony,coleanthony,final,13,4,1,final_snapshot,Cole Anthony,D90,E90,F90,5.9 Max
59a6a80ce913c1ee51e35c213b85ca13bb78380df68a73fa1ceb164b84c647a6,2021-22,7,Arthur,11,Jeff Green,jeffgreen,final,14,1,1,final_snapshot,Jeff Green,D91,E91,F91,
59a6a80ce913c1ee51e35c213b85ca13bb78380df68a73fa1ceb164b84c647a6,2021-22,7,Arthur,11,Jimmy Butler,jimmybutler,final,15,43,1,final_snapshot,Jimmy Butler,D92,E92,F92,5.7 Isaac
59a6a80ce913c1ee51e35c213b85ca13bb78380df68a73fa1ceb164b84c647a6,2021-22,7,Arthur,11,Domantas Sabonis,domantassabonis,final,16,44,1,final_snapshot,Domantas Sabonis,D93,E93,F93,5.3 Peter
59a6a80ce913c1ee51e35c213b85ca13bb78380df68a73fa1ceb164b84c647a6,2021-22,7,Arthur,11,Kawhi Leonard,kawhileonard,final,17,12,1,final_snapshot,Kawhi Leonard,D94,E94,F94,
59a6a80ce913c1ee51e35c213b85ca13bb78380df68a73fa1ceb164b84c647a6,2021-22,7,Benji,15,Jayson Tatum,jaysontatum,final,1,25,5,final_snapshot,Jayson Tatum,D74,E74,F74,1.2 Ron
59a6a80ce913c1ee51e35c213b85ca13bb78380df68a73fa1ceb164b84c647a6,2021-22,7,Benji,15,Darius Garland,dariusgarland,final,2,3,2,final_snapshot,Darius Garland,D75,E75,F75,1.5 Darren
59a6a80ce913c1ee51e35c213b85ca13bb78380df68a73fa1ceb164b84c647a6,2021-22,7,Benji,15,Anthony Davis,anthonydavis,final,3,52,1,final_snapshot,Anthony Davis,D76,E76,F76,1.1 Max
59a6a80ce913c1ee51e35c213b85ca13bb78380df68a73fa1ceb164b84c647a6,2021-22,7,Benji,15,Khris Middleton,khrismiddleton,final,4,37,1,final_snapshot,Khris Middleton,D77,E77,F77,1.3 Jason
59a6a80ce913c1ee51e35c213b85ca13bb78380df68a73fa1ceb164b84c647a6,2021-22,7,Benji,15,Kawhi Leonard,kawhileonard,final,5,12,1,final_snapshot,Kawhi Leonard,D78,E78,F78,FA-4 Arthur
59a6a80ce913c1ee51e35c213b85ca13bb78380df68a73fa1ceb164b84c647a6,2021-22,7,Benji,15,Malcolm Brogdon,malcolmbrogdon,final,6,16,1,final_snapshot,Malcolm Brogdon,D79,E79,F79,1.4 Brent
59a6a80ce913c1ee51e35c213b85ca13bb78380df68a73fa1ceb164b84c647a6,2021-22,7,Benji,15,Cam Reddish,camreddish,final,7,0,0,final_snapshot,Cam Reddish,D80,E80,F80,
59a6a80ce913c1ee51e35c213b85ca13bb78380df68a73fa1ceb164b84c647a6,2021-22,7,Benji,15,James Wiseman,jameswiseman,final,8,3,1,final_snapshot,James Wiseman,D81,E81,F81,FA-3 Arthur
59a6a80ce913c1ee51e35c213b85ca13bb78380df68a73fa1ceb164b84c647a6,2021-22,7,Benji,15,Nerlens Noel,nerlensnoel,final,9,11,1,final_snapshot,Nerlens Noel,D82,E82,F82,
59a6a80ce913c1ee51e35c213b85ca13bb78380df68a73fa1ceb164b84c647a6,2021-22,7,Benji,15,Ivica Zubac,ivicazubac,final,10,13,1,final_snapshot,Ivica Zubac,D83,E83,F83,1.6 Graham
59a6a80ce913c1ee51e35c213b85ca13bb78380df68a73fa1ceb164b84c647a6,2021-22,7,Benji,15,Semi Ojeleye,semiojeleye,final,11,0,0,final_snapshot,Semi Ojeleye,D84,E84,F84,
59a6a80ce913c1ee51e35c213b85ca13bb78380df68a73fa1ceb164b84c647a6,2021-22,7,Benji,15,Kevin Huerter,kevinhuerter,final,12,3,1,final_snapshot,Kevin Huerter,D85,E85,F85,
59a6a80ce913c1ee51e35c213b85ca13bb78380df68a73fa1ceb164b84c647a6,2021-22,7,Benji,15,Jae'Sean Tate,jaeseantate,final,13,3,1,final_snapshot,Jae'Sean Tate,D86,E86,F86,FA-1 Arthur
59a6a80ce913c1ee51e35c213b85ca13bb78380df68a73fa1ceb164b84c647a6,2021-22,7,Benji,15,Will Barton,willbarton,final,14,4,1,final_snapshot,Will Barton,D87,E87,F87,1.7 Brent
59a6a80ce913c1ee51e35c213b85ca13bb78380df68a73fa1ceb164b84c647a6,2021-22,7,Benji,15,Rajon Rondo,rajonrondo,final,15,0,0,final_snapshot,Rajon Rondo,D88,E88,F88,
59a6a80ce913c1ee51e35c213b85ca13bb78380df68a73fa1ceb164b84c647a6,2021-22,7,Benji,15,Nassir Little,nassirlittle,final,16,0,0,final_snapshot,Nassir Little,D89,E89,F89,FA-2 Kerry
59a6a80ce913c1ee51e35c213b85ca13bb78380df68a73fa1ceb164b84c647a6,2021-22,7,Brent,14,Zion Williamson,zionwilliamson,final,1,36,3,final_snapshot,Zion Williamson,D78,E78,F78,FA-1 Kerry
59a6a80ce913c1ee51e35c213b85ca13bb78380df68a73fa1ceb164b84c647a6,2021-22,7,Brent,14,Tyrese Haliburton,tyresehaliburton,final,2,3,2,final_snapshot,Tyrese Haliburton,D79,E79,F79,2.4 Darren
59a6a80ce913c1ee51e35c213b85ca13bb78380df68a73fa1ceb164b84c647a6,2021-22,7,Brent,14,Michael Porter Jr.,michaelporterjr,final,3,30,1,final_snapshot,Michael Porter Jr.,D80,E80,F80,FA-5 Alvin
59a6a80ce913c1ee51e35c213b85ca13bb78380df68a73fa1ceb164b84c647a6,2021-22,7,Brent,14,Ben Simmons,bensimmons,final,4,14,1,final_snapshot,Ben Simmons,D81,E81,F81,FA-6 Alvin
59a6a80ce913c1ee51e35c213b85ca13bb78380df68a73fa1ceb164b84c647a6,2021-22,7,Brent,14,Domantas Sabonis,domantassabonis,final,5,41,1,final_snapshot,Domantas Sabonis,D82,E82,F82,2.1 Arthur
59a6a80ce913c1ee51e35c213b85ca13bb78380df68a73fa1ceb164b84c647a6,2021-22,7,Brent,14,Evan Mobley,evanmobley,final,6,20,1,final_snapshot,Evan Mobley,D83,E83,F83,2.5 Kerry
59a6a80ce913c1ee51e35c213b85ca13bb78380df68a73fa1ceb164b84c647a6,2021-22,7,Brent,14,Joe Ingles,joeingles,final,7,4,1,final_snapshot,Joe Ingles,D84,E84,F84,
59a6a80ce913c1ee51e35c213b85ca13bb78380df68a73fa1ceb164b84c647a6,2021-22,7,Brent,14,Bruce Brown,brucebrown,final,8,0,0,final_snapshot,Bruce Brown,D85,E85,F85,
59a6a80ce913c1ee51e35c213b85ca13bb78380df68a73fa1ceb164b84c647a6,2021-22,7,Brent,14,Klay Thompson,klaythompson,final,9,18,1,final_snapshot,Klay Thompson,D86,E86,F86,2.6 Kerry
59a6a80ce913c1ee51e35c213b85ca13bb78380df68a73fa1ceb164b84c647a6,2021-22,7,Brent,14,Will Barton,willbarton,final,10,4,1,final_snapshot,Will Barton,D87,E87,F87,FA-2 Arthur
59a6a80ce913c1ee51e35c213b85ca13bb78380df68a73fa1ceb164b84c647a6,2021-22,7,Brent,14,Gary Trent Jr.,garytrentjr,final,11,8,1,final_snapshot,Gary Trent Jr.,D88,E88,F88,2.3 Jason
59a6a80ce913c1ee51e35c213b85ca13bb78380df68a73fa1ceb164b84c647a6,2021-22,7,Brent,14,Charles Bassey,charlesbassey,final,12,0,0,final_snapshot,Charles Bassey,D89,E89,F89,
59a6a80ce913c1ee51e35c213b85ca13bb78380df68a73fa1ceb164b84c647a6,2021-22,7,Brent,14,Nicolas Batum,nicolasbatum,final,13,1,1,final_snapshot,Nicolas Batum,D90,E90,F90,
59a6a80ce913c1ee51e35c213b85ca13bb78380df68a73fa1ceb164b84c647a6,2021-22,7,Brent,14,Grayson Allen,graysonallen,final,14,0,0,final_snapshot,Grayson Allen,D91,E91,F91,FA-3 Arthur
59a6a80ce913c1ee51e35c213b85ca13bb78380df68a73fa1ceb164b84c647a6,2021-22,7,Brent,14,Franz Wagner,franzwagner,final,15,0,0,final_snapshot,Franz Wagner,D92,E92,F92,FA-4 Arthur
59a6a80ce913c1ee51e35c213b85ca13bb78380df68a73fa1ceb164b84c647a6,2021-22,7,Brent,14,Malcolm Brogdon,malcolmbrogdon,final,16,16,1,final_snapshot,Malcolm Brogdon,D93,E93,F93,2.2 Kerry
59a6a80ce913c1ee51e35c213b85ca13bb78380df68a73fa1ceb164b84c647a6,2021-22,7,Darren,2,Shai Gilgeous-Alexander,shaigilgeousalexander,final,1,32,3,final_snapshot,Shai Gilgeous-Alexander,D78,E78,F78,
59a6a80ce913c1ee51e35c213b85ca13bb78380df68a73fa1ceb164b84c647a6,2021-22,7,Darren,2,Luka Doncic,lukadoncic,final,2,38,1,final_snapshot,Luka Doncic,D79,E79,F79,
59a6a80ce913c1ee51e35c213b85ca13bb78380df68a73fa1ceb164b84c647a6,2021-22,7,Darren,2,James Harden,jamesharden,final,3,61,1,final_snapshot,James Harden,D80,E80,F80,
59a6a80ce913c1ee51e35c213b85ca13bb78380df68a73fa1ceb164b84c647a6,2021-22,7,Darren,2,Darius Garland,dariusgarland,final,4,3,1,final_snapshot,Darius Garland,D81,E81,F81,
59a6a80ce913c1ee51e35c213b85ca13bb78380df68a73fa1ceb164b84c647a6,2021-22,7,Darren,2,Tyrese Haliburton,tyresehaliburton,final,5,3,1,final_snapshot,Tyrese Haliburton,D82,E82,F82,
59a6a80ce913c1ee51e35c213b85ca13bb78380df68a73fa1ceb164b84c647a6,2021-22,7,Darren,2,Giannis Antetokounmpo,giannisantetokounmpo,final,6,36,1,final_snapshot,Giannis Antetokounmpo,D83,E83,F83,
59a6a80ce913c1ee51e35c213b85ca13bb78380df68a73fa1ceb164b84c647a6,2021-22,7,Darren,2,Kristaps Porzingis,kristapsporzingis,final,7,24,1,final_snapshot,Kristaps Porzingis,D84,E84,F84,
59a6a80ce913c1ee51e35c213b85ca13bb78380df68a73fa1ceb164b84c647a6,2021-22,7,Darren,2,Rudy Gobert,rudygobert,final,8,39,1,final_snapshot,Rudy  Gobert,D85,E85,F85,
59a6a80ce913c1ee51e35c213b85ca13bb78380df68a73fa1ceb164b84c647a6,2021-22,7,Darren,2,DeMar DeRozan,demarderozan,final,9,24,1,final_snapshot,DeMar DeRozan,D86,E86,F86,
59a6a80ce913c1ee51e35c213b85ca13bb78380df68a73fa1ceb164b84c647a6,2021-22,7,Darren,2,Bam Adebayo,bamadebayo,final,10,34,1,final_snapshot,Bam Adebayo,D87,E87,F87,
59a6a80ce913c1ee51e35c213b85ca13bb78380df68a73fa1ceb164b84c647a6,2021-22,7,Darren,2,Nikola Vucevic,nikolavucevic,final,11,38,1,final_snapshot,Nikola Vucevic,D88,E88,F88,
59a6a80ce913c1ee51e35c213b85ca13bb78380df68a73fa1ceb164b84c647a6,2021-22,7,Darren,2,Jonas Valanciunas,jonasvalanciunas,final,12,15,1,final_snapshot,Jonas Valanciunas,D89,E89,F89,
59a6a80ce913c1ee51e35c213b85ca13bb78380df68a73fa1ceb164b84c647a6,2021-22,7,Darren,2,Zach LaVine,zachlavine,final,13,28,1,final_snapshot,Zach LaVine,D90,E90,F90,
59a6a80ce913c1ee51e35c213b85ca13bb78380df68a73fa1ceb164b84c647a6,2021-22,7,Darren,2,Desmond Bane,desmondbane,final,14,3,1,final_snapshot,Desmond Bane,D91,E91,F91,
59a6a80ce913c1ee51e35c213b85ca13bb78380df68a73fa1ceb164b84c647a6,2021-22,7,Darren,2,Deandre Ayton,deandreayton,final,15,34,1,final_snapshot,Deandre Ayton,D92,E92,F92,
59a6a80ce913c1ee51e35c213b85ca13bb78380df68a73fa1ceb164b84c647a6,2021-22,7,Darren,2,Tobias Harris,tobiasharris,final,16,38,1,final_snapshot,Tobias Harris,D93,E93,F93,
59a6a80ce913c1ee51e35c213b85ca13bb78380df68a73fa1ceb164b84c647a6,2021-22,7,Darren,2,Ivica Zubac,ivicazubac,final,17,13,1,final_snapshot,Ivica Zubac,D94,E94,F94,
59a6a80ce913c1ee51e35c213b85ca13bb78380df68a73fa1ceb164b84c647a6,2021-22,7,Graham,12,Donovan Mitchell,donovanmitchell,final,1,24,1,final_snapshot,Donovan Mitchell,D76,E76,F76,4.1 Joe
59a6a80ce913c1ee51e35c213b85ca13bb78380df68a73fa1ceb164b84c647a6,2021-22,7,Graham,12,Jaylen Brown,jaylenbrown,final,2,19,2,final_snapshot,Jaylen Brown,D77,E77,F77,4.7 Alvin
59a6a80ce913c1ee51e35c213b85ca13bb78380df68a73fa1ceb164b84c647a6,2021-22,7,Graham,12,Gary Trent Jr.,garytrentjr,final,3,8,1,final_snapshot,Gary Trent Jr.,D78,E78,F78,4.6 Darren
59a6a80ce913c1ee51e35c213b85ca13bb78380df68a73fa1ceb164b84c647a6,2021-22,7,Graham,12,Jimmy Butler,jimmybutler,final,4,43,1,final_snapshot,Jimmy Butler,D79,E79,F79,4.3 Arthur
59a6a80ce913c1ee51e35c213b85ca13bb78380df68a73fa1ceb164b84c647a6,2021-22,7,Graham,12,Cade Cunningham,cadecunningham,final,5,27,1,final_snapshot,Cade Cunningham,D80,E80,F80,4.4 Josh
59a6a80ce913c1ee51e35c213b85ca13bb78380df68a73fa1ceb164b84c647a6,2021-22,7,Graham,12,Kyle Lowry,kylelowry,final,6,19,1,final_snapshot,Kyle Lowry,D81,E81,F81,4.5 Isaac
59a6a80ce913c1ee51e35c213b85ca13bb78380df68a73fa1ceb164b84c647a6,2021-22,7,Graham,12,Ivica Zubac,ivicazubac,final,7,13,1,final_snapshot,Ivica Zubac,D82,E82,F82,FA-1 Kerry
59a6a80ce913c1ee51e35c213b85ca13bb78380df68a73fa1ceb164b84c647a6,2021-22,7,Graham,12,Spencer Dinwiddie,spencerdinwiddie,final,8,6,1,final_snapshot,Spencer Dinwiddie,D83,E83,F83,
59a6a80ce913c1ee51e35c213b85ca13bb78380df68a73fa1ceb164b84c647a6,2021-22,7,Graham,12,Dorian Finney-Smith,dorianfinneysmith,final,9,6,1,final_snapshot,Dorian Finney-Smith,D84,E84,F84,FA-3 Kerry
59a6a80ce913c1ee51e35c213b85ca13bb78380df68a73fa1ceb164b84c647a6,2021-22,7,Graham,12,PJ Tucker,pjtucker,final,10,0,0,final_snapshot,PJ Tucker,D85,E85,F85,
59a6a80ce913c1ee51e35c213b85ca13bb78380df68a73fa1ceb164b84c647a6,2021-22,7,Graham,12,Cam Reddish,camreddish,final,11,0,0,final_snapshot,Cam Reddish,D86,E86,F86,
59a6a80ce913c1ee51e35c213b85ca13bb78380df68a73fa1ceb164b84c647a6,2021-22,7,Graham,12,Gary Payton II,garypaytonii,final,12,0,0,final_snapshot,Gary Payton II,D87,E87,F87,
59a6a80ce913c1ee51e35c213b85ca13bb78380df68a73fa1ceb164b84c647a6,2021-22,7,Graham,12,Rudy Gobert,rudygobert,final,13,39,1,final_snapshot,Rudy Gobert,D88,E88,F88,4.2 Alvin
59a6a80ce913c1ee51e35c213b85ca13bb78380df68a73fa1ceb164b84c647a6,2021-22,7,Graham,12,Derrick Jones Jr.,derrickjonesjr,final,14,1,1,final_snapshot,Derrick Jones Jr.,D89,E89,F89,
59a6a80ce913c1ee51e35c213b85ca13bb78380df68a73fa1ceb164b84c647a6,2021-22,7,Graham,12,Kevin Love,kevinlove,final,15,1,1,final_snapshot,Kevin Love,D90,E90,F90,
59a6a80ce913c1ee51e35c213b85ca13bb78380df68a73fa1ceb164b84c647a6,2021-22,7,Graham,12,Jeff Green,jeffgreen,final,16,1,1,final_snapshot,Jeff Green,D91,E91,F91,FA-2 Arthur
59a6a80ce913c1ee51e35c213b85ca13bb78380df68a73fa1ceb164b84c647a6,2021-22,7,Graham,12,Ish Smith,ishsmith,final,17,0,0,final_snapshot,Ish Smith,D92,E92,F92,
59a6a80ce913c1ee51e35c213b85ca13bb78380df68a73fa1ceb164b84c647a6,2021-22,7,Ian,9,Bam Adebayo,bamadebayo,final,1,34,3,final_snapshot,Bam Adebayo,D76,E76,F76,7.6 Alvin
59a6a80ce913c1ee51e35c213b85ca13bb78380df68a73fa1ceb164b84c647a6,2021-22,7,Ian,9,Zach LaVine,zachlavine,final,2,28,4,final_snapshot,Zach LaVine,D77,E77,F77,7.4 Kerry
59a6a80ce913c1ee51e35c213b85ca13bb78380df68a73fa1ceb164b84c647a6,2021-22,7,Ian,9,Jamal Murray,jamalmurray,final,3,11,1,final_snapshot,Jamal Murray,D78,E78,F78,
59a6a80ce913c1ee51e35c213b85ca13bb78380df68a73fa1ceb164b84c647a6,2021-22,7,Ian,9,Tobias Harris,tobiasharris,final,4,38,1,final_snapshot,Tobias Harris,D79,E79,F79,7.3 Darren
59a6a80ce913c1ee51e35c213b85ca13bb78380df68a73fa1ceb164b84c647a6,2021-22,7,Ian,9,Christian Wood,christianwood,final,5,26,1,final_snapshot,Christian Wood,D80,E80,F80,7.7 Josh
59a6a80ce913c1ee51e35c213b85ca13bb78380df68a73fa1ceb164b84c647a6,2021-22,7,Ian,9,Caris LeVert,carislevert,final,6,8,1,final_snapshot,Caris LeVert,D81,E81,F81,
59a6a80ce913c1ee51e35c213b85ca13bb78380df68a73fa1ceb164b84c647a6,2021-22,7,Ian,9,TJ Warren,tjwarren,final,7,4,1,final_snapshot,TJ Warren,D82,E82,F82,FA-3 Max
59a6a80ce913c1ee51e35c213b85ca13bb78380df68a73fa1ceb164b84c647a6,2021-22,7,Ian,9,Kyle Kuzma,kylekuzma,final,8,2,1,final_snapshot,Kyle Kuzma,D83,E83,F83,FA-2 Max
59a6a80ce913c1ee51e35c213b85ca13bb78380df68a73fa1ceb164b84c647a6,2021-22,7,Ian,9,Mike Conley,mikeconley,final,9,10,1,final_snapshot,Mike Conley,D84,E84,F84,FA-1 Max
59a6a80ce913c1ee51e35c213b85ca13bb78380df68a73fa1ceb164b84c647a6,2021-22,7,Ian,9,Harrison Barnes,harrisonbarnes,final,10,18,1,final_snapshot,Harrison Barnes,D85,E85,F85,FA-4 Peter
59a6a80ce913c1ee51e35c213b85ca13bb78380df68a73fa1ceb164b84c647a6,2021-22,7,Ian,9,LeBron James,lebronjames,final,11,41,1,final_snapshot,LeBron James,D86,E86,F86,7.1 Josh
59a6a80ce913c1ee51e35c213b85ca13bb78380df68a73fa1ceb164b84c647a6,2021-22,7,Ian,9,Kristaps Porzingis,kristapsporzingis,final,12,24,1,final_snapshot,Kristaps Porzingis,D87,E87,F87,7.2 Peter
59a6a80ce913c1ee51e35c213b85ca13bb78380df68a73fa1ceb164b84c647a6,2021-22,7,Ian,9,Jonathan Kuminga,jonathankuminga,final,13,1,1,final_snapshot,Jonathan Kuminga,D88,E88,F88,
59a6a80ce913c1ee51e35c213b85ca13bb78380df68a73fa1ceb164b84c647a6,2021-22,7,Ian,9,Buddy Hield,buddyhield,final,14,11,1,final_snapshot,Buddy Hield,D89,E89,F89,7.5 Isaac
59a6a80ce913c1ee51e35c213b85ca13bb78380df68a73fa1ceb164b84c647a6,2021-22,7,Ian,9,Cam Thomas,camthomas,final,15,0,0,final_snapshot,Cameron Thomas,D90,E90,F90,
59a6a80ce913c1ee51e35c213b85ca13bb78380df68a73fa1ceb164b84c647a6,2021-22,7,Ian,9,JaVale McGee,javalemcgee,final,16,0,0,final_snapshot,JaVale McGee,D91,E91,F91,
59a6a80ce913c1ee51e35c213b85ca13bb78380df68a73fa1ceb164b84c647a6,2021-22,7,Ian,9,Trey Lyles,treylyles,final,17,0,0,final_snapshot,Trey Lyles,D92,E92,F92,
59a6a80ce913c1ee51e35c213b85ca13bb78380df68a73fa1ceb164b84c647a6,2021-22,7,Isaac,3,Jrue Holiday,jrueholiday,final,1,23,2,final_snapshot,Jrue Holiday,D76,E76,F76,
59a6a80ce913c1ee51e35c213b85ca13bb78380df68a73fa1ceb164b84c647a6,2021-22,7,Isaac,3,Trae Young,traeyoung,final,2,16,1,final_snapshot,Trae Young,D77,E77,F77,13.3 Ron
59a6a80ce913c1ee51e35c213b85ca13bb78380df68a73fa1ceb164b84c647a6,2021-22,7,Isaac,3,Kyrie Irving,kyrieirving,final,3,23,1,final_snapshot,Kyrie Irving,D78,E78,F78,13.4 Darren
59a6a80ce913c1ee51e35c213b85ca13bb78380df68a73fa1ceb164b84c647a6,2021-22,7,Isaac,3,Chris Paul,chrispaul,final,4,32,1,final_snapshot,Chris Paul,D79,E79,F79,13.5 Ron
59a6a80ce913c1ee51e35c213b85ca13bb78380df68a73fa1ceb164b84c647a6,2021-22,7,Isaac,3,Donovan Mitchell,donovanmitchell,final,5,24,1,final_snapshot,Donovan Mitchell,D80,E80,F80,
59a6a80ce913c1ee51e35c213b85ca13bb78380df68a73fa1ceb164b84c647a6,2021-22,7,Isaac,3,Jonas Valanciunas,jonasvalanciunas,final,6,15,1,final_snapshot,Jonas Valanciunas,D81,E81,F81,
59a6a80ce913c1ee51e35c213b85ca13bb78380df68a73fa1ceb164b84c647a6,2021-22,7,Isaac,3,Nikola Vucevic,nikolavucevic,final,7,38,1,final_snapshot,Nikola Vucevic,D82,E82,F82,
59a6a80ce913c1ee51e35c213b85ca13bb78380df68a73fa1ceb164b84c647a6,2021-22,7,Isaac,3,Terry Rozier,terryrozier,final,8,26,1,final_snapshot,Terry Rozier,D83,E83,F83,
59a6a80ce913c1ee51e35c213b85ca13bb78380df68a73fa1ceb164b84c647a6,2021-22,7,Isaac,3,Devin Booker,devinbooker,final,9,25,1,final_snapshot,Devin Booker,D84,E84,F84,13.2 Darren
59a6a80ce913c1ee51e35c213b85ca13bb78380df68a73fa1ceb164b84c647a6,2021-22,7,Isaac,3,Karl-Anthony Towns,karlanthonytowns,final,10,56,1,final_snapshot,Karl-Anthony Towns,D85,E85,F85,13.1 Ron
59a6a80ce913c1ee51e35c213b85ca13bb78380df68a73fa1ceb164b84c647a6,2021-22,7,Isaac,3,Mikal Bridges,mikalbridges,final,11,33,1,final_snapshot,Mikal Bridges,D86,E86,F86,
59a6a80ce913c1ee51e35c213b85ca13bb78380df68a73fa1ceb164b84c647a6,2021-22,7,Isaac,3,Jordan Poole,jordanpoole,final,12,1,1,final_snapshot,Jordan Poole,D87,E87,F87,
59a6a80ce913c1ee51e35c213b85ca13bb78380df68a73fa1ceb164b84c647a6,2021-22,7,Isaac,3,Ja Morant,jamorant,final,13,24,1,final_snapshot,Ja Morant,D88,E88,F88,
59a6a80ce913c1ee51e35c213b85ca13bb78380df68a73fa1ceb164b84c647a6,2021-22,7,Isaac,3,Jaylen Brown,jaylenbrown,final,14,19,1,final_snapshot,Jaylen Brown,D89,E89,F89,
59a6a80ce913c1ee51e35c213b85ca13bb78380df68a73fa1ceb164b84c647a6,2021-22,7,Isaac,3,Deandre Ayton,deandreayton,final,15,34,1,final_snapshot,Deandre Ayton,D90,E90,F90,13.6 Darren
59a6a80ce913c1ee51e35c213b85ca13bb78380df68a73fa1ceb164b84c647a6,2021-22,7,Isaac,3,Miles Bridges,milesbridges,final,16,3,1,final_snapshot,Miles Bridges,D91,E91,F91,
59a6a80ce913c1ee51e35c213b85ca13bb78380df68a73fa1ceb164b84c647a6,2021-22,7,Jason,13,Luka Doncic,lukadoncic,final,1,38,4,final_snapshot,Luka Doncic,D77,E77,F77,3.1 Peter
59a6a80ce913c1ee51e35c213b85ca13bb78380df68a73fa1ceb164b84c647a6,2021-22,7,Jason,13,Anthony Edwards,anthonyedwards,final,2,11,2,final_snapshot,Anthony Edwards,D78,E78,F78,3.2 Josh
59a6a80ce913c1ee51e35c213b85ca13bb78380df68a73fa1ceb164b84c647a6,2021-22,7,Jason,13,Deandre Ayton,deandreayton,final,3,34,1,final_snapshot,Deandre Ayton,D79,E79,F79,3.4 Isaac
59a6a80ce913c1ee51e35c213b85ca13bb78380df68a73fa1ceb164b84c647a6,2021-22,7,Jason,13,John Collins,johncollins,final,4,30,1,final_snapshot,John Collins,D80,E80,F80,3.3 Ian
59a6a80ce913c1ee51e35c213b85ca13bb78380df68a73fa1ceb164b84c647a6,2021-22,7,Jason,13,Collin Sexton,collinsexton,final,5,24,1,final_snapshot,Collin Sexton,D81,E81,F81,
59a6a80ce913c1ee51e35c213b85ca13bb78380df68a73fa1ceb164b84c647a6,2021-22,7,Jason,13,Kelly Olynyk,kellyolynyk,final,6,8,1,final_snapshot,Kelly Olynyk,D82,E82,F82,
59a6a80ce913c1ee51e35c213b85ca13bb78380df68a73fa1ceb164b84c647a6,2021-22,7,Jason,13,Norman Powell,normanpowell,final,7,14,1,final_snapshot,Norman Powell,D83,E83,F83,3.8 Ian
59a6a80ce913c1ee51e35c213b85ca13bb78380df68a73fa1ceb164b84c647a6,2021-22,7,Jason,13,Alperen Sengun,alperensengun,final,8,12,1,final_snapshot,Alperen Sengun,D84,E84,F84,
59a6a80ce913c1ee51e35c213b85ca13bb78380df68a73fa1ceb164b84c647a6,2021-22,7,Jason,13,Khris Middleton,khrismiddleton,final,9,37,1,final_snapshot,Khris Middleton,D85,E85,F85,3.5 Max
59a6a80ce913c1ee51e35c213b85ca13bb78380df68a73fa1ceb164b84c647a6,2021-22,7,Jason,13,Seth Curry,sethcurry,final,10,11,1,final_snapshot,Seth Curry,D86,E86,F86,3.7 Darren
59a6a80ce913c1ee51e35c213b85ca13bb78380df68a73fa1ceb164b84c647a6,2021-22,7,Jason,13,Dorian Finney-Smith,dorianfinneysmith,final,11,1,1,final_snapshot,Dorian Finney-Smith,D87,E87,F87,
59a6a80ce913c1ee51e35c213b85ca13bb78380df68a73fa1ceb164b84c647a6,2021-22,7,Jason,13,Justin Holiday,justinholiday,final,12,1,1,final_snapshot,Justin Holiday,D88,E88,F88,
59a6a80ce913c1ee51e35c213b85ca13bb78380df68a73fa1ceb164b84c647a6,2021-22,7,Jason,13,Serge Ibaka,sergeibaka,final,13,3,1,final_snapshot,Serge Ibaka,D89,E89,F89,
59a6a80ce913c1ee51e35c213b85ca13bb78380df68a73fa1ceb164b84c647a6,2021-22,7,Jason,13,Anfernee Simons,anferneesimons,final,14,0,0,final_snapshot,Anfernee Simons,D90,E90,F90,FA-2 Arthur
59a6a80ce913c1ee51e35c213b85ca13bb78380df68a73fa1ceb164b84c647a6,2021-22,7,Jason,13,Matisse Thybulle,matissethybulle,final,15,1,1,final_snapshot,Matisse Thybulle,D91,E91,F91,FA-1 Kerry
59a6a80ce913c1ee51e35c213b85ca13bb78380df68a73fa1ceb164b84c647a6,2021-22,7,Jason,13,Gary Trent Jr.,garytrentjr,final,16,8,1,final_snapshot,Gary Trent Jr.,D92,E92,F92,3.6 Graham
59a6a80ce913c1ee51e35c213b85ca13bb78380df68a73fa1ceb164b84c647a6,2021-22,7,Jason,13,DeAndre Jordan,deandrejordan,final,17,0,0,final_snapshot,Deandre Jordan,D93,E93,F93,
59a6a80ce913c1ee51e35c213b85ca13bb78380df68a73fa1ceb164b84c647a6,2021-22,7,Joe,10,Nikola Vucevic,nikolavucevic,final,1,38,2,final_snapshot,Nikola Vucevic,D77,E77,F77,6.4 Kerry
59a6a80ce913c1ee51e35c213b85ca13bb78380df68a73fa1ceb164b84c647a6,2021-22,7,Joe,10,Mike Conley,mikeconley,final,2,10,1,final_snapshot,Mike Conley,D78,E78,F78,6.8 Ian
59a6a80ce913c1ee51e35c213b85ca13bb78380df68a73fa1ceb164b84c647a6,2021-22,7,Joe,10,Andrew Wiggins,andrewwiggins,final,3,10,1,final_snapshot,Andrew Wiggins,D79,E79,F79,6.9 Alvin
59a6a80ce913c1ee51e35c213b85ca13bb78380df68a73fa1ceb164b84c647a6,2021-22,7,Joe,10,Christian Wood,christianwood,final,4,26,1,final_snapshot,Christian Wood,D80,E80,F80,6.5 Ian
59a6a80ce913c1ee51e35c213b85ca13bb78380df68a73fa1ceb164b84c647a6,2021-22,7,Joe,10,Myles Turner,mylesturner,final,5,29,1,final_snapshot,Myles Turner,D81,E81,F81,6.2 Darren
59a6a80ce913c1ee51e35c213b85ca13bb78380df68a73fa1ceb164b84c647a6,2021-22,7,Joe,10,Buddy Hield,buddyhield,final,6,11,1,final_snapshot,Buddy Hield,D82,E82,F82,6.10 Ian
59a6a80ce913c1ee51e35c213b85ca13bb78380df68a73fa1ceb164b84c647a6,2021-22,7,Joe,10,Dejounte Murray,dejountemurray,final,7,25,1,final_snapshot,Dejounte Murray,D83,E83,F83,6.3 Alvin
59a6a80ce913c1ee51e35c213b85ca13bb78380df68a73fa1ceb164b84c647a6,2021-22,7,Joe,10,Derrick White,derrickwhite,final,8,16,1,final_snapshot,Derrick White,D84,E84,F84,6.6 Isaac
59a6a80ce913c1ee51e35c213b85ca13bb78380df68a73fa1ceb164b84c647a6,2021-22,7,Joe,10,Dorian Finney-Smith,dorianfinneysmith,final,9,1,1,final_snapshot,Dorian Finney-Smith,D85,E85,F85,
59a6a80ce913c1ee51e35c213b85ca13bb78380df68a73fa1ceb164b84c647a6,2021-22,7,Joe,10,Patty Mills,pattymills,final,10,2,1,final_snapshot,Patty Mills,D86,E86,F86,
59a6a80ce913c1ee51e35c213b85ca13bb78380df68a73fa1ceb164b84c647a6,2021-22,7,Joe,10,Donovan Mitchell,donovanmitchell,final,11,24,1,final_snapshot,Donovan Mitchell,D87,E87,F87,6.1 Peter
59a6a80ce913c1ee51e35c213b85ca13bb78380df68a73fa1ceb164b84c647a6,2021-22,7,Joe,10,Bojan Bogdanovic,bojanbogdanovic,final,12,13,1,final_snapshot,Bojan Bogdanovic,D88,E88,F88,6.7 Alvin
59a6a80ce913c1ee51e35c213b85ca13bb78380df68a73fa1ceb164b84c647a6,2021-22,7,Joe,10,Gary Harris,garyharris,final,13,0,0,final_snapshot,Gary Harris,D89,E89,F89,6.11 Alvin
59a6a80ce913c1ee51e35c213b85ca13bb78380df68a73fa1ceb164b84c647a6,2021-22,7,Joe,10,Josh Richardson,joshrichardson,final,14,6,1,final_snapshot,Josh Richardson,D90,E90,F90,
59a6a80ce913c1ee51e35c213b85ca13bb78380df68a73fa1ceb164b84c647a6,2021-22,7,Joe,10,Caleb Martin,calebmartin,final,15,0,0,final_snapshot,Caleb Martin,D91,E91,F91,
59a6a80ce913c1ee51e35c213b85ca13bb78380df68a73fa1ceb164b84c647a6,2021-22,7,Joe,10,Terence Davis,terencedavis,final,16,0,0,final_snapshot,Terence Davis,D92,E92,F92,
59a6a80ce913c1ee51e35c213b85ca13bb78380df68a73fa1ceb164b84c647a6,2021-22,7,Kerry,7,Trae Young,traeyoung,final,1,16,4,final_snapshot,Trae Young,D78,E78,F78,9.2 Max
59a6a80ce913c1ee51e35c213b85ca13bb78380df68a73fa1ceb164b84c647a6,2021-22,7,Kerry,7,Karl-Anthony Towns,karlanthonytowns,final,2,56,2,final_snapshot,Karl-Anthony Towns,D79,E79,F79,9.1 Alvin
59a6a80ce913c1ee51e35c213b85ca13bb78380df68a73fa1ceb164b84c647a6,2021-22,7,Kerry,7,Damian Lillard,damianlillard,final,3,67,1,final_snapshot,Damian Lillard,D80,E80,F80,
59a6a80ce913c1ee51e35c213b85ca13bb78380df68a73fa1ceb164b84c647a6,2021-22,7,Kerry,7,Zach LaVine,zachlavine,final,4,28,1,final_snapshot,Zach LaVine,D81,E81,F81,9.3 Darren
59a6a80ce913c1ee51e35c213b85ca13bb78380df68a73fa1ceb164b84c647a6,2021-22,7,Kerry,7,Jordan Poole,jordanpoole,final,5,1,1,final_snapshot,Jordan Poole,D82,E82,F82,
59a6a80ce913c1ee51e35c213b85ca13bb78380df68a73fa1ceb164b84c647a6,2021-22,7,Kerry,7,Tyler Herro,tylerherro,final,6,10,1,final_snapshot,Tyler Herro,D83,E83,F83,FA-2 Max
59a6a80ce913c1ee51e35c213b85ca13bb78380df68a73fa1ceb164b84c647a6,2021-22,7,Kerry,7,Evan Mobley,evanmobley,final,7,20,1,final_snapshot,Evan Mobley,D84,E84,F84,FA-4 Peter
59a6a80ce913c1ee51e35c213b85ca13bb78380df68a73fa1ceb164b84c647a6,2021-22,7,Kerry,7,Cameron Johnson,cameronjohnson,final,8,2,1,final_snapshot,Cameron Johnson,D85,E85,F85,
59a6a80ce913c1ee51e35c213b85ca13bb78380df68a73fa1ceb164b84c647a6,2021-22,7,Kerry,7,Paul George,paulgeorge,final,9,54,1,final_snapshot,Paul George,D86,E86,F86,
59a6a80ce913c1ee51e35c213b85ca13bb78380df68a73fa1ceb164b84c647a6,2021-22,7,Kerry,7,Nikola Vucevic,nikolavucevic,final,10,38,1,final_snapshot,Nikola Vucevic,D87,E87,F87,9.4 Isaac
59a6a80ce913c1ee51e35c213b85ca13bb78380df68a73fa1ceb164b84c647a6,2021-22,7,Kerry,7,RJ Barrett,rjbarrett,final,11,6,1,final_snapshot,RJ Barrett,D88,E88,F88,
59a6a80ce913c1ee51e35c213b85ca13bb78380df68a73fa1ceb164b84c647a6,2021-22,7,Kerry,7,Jalen Brunson,jalenbrunson,final,12,2,1,final_snapshot,Jalen Brunson,D89,E89,F89,9.6 Isaac
59a6a80ce913c1ee51e35c213b85ca13bb78380df68a73fa1ceb164b84c647a6,2021-22,7,Kerry,7,Desmond Bane,desmondbane,final,13,3,1,final_snapshot,Desmond Bane,D90,E90,F90,9.5 Darren
59a6a80ce913c1ee51e35c213b85ca13bb78380df68a73fa1ceb164b84c647a6,2021-22,7,Kerry,7,Klay Thompson,klaythompson,final,14,18,1,final_snapshot,Klay Thompson,D91,E91,F91,FA-1 Max
59a6a80ce913c1ee51e35c213b85ca13bb78380df68a73fa1ceb164b84c647a6,2021-22,7,Kerry,7,Kevon Looney,kevonlooney,final,15,0,0,final_snapshot,Kevon Looney,D92,E92,F92,
59a6a80ce913c1ee51e35c213b85ca13bb78380df68a73fa1ceb164b84c647a6,2021-22,7,Kerry,7,Anfernee Simons,anferneesimons,final,16,0,0,final_snapshot,Anfernee Simons,D93,E93,F93,FA-3 Ron
59a6a80ce913c1ee51e35c213b85ca13bb78380df68a73fa1ceb164b84c647a6,2021-22,7,Kerry,7,Jarred Vanderbilt,jarredvanderbilt,final,17,0,0,final_snapshot,Jared Vanderbilt,D94,E94,F94,
59a6a80ce913c1ee51e35c213b85ca13bb78380df68a73fa1ceb164b84c647a6,2021-22,7,Mark,8,RJ Barrett,rjbarrett,final,1,6,2,final_snapshot,RJ Barrett,D77,E77,F77,
59a6a80ce913c1ee51e35c213b85ca13bb78380df68a73fa1ceb164b84c647a6,2021-22,7,Mark,8,Russell Westbrook,russellwestbrook,final,2,34,2,final_snapshot,Russell Westbrook,D78,E78,F78,8.5 Isaac
59a6a80ce913c1ee51e35c213b85ca13bb78380df68a73fa1ceb164b84c647a6,2021-22,7,Mark,8,Nikola Jokic,nikolajokic,final,3,71,1,final_snapshot,Nikola Jokic,D79,E79,F79,8.1 Ron
59a6a80ce913c1ee51e35c213b85ca13bb78380df68a73fa1ceb164b84c647a6,2021-22,7,Mark,8,DeMar DeRozan,demarderozan,final,4,24,1,final_snapshot,DeMar DeRozan,D80,E80,F80,8.4 Darren
59a6a80ce913c1ee51e35c213b85ca13bb78380df68a73fa1ceb164b84c647a6,2021-22,7,Mark,8,Marcus Smart,marcussmart,final,5,13,1,final_snapshot,Marcus Smart,D81,E81,F81,8.6 Ron
59a6a80ce913c1ee51e35c213b85ca13bb78380df68a73fa1ceb164b84c647a6,2021-22,7,Mark,8,Anthony Edwards,anthonyedwards,final,6,11,1,final_snapshot,Anthony Edwards,D82,E82,F82,8.3 Peter
59a6a80ce913c1ee51e35c213b85ca13bb78380df68a73fa1ceb164b84c647a6,2021-22,7,Mark,8,Cade Cunningham,cadecunningham,final,7,27,1,final_snapshot,Cade Cunningham,D83,E83,F83,FA-1 Max
59a6a80ce913c1ee51e35c213b85ca13bb78380df68a73fa1ceb164b84c647a6,2021-22,7,Mark,8,Luguentz Dort,luguentzdort,final,8,7,1,final_snapshot,Luguentz Dort,D84,E84,F84,
59a6a80ce913c1ee51e35c213b85ca13bb78380df68a73fa1ceb164b84c647a6,2021-22,7,Mark,8,Christian Wood,christianwood,final,9,26,1,final_snapshot,Christian Wood,D85,E85,F85,8.7 Peter
59a6a80ce913c1ee51e35c213b85ca13bb78380df68a73fa1ceb164b84c647a6,2021-22,7,Mark,8,Jakob Poeltl,jakobpoeltl,final,10,10,1,final_snapshot,Jakob Poeltl,D86,E86,F86,FA-3 Max
59a6a80ce913c1ee51e35c213b85ca13bb78380df68a73fa1ceb164b84c647a6,2021-22,7,Mark,8,Scottie Barnes,scottiebarnes,final,11,10,1,final_snapshot,Scottie Barnes,D87,E87,F87,FA-4 Max
59a6a80ce913c1ee51e35c213b85ca13bb78380df68a73fa1ceb164b84c647a6,2021-22,7,Mark,8,Duncan Robinson,duncanrobinson,final,12,11,1,final_snapshot,Duncan Robinson,D88,E88,F88,
59a6a80ce913c1ee51e35c213b85ca13bb78380df68a73fa1ceb164b84c647a6,2021-22,7,Mark,8,LeBron James,lebronjames,final,13,41,1,final_snapshot,LeBron James,D89,E89,F89,8.2 Max
59a6a80ce913c1ee51e35c213b85ca13bb78380df68a73fa1ceb164b84c647a6,2021-22,7,Mark,8,Bismack Biyombo,bismackbiyombo,final,14,0,0,final_snapshot,Bismack Biyombo,D90,E90,F90,
59a6a80ce913c1ee51e35c213b85ca13bb78380df68a73fa1ceb164b84c647a6,2021-22,7,Mark,8,Maxi Kleber,maxikleber,final,15,0,0,final_snapshot,Maxi Kleber,D91,E91,F91,
59a6a80ce913c1ee51e35c213b85ca13bb78380df68a73fa1ceb164b84c647a6,2021-22,7,Mark,8,Hassan Whiteside,hassanwhiteside,final,16,0,0,final_snapshot,Hassan Whiteside,D92,E92,F92,
59a6a80ce913c1ee51e35c213b85ca13bb78380df68a73fa1ceb164b84c647a6,2021-22,7,Mark,8,Anfernee Simons,anferneesimons,final,17,0,0,final_snapshot,Anfernee Simons,D93,E93,F93,FA-2 Kerry
59a6a80ce913c1ee51e35c213b85ca13bb78380df68a73fa1ceb164b84c647a6,2021-22,7,Max,5,De'Aaron Fox,deaaronfox,final,1,36,6,final_snapshot,De'Aaron Fox,D78,E78,F78,
59a6a80ce913c1ee51e35c213b85ca13bb78380df68a73fa1ceb164b84c647a6,2021-22,7,Max,5,Miles Bridges,milesbridges,final,2,3,2,final_snapshot,Miles Bridges,D79,E79,F79,FA-1 Isaac
59a6a80ce913c1ee51e35c213b85ca13bb78380df68a73fa1ceb164b84c647a6,2021-22,7,Max,5,Stephen Curry,stephencurry,final,3,70,1,final_snapshot,Stephen Curry,D80,E80,F80,11.1 Darren
59a6a80ce913c1ee51e35c213b85ca13bb78380df68a73fa1ceb164b84c647a6,2021-22,7,Max,5,LeBron James,lebronjames,final,4,41,1,final_snapshot,LeBron James,D81,E81,F81,11.3 Ron
59a6a80ce913c1ee51e35c213b85ca13bb78380df68a73fa1ceb164b84c647a6,2021-22,7,Max,5,Wendell Carter Jr.,wendellcarterjr,final,5,8,1,final_snapshot,Wendell Carter Jr.,D82,E82,F82,
59a6a80ce913c1ee51e35c213b85ca13bb78380df68a73fa1ceb164b84c647a6,2021-22,7,Max,5,Devin Booker,devinbooker,final,6,25,1,final_snapshot,Devin Booker,D83,E83,F83,11.4 Alvin
59a6a80ce913c1ee51e35c213b85ca13bb78380df68a73fa1ceb164b84c647a6,2021-22,7,Max,5,Anthony Edwards,anthonyedwards,final,7,11,1,final_snapshot,Anthony Edwards,D84,E84,F84,
59a6a80ce913c1ee51e35c213b85ca13bb78380df68a73fa1ceb164b84c647a6,2021-22,7,Max,5,Khris Middleton,khrismiddleton,final,8,37,1,final_snapshot,Khris Middleton,D85,E85,F85,11.7 Alvin
59a6a80ce913c1ee51e35c213b85ca13bb78380df68a73fa1ceb164b84c647a6,2021-22,7,Max,5,Julius Randle,juliusrandle,final,9,39,1,final_snapshot,Julius Randle,D86,E86,F86,11.5 Darren
59a6a80ce913c1ee51e35c213b85ca13bb78380df68a73fa1ceb164b84c647a6,2021-22,7,Max,5,Kyle Kuzma,kylekuzma,final,10,2,1,final_snapshot,Kyle Kuzma,D87,E87,F87,
59a6a80ce913c1ee51e35c213b85ca13bb78380df68a73fa1ceb164b84c647a6,2021-22,7,Max,5,Bobby Portis,bobbyportis,final,11,3,1,final_snapshot,Bobby Portis,D88,E88,F88,
59a6a80ce913c1ee51e35c213b85ca13bb78380df68a73fa1ceb164b84c647a6,2021-22,7,Max,5,Trae Young,traeyoung,final,12,16,1,final_snapshot,Trae Young,D89,E89,F89,11.2 Isaac
59a6a80ce913c1ee51e35c213b85ca13bb78380df68a73fa1ceb164b84c647a6,2021-22,7,Max,5,Anthony Davis,anthonydavis,final,13,52,1,final_snapshot,Anthony Davis,D90,E90,F90,11.8 Alvin
59a6a80ce913c1ee51e35c213b85ca13bb78380df68a73fa1ceb164b84c647a6,2021-22,7,Max,5,Domantas Sabonis,domantassabonis,final,14,41,1,final_snapshot,Domantas Sabonis,D91,E91,F91,11.6 Ron
59a6a80ce913c1ee51e35c213b85ca13bb78380df68a73fa1ceb164b84c647a6,2021-22,7,Max,5,Jakob Poeltl,jakobpoeltl,final,15,10,1,final_snapshot,Jakob Poeltl,D92,E92,F92,
59a6a80ce913c1ee51e35c213b85ca13bb78380df68a73fa1ceb164b84c647a6,2021-22,7,Max,5,Klay Thompson,klaythompson,final,16,18,1,final_snapshot,Klay Thompson,D93,E93,F93,
59a6a80ce913c1ee51e35c213b85ca13bb78380df68a73fa1ceb164b84c647a6,2021-22,7,Max,5,Herbert Jones,herbertjones,final,17,0,0,final_snapshot,Herbert Jones,D94,E94,F94,
59a6a80ce913c1ee51e35c213b85ca13bb78380df68a73fa1ceb164b84c647a6,2021-22,7,Peter,6,Kevin Durant,kevindurant,final,1,22,3,final_snapshot,Kevin Durant,D77,E77,F77,10.1 Ron
59a6a80ce913c1ee51e35c213b85ca13bb78380df68a73fa1ceb164b84c647a6,2021-22,7,Peter,6,Domantas Sabonis,domantassabonis,final,2,41,1,final_snapshot,Domantas Sabonis,D78,E78,F78,10.3 Max
59a6a80ce913c1ee51e35c213b85ca13bb78380df68a73fa1ceb164b84c647a6,2021-22,7,Peter,6,Luka Doncic,lukadoncic,final,3,38,1,final_snapshot,Luka Doncic,D79,E79,F79,10.4 Darren
59a6a80ce913c1ee51e35c213b85ca13bb78380df68a73fa1ceb164b84c647a6,2021-22,7,Peter,6,Ja Morant,jamorant,final,4,24,1,final_snapshot,Ja Morant,D80,E80,F80,10.5 Isaac
59a6a80ce913c1ee51e35c213b85ca13bb78380df68a73fa1ceb164b84c647a6,2021-22,7,Peter,6,Julius Randle,juliusrandle,final,5,39,1,final_snapshot,Julius Randle,D81,E81,F81,FA-3 Max
59a6a80ce913c1ee51e35c213b85ca13bb78380df68a73fa1ceb164b84c647a6,2021-22,7,Peter,6,Anthony Edwards,anthonyedwards,final,6,11,1,final_snapshot,Anthony Edwards,D82,E82,F82,FA-1 Max
59a6a80ce913c1ee51e35c213b85ca13bb78380df68a73fa1ceb164b84c647a6,2021-22,7,Peter,6,Donovan Mitchell,donovanmitchell,final,7,24,1,final_snapshot,Donovan Mitchell,D83,E83,F83,10.2 Alvin
59a6a80ce913c1ee51e35c213b85ca13bb78380df68a73fa1ceb164b84c647a6,2021-22,7,Peter,6,Bobby Portis,bobbyportis,final,8,3,1,final_snapshot,Bobby Portis,D84,E84,F84,FA-2 Max
59a6a80ce913c1ee51e35c213b85ca13bb78380df68a73fa1ceb164b84c647a6,2021-22,7,Peter,6,Evan Mobley,evanmobley,final,9,20,1,final_snapshot,Evan Mobley,D85,E85,F85,10.7 Alvin
59a6a80ce913c1ee51e35c213b85ca13bb78380df68a73fa1ceb164b84c647a6,2021-22,7,Peter,6,Christian Wood,christianwood,final,10,26,1,final_snapshot,Christian Wood,D86,E86,F86,
59a6a80ce913c1ee51e35c213b85ca13bb78380df68a73fa1ceb164b84c647a6,2021-22,7,Peter,6,Brandon Ingram,brandoningram,final,11,14,1,final_snapshot,Brandon Ingram,D87,E87,F87,10.6 Ron
59a6a80ce913c1ee51e35c213b85ca13bb78380df68a73fa1ceb164b84c647a6,2021-22,7,Peter,6,Mitchell Robinson,mitchellrobinson,final,12,5,1,final_snapshot,Mitchell Robinson,D88,E88,F88,
59a6a80ce913c1ee51e35c213b85ca13bb78380df68a73fa1ceb164b84c647a6,2021-22,7,Peter,6,Monte Morris,montemorris,final,13,5,1,final_snapshot,Monte Morris,D89,E89,F89,
59a6a80ce913c1ee51e35c213b85ca13bb78380df68a73fa1ceb164b84c647a6,2021-22,7,Peter,6,Bogdan Bogdanovic,bogdanbogdanovic,final,14,18,1,final_snapshot,Bogdan Bogdanovic,D90,E90,F90,FA-4 Ron
59a6a80ce913c1ee51e35c213b85ca13bb78380df68a73fa1ceb164b84c647a6,2021-22,7,Peter,6,Ben Simmons,bensimmons,final,15,14,1,final_snapshot,Ben Simmons,D91,E91,F91,
59a6a80ce913c1ee51e35c213b85ca13bb78380df68a73fa1ceb164b84c647a6,2021-22,7,Peter,6,Hassan Whiteside,hassanwhiteside,final,16,0,0,final_snapshot,Hassan Whiteside,D92,E92,F92,
59a6a80ce913c1ee51e35c213b85ca13bb78380df68a73fa1ceb164b84c647a6,2021-22,7,Peter,6,Ayo Dosunmu,ayodosunmu,final,17,0,0,final_snapshot,Ayo Dosunmu,D93,E93,F93,
59a6a80ce913c1ee51e35c213b85ca13bb78380df68a73fa1ceb164b84c647a6,2021-22,7,Ron,1,Fred VanVleet,fredvanvleet,final,1,30,2,final_snapshot,Fred VanVleet,D78,E78,F78,
59a6a80ce913c1ee51e35c213b85ca13bb78380df68a73fa1ceb164b84c647a6,2021-22,7,Ron,1,Pascal Siakam,pascalsiakam,final,2,16,4,final_snapshot,Pascal Siakam,D79,E79,F79,
59a6a80ce913c1ee51e35c213b85ca13bb78380df68a73fa1ceb164b84c647a6,2021-22,7,Ron,1,Joel Embiid,joelembiid,final,3,51,1,final_snapshot,Joel Embiid,D80,E80,F80,
59a6a80ce913c1ee51e35c213b85ca13bb78380df68a73fa1ceb164b84c647a6,2021-22,7,Ron,1,LeBron James,lebronjames,final,4,41,1,final_snapshot,LeBron James,D81,E81,F81,
59a6a80ce913c1ee51e35c213b85ca13bb78380df68a73fa1ceb164b84c647a6,2021-22,7,Ron,1,Stephen Curry,stephencurry,final,5,70,1,final_snapshot,Stephen Curry,D82,E82,F82,
59a6a80ce913c1ee51e35c213b85ca13bb78380df68a73fa1ceb164b84c647a6,2021-22,7,Ron,1,Trae Young,traeyoung,final,6,16,1,final_snapshot,Trae Young,D83,E83,F83,
59a6a80ce913c1ee51e35c213b85ca13bb78380df68a73fa1ceb164b84c647a6,2021-22,7,Ron,1,Paul George,paulgeorge,final,7,54,1,final_snapshot,Paul George,D84,E84,F84,
59a6a80ce913c1ee51e35c213b85ca13bb78380df68a73fa1ceb164b84c647a6,2021-22,7,Ron,1,Karl-Anthony Towns,karlanthonytowns,final,8,56,1,final_snapshot,Karl-Anthony  Towns,D85,E85,F85,
59a6a80ce913c1ee51e35c213b85ca13bb78380df68a73fa1ceb164b84c647a6,2021-22,7,Ron,1,Dejounte Murray,dejountemurray,final,9,25,1,final_snapshot,Dejounte Murray,D86,E86,F86,
59a6a80ce913c1ee51e35c213b85ca13bb78380df68a73fa1ceb164b84c647a6,2021-22,7,Ron,1,LaMelo Ball,lameloball,final,10,9,1,final_snapshot,LaMelo Ball,D87,E87,F87,
59a6a80ce913c1ee51e35c213b85ca13bb78380df68a73fa1ceb164b84c647a6,2021-22,7,Ron,1,Jayson Tatum,jaysontatum,final,11,25,1,final_snapshot,Jayson Tatum,D88,E88,F88,
59a6a80ce913c1ee51e35c213b85ca13bb78380df68a73fa1ceb164b84c647a6,2021-22,7,Ron,1,Nikola Jokic,nikolajokic,final,12,71,1,final_snapshot,Nikola Jokic,D89,E89,F89,
59a6a80ce913c1ee51e35c213b85ca13bb78380df68a73fa1ceb164b84c647a6,2021-22,7,Ron,1,Chris Paul,chrispaul,final,13,32,1,final_snapshot,Chris Paul,D90,E90,F90,
59a6a80ce913c1ee51e35c213b85ca13bb78380df68a73fa1ceb164b84c647a6,2021-22,7,Ron,1,Kevin Durant,kevindurant,final,14,22,1,final_snapshot,Kevin Durant,D91,E91,F91,
59a6a80ce913c1ee51e35c213b85ca13bb78380df68a73fa1ceb164b84c647a6,2021-22,7,Ron,1,Jaren Jackson Jr,jarenjacksonjr,final,15,27,1,final_snapshot,Jaren Jackson Jr.,D92,E92,F92,
59a6a80ce913c1ee51e35c213b85ca13bb78380df68a73fa1ceb164b84c647a6,2021-22,7,Ron,1,Cade Cunningham,cadecunningham,final,16,27,1,final_snapshot,Cade Cunningham,D93,E93,F93,
59a6a80ce913c1ee51e35c213b85ca13bb78380df68a73fa1ceb164b84c647a6,2021-22,7,Ron,1,Scottie Barnes,scottiebarnes,final,17,10,1,final_snapshot,Scottie Barnes,D94,E94,F94,
59a6a80ce913c1ee51e35c213b85ca13bb78380df68a73fa1ceb164b84c647a6,2020-21,6,Alvin,3,Anthony Davis,anthonydavis,final,1,59,2,final_snapshot,Anthony Davis,D98,E98,F98,13.2 Jason
59a6a80ce913c1ee51e35c213b85ca13bb78380df68a73fa1ceb164b84c647a6,2020-21,6,Alvin,3,Donovan Mitchell,donovanmitchell,final,2,14,4,final_snapshot,Donovan Mitchell,D99,E99,F99,
59a6a80ce913c1ee51e35c213b85ca13bb78380df68a73fa1ceb164b84c647a6,2020-21,6,Alvin,3,Paul George,paulgeorge,final,3,54,1,final_snapshot,Paul George,D100,E100,F100,13.3 Ian
59a6a80ce913c1ee51e35c213b85ca13bb78380df68a73fa1ceb164b84c647a6,2020-21,6,Alvin,3,LaMelo Ball,lameloball,final,4,8,1,final_snapshot,LaMelo Ball,D101,E101,F101,
59a6a80ce913c1ee51e35c213b85ca13bb78380df68a73fa1ceb164b84c647a6,2020-21,6,Alvin,3,Nikola Vucevic,nikolavucevic,final,5,37,1,final_snapshot,Nikola Vucevic,D102,E102,F102,
59a6a80ce913c1ee51e35c213b85ca13bb78380df68a73fa1ceb164b84c647a6,2020-21,6,Alvin,3,Jayson Tatum,jaysontatum,final,6,15,1,final_snapshot,Jayson Tatum,D103,E103,F103,13.1 Ian
59a6a80ce913c1ee51e35c213b85ca13bb78380df68a73fa1ceb164b84c647a6,2020-21,6,Alvin,3,Giannis Antetokounmpo,giannisantetokounmpo,final,7,33,1,final_snapshot,Giannis Antetokounmpo,D104,E104,F104,
59a6a80ce913c1ee51e35c213b85ca13bb78380df68a73fa1ceb164b84c647a6,2020-21,6,Alvin,3,Devin Booker,devinbooker,final,8,34,1,final_snapshot,Devin Booker,D105,E105,F105,
59a6a80ce913c1ee51e35c213b85ca13bb78380df68a73fa1ceb164b84c647a6,2020-21,6,Alvin,3,Pascal Siakam,pascalsiakam,final,9,10,1,final_snapshot,Pascal Siakam,D106,E106,F106,
59a6a80ce913c1ee51e35c213b85ca13bb78380df68a73fa1ceb164b84c647a6,2020-21,6,Alvin,3,Terry Rozier,terryrozier,final,10,6,1,final_snapshot,Terry Rozier,D107,E107,F107,
59a6a80ce913c1ee51e35c213b85ca13bb78380df68a73fa1ceb164b84c647a6,2020-21,6,Alvin,3,Tyrese Haliburton,tyresehaliburton,final,11,2,1,final_snapshot,Tyrese Haliburton,D108,E108,F108,
59a6a80ce913c1ee51e35c213b85ca13bb78380df68a73fa1ceb164b84c647a6,2020-21,6,Alvin,3,Ja Morant,jamorant,final,12,22,1,final_snapshot,Ja Morant,D109,E109,F109,
59a6a80ce913c1ee51e35c213b85ca13bb78380df68a73fa1ceb164b84c647a6,2020-21,6,Alvin,3,Isaiah Stewart,isaiahstewart,final,13,0,0,final_snapshot,Isaiah Stewart,D110,E110,F110,
59a6a80ce913c1ee51e35c213b85ca13bb78380df68a73fa1ceb164b84c647a6,2020-21,6,Alvin,3,D'Angelo Russell,dangelorussell,final,14,31,1,final_snapshot,D'Angelo Russell,D111,E111,F111,
59a6a80ce913c1ee51e35c213b85ca13bb78380df68a73fa1ceb164b84c647a6,2020-21,6,Alvin,3,DeMar DeRozan,demarderozan,final,15,31,1,final_snapshot,DeMar DeRozan,D112,E112,F112,FA-1 Jason
59a6a80ce913c1ee51e35c213b85ca13bb78380df68a73fa1ceb164b84c647a6,2020-21,6,Alvin,3,Jusuf Nurkic,jusufnurkic,final,16,39,1,final_snapshot,Jusuf Nurkic,D113,E113,F113,
59a6a80ce913c1ee51e35c213b85ca13bb78380df68a73fa1ceb164b84c647a6,2020-21,6,Arthur,5,Damian Lillard,damianlillard,final,1,48,2,final_snapshot,Damian Lillard,D98,E98,F98,11.5 Ian
59a6a80ce913c1ee51e35c213b85ca13bb78380df68a73fa1ceb164b84c647a6,2020-21,6,Arthur,5,Joel Embiid,joelembiid,final,2,36,5,final_snapshot,Joel Embiid,D99,E99,F99,11.2 John
59a6a80ce913c1ee51e35c213b85ca13bb78380df68a73fa1ceb164b84c647a6,2020-21,6,Arthur,5,Devin Booker,devinbooker,final,3,24,1,final_snapshot,Devin Booker,D100,E100,F100,11.4 Alvin
59a6a80ce913c1ee51e35c213b85ca13bb78380df68a73fa1ceb164b84c647a6,2020-21,6,Arthur,5,Nikola Jokic,nikolajokic,final,4,50,1,final_snapshot,Nikola Jokic,D101,E101,F101,11.1 Ian
59a6a80ce913c1ee51e35c213b85ca13bb78380df68a73fa1ceb164b84c647a6,2020-21,6,Arthur,5,Trae Young,traeyoung,final,5,10,1,final_snapshot,Trae Young,D102,E102,F102,11.3 Jason
59a6a80ce913c1ee51e35c213b85ca13bb78380df68a73fa1ceb164b84c647a6,2020-21,6,Arthur,5,Rudy Gobert,rudygobert,final,6,33,1,final_snapshot,Rudy Gobert,D103,E103,F103,
59a6a80ce913c1ee51e35c213b85ca13bb78380df68a73fa1ceb164b84c647a6,2020-21,6,Arthur,5,Russell Westbrook,russellwestbrook,final,7,33,1,final_snapshot,Russell Westbrook,D104,E104,F104,11.6 Alvin
59a6a80ce913c1ee51e35c213b85ca13bb78380df68a73fa1ceb164b84c647a6,2020-21,6,Arthur,5,LeBron James,lebronjames,final,8,49,1,final_snapshot,LeBron James,D105,E105,F105,
59a6a80ce913c1ee51e35c213b85ca13bb78380df68a73fa1ceb164b84c647a6,2020-21,6,Arthur,5,Harrison Barnes,harrisonbarnes,final,9,5,1,final_snapshot,Harrison Barnes,D106,E106,F106,
59a6a80ce913c1ee51e35c213b85ca13bb78380df68a73fa1ceb164b84c647a6,2020-21,6,Arthur,5,Gordon Hayward,gordonhayward,final,10,24,1,final_snapshot,Gordon Hayward,D107,E107,F107,
59a6a80ce913c1ee51e35c213b85ca13bb78380df68a73fa1ceb164b84c647a6,2020-21,6,Arthur,5,Jarrett Allen,jarrettallen,final,11,14,1,final_snapshot,Jarrett Allen,D108,E108,F108,
59a6a80ce913c1ee51e35c213b85ca13bb78380df68a73fa1ceb164b84c647a6,2020-21,6,Arthur,5,Caris LeVert,carislevert,final,12,4,1,final_snapshot,Caris LeVert,D109,E109,F109,
59a6a80ce913c1ee51e35c213b85ca13bb78380df68a73fa1ceb164b84c647a6,2020-21,6,Arthur,5,Luguentz Dort,luguentzdort,final,13,1,1,final_snapshot,Luguentz Dort,D110,E110,F110,
59a6a80ce913c1ee51e35c213b85ca13bb78380df68a73fa1ceb164b84c647a6,2020-21,6,Arthur,5,Robert Williams III,robertwilliamsiii,final,14,5,1,final_snapshot,Robert Williams,D111,E111,F111,FA-1 Jason
59a6a80ce913c1ee51e35c213b85ca13bb78380df68a73fa1ceb164b84c647a6,2020-21,6,Arthur,5,Bogdan Bogdanovic,bogdanbogdanovic,final,15,10,1,final_snapshot,Bogdan Bogdanovic,D112,E112,F112,
59a6a80ce913c1ee51e35c213b85ca13bb78380df68a73fa1ceb164b84c647a6,2020-21,6,Arthur,5,Daniel Gafford,danielgafford,final,16,0,0,final_snapshot,Daniel Gafford,D113,E113,F113,
59a6a80ce913c1ee51e35c213b85ca13bb78380df68a73fa1ceb164b84c647a6,2020-21,6,Arthur,5,De'Andre Hunter,deandrehunter,final,17,1,1,final_snapshot,De'Andre Hunter,D114,E114,F114,
59a6a80ce913c1ee51e35c213b85ca13bb78380df68a73fa1ceb164b84c647a6,2020-21,6,Benji,11,Russell Westbrook,russellwestbrook,final,1,33,2,final_snapshot,Russell Westbrook,D93,E93,F93,5.8 Josh
59a6a80ce913c1ee51e35c213b85ca13bb78380df68a73fa1ceb164b84c647a6,2020-21,6,Benji,11,Jayson Tatum,jaysontatum,final,2,15,4,final_snapshot,Jayson Tatum,D94,E94,F94,5.2 Alvin
59a6a80ce913c1ee51e35c213b85ca13bb78380df68a73fa1ceb164b84c647a6,2020-21,6,Benji,11,Rudy Gobert,rudygobert,final,3,33,1,final_snapshot,Rudy Gobert,D95,E95,F95,5.4 Arthur
59a6a80ce913c1ee51e35c213b85ca13bb78380df68a73fa1ceb164b84c647a6,2020-21,6,Benji,11,Andre Drummond,andredrummond,final,4,22,1,final_snapshot,Andre Drummond,D96,E96,F96,5.6 Brent
59a6a80ce913c1ee51e35c213b85ca13bb78380df68a73fa1ceb164b84c647a6,2020-21,6,Benji,11,CJ McCollum,cjmccollum,final,5,21,1,final_snapshot,CJ McCollum,D97,E97,F97,5.10 Brent
59a6a80ce913c1ee51e35c213b85ca13bb78380df68a73fa1ceb164b84c647a6,2020-21,6,Benji,11,Devonte' Graham,devontegraham,final,6,16,1,final_snapshot,Devonte' Graham,D98,E98,F98,
59a6a80ce913c1ee51e35c213b85ca13bb78380df68a73fa1ceb164b84c647a6,2020-21,6,Benji,11,Davis Bertans,davisbertans,final,7,15,1,final_snapshot,Davis Bertans,D99,E99,F99,FA-1 Peter
59a6a80ce913c1ee51e35c213b85ca13bb78380df68a73fa1ceb164b84c647a6,2020-21,6,Benji,11,Bojan Bogdanovic,bojanbogdanovic,final,8,21,1,final_snapshot,Bojan Bogdanovic,D100,E100,F100,5.11 Arthur
59a6a80ce913c1ee51e35c213b85ca13bb78380df68a73fa1ceb164b84c647a6,2020-21,6,Benji,11,Darius Garland,dariusgarland,final,9,3,1,final_snapshot,Darius Garland,D101,E101,F101,5.9 Arthur
59a6a80ce913c1ee51e35c213b85ca13bb78380df68a73fa1ceb164b84c647a6,2020-21,6,Benji,11,Rudy Gay,rudygay,final,10,1,1,final_snapshot,Rudy Gay,D102,E102,F102,
59a6a80ce913c1ee51e35c213b85ca13bb78380df68a73fa1ceb164b84c647a6,2020-21,6,Benji,11,Ivica Zubac,ivicazubac,final,11,4,1,final_snapshot,Ivica Zubac,D103,E103,F103,
59a6a80ce913c1ee51e35c213b85ca13bb78380df68a73fa1ceb164b84c647a6,2020-21,6,Benji,11,DeAndre Jordan,deandrejordan,final,12,5,1,final_snapshot,DeAndre Jordan,D104,E104,F104,5.7 Darren
59a6a80ce913c1ee51e35c213b85ca13bb78380df68a73fa1ceb164b84c647a6,2020-21,6,Benji,11,Shake Milton,shakemilton,final,13,3,1,final_snapshot,Shake Milton,D105,E105,F105,
59a6a80ce913c1ee51e35c213b85ca13bb78380df68a73fa1ceb164b84c647a6,2020-21,6,Benji,11,Jordan Clarkson,jordanclarkson,final,14,3,1,final_snapshot,Jordan Clarkson,D106,E106,F106,5.5 Peter
59a6a80ce913c1ee51e35c213b85ca13bb78380df68a73fa1ceb164b84c647a6,2020-21,6,Benji,11,Kawhi Leonard,kawhileonard,final,15,54,1,final_snapshot,Kawhi Leonard,D107,E107,F107,5.1 Josh
59a6a80ce913c1ee51e35c213b85ca13bb78380df68a73fa1ceb164b84c647a6,2020-21,6,Benji,11,Malcolm Brogdon,malcolmbrogdon,final,16,27,1,final_snapshot,Malcolm Brogdon,D108,E108,F108,5.3 Graham
59a6a80ce913c1ee51e35c213b85ca13bb78380df68a73fa1ceb164b84c647a6,2020-21,6,Brent,9,Kyrie Irving,kyrieirving,final,1,37,4,final_snapshot,Kyrie Irving,D98,E98,F98,7.2 Jason
59a6a80ce913c1ee51e35c213b85ca13bb78380df68a73fa1ceb164b84c647a6,2020-21,6,Brent,9,Zion Williamson,zionwilliamson,final,2,33,2,final_snapshot,Zion Williamson,D99,E99,F99,7.4 Ian
59a6a80ce913c1ee51e35c213b85ca13bb78380df68a73fa1ceb164b84c647a6,2020-21,6,Brent,9,LeBron James,lebronjames,final,3,49,1,final_snapshot,LeBron James,D100,E100,F100,7.1 Peter
59a6a80ce913c1ee51e35c213b85ca13bb78380df68a73fa1ceb164b84c647a6,2020-21,6,Brent,9,John Wall,johnwall,final,4,25,1,final_snapshot,John Wall,D101,E101,F101,
59a6a80ce913c1ee51e35c213b85ca13bb78380df68a73fa1ceb164b84c647a6,2020-21,6,Brent,9,Gordon Hayward,gordonhayward,final,5,24,1,final_snapshot,Gordon Hayward,D102,E102,F102,7.6 Graham
59a6a80ce913c1ee51e35c213b85ca13bb78380df68a73fa1ceb164b84c647a6,2020-21,6,Brent,9,Nicolas Batum,nicolasbatum,final,6,0,0,final_snapshot,Nicolas Batum,D103,E103,F103,
59a6a80ce913c1ee51e35c213b85ca13bb78380df68a73fa1ceb164b84c647a6,2020-21,6,Brent,9,Richaun Holmes,richaunholmes,final,7,12,1,final_snapshot,Richaun Holmes,D104,E104,F104,7.5 Alvin
59a6a80ce913c1ee51e35c213b85ca13bb78380df68a73fa1ceb164b84c647a6,2020-21,6,Brent,9,Kyle Anderson,kyleanderson,final,8,0,0,final_snapshot,Kyle Anderson,D105,E105,F105,
59a6a80ce913c1ee51e35c213b85ca13bb78380df68a73fa1ceb164b84c647a6,2020-21,6,Brent,9,Danny Green,dannygreen,final,9,1,1,final_snapshot,Danny Green,D106,E106,F106,
59a6a80ce913c1ee51e35c213b85ca13bb78380df68a73fa1ceb164b84c647a6,2020-21,6,Brent,9,Royce O'Neale,royceoneale,final,10,0,0,final_snapshot,Royce O'Neale,D107,E107,F107,
59a6a80ce913c1ee51e35c213b85ca13bb78380df68a73fa1ceb164b84c647a6,2020-21,6,Brent,9,Tyrese Haliburton,tyresehaliburton,final,11,2,1,final_snapshot,Tyrese Haliburton,D108,E108,F108,7.9 John
59a6a80ce913c1ee51e35c213b85ca13bb78380df68a73fa1ceb164b84c647a6,2020-21,6,Brent,9,Kevin Porter Jr.,kevinporterjr,final,12,1,1,final_snapshot,Kevin Porter Jr.,D109,E109,F109,FA-1 Arthur
59a6a80ce913c1ee51e35c213b85ca13bb78380df68a73fa1ceb164b84c647a6,2020-21,6,Brent,9,Robert Williams III,robertwilliamsiii,final,13,5,1,final_snapshot,Robert Williams,D110,E110,F110,7.8 Peter
59a6a80ce913c1ee51e35c213b85ca13bb78380df68a73fa1ceb164b84c647a6,2020-21,6,Brent,9,Andre Drummond,andredrummond,final,14,22,1,final_snapshot,Andre Drummond,D111,E111,F111,
59a6a80ce913c1ee51e35c213b85ca13bb78380df68a73fa1ceb164b84c647a6,2020-21,6,Brent,9,Fred VanVleet,fredvanvleet,final,15,29,1,final_snapshot,Fred VanVleet,D112,E112,F112,7.3 John
59a6a80ce913c1ee51e35c213b85ca13bb78380df68a73fa1ceb164b84c647a6,2020-21,6,Brent,9,CJ McCollum,cjmccollum,final,16,21,1,final_snapshot,CJ McCollum,D113,E113,F113,7.7 Darren
59a6a80ce913c1ee51e35c213b85ca13bb78380df68a73fa1ceb164b84c647a6,2020-21,6,Brent,9,Russell Westbrook,russellwestbrook,final,17,33,1,final_snapshot,Russell Westbrook,D114,E114,F114,7.10 Darren
59a6a80ce913c1ee51e35c213b85ca13bb78380df68a73fa1ceb164b84c647a6,2020-21,6,Darren,8,Shai Gilgeous-Alexander,shaigilgeousalexander,final,1,29,2,final_snapshot,Shai Gilgeous-Alexander,D98,E98,F98,8.1 Arthur
59a6a80ce913c1ee51e35c213b85ca13bb78380df68a73fa1ceb164b84c647a6,2020-21,6,Darren,8,Jae'Sean Tate,jaeseantate,final,2,0,0,final_snapshot,Ja'Seon Tate,D99,E99,F99,
59a6a80ce913c1ee51e35c213b85ca13bb78380df68a73fa1ceb164b84c647a6,2020-21,6,Darren,8,De'Aaron Fox,deaaronfox,final,3,21,1,final_snapshot,De'Aaron Fox,D100,E100,F100,8.3 Peter
59a6a80ce913c1ee51e35c213b85ca13bb78380df68a73fa1ceb164b84c647a6,2020-21,6,Darren,8,Lonzo Ball,lonzoball,final,4,20,1,final_snapshot,Lonzo Ball,D101,E101,F101,8.6 Peter
59a6a80ce913c1ee51e35c213b85ca13bb78380df68a73fa1ceb164b84c647a6,2020-21,6,Darren,8,Ben Simmons,bensimmons,final,5,31,1,final_snapshot,Ben Simmons,D102,E102,F102,FA-1 Arthur
59a6a80ce913c1ee51e35c213b85ca13bb78380df68a73fa1ceb164b84c647a6,2020-21,6,Darren,8,Collin Sexton,collinsexton,final,6,16,1,final_snapshot,Collin Sexton,D103,E103,F103,8.5 Ian
59a6a80ce913c1ee51e35c213b85ca13bb78380df68a73fa1ceb164b84c647a6,2020-21,6,Darren,8,Jonas Valanciunas,jonasvalanciunas,final,7,26,1,final_snapshot,Jonas Valanciunas,D104,E104,F104,8.2 Ian
59a6a80ce913c1ee51e35c213b85ca13bb78380df68a73fa1ceb164b84c647a6,2020-21,6,Darren,8,Al Horford,alhorford,final,8,15,1,final_snapshot,Al Horford,D105,E105,F105,
59a6a80ce913c1ee51e35c213b85ca13bb78380df68a73fa1ceb164b84c647a6,2020-21,6,Darren,8,Isaiah Roby,isaiahroby,final,9,0,0,final_snapshot,Isaiah Roby,D106,E106,F106,
59a6a80ce913c1ee51e35c213b85ca13bb78380df68a73fa1ceb164b84c647a6,2020-21,6,Darren,8,Mason Plumlee,masonplumlee,final,10,2,1,final_snapshot,Mason Plumlee,D107,E107,F107,
59a6a80ce913c1ee51e35c213b85ca13bb78380df68a73fa1ceb164b84c647a6,2020-21,6,Darren,8,Dwight Howard,dwighthoward,final,11,1,1,final_snapshot,Dwight Howard,D108,E108,F108,
59a6a80ce913c1ee51e35c213b85ca13bb78380df68a73fa1ceb164b84c647a6,2020-21,6,Darren,8,CJ McCollum,cjmccollum,final,12,21,1,final_snapshot,CJ McCollum,D109,E109,F109,8.4 John
59a6a80ce913c1ee51e35c213b85ca13bb78380df68a73fa1ceb164b84c647a6,2020-21,6,Darren,8,Marvin Bagley III,marvinbagleyiii,final,13,7,1,final_snapshot,Marvin Bagley III,D110,E110,F110,
59a6a80ce913c1ee51e35c213b85ca13bb78380df68a73fa1ceb164b84c647a6,2020-21,6,Darren,8,Keldon Johnson,keldonjohnson,final,14,1,1,final_snapshot,Keldon Johnson,D111,E111,F111,
59a6a80ce913c1ee51e35c213b85ca13bb78380df68a73fa1ceb164b84c647a6,2020-21,6,Darren,8,Tomas Satoransky,tomassatoransky,final,15,5,1,final_snapshot,Tomas Satoransky,D112,E112,F112,
59a6a80ce913c1ee51e35c213b85ca13bb78380df68a73fa1ceb164b84c647a6,2020-21,6,Darren,8,Nic Claxton,nicclaxton,final,16,0,0,final_snapshot,Nicolas Claxton,D113,E113,F113,
59a6a80ce913c1ee51e35c213b85ca13bb78380df68a73fa1ceb164b84c647a6,2020-21,6,Graham,7,Giannis Antetokounmpo,giannisantetokounmpo,final,1,33,2,final_snapshot,Giannis Antetokounmpo,D96,E96,F96,9.2 Alvin
59a6a80ce913c1ee51e35c213b85ca13bb78380df68a73fa1ceb164b84c647a6,2020-21,6,Graham,7,Jamal Murray,jamalmurray,final,2,19,1,final_snapshot,Jamal Murray,D97,E97,F97,9.5 Peter
59a6a80ce913c1ee51e35c213b85ca13bb78380df68a73fa1ceb164b84c647a6,2020-21,6,Graham,7,Bradley Beal,bradleybeal,final,3,44,1,final_snapshot,Bradley Beal,D98,E98,F98,9.1 Jason
59a6a80ce913c1ee51e35c213b85ca13bb78380df68a73fa1ceb164b84c647a6,2020-21,6,Graham,7,Kristaps Porzingis,kristapsporzingis,final,4,21,1,final_snapshot,Kristaps Porzingis,D99,E99,F99,9.3 John
59a6a80ce913c1ee51e35c213b85ca13bb78380df68a73fa1ceb164b84c647a6,2020-21,6,Graham,7,Robert Covington,robertcovington,final,5,20,1,final_snapshot,Robert Covington,D100,E100,F100,9.7 Peter
59a6a80ce913c1ee51e35c213b85ca13bb78380df68a73fa1ceb164b84c647a6,2020-21,6,Graham,7,Jaylen Brown,jaylenbrown,final,6,18,1,final_snapshot,Jaylen Brown,D101,E101,F101,9.6 John
59a6a80ce913c1ee51e35c213b85ca13bb78380df68a73fa1ceb164b84c647a6,2020-21,6,Graham,7,Danilo Gallinari,danilogallinari,final,7,13,1,final_snapshot,Danilo Gallinari,D102,E102,F102,
59a6a80ce913c1ee51e35c213b85ca13bb78380df68a73fa1ceb164b84c647a6,2020-21,6,Graham,7,Mike Conley,mikeconley,final,8,7,1,final_snapshot,Mike Conley,D103,E103,F103,
59a6a80ce913c1ee51e35c213b85ca13bb78380df68a73fa1ceb164b84c647a6,2020-21,6,Graham,7,Ivica Zubac,ivicazubac,final,9,4,1,final_snapshot,Ivica Zubac,D104,E104,F104,
59a6a80ce913c1ee51e35c213b85ca13bb78380df68a73fa1ceb164b84c647a6,2020-21,6,Graham,7,Miles Bridges,milesbridges,final,10,2,1,final_snapshot,Miles Bridges,D105,E105,F105,FA-2 Arthur
59a6a80ce913c1ee51e35c213b85ca13bb78380df68a73fa1ceb164b84c647a6,2020-21,6,Graham,7,Darius Garland,dariusgarland,final,11,3,1,final_snapshot,Darius Garland,D106,E106,F106,
59a6a80ce913c1ee51e35c213b85ca13bb78380df68a73fa1ceb164b84c647a6,2020-21,6,Graham,7,Malcolm Brogdon,malcolmbrogdon,final,12,27,1,final_snapshot,Malcolm Brogdon,D107,E107,F107,9.4 Ian
59a6a80ce913c1ee51e35c213b85ca13bb78380df68a73fa1ceb164b84c647a6,2020-21,6,Graham,7,Ja Morant,jamorant,final,13,22,1,final_snapshot,Ja Morant,D108,E108,F108,FA-3 Alvin
59a6a80ce913c1ee51e35c213b85ca13bb78380df68a73fa1ceb164b84c647a6,2020-21,6,Graham,7,Marcus Smart,marcussmart,final,14,16,1,final_snapshot,Marcus Smart,D109,E109,F109,
59a6a80ce913c1ee51e35c213b85ca13bb78380df68a73fa1ceb164b84c647a6,2020-21,6,Graham,7,Gordon Hayward,gordonhayward,final,15,24,1,final_snapshot,Gordon Hayward,D110,E110,F110,FA-1 Arthur
59a6a80ce913c1ee51e35c213b85ca13bb78380df68a73fa1ceb164b84c647a6,2020-21,6,Ian,2,Bam Adebayo,bamadebayo,final,1,31,2,final_snapshot,Bam Adebayo,D96,E96,F96,
59a6a80ce913c1ee51e35c213b85ca13bb78380df68a73fa1ceb164b84c647a6,2020-21,6,Ian,2,Zach LaVine,zachlavine,final,2,22,3,final_snapshot,Zach LaVine,D97,E97,F97,
59a6a80ce913c1ee51e35c213b85ca13bb78380df68a73fa1ceb164b84c647a6,2020-21,6,Ian,2,John Collins,johncollins,final,3,21,1,final_snapshot,John Collins,D98,E98,F98,
59a6a80ce913c1ee51e35c213b85ca13bb78380df68a73fa1ceb164b84c647a6,2020-21,6,Ian,2,Jonas Valanciunas,jonasvalanciunas,final,4,26,1,final_snapshot,Jonas Valanciunas,D99,E99,F99,
59a6a80ce913c1ee51e35c213b85ca13bb78380df68a73fa1ceb164b84c647a6,2020-21,6,Ian,2,Jerami Grant,jeramigrant,final,5,19,1,final_snapshot,Jerami Grant,D100,E100,F100,
59a6a80ce913c1ee51e35c213b85ca13bb78380df68a73fa1ceb164b84c647a6,2020-21,6,Ian,2,Caris LeVert,carislevert,final,6,4,1,final_snapshot,Caris LeVert,D101,E101,F101,
59a6a80ce913c1ee51e35c213b85ca13bb78380df68a73fa1ceb164b84c647a6,2020-21,6,Ian,2,Collin Sexton,collinsexton,final,7,16,1,final_snapshot,Collin Sexton,D102,E102,F102,
59a6a80ce913c1ee51e35c213b85ca13bb78380df68a73fa1ceb164b84c647a6,2020-21,6,Ian,2,Devin Booker,devinbooker,final,8,34,1,final_snapshot,Devin Booker,D103,E103,F103,
59a6a80ce913c1ee51e35c213b85ca13bb78380df68a73fa1ceb164b84c647a6,2020-21,6,Ian,2,Ja Morant,jamorant,final,9,22,1,final_snapshot,Ja Morant,D104,E104,F104,
59a6a80ce913c1ee51e35c213b85ca13bb78380df68a73fa1ceb164b84c647a6,2020-21,6,Ian,2,DeMar DeRozan,demarderozan,final,10,31,1,final_snapshot,DeMar DeRozan,D105,E105,F105,
59a6a80ce913c1ee51e35c213b85ca13bb78380df68a73fa1ceb164b84c647a6,2020-21,6,Ian,2,Julius Randle,juliusrandle,final,11,13,1,final_snapshot,Julius Randle,D106,E106,F106,
59a6a80ce913c1ee51e35c213b85ca13bb78380df68a73fa1ceb164b84c647a6,2020-21,6,Ian,2,Jimmy Butler,jimmybutler,final,12,53,1,final_snapshot,Jimmy Butler,D107,E107,F107,
59a6a80ce913c1ee51e35c213b85ca13bb78380df68a73fa1ceb164b84c647a6,2020-21,6,Ian,2,Buddy Hield,buddyhield,final,13,25,1,final_snapshot,Buddy Hield,D108,E108,F108,
59a6a80ce913c1ee51e35c213b85ca13bb78380df68a73fa1ceb164b84c647a6,2020-21,6,Ian,2,Chris Paul,chrispaul,final,14,32,1,final_snapshot,Chris Paul,D109,E109,F109,
59a6a80ce913c1ee51e35c213b85ca13bb78380df68a73fa1ceb164b84c647a6,2020-21,6,Ian,2,Jrue Holiday,jrueholiday,final,15,22,1,final_snapshot,Jrue Holiday,D110,E110,F110,
59a6a80ce913c1ee51e35c213b85ca13bb78380df68a73fa1ceb164b84c647a6,2020-21,6,Ian,2,Damian Lillard,damianlillard,final,16,48,1,final_snapshot,Damian Lillard,D111,E111,F111,
59a6a80ce913c1ee51e35c213b85ca13bb78380df68a73fa1ceb164b84c647a6,2020-21,6,Isaac,4,CJ McCollum,cjmccollum,final,1,21,1,final_snapshot,CJ McCollum,D96,E96,F96,
59a6a80ce913c1ee51e35c213b85ca13bb78380df68a73fa1ceb164b84c647a6,2020-21,6,Isaac,4,Brandon Ingram,brandoningram,final,2,11,2,final_snapshot,Brandon Ingram,D97,E97,F97,12.4 Jason
59a6a80ce913c1ee51e35c213b85ca13bb78380df68a73fa1ceb164b84c647a6,2020-21,6,Isaac,4,Jrue Holiday,jrueholiday,final,3,22,1,final_snapshot,Jrue Holiday,D98,E98,F98,12.5 Ian
59a6a80ce913c1ee51e35c213b85ca13bb78380df68a73fa1ceb164b84c647a6,2020-21,6,Isaac,4,Chris Paul,chrispaul,final,4,32,1,final_snapshot,Chris Paul,D99,E99,F99,12.2 Ian
59a6a80ce913c1ee51e35c213b85ca13bb78380df68a73fa1ceb164b84c647a6,2020-21,6,Isaac,4,Kawhi Leonard,kawhileonard,final,5,54,1,final_snapshot,Kawhi Leonard,D100,E100,F100,12.7 Jason
59a6a80ce913c1ee51e35c213b85ca13bb78380df68a73fa1ceb164b84c647a6,2020-21,6,Isaac,4,Rudy Gobert,rudygobert,final,6,33,1,final_snapshot,Rudy Gobert,D101,E101,F101,
59a6a80ce913c1ee51e35c213b85ca13bb78380df68a73fa1ceb164b84c647a6,2020-21,6,Isaac,4,Clint Capela,clintcapela,final,7,16,1,final_snapshot,Clint Capela,D102,E102,F102,
59a6a80ce913c1ee51e35c213b85ca13bb78380df68a73fa1ceb164b84c647a6,2020-21,6,Isaac,4,Jaylen Brown,jaylenbrown,final,8,18,1,final_snapshot,Jaylen Brown,D103,E103,F103,FA-1 Jason
59a6a80ce913c1ee51e35c213b85ca13bb78380df68a73fa1ceb164b84c647a6,2020-21,6,Isaac,4,Fred VanVleet,fredvanvleet,final,9,29,1,final_snapshot,Fred VanVleet,D104,E104,F104,
59a6a80ce913c1ee51e35c213b85ca13bb78380df68a73fa1ceb164b84c647a6,2020-21,6,Isaac,4,Joel Embiid,joelembiid,final,10,36,1,final_snapshot,Joel Embiid,D105,E105,F105,12.1 Jason
59a6a80ce913c1ee51e35c213b85ca13bb78380df68a73fa1ceb164b84c647a6,2020-21,6,Isaac,4,DeMar DeRozan,demarderozan,final,11,31,1,final_snapshot,DeMar DeRozan,D106,E106,F106,12.6 Alvin
59a6a80ce913c1ee51e35c213b85ca13bb78380df68a73fa1ceb164b84c647a6,2020-21,6,Isaac,4,Pascal Siakam,pascalsiakam,final,12,10,1,final_snapshot,Pascal Siakam,D107,E107,F107,12.3 Alvin
59a6a80ce913c1ee51e35c213b85ca13bb78380df68a73fa1ceb164b84c647a6,2020-21,6,Isaac,4,Michael Porter Jr.,michaelporterjr,final,13,24,1,final_snapshot,Michael Porter Jr.,D108,E108,F108,12.8 Jason
59a6a80ce913c1ee51e35c213b85ca13bb78380df68a73fa1ceb164b84c647a6,2020-21,6,Isaac,4,Kyle Lowry,kylelowry,final,14,29,1,final_snapshot,Kyle Lowry,D109,E109,F109,
59a6a80ce913c1ee51e35c213b85ca13bb78380df68a73fa1ceb164b84c647a6,2020-21,6,Isaac,4,Caris LeVert,carislevert,final,15,4,1,final_snapshot,Caris LeVert,D110,E110,F110,
59a6a80ce913c1ee51e35c213b85ca13bb78380df68a73fa1ceb164b84c647a6,2020-21,6,Isaac,4,Kevin Porter Jr.,kevinporterjr,final,16,1,1,final_snapshot,Kevin Porter Jr.,D111,E111,F111,
59a6a80ce913c1ee51e35c213b85ca13bb78380df68a73fa1ceb164b84c647a6,2020-21,6,Isaac,4,Klay Thompson,klaythompson,final,17,9,1,final_snapshot,Klay Thompson,D112,E112,F112,
59a6a80ce913c1ee51e35c213b85ca13bb78380df68a73fa1ceb164b84c647a6,2020-21,6,Jason,1,Anthony Davis,anthonydavis,final,1,59,1,final_snapshot,Anthony Davis,D97,E97,F97,
59a6a80ce913c1ee51e35c213b85ca13bb78380df68a73fa1ceb164b84c647a6,2020-21,6,Jason,1,Luka Doncic,lukadoncic,final,2,32,3,final_snapshot,Luka Doncic,D98,E98,F98,
59a6a80ce913c1ee51e35c213b85ca13bb78380df68a73fa1ceb164b84c647a6,2020-21,6,Jason,1,Khris Middleton,khrismiddleton,final,3,37,1,final_snapshot,Khris Middleton,D99,E99,F99,
59a6a80ce913c1ee51e35c213b85ca13bb78380df68a73fa1ceb164b84c647a6,2020-21,6,Jason,1,Domantas Sabonis,domantassabonis,final,4,30,1,final_snapshot,Domantas Sabonis,D100,E100,F100,
59a6a80ce913c1ee51e35c213b85ca13bb78380df68a73fa1ceb164b84c647a6,2020-21,6,Jason,1,Kevin Durant,kevindurant,final,5,19,1,final_snapshot,Kevin Durant,D101,E101,F101,
59a6a80ce913c1ee51e35c213b85ca13bb78380df68a73fa1ceb164b84c647a6,2020-21,6,Jason,1,Michael Porter Jr.,michaelporterjr,final,6,24,1,final_snapshot,Michael Porter Jr.,D102,E102,F102,
59a6a80ce913c1ee51e35c213b85ca13bb78380df68a73fa1ceb164b84c647a6,2020-21,6,Jason,1,Anthony Edwards,anthonyedwards,final,7,10,1,final_snapshot,Anthony Edwards,D103,E103,F103,
59a6a80ce913c1ee51e35c213b85ca13bb78380df68a73fa1ceb164b84c647a6,2020-21,6,Jason,1,Karl-Anthony Towns,karlanthonytowns,final,8,55,1,final_snapshot,Karl-Anthony Towns,D104,E104,F104,
59a6a80ce913c1ee51e35c213b85ca13bb78380df68a73fa1ceb164b84c647a6,2020-21,6,Jason,1,Kawhi Leonard,kawhileonard,final,9,54,1,final_snapshot,Kawhi Leonard,D105,E105,F105,
59a6a80ce913c1ee51e35c213b85ca13bb78380df68a73fa1ceb164b84c647a6,2020-21,6,Jason,1,Joel Embiid,joelembiid,final,10,36,1,final_snapshot,Joel Embiid,D106,E106,F106,
59a6a80ce913c1ee51e35c213b85ca13bb78380df68a73fa1ceb164b84c647a6,2020-21,6,Jason,1,Trae Young,traeyoung,final,11,10,1,final_snapshot,Trae Young,D107,E107,F107,
59a6a80ce913c1ee51e35c213b85ca13bb78380df68a73fa1ceb164b84c647a6,2020-21,6,Jason,1,Kyrie Irving,kyrieirving,final,12,37,1,final_snapshot,Kyrie Irving,D108,E108,F108,
59a6a80ce913c1ee51e35c213b85ca13bb78380df68a73fa1ceb164b84c647a6,2020-21,6,Jason,1,Bradley Beal,bradleybeal,final,13,44,1,final_snapshot,Bradley Beal,D109,E109,F109,
59a6a80ce913c1ee51e35c213b85ca13bb78380df68a73fa1ceb164b84c647a6,2020-21,6,Jason,1,Nikola Vucevic,nikolavucevic,final,14,37,1,final_snapshot,Nikola Vucevic,D110,E110,F110,
59a6a80ce913c1ee51e35c213b85ca13bb78380df68a73fa1ceb164b84c647a6,2020-21,6,Jason,1,Stephen Curry,stephencurry,final,15,71,1,final_snapshot,Stephen Curry,D111,E111,F111,
59a6a80ce913c1ee51e35c213b85ca13bb78380df68a73fa1ceb164b84c647a6,2020-21,6,Joe,13,Ja Morant,jamorant,final,1,22,2,final_snapshot,Ja Morant,D97,E97,F97,3.4 Graham
59a6a80ce913c1ee51e35c213b85ca13bb78380df68a73fa1ceb164b84c647a6,2020-21,6,Joe,13,Dennis Schroder,dennisschroder,final,2,6,2,final_snapshot,Dennis Schroder,D98,E98,F98,FA-3 John
59a6a80ce913c1ee51e35c213b85ca13bb78380df68a73fa1ceb164b84c647a6,2020-21,6,Joe,13,Paul George,paulgeorge,final,3,54,1,final_snapshot,Paul George,D99,E99,F99,3.1 Josh
59a6a80ce913c1ee51e35c213b85ca13bb78380df68a73fa1ceb164b84c647a6,2020-21,6,Joe,13,Nikola Vucevic,nikolavucevic,final,4,37,1,final_snapshot,Nikola Vucevic,D100,E100,F100,3.2 Alvin
59a6a80ce913c1ee51e35c213b85ca13bb78380df68a73fa1ceb164b84c647a6,2020-21,6,Joe,13,Lauri Markkanen,laurimarkkanen,final,5,12,1,final_snapshot,Lauri Markkanen,D101,E101,F101,3.3 Kerry
59a6a80ce913c1ee51e35c213b85ca13bb78380df68a73fa1ceb164b84c647a6,2020-21,6,Joe,13,Mikal Bridges,mikalbridges,final,6,25,1,final_snapshot,Mikal Bridges,D102,E102,F102,3.6 John
59a6a80ce913c1ee51e35c213b85ca13bb78380df68a73fa1ceb164b84c647a6,2020-21,6,Joe,13,Marvin Bagley III,marvinbagleyiii,final,7,7,1,final_snapshot,Marvin Bagley III,D103,E103,F103,
59a6a80ce913c1ee51e35c213b85ca13bb78380df68a73fa1ceb164b84c647a6,2020-21,6,Joe,13,Joe Ingles,joeingles,final,8,4,1,final_snapshot,Joe Ingles,D104,E104,F104,FA-1 Kerry
59a6a80ce913c1ee51e35c213b85ca13bb78380df68a73fa1ceb164b84c647a6,2020-21,6,Joe,13,Norman Powell,normanpowell,final,9,13,1,final_snapshot,Norman Powell,D105,E105,F105,FA-2 Arthur
59a6a80ce913c1ee51e35c213b85ca13bb78380df68a73fa1ceb164b84c647a6,2020-21,6,Joe,13,George Hill,georgehill,final,10,4,1,final_snapshot,George Hill,D106,E106,F106,
59a6a80ce913c1ee51e35c213b85ca13bb78380df68a73fa1ceb164b84c647a6,2020-21,6,Joe,13,Marc Gasol,marcgasol,final,11,3,1,final_snapshot,Marc Gasol,D107,E107,F107,
59a6a80ce913c1ee51e35c213b85ca13bb78380df68a73fa1ceb164b84c647a6,2020-21,6,Joe,13,Malik Beasley,malikbeasley,final,12,1,1,final_snapshot,Malik Beasley,D108,E108,F108,3.5 Peter
59a6a80ce913c1ee51e35c213b85ca13bb78380df68a73fa1ceb164b84c647a6,2020-21,6,Joe,13,Monte Morris,montemorris,final,13,0,0,final_snapshot,Monte Morris,D109,E109,F109,
59a6a80ce913c1ee51e35c213b85ca13bb78380df68a73fa1ceb164b84c647a6,2020-21,6,Joe,13,Rudy Gay,rudygay,final,14,1,1,final_snapshot,Rudy Gay,D110,E110,F110,
59a6a80ce913c1ee51e35c213b85ca13bb78380df68a73fa1ceb164b84c647a6,2020-21,6,Joe,13,Jeff Green,jeffgreen,final,15,1,1,final_snapshot,Jeff Green,D111,E111,F111,FA-5 Arthur
59a6a80ce913c1ee51e35c213b85ca13bb78380df68a73fa1ceb164b84c647a6,2020-21,6,Joe,13,Josh Richardson,joshrichardson,final,16,7,1,final_snapshot,Josh Richardson,D112,E112,F112,FA-4 John
59a6a80ce913c1ee51e35c213b85ca13bb78380df68a73fa1ceb164b84c647a6,2020-21,6,Joe,13,Dario Saric,dariosaric,final,17,1,1,final_snapshot,Dario Saric,D113,E113,F113,
59a6a80ce913c1ee51e35c213b85ca13bb78380df68a73fa1ceb164b84c647a6,2020-21,6,Kerry,12,John Collins,johncollins,final,1,21,3,final_snapshot,John Collins,D98,E98,F98,4.5 Ian
59a6a80ce913c1ee51e35c213b85ca13bb78380df68a73fa1ceb164b84c647a6,2020-21,6,Kerry,12,Trae Young,traeyoung,final,2,10,3,final_snapshot,Trae Young,D99,E99,F99,4.2 Arthur
59a6a80ce913c1ee51e35c213b85ca13bb78380df68a73fa1ceb164b84c647a6,2020-21,6,Kerry,12,Kemba Walker,kembawalker,final,3,11,1,final_snapshot,Kemba Walker,D100,E100,F100,4.10 Ian
59a6a80ce913c1ee51e35c213b85ca13bb78380df68a73fa1ceb164b84c647a6,2020-21,6,Kerry,12,Hassan Whiteside,hassanwhiteside,final,4,21,1,final_snapshot,Hassan Whiteside,D101,E101,F101,
59a6a80ce913c1ee51e35c213b85ca13bb78380df68a73fa1ceb164b84c647a6,2020-21,6,Kerry,12,Karl-Anthony Towns,karlanthonytowns,final,5,55,1,final_snapshot,Karl-Anthony Towns,D102,E102,F102,4.1 Jason
59a6a80ce913c1ee51e35c213b85ca13bb78380df68a73fa1ceb164b84c647a6,2020-21,6,Kerry,12,Gordon Hayward,gordonhayward,final,6,24,1,final_snapshot,Gordon Hayward,D103,E103,F103,4.3 Brent
59a6a80ce913c1ee51e35c213b85ca13bb78380df68a73fa1ceb164b84c647a6,2020-21,6,Kerry,12,Malcolm Brogdon,malcolmbrogdon,final,7,27,1,final_snapshot,Malcolm Brogdon,D104,E104,F104,4.4 Benji
59a6a80ce913c1ee51e35c213b85ca13bb78380df68a73fa1ceb164b84c647a6,2020-21,6,Kerry,12,Dejounte Murray,dejountemurray,final,8,21,1,final_snapshot,Dejounte Murray,D105,E105,F105,4.8 Arthur
59a6a80ce913c1ee51e35c213b85ca13bb78380df68a73fa1ceb164b84c647a6,2020-21,6,Kerry,12,Doug McDermott,dougmcdermott,final,9,5,1,final_snapshot,Doug McDermott,D106,E106,F106,FA-2 Jason
59a6a80ce913c1ee51e35c213b85ca13bb78380df68a73fa1ceb164b84c647a6,2020-21,6,Kerry,12,Jonas Valanciunas,jonasvalanciunas,final,10,27,1,final_snapshot,Jonas Valanciunas,D107,E107,F107,4.6 Darren
59a6a80ce913c1ee51e35c213b85ca13bb78380df68a73fa1ceb164b84c647a6,2020-21,6,Kerry,12,Patrick Williams,patrickwilliams,final,11,1,1,final_snapshot,Patrick Williams,D108,E108,F108,4.12 Ian
59a6a80ce913c1ee51e35c213b85ca13bb78380df68a73fa1ceb164b84c647a6,2020-21,6,Kerry,12,Lauri Markkanen,laurimarkkanen,final,12,12,1,final_snapshot,Lauri Markkanen,D109,E109,F109,4.7 Peter
59a6a80ce913c1ee51e35c213b85ca13bb78380df68a73fa1ceb164b84c647a6,2020-21,6,Kerry,12,DeAndre Jordan,deandrejordan,final,13,5,1,final_snapshot,DeAndre Jordan,D110,E110,F110,FA-1 Benji
59a6a80ce913c1ee51e35c213b85ca13bb78380df68a73fa1ceb164b84c647a6,2020-21,6,Kerry,12,Kyle Anderson,kyleanderson,final,14,0,0,final_snapshot,Kyle Anderson,D111,E111,F111,4.9 Brent
59a6a80ce913c1ee51e35c213b85ca13bb78380df68a73fa1ceb164b84c647a6,2020-21,6,Kerry,12,Joe Ingles,joeingles,final,15,4,1,final_snapshot,Joe Ingles,D112,E112,F112,4.11 Darren
59a6a80ce913c1ee51e35c213b85ca13bb78380df68a73fa1ceb164b84c647a6,2020-21,6,Kerry,12,Monte Morris,montemorris,final,16,0,0,final_snapshot,Monte Morris,D113,E113,F113,
59a6a80ce913c1ee51e35c213b85ca13bb78380df68a73fa1ceb164b84c647a6,2020-21,6,Mark,10,Ben Simmons,bensimmons,final,1,31,2,final_snapshot,Ben Simmons,D97,E97,F97,6.6 Darren
59a6a80ce913c1ee51e35c213b85ca13bb78380df68a73fa1ceb164b84c647a6,2020-21,6,Mark,10,Jamal Murray,jamalmurray,final,2,19,2,final_snapshot,Jamal Murray,D98,E98,F98,6.5 Graham
59a6a80ce913c1ee51e35c213b85ca13bb78380df68a73fa1ceb164b84c647a6,2020-21,6,Mark,10,Stephen Curry,stephencurry,final,3,71,1,final_snapshot,Stephen Curry,D99,E99,F99,6.1 Jason
59a6a80ce913c1ee51e35c213b85ca13bb78380df68a73fa1ceb164b84c647a6,2020-21,6,Mark,10,Montrezl Harrell,montrezlharrell,final,4,6,1,final_snapshot,Montrezl Harrell,D100,E100,F100,6.8 Arthur
59a6a80ce913c1ee51e35c213b85ca13bb78380df68a73fa1ceb164b84c647a6,2020-21,6,Mark,10,Saddiq Bey,saddiqbey,final,5,0,0,final_snapshot,Saddiq Bey,D101,E101,F101,
59a6a80ce913c1ee51e35c213b85ca13bb78380df68a73fa1ceb164b84c647a6,2020-21,6,Mark,10,Luguentz Dort,luguentzdort,final,6,1,1,final_snapshot,Luguentz Dort,D102,E102,F102,
59a6a80ce913c1ee51e35c213b85ca13bb78380df68a73fa1ceb164b84c647a6,2020-21,6,Mark,10,Aaron Gordon,aarongordon,final,7,8,1,final_snapshot,Aaron Gordon,D103,E103,F103,
59a6a80ce913c1ee51e35c213b85ca13bb78380df68a73fa1ceb164b84c647a6,2020-21,6,Mark,10,Russell Westbrook,russellwestbrook,final,8,33,1,final_snapshot,Russell Westbrook,D104,E104,F104,6.7 Brent
59a6a80ce913c1ee51e35c213b85ca13bb78380df68a73fa1ceb164b84c647a6,2020-21,6,Mark,10,Julius Randle,juliusrandle,final,9,13,1,final_snapshot,Julius Randle,D105,E105,F105,6.3 Ian
59a6a80ce913c1ee51e35c213b85ca13bb78380df68a73fa1ceb164b84c647a6,2020-21,6,Mark,10,Kyle Kuzma,kylekuzma,final,10,4,1,final_snapshot,Kyle Kuzma,D106,E106,F106,
59a6a80ce913c1ee51e35c213b85ca13bb78380df68a73fa1ceb164b84c647a6,2020-21,6,Mark,10,Carmelo Anthony,carmeloanthony,final,11,3,1,final_snapshot,Carmelo Anthony,D107,E107,F107,
59a6a80ce913c1ee51e35c213b85ca13bb78380df68a73fa1ceb164b84c647a6,2020-21,6,Mark,10,RJ Barrett,rjbarrett,final,12,5,1,final_snapshot,RJ Barrett,D108,E108,F108,
59a6a80ce913c1ee51e35c213b85ca13bb78380df68a73fa1ceb164b84c647a6,2020-21,6,Mark,10,Tim Hardaway Jr.,timhardawayjr,final,13,5,1,final_snapshot,Tim Hardaway Jr.,D109,E109,F109,FA-1 Ian
59a6a80ce913c1ee51e35c213b85ca13bb78380df68a73fa1ceb164b84c647a6,2020-21,6,Mark,10,Paul George,paulgeorge,final,14,54,1,final_snapshot,Paul George,D110,E110,F110,6.4 Alvin
59a6a80ce913c1ee51e35c213b85ca13bb78380df68a73fa1ceb164b84c647a6,2020-21,6,Mark,10,Kawhi Leonard,kawhileonard,final,15,54,1,final_snapshot,Kawhi Leonard,D111,E111,F111,6.2 John
59a6a80ce913c1ee51e35c213b85ca13bb78380df68a73fa1ceb164b84c647a6,2020-21,6,Max,14,Kawhi Leonard,kawhileonard,final,1,54,2,final_snapshot,Kawhi Leonard,D98,E98,F98,2.1 Benji
59a6a80ce913c1ee51e35c213b85ca13bb78380df68a73fa1ceb164b84c647a6,2020-21,6,Max,14,De'Aaron Fox,deaaronfox,final,2,21,5,final_snapshot,De'Aaron Fox,D99,E99,F99,2.2 Ian
59a6a80ce913c1ee51e35c213b85ca13bb78380df68a73fa1ceb164b84c647a6,2020-21,6,Max,14,Jusuf Nurkic,jusufnurkic,final,3,39,1,final_snapshot,Jusuf Nurkic,D100,E100,F100,FA-3 Alvin
59a6a80ce913c1ee51e35c213b85ca13bb78380df68a73fa1ceb164b84c647a6,2020-21,6,Max,14,Delon Wright,delonwright,final,4,7,1,final_snapshot,Delon Wright,D101,E101,F101,
59a6a80ce913c1ee51e35c213b85ca13bb78380df68a73fa1ceb164b84c647a6,2020-21,6,Max,14,Jonas Valanciunas,jonasvalanciunas,final,5,26,1,final_snapshot,Jonas Valanciunas,D102,E102,F102,FA-1 Kerry
59a6a80ce913c1ee51e35c213b85ca13bb78380df68a73fa1ceb164b84c647a6,2020-21,6,Max,14,James Wiseman,jameswiseman,final,6,17,1,final_snapshot,James Wiseman,D103,E103,F103,FA-2 Arthur
59a6a80ce913c1ee51e35c213b85ca13bb78380df68a73fa1ceb164b84c647a6,2020-21,6,Max,14,Goran Dragic,gorandragic,final,7,9,1,final_snapshot,Goran Dragic,D104,E104,F104,2.4 Darren
59a6a80ce913c1ee51e35c213b85ca13bb78380df68a73fa1ceb164b84c647a6,2020-21,6,Max,14,Cam Reddish,camreddish,final,8,4,1,final_snapshot,Cam Reddish,D105,E105,F105,
59a6a80ce913c1ee51e35c213b85ca13bb78380df68a73fa1ceb164b84c647a6,2020-21,6,Max,14,Miles Bridges,milesbridges,final,9,2,1,final_snapshot,Miles Bridges,D106,E106,F106,
59a6a80ce913c1ee51e35c213b85ca13bb78380df68a73fa1ceb164b84c647a6,2020-21,6,Max,14,Pascal Siakam,pascalsiakam,final,10,10,1,final_snapshot,Pascal Siakam,D107,E107,F107,2.3 John
59a6a80ce913c1ee51e35c213b85ca13bb78380df68a73fa1ceb164b84c647a6,2020-21,6,Max,14,JaVale McGee,javalemcgee,final,11,0,0,final_snapshot,JaVale McGee,D108,E108,F108,
59a6a80ce913c1ee51e35c213b85ca13bb78380df68a73fa1ceb164b84c647a6,2020-21,6,Max,14,Jalen Brunson,jalenbrunson,final,12,0,0,final_snapshot,Jaleb Brunson,D109,E109,F109,
59a6a80ce913c1ee51e35c213b85ca13bb78380df68a73fa1ceb164b84c647a6,2020-21,6,Max,14,Isaac Okoro,isaacokoro,final,13,1,1,final_snapshot,Isaac Okoro,D110,E110,F110,
59a6a80ce913c1ee51e35c213b85ca13bb78380df68a73fa1ceb164b84c647a6,2020-21,6,Max,14,Dillon Brooks,dillonbrooks,final,14,3,1,final_snapshot,Dillon Brooks,D111,E111,F111,
59a6a80ce913c1ee51e35c213b85ca13bb78380df68a73fa1ceb164b84c647a6,2020-21,6,Max,14,Patrick Williams,patrickwilliams,final,15,1,1,final_snapshot,Patrick Williams,D112,E112,F112,
59a6a80ce913c1ee51e35c213b85ca13bb78380df68a73fa1ceb164b84c647a6,2020-21,6,Max,14,Monte Morris,montemorris,final,16,0,0,final_snapshot,Monte Morris,D113,E113,F113,
59a6a80ce913c1ee51e35c213b85ca13bb78380df68a73fa1ceb164b84c647a6,2020-21,6,Peter,6,Nikola Jokic,nikolajokic,final,1,50,5,final_snapshot,Nikola Jokic,D97,E97,F97,10.1 Arthur
59a6a80ce913c1ee51e35c213b85ca13bb78380df68a73fa1ceb164b84c647a6,2020-21,6,Peter,6,Kevin Durant,kevindurant,final,2,19,2,final_snapshot,Kevin Durant,D98,E98,F98,10.2 Jason
59a6a80ce913c1ee51e35c213b85ca13bb78380df68a73fa1ceb164b84c647a6,2020-21,6,Peter,6,Doug McDermott,dougmcdermott,final,3,5,1,final_snapshot,Doug McDermott,D99,E99,F99,
59a6a80ce913c1ee51e35c213b85ca13bb78380df68a73fa1ceb164b84c647a6,2020-21,6,Peter,6,Reggie Jackson,reggiejackson,final,4,0,0,final_snapshot,Reggie Jackson,D100,E100,F100,
59a6a80ce913c1ee51e35c213b85ca13bb78380df68a73fa1ceb164b84c647a6,2020-21,6,Peter,6,Bogdan Bogdanovic,bogdanbogdanovic,final,5,10,1,final_snapshot,Bogdan Bogdanovic,D101,E101,F101,FA-2 Arthur
59a6a80ce913c1ee51e35c213b85ca13bb78380df68a73fa1ceb164b84c647a6,2020-21,6,Peter,6,Darius Garland,dariusgarland,final,6,3,1,final_snapshot,Darius Garland,D102,E102,F102,
59a6a80ce913c1ee51e35c213b85ca13bb78380df68a73fa1ceb164b84c647a6,2020-21,6,Peter,6,OG Anunoby,oganunoby,final,7,19,1,final_snapshot,OG Anunoby,D103,E103,F103,
59a6a80ce913c1ee51e35c213b85ca13bb78380df68a73fa1ceb164b84c647a6,2020-21,6,Peter,6,Robert Williams III,robertwilliamsiii,final,8,5,1,final_snapshot,Robert Williams,D104,E104,F104,10.4 Alvin
59a6a80ce913c1ee51e35c213b85ca13bb78380df68a73fa1ceb164b84c647a6,2020-21,6,Peter,6,Dennis Schroder,dennisschroder,final,9,6,1,final_snapshot,Dennis Schroder,D105,E105,F105,10.5 Alvin
59a6a80ce913c1ee51e35c213b85ca13bb78380df68a73fa1ceb164b84c647a6,2020-21,6,Peter,6,Ben Simmons,bensimmons,final,10,31,1,final_snapshot,Ben Simmons,D106,E106,F106,10.7 Alvin
59a6a80ce913c1ee51e35c213b85ca13bb78380df68a73fa1ceb164b84c647a6,2020-21,6,Peter,6,Draymond Green,draymondgreen,final,11,18,1,final_snapshot,Draymond Green,D107,E107,F107,10.6 Alvin
59a6a80ce913c1ee51e35c213b85ca13bb78380df68a73fa1ceb164b84c647a6,2020-21,6,Peter,6,Enes Kanter,eneskanter,final,12,0,0,final_snapshot,Enes Kanter,D108,E108,F108,
59a6a80ce913c1ee51e35c213b85ca13bb78380df68a73fa1ceb164b84c647a6,2020-21,6,Peter,6,Robert Covington,robertcovington,final,13,20,1,final_snapshot,Robert Covington,D109,E109,F109,
59a6a80ce913c1ee51e35c213b85ca13bb78380df68a73fa1ceb164b84c647a6,2020-21,6,Peter,6,LeBron James,lebronjames,final,14,49,1,final_snapshot,LeBron James,D110,E110,F110,FA-1 Arthur
59a6a80ce913c1ee51e35c213b85ca13bb78380df68a73fa1ceb164b84c647a6,2020-21,6,Peter,6,De'Aaron Fox,deaaronfox,final,15,21,1,final_snapshot,De'Aaron Fox,D111,E111,F111,10.3 Alvin
59a6a80ce913c1ee51e35c213b85ca13bb78380df68a73fa1ceb164b84c647a6,2020-21,6,Peter,6,Cody Zeller,codyzeller,final,16,1,1,final_snapshot,Cody Zeller,D112,E112,F112,
59a6a80ce913c1ee51e35c213b85ca13bb78380df68a73fa1ceb164b84c647a6,2020-21,6,Ron,15,Christian Wood,christianwood,final,1,26,1,final_snapshot,Christian Wood,D98,E98,F98,1.1 Darren
59a6a80ce913c1ee51e35c213b85ca13bb78380df68a73fa1ceb164b84c647a6,2020-21,6,Ron,15,Pascal Siakam,pascalsiakam,final,2,10,3,final_snapshot,Pascal Siakam,D99,E99,F99,1.5 Max
59a6a80ce913c1ee51e35c213b85ca13bb78380df68a73fa1ceb164b84c647a6,2020-21,6,Ron,15,Fred VanVleet,fredvanvleet,final,3,29,1,final_snapshot,Fred VanVleet,D100,E100,F100,1.3 Brent
59a6a80ce913c1ee51e35c213b85ca13bb78380df68a73fa1ceb164b84c647a6,2020-21,6,Ron,15,Royce O'Neale,royceoneale,final,4,0,0,final_snapshot,Royce O'Neale,D101,E101,F101,1.8 Brent
59a6a80ce913c1ee51e35c213b85ca13bb78380df68a73fa1ceb164b84c647a6,2020-21,6,Ron,15,Coby White,cobywhite,final,5,12,1,final_snapshot,Coby White,D102,E102,F102,1.4 Graham 
59a6a80ce913c1ee51e35c213b85ca13bb78380df68a73fa1ceb164b84c647a6,2020-21,6,Ron,15,Michael Porter Jr.,michaelporterjr,final,6,24,1,final_snapshot,Michael Porter Jr.,D103,E103,F103,1.2 Arthur
59a6a80ce913c1ee51e35c213b85ca13bb78380df68a73fa1ceb164b84c647a6,2020-21,6,Ron,15,Nickeil Alexander-Walker,nickeilalexanderwalker,final,7,0,0,final_snapshot,Nickeil Alexander-Walker,D104,E104,F104,
59a6a80ce913c1ee51e35c213b85ca13bb78380df68a73fa1ceb164b84c647a6,2020-21,6,Ron,15,Immanuel Quickley,immanuelquickley,final,8,0,0,final_snapshot,Immanuel Quickley,D105,E105,F105,FA-2 Jason
59a6a80ce913c1ee51e35c213b85ca13bb78380df68a73fa1ceb164b84c647a6,2020-21,6,Ron,15,Donte DiVincenzo,dontedivincenzo,final,9,5,1,final_snapshot,Donte DiVincenzo,D106,E106,F106,1.7 Brent
59a6a80ce913c1ee51e35c213b85ca13bb78380df68a73fa1ceb164b84c647a6,2020-21,6,Ron,15,JaMychal Green,jamychalgreen,final,10,0,0,final_snapshot,JaMychal Green,D107,E107,F107,
59a6a80ce913c1ee51e35c213b85ca13bb78380df68a73fa1ceb164b84c647a6,2020-21,6,Ron,15,Willie Cauley-Stein,williecauleystein,final,11,0,0,final_snapshot,Willie Cauley-Stein,D108,E108,F108,
59a6a80ce913c1ee51e35c213b85ca13bb78380df68a73fa1ceb164b84c647a6,2020-21,6,Ron,15,Alec Burks,alecburks,final,12,3,1,final_snapshot,Alec Burks,D109,E109,F109,1.6 Peter
59a6a80ce913c1ee51e35c213b85ca13bb78380df68a73fa1ceb164b84c647a6,2020-21,6,Ron,15,Kevin Knox II,kevinknoxii,final,13,0,0,final_snapshot,Kevin Knox,D110,E110,F110,
59a6a80ce913c1ee51e35c213b85ca13bb78380df68a73fa1ceb164b84c647a6,2020-21,6,Ron,15,Trey Burke,treyburke,final,14,0,0,final_snapshot,Trey Burke,D111,E111,F111,
59a6a80ce913c1ee51e35c213b85ca13bb78380df68a73fa1ceb164b84c647a6,2020-21,6,Ron,15,Svi Mykhailiuk,svimykhailiuk,final,15,0,0,final_snapshot,Svi Mykhailiuk,D112,E112,F112,
59a6a80ce913c1ee51e35c213b85ca13bb78380df68a73fa1ceb164b84c647a6,2020-21,6,Ron,15,Isaiah Roby,isaiahroby,final,16,0,0,final_snapshot,Isaiah Roby,D113,E113,F113,FA-1 Kerry
59a6a80ce913c1ee51e35c213b85ca13bb78380df68a73fa1ceb164b84c647a6,2020-21,6,Ron,15,Aleksej Pokusevski,aleksejpokusevski,final,17,0,0,final_snapshot,Aleksej Pokusevski,D114,E114,F114,
59a6a80ce913c1ee51e35c213b85ca13bb78380df68a73fa1ceb164b84c647a6,2019-20,5,Alvin,1,Anthony Davis,anthonydavis,final,1,58,1,final_snapshot,Anthony Davis,D118,E118,F118,
59a6a80ce913c1ee51e35c213b85ca13bb78380df68a73fa1ceb164b84c647a6,2019-20,5,Alvin,1,Donovan Mitchell,donovanmitchell,final,2,8,3,final_snapshot,Donovan Mitchell,D119,E119,F119,
59a6a80ce913c1ee51e35c213b85ca13bb78380df68a73fa1ceb164b84c647a6,2019-20,5,Alvin,1,Kyle Lowry,kylelowry,final,3,20,1,final_snapshot,Kyle Lowry,D120,E120,F120,
59a6a80ce913c1ee51e35c213b85ca13bb78380df68a73fa1ceb164b84c647a6,2019-20,5,Alvin,1,Kawhi Leonard,kawhileonard,final,4,53,1,final_snapshot,Kawhi Leonard,D121,E121,F121,
59a6a80ce913c1ee51e35c213b85ca13bb78380df68a73fa1ceb164b84c647a6,2019-20,5,Alvin,1,LeBron James,lebronjames,final,5,58,1,final_snapshot,LeBron James,D122,E122,F122,
59a6a80ce913c1ee51e35c213b85ca13bb78380df68a73fa1ceb164b84c647a6,2019-20,5,Alvin,1,Stephen Curry,stephencurry,final,6,73,1,final_snapshot,Steph Curry,D123,E123,F123,
59a6a80ce913c1ee51e35c213b85ca13bb78380df68a73fa1ceb164b84c647a6,2019-20,5,Alvin,1,Zach LaVine,zachlavine,final,7,19,1,final_snapshot,Zach LaVine,D124,E124,F124,
59a6a80ce913c1ee51e35c213b85ca13bb78380df68a73fa1ceb164b84c647a6,2019-20,5,Alvin,1,Pascal Siakam,pascalsiakam,final,8,7,1,final_snapshot,Pascal Siakam,D125,E125,F125,
59a6a80ce913c1ee51e35c213b85ca13bb78380df68a73fa1ceb164b84c647a6,2019-20,5,Alvin,1,Kristaps Porzingis,kristapsporzingis,final,9,22,1,final_snapshot,Kristaps Porzingis,D126,E126,F126,
59a6a80ce913c1ee51e35c213b85ca13bb78380df68a73fa1ceb164b84c647a6,2019-20,5,Alvin,1,Fred VanVleet,fredvanvleet,final,10,18,1,final_snapshot,Fred VanVleet,D127,E127,F127,
59a6a80ce913c1ee51e35c213b85ca13bb78380df68a73fa1ceb164b84c647a6,2019-20,5,Alvin,1,Khris Middleton,khrismiddleton,final,11,18,1,final_snapshot,Khris Middleton,D128,E128,F128,
59a6a80ce913c1ee51e35c213b85ca13bb78380df68a73fa1ceb164b84c647a6,2019-20,5,Alvin,1,Gordon Hayward,gordonhayward,final,12,15,1,final_snapshot,Gordon Hayward,D129,E129,F129,
59a6a80ce913c1ee51e35c213b85ca13bb78380df68a73fa1ceb164b84c647a6,2019-20,5,Alvin,1,Shai Gilgeous-Alexander,shaigilgeousalexander,final,13,28,1,final_snapshot,Shai Gilgeous-Alexander,D130,E130,F130,
59a6a80ce913c1ee51e35c213b85ca13bb78380df68a73fa1ceb164b84c647a6,2019-20,5,Alvin,1,Myles Turner,mylesturner,final,14,39,1,final_snapshot,Myles Turner,D131,E131,F131,
59a6a80ce913c1ee51e35c213b85ca13bb78380df68a73fa1ceb164b84c647a6,2019-20,5,Alvin,1,Zion Williamson,zionwilliamson,final,15,32,1,final_snapshot,Zion Williamson,D132,E132,F132,
59a6a80ce913c1ee51e35c213b85ca13bb78380df68a73fa1ceb164b84c647a6,2019-20,5,Alvin,1,Kevin Love,kevinlove,final,16,21,1,final_snapshot,Kevin Love,D133,E133,F133,
59a6a80ce913c1ee51e35c213b85ca13bb78380df68a73fa1ceb164b84c647a6,2019-20,5,Arthur,4,Joel Embiid,joelembiid,final,1,26,4,final_snapshot,Joel Embiid,D118,E118,F118,
59a6a80ce913c1ee51e35c213b85ca13bb78380df68a73fa1ceb164b84c647a6,2019-20,5,Arthur,4,Mitchell Robinson,mitchellrobinson,final,2,4,2,final_snapshot,Mitchell Robinson,D119,E119,F119,
59a6a80ce913c1ee51e35c213b85ca13bb78380df68a73fa1ceb164b84c647a6,2019-20,5,Arthur,4,Jimmy Butler,jimmybutler,final,3,47,1,final_snapshot,Jimmy Butler,D120,E120,F120,
59a6a80ce913c1ee51e35c213b85ca13bb78380df68a73fa1ceb164b84c647a6,2019-20,5,Arthur,4,Damian Lillard,damianlillard,final,4,47,1,final_snapshot,Damian Lillard,D121,E121,F121,
59a6a80ce913c1ee51e35c213b85ca13bb78380df68a73fa1ceb164b84c647a6,2019-20,5,Arthur,4,Russell Westbrook,russellwestbrook,final,5,32,1,final_snapshot,Russell Westbrook,D122,E122,F122,
59a6a80ce913c1ee51e35c213b85ca13bb78380df68a73fa1ceb164b84c647a6,2019-20,5,Arthur,4,Jrue Holiday,jrueholiday,final,6,20,1,final_snapshot,Jrue Holiday,D123,E123,F123,
59a6a80ce913c1ee51e35c213b85ca13bb78380df68a73fa1ceb164b84c647a6,2019-20,5,Arthur,4,Paul George,paulgeorge,final,7,45,1,final_snapshot,Paul George,D124,E124,F124,
59a6a80ce913c1ee51e35c213b85ca13bb78380df68a73fa1ceb164b84c647a6,2019-20,5,Arthur,4,Bam Adebayo,bamadebayo,final,8,30,1,final_snapshot,Bam Adebayo,D125,E125,F125,
59a6a80ce913c1ee51e35c213b85ca13bb78380df68a73fa1ceb164b84c647a6,2019-20,5,Arthur,4,Domantas Sabonis,domantassabonis,final,9,16,1,final_snapshot,Domantas Sabonis,D126,E126,F126,
59a6a80ce913c1ee51e35c213b85ca13bb78380df68a73fa1ceb164b84c647a6,2019-20,5,Arthur,4,Kemba Walker,kembawalker,final,10,37,1,final_snapshot,Kemba Walker,D127,E127,F127,
59a6a80ce913c1ee51e35c213b85ca13bb78380df68a73fa1ceb164b84c647a6,2019-20,5,Arthur,4,TJ Warren,tjwarren,final,11,13,1,final_snapshot,TJ Warren,D128,E128,F128,
59a6a80ce913c1ee51e35c213b85ca13bb78380df68a73fa1ceb164b84c647a6,2019-20,5,Arthur,4,Bojan Bogdanovic,bojanbogdanovic,final,12,13,1,final_snapshot,Bojan Bogdanovic,D129,E129,F129,
59a6a80ce913c1ee51e35c213b85ca13bb78380df68a73fa1ceb164b84c647a6,2019-20,5,Arthur,4,Julius Randle,juliusrandle,final,13,19,1,final_snapshot,Julius Randle,D130,E130,F130,
59a6a80ce913c1ee51e35c213b85ca13bb78380df68a73fa1ceb164b84c647a6,2019-20,5,Arthur,4,Caris LeVert,carislevert,final,14,15,1,final_snapshot,Caris LeVert,D131,E131,F131,
59a6a80ce913c1ee51e35c213b85ca13bb78380df68a73fa1ceb164b84c647a6,2019-20,5,Arthur,4,Christian Wood,christianwood,final,15,0,0,final_snapshot,Christian Wood,D132,E132,F132,
59a6a80ce913c1ee51e35c213b85ca13bb78380df68a73fa1ceb164b84c647a6,2019-20,5,Benji,10,Jayson Tatum,jaysontatum,final,1,9,3,final_snapshot,Jayson Tatum,D113,E113,F113,6.3 Jason
59a6a80ce913c1ee51e35c213b85ca13bb78380df68a73fa1ceb164b84c647a6,2019-20,5,Benji,10,D'Angelo Russell,dangelorussell,final,2,17,2,final_snapshot,D'Angelo Russell,D114,E114,F114,6.8 Max
59a6a80ce913c1ee51e35c213b85ca13bb78380df68a73fa1ceb164b84c647a6,2019-20,5,Benji,10,Russell Westbrook,russellwestbrook,final,3,32,1,final_snapshot,Russell Westbrook,D115,E115,F115,6.2 Max
59a6a80ce913c1ee51e35c213b85ca13bb78380df68a73fa1ceb164b84c647a6,2019-20,5,Benji,10,Damian Lillard,damianlillard,final,4,47,1,final_snapshot,Damian Lillard,D116,E116,F116,6.1 Arthur
59a6a80ce913c1ee51e35c213b85ca13bb78380df68a73fa1ceb164b84c647a6,2019-20,5,Benji,10,Evan Fournier,evanfournier,final,5,8,1,final_snapshot,Evan Fournier,D117,E117,F117,6.5 Josh
59a6a80ce913c1ee51e35c213b85ca13bb78380df68a73fa1ceb164b84c647a6,2019-20,5,Benji,10,Spencer Dinwiddie,spencerdinwiddie,final,6,10,1,final_snapshot,Spencer Dinwiddie,D118,E118,F118,6.7 Arthur
59a6a80ce913c1ee51e35c213b85ca13bb78380df68a73fa1ceb164b84c647a6,2019-20,5,Benji,10,Marcus Morris Sr,marcusmorrissr,final,7,2,1,final_snapshot,Marcus Morris,D119,E119,F119,6.9 Darren
59a6a80ce913c1ee51e35c213b85ca13bb78380df68a73fa1ceb164b84c647a6,2019-20,5,Benji,10,OG Anunoby,oganunoby,final,8,8,1,final_snapshot,OG Anunoby,D120,E120,F120,
59a6a80ce913c1ee51e35c213b85ca13bb78380df68a73fa1ceb164b84c647a6,2019-20,5,Benji,10,Paul Millsap,paulmillsap,final,9,9,1,final_snapshot,Paul Millsap,D121,E121,F121,
59a6a80ce913c1ee51e35c213b85ca13bb78380df68a73fa1ceb164b84c647a6,2019-20,5,Benji,10,Steven Adams,stevenadams,final,10,12,1,final_snapshot,Steven Adams,D122,E122,F122,6.10 Alvin
59a6a80ce913c1ee51e35c213b85ca13bb78380df68a73fa1ceb164b84c647a6,2019-20,5,Benji,10,Tristan Thompson,tristanthompson,final,11,2,1,final_snapshot,Tristan Thompson,D123,E123,F123,6.11 Alvin
59a6a80ce913c1ee51e35c213b85ca13bb78380df68a73fa1ceb164b84c647a6,2019-20,5,Benji,10,Norman Powell,normanpowell,final,12,12,1,final_snapshot,Norman Powell,D124,E124,F124,
59a6a80ce913c1ee51e35c213b85ca13bb78380df68a73fa1ceb164b84c647a6,2019-20,5,Benji,10,Serge Ibaka,sergeibaka,final,13,18,1,final_snapshot,Serge Ibaka,D125,E125,F125,6.4 Darren
59a6a80ce913c1ee51e35c213b85ca13bb78380df68a73fa1ceb164b84c647a6,2019-20,5,Benji,10,Derrick Favors,derrickfavors,final,14,10,1,final_snapshot,Derrick Favors,D126,E126,F126,6.6 Alvin
59a6a80ce913c1ee51e35c213b85ca13bb78380df68a73fa1ceb164b84c647a6,2019-20,5,Benji,10,Gary Harris,garyharris,final,15,15,1,final_snapshot,Gary Harris,D127,E127,F127,
59a6a80ce913c1ee51e35c213b85ca13bb78380df68a73fa1ceb164b84c647a6,2019-20,5,Benji,10,John Henson,johnhenson,final,16,0,0,final_snapshot,John Henson,D128,E128,F128,
59a6a80ce913c1ee51e35c213b85ca13bb78380df68a73fa1ceb164b84c647a6,2019-20,5,Brent,14,Kyrie Irving,kyrieirving,final,1,31,3,final_snapshot,Kyrie Irving,D118,E118,F118,2.1 Max
59a6a80ce913c1ee51e35c213b85ca13bb78380df68a73fa1ceb164b84c647a6,2019-20,5,Brent,14,Nikola Vucevic,nikolavucevic,final,2,19,2,final_snapshot,Nikola Vucevic,D119,E119,F119,2.4 Jason
59a6a80ce913c1ee51e35c213b85ca13bb78380df68a73fa1ceb164b84c647a6,2019-20,5,Brent,14,Zion Williamson,zionwilliamson,final,3,32,1,final_snapshot,Zion Williamson,D120,E120,F120,2.9 Darren
59a6a80ce913c1ee51e35c213b85ca13bb78380df68a73fa1ceb164b84c647a6,2019-20,5,Brent,14,Chris Paul,chrispaul,final,4,22,1,final_snapshot,Chris Paul,D121,E121,F121,2.3 Kerry
59a6a80ce913c1ee51e35c213b85ca13bb78380df68a73fa1ceb164b84c647a6,2019-20,5,Brent,14,Clint Capela,clintcapela,final,5,24,1,final_snapshot,Clint Capela,D122,E122,F122,2.2 Josh
59a6a80ce913c1ee51e35c213b85ca13bb78380df68a73fa1ceb164b84c647a6,2019-20,5,Brent,14,Terry Rozier,terryrozier,final,6,13,1,final_snapshot,Terry Rozier,D123,E123,F123,2.5 Graham
59a6a80ce913c1ee51e35c213b85ca13bb78380df68a73fa1ceb164b84c647a6,2019-20,5,Brent,14,Kevin Huerter,kevinhuerter,final,7,6,1,final_snapshot,Kevin Huerter,D124,E124,F124,
59a6a80ce913c1ee51e35c213b85ca13bb78380df68a73fa1ceb164b84c647a6,2019-20,5,Brent,14,Cam Reddish,camreddish,final,8,5,1,final_snapshot,Cam Reddish,D125,E125,F125,
59a6a80ce913c1ee51e35c213b85ca13bb78380df68a73fa1ceb164b84c647a6,2019-20,5,Brent,14,Danuel House Jr.,danuelhousejr,final,9,1,1,final_snapshot,Danuel House Jr.,D126,E126,F126,FA-1 Ron
59a6a80ce913c1ee51e35c213b85ca13bb78380df68a73fa1ceb164b84c647a6,2019-20,5,Brent,14,Brandon Clarke,brandonclarke,final,10,7,1,final_snapshot,Brandon Clarke,D127,E127,F127,2.7 Peter
59a6a80ce913c1ee51e35c213b85ca13bb78380df68a73fa1ceb164b84c647a6,2019-20,5,Brent,14,Darius Garland,dariusgarland,final,11,6,1,final_snapshot,Darius Garland,D128,E128,F128,
59a6a80ce913c1ee51e35c213b85ca13bb78380df68a73fa1ceb164b84c647a6,2019-20,5,Brent,14,Al Horford,alhorford,final,12,24,1,final_snapshot,Al Horford,D129,E129,F129,2.6 JD
59a6a80ce913c1ee51e35c213b85ca13bb78380df68a73fa1ceb164b84c647a6,2019-20,5,Brent,14,De'Andre Hunter,deandrehunter,final,13,14,1,final_snapshot,De'Andre Hunter,D130,E130,F130,
59a6a80ce913c1ee51e35c213b85ca13bb78380df68a73fa1ceb164b84c647a6,2019-20,5,Brent,14,Joe Harris,joeharris,final,14,11,1,final_snapshot,Joe Harris,D131,E131,F131,2.10 Graham
59a6a80ce913c1ee51e35c213b85ca13bb78380df68a73fa1ceb164b84c647a6,2019-20,5,Brent,14,Cody Zeller,codyzeller,final,15,8,1,final_snapshot,Cody Zeller,D132,E132,F132,FA-2 Ron
59a6a80ce913c1ee51e35c213b85ca13bb78380df68a73fa1ceb164b84c647a6,2019-20,5,Brent,14,Ky Bowman,kybowman,final,16,0,0,final_snapshot,Ky Bowman,D133,E133,F133,2.8 Arthur
59a6a80ce913c1ee51e35c213b85ca13bb78380df68a73fa1ceb164b84c647a6,2019-20,5,Darren,7,Brandon Ingram,brandoningram,final,1,10,1,final_snapshot,Brandon Ingram,D118,E118,F118,9.1 Kerry
59a6a80ce913c1ee51e35c213b85ca13bb78380df68a73fa1ceb164b84c647a6,2019-20,5,Darren,7,Bradley Beal,bradleybeal,final,2,29,5,final_snapshot,Bradley Beal,D119,E119,F119,9.2 Jason
59a6a80ce913c1ee51e35c213b85ca13bb78380df68a73fa1ceb164b84c647a6,2019-20,5,Darren,7,Shai Gilgeous-Alexander,shaigilgeousalexander,final,3,28,1,final_snapshot,Shai Gilgeous-Alexander,D120,E120,F120,FA-1 Alvin
59a6a80ce913c1ee51e35c213b85ca13bb78380df68a73fa1ceb164b84c647a6,2019-20,5,Darren,7,Kemba Walker,kembawalker,final,4,37,1,final_snapshot,Kemba Walker,D121,E121,F121,9.3 Max
59a6a80ce913c1ee51e35c213b85ca13bb78380df68a73fa1ceb164b84c647a6,2019-20,5,Darren,7,Kelly Oubre Jr.,kellyoubrejr,final,5,19,1,final_snapshot,Kelly Oubre Jr.,D122,E122,F122,FA-2 Arthur
59a6a80ce913c1ee51e35c213b85ca13bb78380df68a73fa1ceb164b84c647a6,2019-20,5,Darren,7,Evan Fournier,evanfournier,final,6,8,1,final_snapshot,Evan Fournier,D123,E123,F123,FA-4 Jason
59a6a80ce913c1ee51e35c213b85ca13bb78380df68a73fa1ceb164b84c647a6,2019-20,5,Darren,7,Mikal Bridges,mikalbridges,final,7,9,1,final_snapshot,Mikal Bridges,D124,E124,F124,
59a6a80ce913c1ee51e35c213b85ca13bb78380df68a73fa1ceb164b84c647a6,2019-20,5,Darren,7,Marcus Morris Sr,marcusmorrissr,final,8,2,1,final_snapshot,Marcus Morris,D125,E125,F125,
59a6a80ce913c1ee51e35c213b85ca13bb78380df68a73fa1ceb164b84c647a6,2019-20,5,Darren,7,Malcolm Brogdon,malcolmbrogdon,final,9,25,1,final_snapshot,Malcolm Brogdon,D126,E126,F126,FA-3 Jason
59a6a80ce913c1ee51e35c213b85ca13bb78380df68a73fa1ceb164b84c647a6,2019-20,5,Darren,7,Serge Ibaka,sergeibaka,final,10,18,1,final_snapshot,Serge Ibaka,D127,E127,F127,9.4 Peter
59a6a80ce913c1ee51e35c213b85ca13bb78380df68a73fa1ceb164b84c647a6,2019-20,5,Darren,7,Danuel House Jr.,danuelhousejr,final,11,1,1,final_snapshot,Danuel House Jr.,D128,E128,F128,
59a6a80ce913c1ee51e35c213b85ca13bb78380df68a73fa1ceb164b84c647a6,2019-20,5,Darren,7,Derrick Favors,derrickfavors,final,12,10,1,final_snapshot,Derrick Favors,D129,E129,F129,
59a6a80ce913c1ee51e35c213b85ca13bb78380df68a73fa1ceb164b84c647a6,2019-20,5,Darren,7,Enes Kanter,eneskanter,final,13,12,1,final_snapshot,Enes Kanter,D130,E130,F130,
59a6a80ce913c1ee51e35c213b85ca13bb78380df68a73fa1ceb164b84c647a6,2019-20,5,Darren,7,Elfrid Payton,elfridpayton,final,14,1,1,final_snapshot,Elfrid Payton,D131,E131,F131,
59a6a80ce913c1ee51e35c213b85ca13bb78380df68a73fa1ceb164b84c647a6,2019-20,5,Darren,7,De'Anthony Melton,deanthonymelton,final,15,0,0,final_snapshot,De'Anthony Melton,D132,E132,F132,
59a6a80ce913c1ee51e35c213b85ca13bb78380df68a73fa1ceb164b84c647a6,2019-20,5,Graham,12,Damian Lillard,damianlillard,final,1,47,3,final_snapshot,Damian Lillard,D114,E114,F114,4.1 Benji
59a6a80ce913c1ee51e35c213b85ca13bb78380df68a73fa1ceb164b84c647a6,2019-20,5,Graham,12,Giannis Antetokounmpo,giannisantetokounmpo,final,2,32,1,final_snapshot,Giannis Antetokounmpo,D115,E115,F115,4.2 Max
59a6a80ce913c1ee51e35c213b85ca13bb78380df68a73fa1ceb164b84c647a6,2019-20,5,Graham,12,Terry Rozier,terryrozier,final,3,13,1,final_snapshot,Terry Rozier,D116,E116,F116,4.3 Jason
59a6a80ce913c1ee51e35c213b85ca13bb78380df68a73fa1ceb164b84c647a6,2019-20,5,Graham,12,Joe Harris,joeharris,final,4,11,1,final_snapshot,Joe Harris,D117,E117,F117,4.4 Ron
59a6a80ce913c1ee51e35c213b85ca13bb78380df68a73fa1ceb164b84c647a6,2019-20,5,Graham,12,Tim Hardaway Jr.,timhardawayjr,final,5,2,1,final_snapshot,Tim Hardaway Jr.,D118,E118,F118,FA-1 Peter
59a6a80ce913c1ee51e35c213b85ca13bb78380df68a73fa1ceb164b84c647a6,2019-20,5,Graham,12,Cedi Osman,cediosman,final,6,1,1,final_snapshot,Cedi Osman,D119,E119,F119,
59a6a80ce913c1ee51e35c213b85ca13bb78380df68a73fa1ceb164b84c647a6,2019-20,5,Graham,12,Jabari Parker,jabariparker,final,7,2,1,final_snapshot,Jabari Parker,D120,E120,F120,4.5 Benji
59a6a80ce913c1ee51e35c213b85ca13bb78380df68a73fa1ceb164b84c647a6,2019-20,5,Graham,12,Alex Len,alexlen,final,8,5,1,final_snapshot,Alex Len,D121,E121,F121,
59a6a80ce913c1ee51e35c213b85ca13bb78380df68a73fa1ceb164b84c647a6,2019-20,5,Graham,12,Kentavious Caldwell-Pope,kentaviouscaldwellpope,final,9,0,0,final_snapshot,Kentavious Caldwell-Pope,D122,E122,F122,
59a6a80ce913c1ee51e35c213b85ca13bb78380df68a73fa1ceb164b84c647a6,2019-20,5,Graham,12,Derrick White,derrickwhite,final,10,18,1,final_snapshot,Derrick White,D123,E123,F123,
59a6a80ce913c1ee51e35c213b85ca13bb78380df68a73fa1ceb164b84c647a6,2019-20,5,Graham,12,Dwight Powell,dwightpowell,final,11,5,1,final_snapshot,Dwight Powell,D124,E124,F124,
59a6a80ce913c1ee51e35c213b85ca13bb78380df68a73fa1ceb164b84c647a6,2019-20,5,Graham,12,Kyle Kuzma,kylekuzma,final,12,8,1,final_snapshot,Kyle Kuzma,D125,E125,F125,
59a6a80ce913c1ee51e35c213b85ca13bb78380df68a73fa1ceb164b84c647a6,2019-20,5,Graham,12,Nicolas Batum,nicolasbatum,final,13,3,1,final_snapshot,Nicolas Batum,D126,E126,F126,
59a6a80ce913c1ee51e35c213b85ca13bb78380df68a73fa1ceb164b84c647a6,2019-20,5,Graham,12,Tristan Thompson,tristanthompson,final,14,2,1,final_snapshot,Tristan Thompson,D127,E127,F127,4.6 Benji
59a6a80ce913c1ee51e35c213b85ca13bb78380df68a73fa1ceb164b84c647a6,2019-20,5,Ian,13,Julius Randle,juliusrandle,final,1,19,3,final_snapshot,Julius Randle,D116,E116,F116,3.6 Arthur
59a6a80ce913c1ee51e35c213b85ca13bb78380df68a73fa1ceb164b84c647a6,2019-20,5,Ian,13,Zach LaVine,zachlavine,final,2,19,2,final_snapshot,Zach LaVine,D117,E117,F117,3.2 Alvin
59a6a80ce913c1ee51e35c213b85ca13bb78380df68a73fa1ceb164b84c647a6,2019-20,5,Ian,13,Kemba Walker,kembawalker,final,3,37,1,final_snapshot,Kemba Walker,D118,E118,F118,3.1 Ron
59a6a80ce913c1ee51e35c213b85ca13bb78380df68a73fa1ceb164b84c647a6,2019-20,5,Ian,13,Bam Adebayo,bamadebayo,final,4,30,1,final_snapshot,Bam Adebayo,D119,E119,F119,3.4 Arthur
59a6a80ce913c1ee51e35c213b85ca13bb78380df68a73fa1ceb164b84c647a6,2019-20,5,Ian,13,Klay Thompson,klaythompson,final,5,9,1,final_snapshot,Klay Thompson,D120,E120,F120,FA-5 Alvin
59a6a80ce913c1ee51e35c213b85ca13bb78380df68a73fa1ceb164b84c647a6,2019-20,5,Ian,13,RJ Barrett,rjbarrett,final,6,14,1,final_snapshot,RJ Barrett,D121,E121,F121,FA-4 Alvin
59a6a80ce913c1ee51e35c213b85ca13bb78380df68a73fa1ceb164b84c647a6,2019-20,5,Ian,13,Derrick Favors,derrickfavors,final,7,10,1,final_snapshot,Derrick Favors,D122,E122,F122,
59a6a80ce913c1ee51e35c213b85ca13bb78380df68a73fa1ceb164b84c647a6,2019-20,5,Ian,13,De'Anthony Melton,deanthonymelton,final,8,0,0,final_snapshot,De'Anthony Melton,D123,E123,F123,FA-6 Alvin
59a6a80ce913c1ee51e35c213b85ca13bb78380df68a73fa1ceb164b84c647a6,2019-20,5,Ian,13,OG Anunoby,oganunoby,final,9,8,1,final_snapshot,OG Anunoby,D124,E124,F124,FA-1 Max
59a6a80ce913c1ee51e35c213b85ca13bb78380df68a73fa1ceb164b84c647a6,2019-20,5,Ian,13,Will Barton,willbarton,final,10,3,1,final_snapshot,Will Barton,D125,E125,F125,3.5 Darren
59a6a80ce913c1ee51e35c213b85ca13bb78380df68a73fa1ceb164b84c647a6,2019-20,5,Ian,13,Jordan Clarkson,jordanclarkson,final,11,3,1,final_snapshot,Jordan Clarkson,D126,E126,F126,FA-2 JD
59a6a80ce913c1ee51e35c213b85ca13bb78380df68a73fa1ceb164b84c647a6,2019-20,5,Ian,13,Joe Ingles,joeingles,final,12,18,1,final_snapshot,Joe Ingles,D127,E127,F127,FA-7 Jason
59a6a80ce913c1ee51e35c213b85ca13bb78380df68a73fa1ceb164b84c647a6,2019-20,5,Ian,13,Eric Paschall,ericpaschall,final,13,0,0,final_snapshot,Eric Paschall,D128,E128,F128,3.3 Peter
59a6a80ce913c1ee51e35c213b85ca13bb78380df68a73fa1ceb164b84c647a6,2019-20,5,Ian,13,Ky Bowman,kybowman,final,14,0,0,final_snapshot,Ky Bowman,D129,E129,F129,
59a6a80ce913c1ee51e35c213b85ca13bb78380df68a73fa1ceb164b84c647a6,2019-20,5,Ian,13,Dillon Brooks,dillonbrooks,final,15,1,1,final_snapshot,Dillon Brooks,D130,E130,F130,FA-3 Max
59a6a80ce913c1ee51e35c213b85ca13bb78380df68a73fa1ceb164b84c647a6,2019-20,5,Isaac,11,Devin Booker,devinbooker,final,1,24,4,final_snapshot,Devin Booker,D116,E116,F116,5.2 Kerry
59a6a80ce913c1ee51e35c213b85ca13bb78380df68a73fa1ceb164b84c647a6,2019-20,5,Isaac,11,Jrue Holiday,jrueholiday,final,2,20,2,final_snapshot,Jrue Holiday,D117,E117,F117,5.7 Josh
59a6a80ce913c1ee51e35c213b85ca13bb78380df68a73fa1ceb164b84c647a6,2019-20,5,Isaac,11,Ben Simmons,bensimmons,final,3,30,1,final_snapshot,Ben Simmons,D118,E118,F118,5.1 Josh
59a6a80ce913c1ee51e35c213b85ca13bb78380df68a73fa1ceb164b84c647a6,2019-20,5,Isaac,11,Kevin Love,kevinlove,final,4,21,1,final_snapshot,Kevin Love,D119,E119,F119,5.5 Alvin
59a6a80ce913c1ee51e35c213b85ca13bb78380df68a73fa1ceb164b84c647a6,2019-20,5,Isaac,11,Brook Lopez,brooklopez,final,5,23,1,final_snapshot,Brook Lopez,D120,E120,F120,5.8 Peter
59a6a80ce913c1ee51e35c213b85ca13bb78380df68a73fa1ceb164b84c647a6,2019-20,5,Isaac,11,Al Horford,alhorford,final,6,24,1,final_snapshot,Al Horford,D121,E121,F121,5.9 Alvin
59a6a80ce913c1ee51e35c213b85ca13bb78380df68a73fa1ceb164b84c647a6,2019-20,5,Isaac,11,Jusuf Nurkic,jusufnurkic,final,7,2,1,final_snapshot,Jusuf Nurkic,D122,E122,F122,
59a6a80ce913c1ee51e35c213b85ca13bb78380df68a73fa1ceb164b84c647a6,2019-20,5,Isaac,11,Marvin Bagley III,marvinbagleyiii,final,8,23,1,final_snapshot,Marvin Bagley III,D123,E123,F123,FA-2 Max
59a6a80ce913c1ee51e35c213b85ca13bb78380df68a73fa1ceb164b84c647a6,2019-20,5,Isaac,11,Brandon Ingram,brandoningram,final,9,10,1,final_snapshot,Brandon Ingram,D124,E124,F124,5.4 Darren
59a6a80ce913c1ee51e35c213b85ca13bb78380df68a73fa1ceb164b84c647a6,2019-20,5,Isaac,11,Draymond Green,draymondgreen,final,10,27,1,final_snapshot,Draymond Green,D125,E125,F125,FA-1 Max
59a6a80ce913c1ee51e35c213b85ca13bb78380df68a73fa1ceb164b84c647a6,2019-20,5,Isaac,11,Evan Fournier,evanfournier,final,11,8,1,final_snapshot,Evan Fournier,D126,E126,F126,5.6 Benji
59a6a80ce913c1ee51e35c213b85ca13bb78380df68a73fa1ceb164b84c647a6,2019-20,5,Isaac,11,Aaron Gordon,aarongordon,final,12,18,1,final_snapshot,Aaron Gordon,D127,E127,F127,FA-3 Jason
59a6a80ce913c1ee51e35c213b85ca13bb78380df68a73fa1ceb164b84c647a6,2019-20,5,Isaac,11,Mike Conley,mikeconley,final,13,26,1,final_snapshot,Mike Conley,D128,E128,F128,
59a6a80ce913c1ee51e35c213b85ca13bb78380df68a73fa1ceb164b84c647a6,2019-20,5,Isaac,11,Derrick Favors,derrickfavors,final,14,10,1,final_snapshot,Derrick Favors,D129,E129,F129,FA-4 Benji
59a6a80ce913c1ee51e35c213b85ca13bb78380df68a73fa1ceb164b84c647a6,2019-20,5,Isaac,11,LaMarcus Aldridge,lamarcusaldridge,final,15,30,1,final_snapshot,LaMarcus Aldridge,D130,E130,F130,5.3 Peter
59a6a80ce913c1ee51e35c213b85ca13bb78380df68a73fa1ceb164b84c647a6,2019-20,5,Isaac,11,Gary Harris,garyharris,final,16,15,1,final_snapshot,Gary Harris,D131,E131,F131,5.10 Benji
59a6a80ce913c1ee51e35c213b85ca13bb78380df68a73fa1ceb164b84c647a6,2019-20,5,Jason,2,Luka Doncic,lukadoncic,final,1,29,2,final_snapshot,Luka Doncic,D115,E115,F115,
59a6a80ce913c1ee51e35c213b85ca13bb78380df68a73fa1ceb164b84c647a6,2019-20,5,Jason,2,Deandre Ayton,deandreayton,final,2,32,2,final_snapshot,Deandre Ayton,D116,E116,F116,
59a6a80ce913c1ee51e35c213b85ca13bb78380df68a73fa1ceb164b84c647a6,2019-20,5,Jason,2,James Harden,jamesharden,final,3,67,1,final_snapshot,James Harden,D117,E117,F117,
59a6a80ce913c1ee51e35c213b85ca13bb78380df68a73fa1ceb164b84c647a6,2019-20,5,Jason,2,Karl-Anthony Towns,karlanthonytowns,final,4,40,1,final_snapshot,Karl-Anthony Towns,D118,E118,F118,
59a6a80ce913c1ee51e35c213b85ca13bb78380df68a73fa1ceb164b84c647a6,2019-20,5,Jason,2,Bradley Beal,bradleybeal,final,5,29,1,final_snapshot,Bradley Beal,D119,E119,F119,
59a6a80ce913c1ee51e35c213b85ca13bb78380df68a73fa1ceb164b84c647a6,2019-20,5,Jason,2,Giannis Antetokounmpo,giannisantetokounmpo,final,6,32,1,final_snapshot,Giannis Antetokounmpo,D120,E120,F120,
59a6a80ce913c1ee51e35c213b85ca13bb78380df68a73fa1ceb164b84c647a6,2019-20,5,Jason,2,Jayson Tatum,jaysontatum,final,7,9,1,final_snapshot,Jayson Tatum,D121,E121,F121,
59a6a80ce913c1ee51e35c213b85ca13bb78380df68a73fa1ceb164b84c647a6,2019-20,5,Jason,2,Nikola Vucevic,nikolavucevic,final,8,19,1,final_snapshot,Nikola Vucevic,D122,E122,F122,
59a6a80ce913c1ee51e35c213b85ca13bb78380df68a73fa1ceb164b84c647a6,2019-20,5,Jason,2,DeMar DeRozan,demarderozan,final,9,26,1,final_snapshot,DeMar DeRozan,D123,E123,F123,
59a6a80ce913c1ee51e35c213b85ca13bb78380df68a73fa1ceb164b84c647a6,2019-20,5,Jason,2,Ricky Rubio,rickyrubio,final,10,13,1,final_snapshot,Ricky Rubio,D124,E124,F124,
59a6a80ce913c1ee51e35c213b85ca13bb78380df68a73fa1ceb164b84c647a6,2019-20,5,Jason,2,Robert Covington,robertcovington,final,11,18,1,final_snapshot,Robert Covington,D125,E125,F125,
59a6a80ce913c1ee51e35c213b85ca13bb78380df68a73fa1ceb164b84c647a6,2019-20,5,Jason,2,De'Aaron Fox,deaaronfox,final,12,11,1,final_snapshot,De'Aaron Fox,D126,E126,F126,
59a6a80ce913c1ee51e35c213b85ca13bb78380df68a73fa1ceb164b84c647a6,2019-20,5,Jason,2,Norman Powell,normanpowell,final,13,12,1,final_snapshot,Norman Powell,D127,E127,F127,
59a6a80ce913c1ee51e35c213b85ca13bb78380df68a73fa1ceb164b84c647a6,2019-20,5,Jason,2,Al Horford,alhorford,final,14,24,1,final_snapshot,Al Horford,D128,E128,F128,
59a6a80ce913c1ee51e35c213b85ca13bb78380df68a73fa1ceb164b84c647a6,2019-20,5,Jason,2,Serge Ibaka,sergeibaka,final,15,18,1,final_snapshot,Serge Ibaka,D129,E129,F129,
59a6a80ce913c1ee51e35c213b85ca13bb78380df68a73fa1ceb164b84c647a6,2019-20,5,Jason,2,Coby White,cobywhite,final,16,4,1,final_snapshot,Coby White,D130,E130,F130,
59a6a80ce913c1ee51e35c213b85ca13bb78380df68a73fa1ceb164b84c647a6,2019-20,5,Joe,15,Josh Richardson,joshrichardson,final,1,10,2,final_snapshot,Josh Richardson,D117,E117,F117,1.3 Peter
59a6a80ce913c1ee51e35c213b85ca13bb78380df68a73fa1ceb164b84c647a6,2019-20,5,Joe,15,Derrick Favors,derrickfavors,final,2,10,2,final_snapshot,Derrick Favors,D118,E118,F118,1.5 Ian
59a6a80ce913c1ee51e35c213b85ca13bb78380df68a73fa1ceb164b84c647a6,2019-20,5,Joe,15,Mike Conley,mikeconley,final,3,26,1,final_snapshot,Mike Conley,D119,E119,F119,1.4 Darren
59a6a80ce913c1ee51e35c213b85ca13bb78380df68a73fa1ceb164b84c647a6,2019-20,5,Joe,15,Ja Morant,jamorant,final,4,21,1,final_snapshot,Ja Morant,D120,E120,F120,1.1 Arthur
59a6a80ce913c1ee51e35c213b85ca13bb78380df68a73fa1ceb164b84c647a6,2019-20,5,Joe,15,Al Horford,alhorford,final,5,24,1,final_snapshot,Al Horford,D121,E121,F121,1.2 Brent
59a6a80ce913c1ee51e35c213b85ca13bb78380df68a73fa1ceb164b84c647a6,2019-20,5,Joe,15,Otto Porter Jr,ottoporterjr,final,6,28,1,final_snapshot,Otto Porter Jr.,D122,E122,F122,1.11 Benji
59a6a80ce913c1ee51e35c213b85ca13bb78380df68a73fa1ceb164b84c647a6,2019-20,5,Joe,15,Larry Nance Jr.,larrynancejr,final,7,10,1,final_snapshot,Larry Nance Jr.,D123,E123,F123,1.13 Darren
59a6a80ce913c1ee51e35c213b85ca13bb78380df68a73fa1ceb164b84c647a6,2019-20,5,Joe,15,Jeremy Lamb,jeremylamb,final,8,13,1,final_snapshot,Jeremy Lamb,D124,E124,F124,1.6 Benji
59a6a80ce913c1ee51e35c213b85ca13bb78380df68a73fa1ceb164b84c647a6,2019-20,5,Joe,15,Donte DiVincenzo,dontedivincenzo,final,9,0,0,final_snapshot,Donte  DiVincenzo,D125,E125,F125,1.12 Arthur
59a6a80ce913c1ee51e35c213b85ca13bb78380df68a73fa1ceb164b84c647a6,2019-20,5,Joe,15,Cameron Johnson,cameronjohnson,final,10,0,0,final_snapshot,Cameron Johnson,D126,E126,F126,
59a6a80ce913c1ee51e35c213b85ca13bb78380df68a73fa1ceb164b84c647a6,2019-20,5,Joe,15,Collin Sexton,collinsexton,final,11,11,1,final_snapshot,Collin Sexton,D127,E127,F127,1.9 Peter
59a6a80ce913c1ee51e35c213b85ca13bb78380df68a73fa1ceb164b84c647a6,2019-20,5,Joe,15,Joe Harris,joeharris,final,12,11,1,final_snapshot,Joe Harris,D128,E128,F128,1.8 Brent
59a6a80ce913c1ee51e35c213b85ca13bb78380df68a73fa1ceb164b84c647a6,2019-20,5,Joe,15,Davis Bertans,davisbertans,final,13,8,1,final_snapshot,Davis Bertans,D129,E129,F129,1.10 Darren
59a6a80ce913c1ee51e35c213b85ca13bb78380df68a73fa1ceb164b84c647a6,2019-20,5,Joe,15,Dennis Schroder,dennisschroder,final,14,5,1,final_snapshot,Dennis Schroder,D130,E130,F130,1.7 Arthur
59a6a80ce913c1ee51e35c213b85ca13bb78380df68a73fa1ceb164b84c647a6,2019-20,5,Joe,15,Isaiah Hartenstein,isaiahhartenstein,final,15,0,0,final_snapshot,Isaiah Hartenstein,D131,E131,F131,
59a6a80ce913c1ee51e35c213b85ca13bb78380df68a73fa1ceb164b84c647a6,2019-20,5,Kerry,3,John Collins,johncollins,final,1,18,2,final_snapshot,John Collins,D118,E118,F118,
59a6a80ce913c1ee51e35c213b85ca13bb78380df68a73fa1ceb164b84c647a6,2019-20,5,Kerry,3,Trae Young,traeyoung,final,2,7,2,final_snapshot,Trae Young,D119,E119,F119,
59a6a80ce913c1ee51e35c213b85ca13bb78380df68a73fa1ceb164b84c647a6,2019-20,5,Kerry,3,Hassan Whiteside,hassanwhiteside,final,3,10,1,final_snapshot,Hassan Whiteside,D120,E120,F120,
59a6a80ce913c1ee51e35c213b85ca13bb78380df68a73fa1ceb164b84c647a6,2019-20,5,Kerry,3,Tobias Harris,tobiasharris,final,4,26,1,final_snapshot,Tobias Harris,D121,E121,F121,
59a6a80ce913c1ee51e35c213b85ca13bb78380df68a73fa1ceb164b84c647a6,2019-20,5,Kerry,3,Eric Bledsoe,ericbledsoe,final,5,18,1,final_snapshot,Eric Bledsoe,D122,E122,F122,
59a6a80ce913c1ee51e35c213b85ca13bb78380df68a73fa1ceb164b84c647a6,2019-20,5,Kerry,3,Devin Booker,devinbooker,final,6,24,1,final_snapshot,Devin Booker,D123,E123,F123,
59a6a80ce913c1ee51e35c213b85ca13bb78380df68a73fa1ceb164b84c647a6,2019-20,5,Kerry,3,Andre Drummond,andredrummond,final,7,30,1,final_snapshot,Andre Drummond,D124,E124,F124,
59a6a80ce913c1ee51e35c213b85ca13bb78380df68a73fa1ceb164b84c647a6,2019-20,5,Kerry,3,Brandon Ingram,brandoningram,final,8,10,1,final_snapshot,Brandon Ingram,D125,E125,F125,
59a6a80ce913c1ee51e35c213b85ca13bb78380df68a73fa1ceb164b84c647a6,2019-20,5,Kerry,3,Chris Paul,chrispaul,final,9,22,1,final_snapshot,Chris Paul,D126,E126,F126,
59a6a80ce913c1ee51e35c213b85ca13bb78380df68a73fa1ceb164b84c647a6,2019-20,5,Kerry,3,Rudy Gobert,rudygobert,final,10,39,1,final_snapshot,Rudy Gobert,D127,E127,F127,
59a6a80ce913c1ee51e35c213b85ca13bb78380df68a73fa1ceb164b84c647a6,2019-20,5,Kerry,3,Jamal Murray,jamalmurray,final,11,18,1,final_snapshot,Jamal Murray,D128,E128,F128,
59a6a80ce913c1ee51e35c213b85ca13bb78380df68a73fa1ceb164b84c647a6,2019-20,5,Kerry,3,Lonzo Ball,lonzoball,final,12,9,1,final_snapshot,Lonzo Ball,D129,E129,F129,
59a6a80ce913c1ee51e35c213b85ca13bb78380df68a73fa1ceb164b84c647a6,2019-20,5,Kerry,3,CJ McCollum,cjmccollum,final,13,24,1,final_snapshot,CJ McCollum,D130,E130,F130,
59a6a80ce913c1ee51e35c213b85ca13bb78380df68a73fa1ceb164b84c647a6,2019-20,5,Kerry,3,Davis Bertans,davisbertans,final,14,8,1,final_snapshot,Davis Bertans,D131,E131,F131,
59a6a80ce913c1ee51e35c213b85ca13bb78380df68a73fa1ceb164b84c647a6,2019-20,5,Kerry,3,Mikal Bridges,mikalbridges,final,15,9,1,final_snapshot,Mikal Bridges,D132,E132,F132,
59a6a80ce913c1ee51e35c213b85ca13bb78380df68a73fa1ceb164b84c647a6,2019-20,5,Mark,9,LeBron James,lebronjames,final,1,58,3,final_snapshot,LeBron James,D116,E116,F116,7.1 Ron
59a6a80ce913c1ee51e35c213b85ca13bb78380df68a73fa1ceb164b84c647a6,2019-20,5,Mark,9,Andre Drummond,andredrummond,final,2,30,2,final_snapshot,Andre Drummond,D117,E117,F117,7.2 Kerry
59a6a80ce913c1ee51e35c213b85ca13bb78380df68a73fa1ceb164b84c647a6,2019-20,5,Mark,9,Jamal Murray,jamalmurray,final,3,18,1,final_snapshot,Jamal Murray,D118,E118,F118,7.5 Max
59a6a80ce913c1ee51e35c213b85ca13bb78380df68a73fa1ceb164b84c647a6,2019-20,5,Mark,9,Lauri Markkanen,laurimarkkanen,final,4,20,1,final_snapshot,Lauri Markkanen,D119,E119,F119,
59a6a80ce913c1ee51e35c213b85ca13bb78380df68a73fa1ceb164b84c647a6,2019-20,5,Mark,9,Lou Williams,louwilliams,final,5,9,1,final_snapshot,Lou Williams,D120,E120,F120,7.8 Kerry
59a6a80ce913c1ee51e35c213b85ca13bb78380df68a73fa1ceb164b84c647a6,2019-20,5,Mark,9,Ben Simmons,bensimmons,final,6,30,1,final_snapshot,Ben Simmons,D121,E121,F121,7.3 Peter
59a6a80ce913c1ee51e35c213b85ca13bb78380df68a73fa1ceb164b84c647a6,2019-20,5,Mark,9,Robert Covington,robertcovington,final,7,18,1,final_snapshot,Robert Covington,D122,E122,F122,7.6 Ron
59a6a80ce913c1ee51e35c213b85ca13bb78380df68a73fa1ceb164b84c647a6,2019-20,5,Mark,9,Jrue Holiday,jrueholiday,final,8,20,1,final_snapshot,Jrue Holiday,D123,E123,F123,7.4 Arthur
59a6a80ce913c1ee51e35c213b85ca13bb78380df68a73fa1ceb164b84c647a6,2019-20,5,Mark,9,Evan Fournier,evanfournier,final,9,8,1,final_snapshot,Evan Fournier,D124,E124,F124,7.6 Darren
59a6a80ce913c1ee51e35c213b85ca13bb78380df68a73fa1ceb164b84c647a6,2019-20,5,Mark,9,Kendrick Nunn,kendricknunn,final,10,0,0,final_snapshot,Kendrick Nunn,D125,E125,F125,7.9 Peter
59a6a80ce913c1ee51e35c213b85ca13bb78380df68a73fa1ceb164b84c647a6,2019-20,5,Mark,9,John Wall,johnwall,final,11,2,1,final_snapshot,John Wall,D126,E126,F126,
59a6a80ce913c1ee51e35c213b85ca13bb78380df68a73fa1ceb164b84c647a6,2019-20,5,Mark,9,Dillon Brooks,dillonbrooks,final,12,1,1,final_snapshot,Dillon Brooks,D127,E127,F127,FA-1 Ron
59a6a80ce913c1ee51e35c213b85ca13bb78380df68a73fa1ceb164b84c647a6,2019-20,5,Mark,9,Marcus Smart,marcussmart,final,13,5,1,final_snapshot,Marcus Smart,D128,E128,F128,
59a6a80ce913c1ee51e35c213b85ca13bb78380df68a73fa1ceb164b84c647a6,2019-20,5,Mark,9,Duncan Robinson,duncanrobinson,final,14,0,0,final_snapshot,Duncan Robinson,D129,E129,F129,FA-2 Ron
59a6a80ce913c1ee51e35c213b85ca13bb78380df68a73fa1ceb164b84c647a6,2019-20,5,Mark,9,Eric Paschall,ericpaschall,final,15,0,0,final_snapshot,Eric Paschall,D130,E130,F130,
59a6a80ce913c1ee51e35c213b85ca13bb78380df68a73fa1ceb164b84c647a6,2019-20,5,Mark,9,Carmelo Anthony,carmeloanthony,final,16,0,0,final_snapshot,Carmelo Anthony,D131,E131,F131,
59a6a80ce913c1ee51e35c213b85ca13bb78380df68a73fa1ceb164b84c647a6,2019-20,5,Max,6,De'Aaron Fox,deaaronfox,final,1,11,4,final_snapshot,De'Aaron Fox,D118,E118,F118,
59a6a80ce913c1ee51e35c213b85ca13bb78380df68a73fa1ceb164b84c647a6,2019-20,5,Max,6,D'Angelo Russell,dangelorussell,final,2,17,1,final_snapshot,D'Angelo Russell,D119,E119,F119,10.4 Peter
59a6a80ce913c1ee51e35c213b85ca13bb78380df68a73fa1ceb164b84c647a6,2019-20,5,Max,6,Kawhi Leonard,kawhileonard,final,3,53,1,final_snapshot,Kawhi Leonard,D120,E120,F120,10.1 Alvin
59a6a80ce913c1ee51e35c213b85ca13bb78380df68a73fa1ceb164b84c647a6,2019-20,5,Max,6,Russell Westbrook,russellwestbrook,final,4,32,1,final_snapshot,Russell Westbrook,D121,E121,F121,10.2 Arthur
59a6a80ce913c1ee51e35c213b85ca13bb78380df68a73fa1ceb164b84c647a6,2019-20,5,Max,6,Hassan Whiteside,hassanwhiteside,final,5,10,1,final_snapshot,Hassan Whiteside,D122,E122,F122,10.3 Kerry
59a6a80ce913c1ee51e35c213b85ca13bb78380df68a73fa1ceb164b84c647a6,2019-20,5,Max,6,Rudy Gobert,rudygobert,final,6,39,1,final_snapshot,Rudy Gobert,D123,E123,F123,10.8 Kerry
59a6a80ce913c1ee51e35c213b85ca13bb78380df68a73fa1ceb164b84c647a6,2019-20,5,Max,6,DeMar DeRozan,demarderozan,final,7,26,1,final_snapshot,DeMar DeRozan,D124,E124,F124,10.5 Jason
59a6a80ce913c1ee51e35c213b85ca13bb78380df68a73fa1ceb164b84c647a6,2019-20,5,Max,6,Pascal Siakam,pascalsiakam,final,8,7,1,final_snapshot,Pascal Siakam,D125,E125,F125,10.6 Alvin
59a6a80ce913c1ee51e35c213b85ca13bb78380df68a73fa1ceb164b84c647a6,2019-20,5,Max,6,Devonte' Graham,devontegraham,final,9,0,0,final_snapshot,Devonte' Graham,D126,E126,F126,
59a6a80ce913c1ee51e35c213b85ca13bb78380df68a73fa1ceb164b84c647a6,2019-20,5,Max,6,Kemba Walker,kembawalker,final,10,37,1,final_snapshot,Kemba Walker,D127,E127,F127,10.10 Arthur
59a6a80ce913c1ee51e35c213b85ca13bb78380df68a73fa1ceb164b84c647a6,2019-20,5,Max,6,Spencer Dinwiddie,spencerdinwiddie,final,11,10,1,final_snapshot,Spencer Dinwiddie,D128,E128,F128,
59a6a80ce913c1ee51e35c213b85ca13bb78380df68a73fa1ceb164b84c647a6,2019-20,5,Max,6,Jamal Murray,jamalmurray,final,12,18,1,final_snapshot,Jamal Murray,D129,E129,F129,10.11 Kerry
59a6a80ce913c1ee51e35c213b85ca13bb78380df68a73fa1ceb164b84c647a6,2019-20,5,Max,6,Lou Williams,louwilliams,final,13,9,1,final_snapshot,Lou Williams,D130,E130,F130,10.9 Peter
59a6a80ce913c1ee51e35c213b85ca13bb78380df68a73fa1ceb164b84c647a6,2019-20,5,Max,6,Al Horford,alhorford,final,14,24,1,final_snapshot,Al Horford,D131,E131,F131,
59a6a80ce913c1ee51e35c213b85ca13bb78380df68a73fa1ceb164b84c647a6,2019-20,5,Max,6,Paul George,paulgeorge,final,15,45,1,final_snapshot,Paul George,D132,E132,F132,10.7 Arthur
59a6a80ce913c1ee51e35c213b85ca13bb78380df68a73fa1ceb164b84c647a6,2019-20,5,Max,6,Derrick Favors,derrickfavors,final,16,10,1,final_snapshot,Derrick Favors,D133,E133,F133,
59a6a80ce913c1ee51e35c213b85ca13bb78380df68a73fa1ceb164b84c647a6,2019-20,5,Peter,5,Nikola Jokic,nikolajokic,final,1,40,4,final_snapshot,Nikola Jokic,D117,E117,F117,
59a6a80ce913c1ee51e35c213b85ca13bb78380df68a73fa1ceb164b84c647a6,2019-20,5,Peter,5,Buddy Hield,buddyhield,final,2,11,2,final_snapshot,Buddy Hield,D118,E118,F118,
59a6a80ce913c1ee51e35c213b85ca13bb78380df68a73fa1ceb164b84c647a6,2019-20,5,Peter,5,D'Angelo Russell,dangelorussell,final,3,17,1,final_snapshot,D'Angelo Russell,D119,E119,F119,
59a6a80ce913c1ee51e35c213b85ca13bb78380df68a73fa1ceb164b84c647a6,2019-20,5,Peter,5,Jonas Valanciunas,jonasvalanciunas,final,4,20,1,final_snapshot,Jonas Valanciunas,D120,E120,F120,
59a6a80ce913c1ee51e35c213b85ca13bb78380df68a73fa1ceb164b84c647a6,2019-20,5,Peter,5,LaMarcus Aldridge,lamarcusaldridge,final,5,30,1,final_snapshot,LaMarcus Aldridge,D121,E121,F121,
59a6a80ce913c1ee51e35c213b85ca13bb78380df68a73fa1ceb164b84c647a6,2019-20,5,Peter,5,Devonte' Graham,devontegraham,final,6,0,0,final_snapshot,Devonte' Graham,D122,E122,F122,
59a6a80ce913c1ee51e35c213b85ca13bb78380df68a73fa1ceb164b84c647a6,2019-20,5,Peter,5,Marcus Smart,marcussmart,final,7,5,1,final_snapshot,Marcus Smart,D123,E123,F123,
59a6a80ce913c1ee51e35c213b85ca13bb78380df68a73fa1ceb164b84c647a6,2019-20,5,Peter,5,Danilo Gallinari,danilogallinari,final,8,19,1,final_snapshot,Danilo Gallinari,D124,E124,F124,
59a6a80ce913c1ee51e35c213b85ca13bb78380df68a73fa1ceb164b84c647a6,2019-20,5,Peter,5,Ja Morant,jamorant,final,9,21,1,final_snapshot,Ja Morant,D125,E125,F125,
59a6a80ce913c1ee51e35c213b85ca13bb78380df68a73fa1ceb164b84c647a6,2019-20,5,Peter,5,Brook Lopez,brooklopez,final,10,23,1,final_snapshot,Brook Lopez,D126,E126,F126,
59a6a80ce913c1ee51e35c213b85ca13bb78380df68a73fa1ceb164b84c647a6,2019-20,5,Peter,5,Kevin Durant,kevindurant,final,11,18,1,final_snapshot,Kevin Durant,D127,E127,F127,
59a6a80ce913c1ee51e35c213b85ca13bb78380df68a73fa1ceb164b84c647a6,2019-20,5,Peter,5,Collin Sexton,collinsexton,final,12,11,1,final_snapshot,Collin Sexton,D128,E128,F128,
59a6a80ce913c1ee51e35c213b85ca13bb78380df68a73fa1ceb164b84c647a6,2019-20,5,Peter,5,Dennis Schroder,dennisschroder,final,13,5,1,final_snapshot,Dennis Schroder,D129,E129,F129,
59a6a80ce913c1ee51e35c213b85ca13bb78380df68a73fa1ceb164b84c647a6,2019-20,5,Peter,5,Spencer Dinwiddie,spencerdinwiddie,final,14,10,1,final_snapshot,Spencer Dinwiddie,D130,E130,F130,
59a6a80ce913c1ee51e35c213b85ca13bb78380df68a73fa1ceb164b84c647a6,2019-20,5,Peter,5,Daniel Theis,danieltheis,final,15,0,0,final_snapshot,Daniel Theis,D131,E131,F131,
59a6a80ce913c1ee51e35c213b85ca13bb78380df68a73fa1ceb164b84c647a6,2019-20,5,Peter,5,Dillon Brooks,dillonbrooks,final,16,1,1,final_snapshot,Dillon Brooks,D132,E132,F132,
59a6a80ce913c1ee51e35c213b85ca13bb78380df68a73fa1ceb164b84c647a6,2019-20,5,Ron,8,Karl-Anthony Towns,karlanthonytowns,final,1,40,5,final_snapshot,Karl-Anthony Towns,D118,E118,F118,8.1 Jason
59a6a80ce913c1ee51e35c213b85ca13bb78380df68a73fa1ceb164b84c647a6,2019-20,5,Ron,8,Pascal Siakam,pascalsiakam,final,2,7,2,final_snapshot,Pascal Siakam,D119,E119,F119,8.2 Max
59a6a80ce913c1ee51e35c213b85ca13bb78380df68a73fa1ceb164b84c647a6,2019-20,5,Ron,8,Lonzo Ball,lonzoball,final,3,9,1,final_snapshot,Lonzo Ball,D120,E120,F120,
59a6a80ce913c1ee51e35c213b85ca13bb78380df68a73fa1ceb164b84c647a6,2019-20,5,Ron,8,Domantas Sabonis,domantassabonis,final,4,16,1,final_snapshot,Domantas Sabonis,D121,E121,F121,8.4 Arthur
59a6a80ce913c1ee51e35c213b85ca13bb78380df68a73fa1ceb164b84c647a6,2019-20,5,Ron,8,Ricky Rubio,rickyrubio,final,5,13,1,final_snapshot,Ricky Rubio,D122,E122,F122,
59a6a80ce913c1ee51e35c213b85ca13bb78380df68a73fa1ceb164b84c647a6,2019-20,5,Ron,8,LeBron James,lebronjames,final,6,58,1,final_snapshot,LeBron James,D123,E123,F123,8.3 Alvin
59a6a80ce913c1ee51e35c213b85ca13bb78380df68a73fa1ceb164b84c647a6,2019-20,5,Ron,8,Tomas Satoransky,tomassatoransky,final,7,10,1,final_snapshot,Tomas Satoransky,D124,E124,F124,FA-1 Jason
59a6a80ce913c1ee51e35c213b85ca13bb78380df68a73fa1ceb164b84c647a6,2019-20,5,Ron,8,Malcolm Brogdon,malcolmbrogdon,final,8,25,1,final_snapshot,Malcolm Brogdon,D125,E125,F125,8.6 Darren
59a6a80ce913c1ee51e35c213b85ca13bb78380df68a73fa1ceb164b84c647a6,2019-20,5,Ron,8,Kemba Walker,kembawalker,final,9,37,1,final_snapshot,Kemba Walker,D126,E126,F126,8.5 Darren
59a6a80ce913c1ee51e35c213b85ca13bb78380df68a73fa1ceb164b84c647a6,2019-20,5,Ron,8,Robert Covington,robertcovington,final,10,18,1,final_snapshot,Robert Covington,D127,E127,F127,FA-3 Jason
59a6a80ce913c1ee51e35c213b85ca13bb78380df68a73fa1ceb164b84c647a6,2019-20,5,Ron,8,Richaun Holmes,richaunholmes,final,11,0,0,final_snapshot,Richaun Holmes,D128,E128,F128,FA-2 Jason
59a6a80ce913c1ee51e35c213b85ca13bb78380df68a73fa1ceb164b84c647a6,2019-20,5,Ron,8,Ja Morant,jamorant,final,12,21,1,final_snapshot,Ja Morant,D129,E129,F129,8.6 Peter
59a6a80ce913c1ee51e35c213b85ca13bb78380df68a73fa1ceb164b84c647a6,2019-20,5,Ron,8,JJ Redick,jjredick,final,13,11,1,final_snapshot,JJ Redick,D130,E130,F130,
59a6a80ce913c1ee51e35c213b85ca13bb78380df68a73fa1ceb164b84c647a6,2019-20,5,Ron,8,Thaddeus Young,thaddeusyoung,final,14,8,1,final_snapshot,Thaddeus Young,D131,E131,F131,
59a6a80ce913c1ee51e35c213b85ca13bb78380df68a73fa1ceb164b84c647a6,2019-20,5,Ron,8,Danuel House Jr.,danuelhousejr,final,15,1,1,final_snapshot,Danuel House Jr.,D132,E132,F132,
59a6a80ce913c1ee51e35c213b85ca13bb78380df68a73fa1ceb164b84c647a6,2019-20,5,Ron,8,Eric Gordon,ericgordon,final,16,8,1,final_snapshot,Eric Gordon,D133,E133,F133,
59a6a80ce913c1ee51e35c213b85ca13bb78380df68a73fa1ceb164b84c647a6,2018-19,4,Alvin,5,Giannis Antetokounmpo,giannisantetokounmpo,final,1,22,4,final_snapshot,Giannis Antetokounmpo,D138,E138,F138,11.1 Peter
59a6a80ce913c1ee51e35c213b85ca13bb78380df68a73fa1ceb164b84c647a6,2018-19,4,Alvin,5,Donovan Mitchell,donovanmitchell,final,2,5,2,final_snapshot,Donovan Mitchell,D139,E139,F139,11.9 Peter
59a6a80ce913c1ee51e35c213b85ca13bb78380df68a73fa1ceb164b84c647a6,2018-19,4,Alvin,5,Bradley Beal,bradleybeal,final,3,19,1,final_snapshot,Bradley Beal,D140,E140,F140,11.2 Arthur
59a6a80ce913c1ee51e35c213b85ca13bb78380df68a73fa1ceb164b84c647a6,2018-19,4,Alvin,5,Mike Conley,mikeconley,final,4,26,1,final_snapshot,Mike Conley,D141,E141,F141,11.7 Jason
59a6a80ce913c1ee51e35c213b85ca13bb78380df68a73fa1ceb164b84c647a6,2018-19,4,Alvin,5,Damian Lillard,damianlillard,final,5,44,1,final_snapshot,Damian Lillard,D142,E142,F142,11.3 Jason
59a6a80ce913c1ee51e35c213b85ca13bb78380df68a73fa1ceb164b84c647a6,2018-19,4,Alvin,5,Kyrie Irving,kyrieirving,final,6,28,1,final_snapshot,Kyrie Irving,D143,E143,F143,11.4 Ian
59a6a80ce913c1ee51e35c213b85ca13bb78380df68a73fa1ceb164b84c647a6,2018-19,4,Alvin,5,Pascal Siakam,pascalsiakam,final,7,6,1,final_snapshot,Pascal Siakim,D144,E144,F144,11.10 Arthur
59a6a80ce913c1ee51e35c213b85ca13bb78380df68a73fa1ceb164b84c647a6,2018-19,4,Alvin,5,Myles Turner,mylesturner,final,8,26,1,final_snapshot,Myles Turner,D145,E145,F145,11.8 Ian
59a6a80ce913c1ee51e35c213b85ca13bb78380df68a73fa1ceb164b84c647a6,2018-19,4,Alvin,5,LeBron James,lebronjames,final,9,55,1,final_snapshot,LeBron James,D146,E146,F146,11.5 Peter
59a6a80ce913c1ee51e35c213b85ca13bb78380df68a73fa1ceb164b84c647a6,2018-19,4,Alvin,5,Danilo Gallinari,danilogallinari,final,10,11,1,final_snapshot,Danilo Gallinari,D147,E147,F147,
59a6a80ce913c1ee51e35c213b85ca13bb78380df68a73fa1ceb164b84c647a6,2018-19,4,Alvin,5,Serge Ibaka,sergeibaka,final,11,10,1,final_snapshot,Serge Ibaka,D148,E148,F148,
59a6a80ce913c1ee51e35c213b85ca13bb78380df68a73fa1ceb164b84c647a6,2018-19,4,Alvin,5,Jarrett Allen,jarrettallen,final,12,24,1,final_snapshot,Jarrett Allen,D149,E149,F149,11.11 Ian
59a6a80ce913c1ee51e35c213b85ca13bb78380df68a73fa1ceb164b84c647a6,2018-19,4,Alvin,5,Clint Capela,clintcapela,final,13,31,1,final_snapshot,Clint Capela,D150,E150,F150,11.6 Arthur
59a6a80ce913c1ee51e35c213b85ca13bb78380df68a73fa1ceb164b84c647a6,2018-19,4,Alvin,5,Jabari Parker,jabariparker,final,14,7,1,final_snapshot,Jabari Parker,D151,E151,F151,
59a6a80ce913c1ee51e35c213b85ca13bb78380df68a73fa1ceb164b84c647a6,2018-19,4,Alvin,5,Eric Gordon,ericgordon,final,15,5,1,final_snapshot,Eric Gordon,D152,E152,F152,
59a6a80ce913c1ee51e35c213b85ca13bb78380df68a73fa1ceb164b84c647a6,2018-19,4,Arthur,1,Joel Embiid,joelembiid,final,1,20,3,final_snapshot,Joel Embiid,D138,E138,F138,
59a6a80ce913c1ee51e35c213b85ca13bb78380df68a73fa1ceb164b84c647a6,2018-19,4,Arthur,1,Anthony Davis,anthonydavis,final,2,57,2,final_snapshot,Anthony Davis,D139,E139,F139,
59a6a80ce913c1ee51e35c213b85ca13bb78380df68a73fa1ceb164b84c647a6,2018-19,4,Arthur,1,Giannis Antetokounmpo,giannisantetokounmpo,final,3,22,1,final_snapshot,Giannis Antetokounmpo,D140,E140,F140,
59a6a80ce913c1ee51e35c213b85ca13bb78380df68a73fa1ceb164b84c647a6,2018-19,4,Arthur,1,Bradley Beal,bradleybeal,final,4,19,1,final_snapshot,Bradley Beal,D141,E141,F141,
59a6a80ce913c1ee51e35c213b85ca13bb78380df68a73fa1ceb164b84c647a6,2018-19,4,Arthur,1,Stephen Curry,stephencurry,final,5,67,1,final_snapshot,Stephen Curry,D142,E142,F142,
59a6a80ce913c1ee51e35c213b85ca13bb78380df68a73fa1ceb164b84c647a6,2018-19,4,Arthur,1,De'Aaron Fox,deaaronfox,final,6,8,1,final_snapshot,De'Aaron Fox,D143,E143,F143,
59a6a80ce913c1ee51e35c213b85ca13bb78380df68a73fa1ceb164b84c647a6,2018-19,4,Arthur,1,Kevin Durant,kevindurant,final,7,66,1,final_snapshot,Kevin Durant,D144,E144,F144,
59a6a80ce913c1ee51e35c213b85ca13bb78380df68a73fa1ceb164b84c647a6,2018-19,4,Arthur,1,Rudy Gobert,rudygobert,final,8,27,1,final_snapshot,Rudy Gobert,D145,E145,F145,
59a6a80ce913c1ee51e35c213b85ca13bb78380df68a73fa1ceb164b84c647a6,2018-19,4,Arthur,1,Jrue Holiday,jrueholiday,final,9,19,1,final_snapshot,Jrue Holiday,D146,E146,F146,
59a6a80ce913c1ee51e35c213b85ca13bb78380df68a73fa1ceb164b84c647a6,2018-19,4,Arthur,1,Kyrie Irving,kyrieirving,final,10,28,1,final_snapshot,Kyrie Irving,D147,E147,F147,
59a6a80ce913c1ee51e35c213b85ca13bb78380df68a73fa1ceb164b84c647a6,2018-19,4,Arthur,1,Nikola Jokic,nikolajokic,final,11,34,1,final_snapshot,Nikola Jokic,D148,E148,F148,
59a6a80ce913c1ee51e35c213b85ca13bb78380df68a73fa1ceb164b84c647a6,2018-19,4,Arthur,1,Kawhi Leonard,kawhileonard,final,12,65,1,final_snapshot,Kawhi Leonard,D149,E149,F149,
59a6a80ce913c1ee51e35c213b85ca13bb78380df68a73fa1ceb164b84c647a6,2018-19,4,Arthur,1,Mitchell Robinson,mitchellrobinson,final,13,3,1,final_snapshot,Mitchell Robinson,D150,E150,F150,
59a6a80ce913c1ee51e35c213b85ca13bb78380df68a73fa1ceb164b84c647a6,2018-19,4,Arthur,1,Pascal Siakam,pascalsiakam,final,14,6,1,final_snapshot,Pascal Siakim,D151,E151,F151,
59a6a80ce913c1ee51e35c213b85ca13bb78380df68a73fa1ceb164b84c647a6,2018-19,4,Arthur,1,Nikola Vucevic,nikolavucevic,final,15,18,1,final_snapshot,Nikola Vucevic,D152,E152,F152,
59a6a80ce913c1ee51e35c213b85ca13bb78380df68a73fa1ceb164b84c647a6,2018-19,4,Benji,13,Jayson Tatum,jaysontatum,final,1,6,2,final_snapshot,Jayson Tatum,D133,E133,F133,3.3 Peter
59a6a80ce913c1ee51e35c213b85ca13bb78380df68a73fa1ceb164b84c647a6,2018-19,4,Benji,13,Josh Richardson,joshrichardson,final,2,9,2,final_snapshot,Josh Richardson,D134,E134,F134,3.1 Ron
59a6a80ce913c1ee51e35c213b85ca13bb78380df68a73fa1ceb164b84c647a6,2018-19,4,Benji,13,Rudy Gobert,rudygobert,final,3,27,1,final_snapshot,Rudy Gobert,D135,E135,F135,3.2 Josh
59a6a80ce913c1ee51e35c213b85ca13bb78380df68a73fa1ceb164b84c647a6,2018-19,4,Benji,13,D'Angelo Russell,dangelorussell,final,4,16,1,final_snapshot,D'Angelo Russell,D136,E136,F136,3.4 Jason
59a6a80ce913c1ee51e35c213b85ca13bb78380df68a73fa1ceb164b84c647a6,2018-19,4,Benji,13,Taurean Prince,taureanprince,final,5,20,1,final_snapshot,Taurean Prince,D137,E137,F137,3.6 Josh
59a6a80ce913c1ee51e35c213b85ca13bb78380df68a73fa1ceb164b84c647a6,2018-19,4,Benji,13,Trae Young,traeyoung,final,6,6,1,final_snapshot,Trae Young,D138,E138,F138,FA-1 Arthur
59a6a80ce913c1ee51e35c213b85ca13bb78380df68a73fa1ceb164b84c647a6,2018-19,4,Benji,13,Joe Harris,joeharris,final,7,5,1,final_snapshot,Joe Harris,D139,E139,F139,FA-2 Alvin
59a6a80ce913c1ee51e35c213b85ca13bb78380df68a73fa1ceb164b84c647a6,2018-19,4,Benji,13,Hassan Whiteside,hassanwhiteside,final,8,18,1,final_snapshot,Hassan Whiteside,D140,E140,F140,3.5 Max
59a6a80ce913c1ee51e35c213b85ca13bb78380df68a73fa1ceb164b84c647a6,2018-19,4,Benji,13,Tristan Thompson,tristanthompson,final,9,0,0,final_snapshot,Tristan Thompson,D141,E141,F141,
59a6a80ce913c1ee51e35c213b85ca13bb78380df68a73fa1ceb164b84c647a6,2018-19,4,Benji,13,Bam Adebayo,bamadebayo,final,10,2,1,final_snapshot,Bam Adebayo,D142,E142,F142,FA-3 Alvin
59a6a80ce913c1ee51e35c213b85ca13bb78380df68a73fa1ceb164b84c647a6,2018-19,4,Benji,13,Jaylen Brown,jaylenbrown,final,11,4,1,final_snapshot,Jaylen Brown,D143,E143,F143,
59a6a80ce913c1ee51e35c213b85ca13bb78380df68a73fa1ceb164b84c647a6,2018-19,4,Benji,13,Jonathan Isaac,jonathanisaac,final,12,25,1,final_snapshot,Jonathan Isaac,D144,E144,F144,
59a6a80ce913c1ee51e35c213b85ca13bb78380df68a73fa1ceb164b84c647a6,2018-19,4,Benji,13,Kevin Knox II,kevinknoxii,final,13,9,1,final_snapshot,Kevin Knox,D145,E145,F145,
59a6a80ce913c1ee51e35c213b85ca13bb78380df68a73fa1ceb164b84c647a6,2018-19,4,Benji,13,Cedi Osman,cediosman,final,14,3,1,final_snapshot,Cedi Osman,D146,E146,F146,
59a6a80ce913c1ee51e35c213b85ca13bb78380df68a73fa1ceb164b84c647a6,2018-19,4,Benji,13,Michael Porter Jr.,michaelporterjr,final,15,1,1,final_snapshot,Michael Porter Jr. ,D147,E147,F147,
59a6a80ce913c1ee51e35c213b85ca13bb78380df68a73fa1ceb164b84c647a6,2018-19,4,Brent,7,Kyrie Irving,kyrieirving,final,1,28,2,final_snapshot,Kyrie Irving,D138,E138,F138,9.1 Alvin
59a6a80ce913c1ee51e35c213b85ca13bb78380df68a73fa1ceb164b84c647a6,2018-19,4,Brent,7,De'Aaron Fox,deaaronfox,final,2,8,1,final_snapshot,De'Aaron Fox,D139,E139,F139,9.4 Graham
59a6a80ce913c1ee51e35c213b85ca13bb78380df68a73fa1ceb164b84c647a6,2018-19,4,Brent,7,Russell Westbrook,russellwestbrook,final,3,47,1,final_snapshot,Russell Westbrook,D140,E140,F140,9.3 Ian
59a6a80ce913c1ee51e35c213b85ca13bb78380df68a73fa1ceb164b84c647a6,2018-19,4,Brent,7,Jimmy Butler,jimmybutler,final,4,32,1,final_snapshot,Jimmy Butler,D141,E141,F141,9.5 Jason
59a6a80ce913c1ee51e35c213b85ca13bb78380df68a73fa1ceb164b84c647a6,2018-19,4,Brent,7,Josh Richardson,joshrichardson,final,5,9,1,final_snapshot,Josh Richardson,D142,E142,F142,
59a6a80ce913c1ee51e35c213b85ca13bb78380df68a73fa1ceb164b84c647a6,2018-19,4,Brent,7,DeAndre Jordan,deandrejordan,final,6,10,1,final_snapshot,DeAndre Jordan,D143,E143,F143,9.9 Graham
59a6a80ce913c1ee51e35c213b85ca13bb78380df68a73fa1ceb164b84c647a6,2018-19,4,Brent,7,Nikola Vucevic,nikolavucevic,final,7,18,1,final_snapshot,Nikola Vucevic,D144,E144,F144,9.2 Arthur
59a6a80ce913c1ee51e35c213b85ca13bb78380df68a73fa1ceb164b84c647a6,2018-19,4,Brent,7,Brook Lopez,brooklopez,final,8,16,1,final_snapshot,Brook Lopez,D145,E145,F145,9.7 Arthur
59a6a80ce913c1ee51e35c213b85ca13bb78380df68a73fa1ceb164b84c647a6,2018-19,4,Brent,7,Aaron Gordon,aarongordon,final,9,19,1,final_snapshot,Aaron Gordon,D146,E146,F146,FA-1 Ian
59a6a80ce913c1ee51e35c213b85ca13bb78380df68a73fa1ceb164b84c647a6,2018-19,4,Brent,7,Rudy Gay,rudygay,final,10,8,1,final_snapshot,Rudy Gay,D147,E147,F147,
59a6a80ce913c1ee51e35c213b85ca13bb78380df68a73fa1ceb164b84c647a6,2018-19,4,Brent,7,Domantas Sabonis,domantassabonis,final,11,10,1,final_snapshot,Domantas Sabonis,D148,E148,F148,9.10 Arthur
59a6a80ce913c1ee51e35c213b85ca13bb78380df68a73fa1ceb164b84c647a6,2018-19,4,Brent,7,Robert Covington,robertcovington,final,12,14,1,final_snapshot,Robert Covington,D149,E149,F149,
59a6a80ce913c1ee51e35c213b85ca13bb78380df68a73fa1ceb164b84c647a6,2018-19,4,Brent,7,Chris Paul,chrispaul,final,13,49,1,final_snapshot,Chris Paul,D150,E150,F150,9.6 Peter
59a6a80ce913c1ee51e35c213b85ca13bb78380df68a73fa1ceb164b84c647a6,2018-19,4,Brent,7,Hassan Whiteside,hassanwhiteside,final,14,18,1,final_snapshot,Hassan Whiteside,D151,E151,F151,9.8 Ian
59a6a80ce913c1ee51e35c213b85ca13bb78380df68a73fa1ceb164b84c647a6,2018-19,4,Brent,7,Danny Green,dannygreen,final,15,2,1,final_snapshot,Danny Green,D152,E152,F152,
59a6a80ce913c1ee51e35c213b85ca13bb78380df68a73fa1ceb164b84c647a6,2018-19,4,Darren,15,Kristaps Porzingis,kristapsporzingis,final,1,12,4,final_snapshot,Kristaps Porzingis,D138,E138,F138,
59a6a80ce913c1ee51e35c213b85ca13bb78380df68a73fa1ceb164b84c647a6,2018-19,4,Darren,15,Bradley Beal,bradleybeal,final,2,19,4,final_snapshot,Bradley Beal,D139,E139,F139,1.3 Alvin
59a6a80ce913c1ee51e35c213b85ca13bb78380df68a73fa1ceb164b84c647a6,2018-19,4,Darren,15,Kevin Durant,kevindurant,final,3,65,1,final_snapshot,Kevin Durant,D140,E140,F140,1.1 Graham
59a6a80ce913c1ee51e35c213b85ca13bb78380df68a73fa1ceb164b84c647a6,2018-19,4,Darren,15,Otto Porter Jr,ottoporterjr,final,4,28,1,final_snapshot,Otto Porter Jr.,D141,E141,F141,1.6 Alvin
59a6a80ce913c1ee51e35c213b85ca13bb78380df68a73fa1ceb164b84c647a6,2018-19,4,Darren,15,Joe Ingles,joeingles,final,5,18,1,final_snapshot,Joe Ingles,D142,E142,F142,1.4 Graham
59a6a80ce913c1ee51e35c213b85ca13bb78380df68a73fa1ceb164b84c647a6,2018-19,4,Darren,15,Jeff Teague,jeffteague,final,6,23,1,final_snapshot,Jeff Teague,D143,E143,F143,1.5 John
59a6a80ce913c1ee51e35c213b85ca13bb78380df68a73fa1ceb164b84c647a6,2018-19,4,Darren,15,Ben Simmons,bensimmons,final,7,47,1,final_snapshot,Ben Simmons,D144,E144,F144,1.2 John
59a6a80ce913c1ee51e35c213b85ca13bb78380df68a73fa1ceb164b84c647a6,2018-19,4,Darren,15,Rodney Hood,rodneyhood,final,8,3,1,final_snapshot,Rodney Hood,D145,E145,F145,FA-1 Jeff
59a6a80ce913c1ee51e35c213b85ca13bb78380df68a73fa1ceb164b84c647a6,2018-19,4,Darren,15,Ryan Arcidiacono,ryanarcidiacono,final,9,0,0,final_snapshot,Ryan Arcidiacono,D146,E146,F146,FA-3 Jeff
59a6a80ce913c1ee51e35c213b85ca13bb78380df68a73fa1ceb164b84c647a6,2018-19,4,Darren,15,Malik Monk,malikmonk,final,10,1,1,final_snapshot,Malik Monk,D147,E147,F147,
59a6a80ce913c1ee51e35c213b85ca13bb78380df68a73fa1ceb164b84c647a6,2018-19,4,Darren,15,Mikal Bridges,mikalbridges,final,11,0,0,final_snapshot,Mikal Bridges,D148,E148,F148,
59a6a80ce913c1ee51e35c213b85ca13bb78380df68a73fa1ceb164b84c647a6,2018-19,4,Darren,15,Damian Jones,damianjones,final,12,0,0,final_snapshot,Damion Jones,D149,E149,F149,
59a6a80ce913c1ee51e35c213b85ca13bb78380df68a73fa1ceb164b84c647a6,2018-19,4,Darren,15,Willy Hernangomez,willyhernangomez,final,13,1,1,final_snapshot,Willy Hernangomez,D150,E150,F150,
59a6a80ce913c1ee51e35c213b85ca13bb78380df68a73fa1ceb164b84c647a6,2018-19,4,Darren,15,Dwight Powell,dwightpowell,final,14,0,0,final_snapshot,Dwight Powell,D151,E151,F151,FA-2 Arthur
59a6a80ce913c1ee51e35c213b85ca13bb78380df68a73fa1ceb164b84c647a6,2018-19,4,Darren,15,Wesley Johnson,wesleyjohnson,final,15,0,0,final_snapshot,Wesley Johnson,D152,E152,F152,
59a6a80ce913c1ee51e35c213b85ca13bb78380df68a73fa1ceb164b84c647a6,2018-19,4,Darren,15,Dwight Powell,dwightpowell,final,16,0,0,final_snapshot,Dwight Powell,D156,E156,F156,
59a6a80ce913c1ee51e35c213b85ca13bb78380df68a73fa1ceb164b84c647a6,2018-19,4,Graham,6,Damian Lillard,damianlillard,final,1,44,2,final_snapshot,Damian Lillard,D135,E135,F135,10.1  Alvin
59a6a80ce913c1ee51e35c213b85ca13bb78380df68a73fa1ceb164b84c647a6,2018-19,4,Graham,6,Anthony Davis,anthonydavis,final,2,57,1,final_snapshot,Anthony Davis,D136,E136,F136,10.3 Ian
59a6a80ce913c1ee51e35c213b85ca13bb78380df68a73fa1ceb164b84c647a6,2018-19,4,Graham,6,Tobias Harris,tobiasharris,final,3,28,1,final_snapshot,Tobias Harris,D137,E137,F137,10.2 Jason
59a6a80ce913c1ee51e35c213b85ca13bb78380df68a73fa1ceb164b84c647a6,2018-19,4,Graham,6,Marc Gasol,marcgasol,final,4,23,1,final_snapshot,Marc Gasol,D138,E138,F138,
59a6a80ce913c1ee51e35c213b85ca13bb78380df68a73fa1ceb164b84c647a6,2018-19,4,Graham,6,Pascal Siakam,pascalsiakam,final,5,6,1,final_snapshot,Pascal Siakim,D139,E139,F139,10.4 Alvin
59a6a80ce913c1ee51e35c213b85ca13bb78380df68a73fa1ceb164b84c647a6,2018-19,4,Graham,6,De'Aaron Fox,deaaronfox,final,6,8,1,final_snapshot,De'Aaron Fox,D140,E140,F140,FA-2 Arthur
59a6a80ce913c1ee51e35c213b85ca13bb78380df68a73fa1ceb164b84c647a6,2018-19,4,Graham,6,Eric Bledsoe,ericbledsoe,final,7,26,1,final_snapshot,Eric Bledsoe,D141,E141,F141,FA-1 Arthur
59a6a80ce913c1ee51e35c213b85ca13bb78380df68a73fa1ceb164b84c647a6,2018-19,4,Graham,6,DeMar DeRozan,demarderozan,final,8,22,1,final_snapshot,DeMar DeRozan,D142,E142,F142,10.5 Ian
59a6a80ce913c1ee51e35c213b85ca13bb78380df68a73fa1ceb164b84c647a6,2018-19,4,Graham,6,DeAndre Jordan,deandrejordan,final,9,10,1,final_snapshot,DeAndre Jordan,D143,E143,F143,
59a6a80ce913c1ee51e35c213b85ca13bb78380df68a73fa1ceb164b84c647a6,2018-19,4,Graham,6,CJ McCollum,cjmccollum,final,10,28,1,final_snapshot,CJ McCollum,D144,E144,F144,10.6 Alvin
59a6a80ce913c1ee51e35c213b85ca13bb78380df68a73fa1ceb164b84c647a6,2018-19,4,Graham,6,Jarrett Allen,jarrettallen,final,11,24,1,final_snapshot,Jarrett Allen,D145,E145,F145,
59a6a80ce913c1ee51e35c213b85ca13bb78380df68a73fa1ceb164b84c647a6,2018-19,4,Graham,6,Joe Ingles,joeingles,final,12,18,1,final_snapshot,Joe Ingles,D146,E146,F146,FA-3 Peter
59a6a80ce913c1ee51e35c213b85ca13bb78380df68a73fa1ceb164b84c647a6,2018-19,4,Graham,6,Nicolas Batum,nicolasbatum,final,13,19,1,final_snapshot,Nicolas Batum,D147,E147,F147,
59a6a80ce913c1ee51e35c213b85ca13bb78380df68a73fa1ceb164b84c647a6,2018-19,4,Graham,6,Jerami Grant,jeramigrant,final,14,3,1,final_snapshot,Jerami Grant,D148,E148,F148,
59a6a80ce913c1ee51e35c213b85ca13bb78380df68a73fa1ceb164b84c647a6,2018-19,4,Graham,6,Tomas Satoransky,tomassatoransky,final,15,0,0,final_snapshot,Tomas Satoransky,D149,E149,F149,
59a6a80ce913c1ee51e35c213b85ca13bb78380df68a73fa1ceb164b84c647a6,2018-19,4,Ian,4,Julius Randle,juliusrandle,final,1,16,2,final_snapshot,Julius Randle,D137,E137,F137,
59a6a80ce913c1ee51e35c213b85ca13bb78380df68a73fa1ceb164b84c647a6,2018-19,4,Ian,4,Karl-Anthony Towns,karlanthonytowns,final,2,30,1,final_snapshot,Karl-Anthony Towns,D138,E138,F138,12.1 Jason
59a6a80ce913c1ee51e35c213b85ca13bb78380df68a73fa1ceb164b84c647a6,2018-19,4,Ian,4,Kemba Walker,kembawalker,final,3,40,1,final_snapshot,Kemba Walker,D139,E139,F139,12.4 Jason
59a6a80ce913c1ee51e35c213b85ca13bb78380df68a73fa1ceb164b84c647a6,2018-19,4,Ian,4,DeMarcus Cousins,demarcuscousins,final,4,8,1,final_snapshot,DeMarcus Cousins,D140,E140,F140,
59a6a80ce913c1ee51e35c213b85ca13bb78380df68a73fa1ceb164b84c647a6,2018-19,4,Ian,4,Kyrie Irving,kyrieirving,final,5,28,1,final_snapshot,Kyrie Irving,D141,E141,F141,12.2 Peter
59a6a80ce913c1ee51e35c213b85ca13bb78380df68a73fa1ceb164b84c647a6,2018-19,4,Ian,4,Ben Simmons,bensimmons,final,6,47,1,final_snapshot,Ben Simmons,D142,E142,F142,
59a6a80ce913c1ee51e35c213b85ca13bb78380df68a73fa1ceb164b84c647a6,2018-19,4,Ian,4,Zach LaVine,zachlavine,final,7,18,1,final_snapshot,Zach LaVine,D143,E143,F143,
59a6a80ce913c1ee51e35c213b85ca13bb78380df68a73fa1ceb164b84c647a6,2018-19,4,Ian,4,Myles Turner,mylesturner,final,8,26,1,final_snapshot,Myles Turner,D144,E144,F144,
59a6a80ce913c1ee51e35c213b85ca13bb78380df68a73fa1ceb164b84c647a6,2018-19,4,Ian,4,Montrezl Harrell,montrezlharrell,final,9,5,1,final_snapshot,Montrezl Harrell,D145,E145,F145,
59a6a80ce913c1ee51e35c213b85ca13bb78380df68a73fa1ceb164b84c647a6,2018-19,4,Ian,4,Danilo Gallinari,danilogallinari,final,10,11,1,final_snapshot,Danilo Gallinari,D146,E146,F146,
59a6a80ce913c1ee51e35c213b85ca13bb78380df68a73fa1ceb164b84c647a6,2018-19,4,Ian,4,Bogdan Bogdanovic,bogdanbogdanovic,final,11,13,1,final_snapshot,Bogdan Bogdanovic,D147,E147,F147,
59a6a80ce913c1ee51e35c213b85ca13bb78380df68a73fa1ceb164b84c647a6,2018-19,4,Ian,4,Marcus Morris Sr,marcusmorrissr,final,12,1,1,final_snapshot,Marcus Morris,D148,E148,F148,
59a6a80ce913c1ee51e35c213b85ca13bb78380df68a73fa1ceb164b84c647a6,2018-19,4,Ian,4,Collin Sexton,collinsexton,final,13,4,1,final_snapshot,Collin Sexton,D149,E149,F149,
59a6a80ce913c1ee51e35c213b85ca13bb78380df68a73fa1ceb164b84c647a6,2018-19,4,Ian,4,Jonas Valanciunas,jonasvalanciunas,final,14,25,1,final_snapshot,Jonas Valanciunas,D150,E150,F150,
59a6a80ce913c1ee51e35c213b85ca13bb78380df68a73fa1ceb164b84c647a6,2018-19,4,Ian,4,Anthony Davis,anthonydavis,final,15,57,1,final_snapshot,Anthony Davis,D151,E151,F151,12.3 Arthur
59a6a80ce913c1ee51e35c213b85ca13bb78380df68a73fa1ceb164b84c647a6,2018-19,4,Isaac,8,Devin Booker,devinbooker,final,1,18,3,final_snapshot,Devin Booker,D136,E136,F136,8.5 Jason
59a6a80ce913c1ee51e35c213b85ca13bb78380df68a73fa1ceb164b84c647a6,2018-19,4,Isaac,8,Kris Dunn,krisdunn,final,2,3,2,final_snapshot,Kris Dunn,D137,E137,F137,
59a6a80ce913c1ee51e35c213b85ca13bb78380df68a73fa1ceb164b84c647a6,2018-19,4,Isaac,8,Paul George,paulgeorge,final,3,50,1,final_snapshot,Paul George,D138,E138,F138,8.1 Peter
59a6a80ce913c1ee51e35c213b85ca13bb78380df68a73fa1ceb164b84c647a6,2018-19,4,Isaac,8,Kevin Love,kevinlove,final,4,37,1,final_snapshot,Kevin Love,D139,E139,F139,
59a6a80ce913c1ee51e35c213b85ca13bb78380df68a73fa1ceb164b84c647a6,2018-19,4,Isaac,8,Jrue Holiday,jrueholiday,final,5,19,1,final_snapshot,Jrue Holiday,D140,E140,F140,8.2 Ian
59a6a80ce913c1ee51e35c213b85ca13bb78380df68a73fa1ceb164b84c647a6,2018-19,4,Isaac,8,Jimmy Butler,jimmybutler,final,6,32,1,final_snapshot,Jimmy Butler,D141,E141,F141,8.3 Brent
59a6a80ce913c1ee51e35c213b85ca13bb78380df68a73fa1ceb164b84c647a6,2018-19,4,Isaac,8,CJ McCollum,cjmccollum,final,7,28,1,final_snapshot,CJ McCollum,D142,E142,F142,8.4 Graham
59a6a80ce913c1ee51e35c213b85ca13bb78380df68a73fa1ceb164b84c647a6,2018-19,4,Isaac,8,Josh Richardson,joshrichardson,final,8,9,1,final_snapshot,Josh Richardson,D143,E143,F143,8.7 Brent
59a6a80ce913c1ee51e35c213b85ca13bb78380df68a73fa1ceb164b84c647a6,2018-19,4,Isaac,8,Trevor Ariza,trevorariza,final,9,7,1,final_snapshot,Trevor Ariza,D144,E144,F144,FA-2 Arthur
59a6a80ce913c1ee51e35c213b85ca13bb78380df68a73fa1ceb164b84c647a6,2018-19,4,Isaac,8,Thaddeus Young,thaddeusyoung,final,10,7,1,final_snapshot,Thaddeus Young,D145,E145,F145,FA-1 Arthur
59a6a80ce913c1ee51e35c213b85ca13bb78380df68a73fa1ceb164b84c647a6,2018-19,4,Isaac,8,John Wall,johnwall,final,11,30,1,final_snapshot,John Wall,D146,E146,F146,
59a6a80ce913c1ee51e35c213b85ca13bb78380df68a73fa1ceb164b84c647a6,2018-19,4,Isaac,8,Tim Hardaway Jr.,timhardawayjr,final,12,12,1,final_snapshot,Tim Hardaway Jr.,D147,E147,F147,
59a6a80ce913c1ee51e35c213b85ca13bb78380df68a73fa1ceb164b84c647a6,2018-19,4,Isaac,8,DJ Augustin,djaugustin,final,13,8,1,final_snapshot,DJ Augustin,D148,E148,F148,
59a6a80ce913c1ee51e35c213b85ca13bb78380df68a73fa1ceb164b84c647a6,2018-19,4,Isaac,8,John Collins,johncollins,final,14,17,1,final_snapshot,John Collins,D149,E149,F149,8.6 Peter
59a6a80ce913c1ee51e35c213b85ca13bb78380df68a73fa1ceb164b84c647a6,2018-19,4,Isaac,8,Marvin Bagley III,marvinbagleyiii,final,15,11,1,final_snapshot,Marvin Bagley III,D150,E150,F150,FA-3 Alvin
59a6a80ce913c1ee51e35c213b85ca13bb78380df68a73fa1ceb164b84c647a6,2018-19,4,Jason,2,James Harden,jamesharden,final,1,73,2,final_snapshot,James Harden,D135,E135,F135,
59a6a80ce913c1ee51e35c213b85ca13bb78380df68a73fa1ceb164b84c647a6,2018-19,4,Jason,2,Jimmy Butler,jimmybutler,final,2,32,1,final_snapshot,Jimmy Butler,D136,E136,F136,
59a6a80ce913c1ee51e35c213b85ca13bb78380df68a73fa1ceb164b84c647a6,2018-19,4,Jason,2,Luka Doncic,lukadoncic,final,3,28,1,final_snapshot,Luka Doncic,D137,E137,F137,
59a6a80ce913c1ee51e35c213b85ca13bb78380df68a73fa1ceb164b84c647a6,2018-19,4,Jason,2,DeMar DeRozan,demarderozan,final,4,22,1,final_snapshot,DeMar DeRozan,D138,E138,F138,
59a6a80ce913c1ee51e35c213b85ca13bb78380df68a73fa1ceb164b84c647a6,2018-19,4,Jason,2,Al Horford,alhorford,final,5,27,1,final_snapshot,Al Horford,D139,E139,F139,
59a6a80ce913c1ee51e35c213b85ca13bb78380df68a73fa1ceb164b84c647a6,2018-19,4,Jason,2,Deandre Ayton,deandreayton,final,6,31,1,final_snapshot,Deandre Ayton,D140,E140,F140,
59a6a80ce913c1ee51e35c213b85ca13bb78380df68a73fa1ceb164b84c647a6,2018-19,4,Jason,2,Devin Booker,devinbooker,final,7,18,1,final_snapshot,Devin Booker,D141,E141,F141,
59a6a80ce913c1ee51e35c213b85ca13bb78380df68a73fa1ceb164b84c647a6,2018-19,4,Jason,2,Tobias Harris,tobiasharris,final,8,28,1,final_snapshot,Tobias Harris,D142,E142,F142,
59a6a80ce913c1ee51e35c213b85ca13bb78380df68a73fa1ceb164b84c647a6,2018-19,4,Jason,2,Andre Drummond,andredrummond,final,9,29,1,final_snapshot,Andre Drummond,D143,E143,F143,
59a6a80ce913c1ee51e35c213b85ca13bb78380df68a73fa1ceb164b84c647a6,2018-19,4,Jason,2,Damian Lillard,damianlillard,final,10,44,1,final_snapshot,Damian Lillard,D144,E144,F144,
59a6a80ce913c1ee51e35c213b85ca13bb78380df68a73fa1ceb164b84c647a6,2018-19,4,Jason,2,Kevin Love,kevinlove,final,11,37,1,final_snapshot,Kevin Love,D145,E145,F145,
59a6a80ce913c1ee51e35c213b85ca13bb78380df68a73fa1ceb164b84c647a6,2018-19,4,Jason,2,Lauri Markkanen,laurimarkkanen,final,12,15,1,final_snapshot,Lauri Markkanen,D146,E146,F146,
59a6a80ce913c1ee51e35c213b85ca13bb78380df68a73fa1ceb164b84c647a6,2018-19,4,Jason,2,Karl-Anthony Towns,karlanthonytowns,final,13,30,1,final_snapshot,Karl-Anthony Towns,D147,E147,F147,
59a6a80ce913c1ee51e35c213b85ca13bb78380df68a73fa1ceb164b84c647a6,2018-19,4,Jason,2,Kemba Walker,kembawalker,final,14,40,1,final_snapshot,Kemba Walker,D148,E148,F148,
59a6a80ce913c1ee51e35c213b85ca13bb78380df68a73fa1ceb164b84c647a6,2018-19,4,Jason,2,Dewayne Dedmon,dewaynededmon,final,15,8,1,final_snapshot,Dewayne Dedmon,D149,E149,F149,
59a6a80ce913c1ee51e35c213b85ca13bb78380df68a73fa1ceb164b84c647a6,2018-19,4,Joe,11,LaMarcus Aldridge,lamarcusaldridge,final,1,34,2,final_snapshot,LaMarcus Aldridge,D136,E136,F136,5.2 Peter
59a6a80ce913c1ee51e35c213b85ca13bb78380df68a73fa1ceb164b84c647a6,2018-19,4,Joe,11,Wesley Matthews,wesleymatthews,final,2,4,2,final_snapshot,Wesley Matthews,D137,E137,F137,FA-3 Arthur
59a6a80ce913c1ee51e35c213b85ca13bb78380df68a73fa1ceb164b84c647a6,2018-19,4,Joe,11,Enes Kanter,eneskanter,final,3,11,1,final_snapshot,Enes Kanter,D138,E138,F138,5.4 John
59a6a80ce913c1ee51e35c213b85ca13bb78380df68a73fa1ceb164b84c647a6,2018-19,4,Joe,11,Josh Richardson,joshrichardson,final,4,9,1,final_snapshot,Josh Richardson,D139,E139,F139,5.3 Josh
59a6a80ce913c1ee51e35c213b85ca13bb78380df68a73fa1ceb164b84c647a6,2018-19,4,Joe,11,Blake Griffin,blakegriffin,final,5,25,1,final_snapshot,Blake Griffin,D140,E140,F140,5.1 Arthur
59a6a80ce913c1ee51e35c213b85ca13bb78380df68a73fa1ceb164b84c647a6,2018-19,4,Joe,11,Lou Williams,louwilliams,final,6,14,1,final_snapshot,Lou Williams,D141,E141,F141,
59a6a80ce913c1ee51e35c213b85ca13bb78380df68a73fa1ceb164b84c647a6,2018-19,4,Joe,11,Evan Fournier,evanfournier,final,7,15,1,final_snapshot,Evan Fournier,D142,E142,F142,5.6 Josh
59a6a80ce913c1ee51e35c213b85ca13bb78380df68a73fa1ceb164b84c647a6,2018-19,4,Joe,11,Tyreke Evans,tyrekeevans,final,8,11,1,final_snapshot,Tyreke Evans,D143,E143,F143,
59a6a80ce913c1ee51e35c213b85ca13bb78380df68a73fa1ceb164b84c647a6,2018-19,4,Joe,11,Tim Hardaway Jr.,timhardawayjr,final,9,12,1,final_snapshot,Tim Hardaway Jr. ,D144,E144,F144,5.5 Peter
59a6a80ce913c1ee51e35c213b85ca13bb78380df68a73fa1ceb164b84c647a6,2018-19,4,Joe,11,Kelly Olynyk,kellyolynyk,final,10,12,1,final_snapshot,Kelly Olynyk,D145,E145,F145,
59a6a80ce913c1ee51e35c213b85ca13bb78380df68a73fa1ceb164b84c647a6,2018-19,4,Joe,11,Larry Nance Jr.,larrynancejr,final,11,11,1,final_snapshot,Larry Nance Jr. ,D146,E146,F146,FA-2 Arthur
59a6a80ce913c1ee51e35c213b85ca13bb78380df68a73fa1ceb164b84c647a6,2018-19,4,Joe,11,Derrick Favors,derrickfavors,final,12,9,1,final_snapshot,Derrick Favors,D147,E147,F147,FA-1 Max
59a6a80ce913c1ee51e35c213b85ca13bb78380df68a73fa1ceb164b84c647a6,2018-19,4,Joe,11,Cedi Osman,cediosman,final,13,3,1,final_snapshot,Cedi Osman,D148,E148,F148,
59a6a80ce913c1ee51e35c213b85ca13bb78380df68a73fa1ceb164b84c647a6,2018-19,4,Joe,11,Kelly Oubre Jr.,kellyoubrejr,final,14,5,1,final_snapshot,Kelly Oubre Jr.,D149,E149,F149,
59a6a80ce913c1ee51e35c213b85ca13bb78380df68a73fa1ceb164b84c647a6,2018-19,4,Joe,11,Dwyane Wade,dwyanewade,final,15,1,1,final_snapshot,Dwyane Wade,D150,E150,F150,
59a6a80ce913c1ee51e35c213b85ca13bb78380df68a73fa1ceb164b84c647a6,2018-19,4,Kerry,14,Rudy Gobert,rudygobert,final,1,27,2,final_snapshot,Rudy Gobert,D137,E137,F137,2.2 Jeff
59a6a80ce913c1ee51e35c213b85ca13bb78380df68a73fa1ceb164b84c647a6,2018-19,4,Kerry,14,Rodney McGruder,rodneymcgruder,final,2,0,0,final_snapshot,Rodney McGruder,D138,E138,F138,FA-2 Jason
59a6a80ce913c1ee51e35c213b85ca13bb78380df68a73fa1ceb164b84c647a6,2018-19,4,Kerry,14,Stephen Curry,stephencurry,final,3,67,1,final_snapshot,Stephen Curry,D139,E139,F139,2.1 Arthur
59a6a80ce913c1ee51e35c213b85ca13bb78380df68a73fa1ceb164b84c647a6,2018-19,4,Kerry,14,Trae Young,traeyoung,final,4,6,1,final_snapshot,Trae Young,D140,E140,F140,2.6 Jeff
59a6a80ce913c1ee51e35c213b85ca13bb78380df68a73fa1ceb164b84c647a6,2018-19,4,Kerry,14,Malcolm Brogdon,malcolmbrogdon,final,5,10,1,final_snapshot,Malcolm Brogdon,D141,E141,F141,2.5 Arthur
59a6a80ce913c1ee51e35c213b85ca13bb78380df68a73fa1ceb164b84c647a6,2018-19,4,Kerry,14,John Collins,johncollins,final,6,17,1,final_snapshot,John Collins,D142,E142,F142,2.3 John
59a6a80ce913c1ee51e35c213b85ca13bb78380df68a73fa1ceb164b84c647a6,2018-19,4,Kerry,14,JJ Redick,jjredick,final,7,10,1,final_snapshot,JJ Redick,D143,E143,F143,2.4 Alvin
59a6a80ce913c1ee51e35c213b85ca13bb78380df68a73fa1ceb164b84c647a6,2018-19,4,Kerry,14,Taj Gibson,tajgibson,final,8,9,1,final_snapshot,Taj Gibson,D144,E144,F144,FA-1 Jason
59a6a80ce913c1ee51e35c213b85ca13bb78380df68a73fa1ceb164b84c647a6,2018-19,4,Kerry,14,Tyson Chandler,tysonchandler,final,9,0,0,final_snapshot,Tyson Chandler,D145,E145,F145,
59a6a80ce913c1ee51e35c213b85ca13bb78380df68a73fa1ceb164b84c647a6,2018-19,4,Kerry,14,Willie Cauley-Stein,williecauleystein,final,10,5,1,final_snapshot,Willie Cauley-Stein,D146,E146,F146,2.7 Arthur
59a6a80ce913c1ee51e35c213b85ca13bb78380df68a73fa1ceb164b84c647a6,2018-19,4,Kerry,14,Emmanuel Mudiay,emmanuelmudiay,final,11,0,0,final_snapshot,Emmanual Mudiay,D147,E147,F147,
59a6a80ce913c1ee51e35c213b85ca13bb78380df68a73fa1ceb164b84c647a6,2018-19,4,Kerry,14,Joe Harris,joeharris,final,12,5,1,final_snapshot,Joe Harris,D148,E148,F148,2.8 Jeff
59a6a80ce913c1ee51e35c213b85ca13bb78380df68a73fa1ceb164b84c647a6,2018-19,4,Kerry,14,Mario Hezonja,mariohezonja,final,13,7,1,final_snapshot,Mario Hezonja,D149,E149,F149,
59a6a80ce913c1ee51e35c213b85ca13bb78380df68a73fa1ceb164b84c647a6,2018-19,4,Kerry,14,Kevon Looney,kevonlooney,final,14,0,0,final_snapshot,Kevan Looney,D150,E150,F150,
59a6a80ce913c1ee51e35c213b85ca13bb78380df68a73fa1ceb164b84c647a6,2018-19,4,Kerry,14,Markieff Morris,markieffmorris,final,15,6,1,final_snapshot,Markieff Morris,D151,E151,F151,FA-3 Ron
59a6a80ce913c1ee51e35c213b85ca13bb78380df68a73fa1ceb164b84c647a6,2018-19,4,Mark,9,DeMar DeRozan,demarderozan,final,1,22,4,final_snapshot,DeMar DeRozan,D137,E137,F137,7.4 Graham
59a6a80ce913c1ee51e35c213b85ca13bb78380df68a73fa1ceb164b84c647a6,2018-19,4,Mark,9,LeBron James,lebronjames,final,2,55,2,final_snapshot,LeBron James,D138,E138,F138,7.1 Alvin
59a6a80ce913c1ee51e35c213b85ca13bb78380df68a73fa1ceb164b84c647a6,2018-19,4,Mark,9,Kyle Lowry,kylelowry,final,3,33,1,final_snapshot,Kyle Lowry,D139,E139,F139,7.3 Arthur
59a6a80ce913c1ee51e35c213b85ca13bb78380df68a73fa1ceb164b84c647a6,2018-19,4,Mark,9,Andre Drummond,andredrummond,final,4,29,1,final_snapshot,Andre Drummond,D140,E140,F140,7.5 Jason
59a6a80ce913c1ee51e35c213b85ca13bb78380df68a73fa1ceb164b84c647a6,2018-19,4,Mark,9,Aaron Gordon,aarongordon,final,5,19,1,final_snapshot,Aaron Gordon,D141,E141,F141,FA-2 Arthur
59a6a80ce913c1ee51e35c213b85ca13bb78380df68a73fa1ceb164b84c647a6,2018-19,4,Mark,9,Jarrett Allen,jarrettallen,final,6,24,1,final_snapshot,Jarrett Allen,D142,E142,F142,7.6 Arthur
59a6a80ce913c1ee51e35c213b85ca13bb78380df68a73fa1ceb164b84c647a6,2018-19,4,Mark,9,Josh Richardson,joshrichardson,final,7,9,1,final_snapshot,Josh Richardson,D143,E143,F143,FA-1 John
59a6a80ce913c1ee51e35c213b85ca13bb78380df68a73fa1ceb164b84c647a6,2018-19,4,Mark,9,Rudy Gobert,rudygobert,final,8,27,1,final_snapshot,Rudy Gobert,D144,E144,F144,7.2 Jason
59a6a80ce913c1ee51e35c213b85ca13bb78380df68a73fa1ceb164b84c647a6,2018-19,4,Mark,9,Bojan Bogdanovic,bojanbogdanovic,final,9,4,1,final_snapshot,Bojan Bogdanovic,D145,E145,F145,FA-3 Ian
59a6a80ce913c1ee51e35c213b85ca13bb78380df68a73fa1ceb164b84c647a6,2018-19,4,Mark,9,Jordan Clarkson,jordanclarkson,final,10,4,1,final_snapshot,Jordan Clarkson,D146,E146,F146,FA-4 Ian
59a6a80ce913c1ee51e35c213b85ca13bb78380df68a73fa1ceb164b84c647a6,2018-19,4,Mark,9,Jeff Green,jeffgreen,final,11,0,0,final_snapshot,Jeff Green,D147,E147,F147,FA-8 John
59a6a80ce913c1ee51e35c213b85ca13bb78380df68a73fa1ceb164b84c647a6,2018-19,4,Mark,9,Evan Fournier,evanfournier,final,12,15,1,final_snapshot,Evan Fournier,D148,E148,F148,FA-6 Alvin
59a6a80ce913c1ee51e35c213b85ca13bb78380df68a73fa1ceb164b84c647a6,2018-19,4,Mark,9,Josh Hart,joshhart,final,13,5,1,final_snapshot,Josh Hart,D149,E149,F149,
59a6a80ce913c1ee51e35c213b85ca13bb78380df68a73fa1ceb164b84c647a6,2018-19,4,Mark,9,Alec Burks,alecburks,final,14,0,0,final_snapshot,Alec Burks,D150,E150,F150,FA-7 Peter
59a6a80ce913c1ee51e35c213b85ca13bb78380df68a73fa1ceb164b84c647a6,2018-19,4,Mark,9,Derrick White,derrickwhite,final,15,1,1,final_snapshot,Derrick White,D151,E151,F151,FA-5 Arthur
59a6a80ce913c1ee51e35c213b85ca13bb78380df68a73fa1ceb164b84c647a6,2018-19,4,Max,10,Brandon Ingram,brandoningram,final,1,13,2,final_snapshot,Brandon Ingram,D138,E138,F138,6.6 Ian
59a6a80ce913c1ee51e35c213b85ca13bb78380df68a73fa1ceb164b84c647a6,2018-19,4,Max,10,De'Aaron Fox,deaaronfox,final,2,8,2,final_snapshot,De'Aaron Fox,D139,E139,F139,6.3 Brent
59a6a80ce913c1ee51e35c213b85ca13bb78380df68a73fa1ceb164b84c647a6,2018-19,4,Max,10,Chris Paul,chrispaul,final,3,49,1,final_snapshot,Chris Paul,D140,E140,F140,6.8 Brent
59a6a80ce913c1ee51e35c213b85ca13bb78380df68a73fa1ceb164b84c647a6,2018-19,4,Max,10,Tobias Harris,tobiasharris,final,4,28,1,final_snapshot,Tobias Harris,D141,E141,F141,6.2 Graham
59a6a80ce913c1ee51e35c213b85ca13bb78380df68a73fa1ceb164b84c647a6,2018-19,4,Max,10,Clint Capela,clintcapela,final,5,31,1,final_snapshot,Clint Capela,D142,E142,F142,6.1 Ian
59a6a80ce913c1ee51e35c213b85ca13bb78380df68a73fa1ceb164b84c647a6,2018-19,4,Max,10,Derrick Favors,derrickfavors,final,6,9,1,final_snapshot,Derrick Favors,D143,E143,F143,FA-2 John
59a6a80ce913c1ee51e35c213b85ca13bb78380df68a73fa1ceb164b84c647a6,2018-19,4,Max,10,Steven Adams,stevenadams,final,7,18,1,final_snapshot,Steven Adams,D144,E144,F144,6.4 Peter
59a6a80ce913c1ee51e35c213b85ca13bb78380df68a73fa1ceb164b84c647a6,2018-19,4,Max,10,Al-Farouq Aminu,alfarouqaminu,final,8,9,1,final_snapshot,Al-Farouq Aminu,D145,E145,F145,
59a6a80ce913c1ee51e35c213b85ca13bb78380df68a73fa1ceb164b84c647a6,2018-19,4,Max,10,Dewayne Dedmon,dewaynededmon,final,9,8,1,final_snapshot,DeWayne Dedmon,D146,E146,F146,FA-3 Arthur
59a6a80ce913c1ee51e35c213b85ca13bb78380df68a73fa1ceb164b84c647a6,2018-19,4,Max,10,Thaddeus Young,thaddeusyoung,final,10,7,1,final_snapshot,Thaddeus Young,D147,E147,F147,FA-1 John
59a6a80ce913c1ee51e35c213b85ca13bb78380df68a73fa1ceb164b84c647a6,2018-19,4,Max,10,Emmanuel Mudiay,emmanuelmudiay,final,11,0,0,final_snapshot,Emmanual Mudiay,D148,E148,F148,
59a6a80ce913c1ee51e35c213b85ca13bb78380df68a73fa1ceb164b84c647a6,2018-19,4,Max,10,Bojan Bogdanovic,bojanbogdanovic,final,12,13,1,final_snapshot,Bojan Bogdanovic,D149,E149,F149,6.5 Josh
59a6a80ce913c1ee51e35c213b85ca13bb78380df68a73fa1ceb164b84c647a6,2018-19,4,Max,10,Jeff Teague,jeffteague,final,13,23,1,final_snapshot,Jeff Teague,D150,E150,F150,
59a6a80ce913c1ee51e35c213b85ca13bb78380df68a73fa1ceb164b84c647a6,2018-19,4,Max,10,JJ Barea,jjbarea,final,14,0,0,final_snapshot,JJ Barea,D151,E151,F151,
59a6a80ce913c1ee51e35c213b85ca13bb78380df68a73fa1ceb164b84c647a6,2018-19,4,Max,10,Hassan Whiteside,hassanwhiteside,final,15,18,1,final_snapshot,Hassan Whiteside,D152,E152,F152,6.7 Brent
59a6a80ce913c1ee51e35c213b85ca13bb78380df68a73fa1ceb164b84c647a6,2018-19,4,Peter,3,Nikola Jokic,nikolajokic,final,1,34,3,final_snapshot,Nikola Jokic,D137,E137,F137,13.1 Arthur
59a6a80ce913c1ee51e35c213b85ca13bb78380df68a73fa1ceb164b84c647a6,2018-19,4,Peter,3,Khris Middleton,khrismiddleton,final,2,23,2,final_snapshot,Khris Middleton,D138,E138,F138,
59a6a80ce913c1ee51e35c213b85ca13bb78380df68a73fa1ceb164b84c647a6,2018-19,4,Peter,3,Klay Thompson,klaythompson,final,3,31,1,final_snapshot,Klay Thompson,D139,E139,F139,
59a6a80ce913c1ee51e35c213b85ca13bb78380df68a73fa1ceb164b84c647a6,2018-19,4,Peter,3,Paul George,paulgeorge,final,4,50,1,final_snapshot,Paul George,D140,E140,F140,
59a6a80ce913c1ee51e35c213b85ca13bb78380df68a73fa1ceb164b84c647a6,2018-19,4,Peter,3,Giannis Antetokounmpo,giannisantetokounmpo,final,5,22,1,final_snapshot,Giannis Antetokounmpo,D141,E141,F141,13.3 Arthur
59a6a80ce913c1ee51e35c213b85ca13bb78380df68a73fa1ceb164b84c647a6,2018-19,4,Peter,3,Buddy Hield,buddyhield,final,6,10,1,final_snapshot,Buddy Hield,D142,E142,F142,
59a6a80ce913c1ee51e35c213b85ca13bb78380df68a73fa1ceb164b84c647a6,2018-19,4,Peter,3,Brook Lopez,brooklopez,final,7,16,1,final_snapshot,Brook Lopez,D143,E143,F143,
59a6a80ce913c1ee51e35c213b85ca13bb78380df68a73fa1ceb164b84c647a6,2018-19,4,Peter,3,Russell Westbrook,russellwestbrook,final,8,47,1,final_snapshot,Russell Westbrook,D144,E144,F144,
59a6a80ce913c1ee51e35c213b85ca13bb78380df68a73fa1ceb164b84c647a6,2018-19,4,Peter,3,LaMarcus Aldridge,lamarcusaldridge,final,9,34,1,final_snapshot,LaMarcus Aldridge,D145,E145,F145,
59a6a80ce913c1ee51e35c213b85ca13bb78380df68a73fa1ceb164b84c647a6,2018-19,4,Peter,3,Kyrie Irving,kyrieirving,final,10,28,1,final_snapshot,Kyrie Irving,D146,E146,F146,13.2 Arthur
59a6a80ce913c1ee51e35c213b85ca13bb78380df68a73fa1ceb164b84c647a6,2018-19,4,Peter,3,Trae Young,traeyoung,final,11,6,1,final_snapshot,Trae Young,D147,E147,F147,
59a6a80ce913c1ee51e35c213b85ca13bb78380df68a73fa1ceb164b84c647a6,2018-19,4,Peter,3,LeBron James,lebronjames,final,12,55,1,final_snapshot,LeBron James,D148,E148,F148,
59a6a80ce913c1ee51e35c213b85ca13bb78380df68a73fa1ceb164b84c647a6,2018-19,4,Peter,3,Jayson Tatum,jaysontatum,final,13,6,1,final_snapshot,Jayson Tatum,D149,E149,F149,
59a6a80ce913c1ee51e35c213b85ca13bb78380df68a73fa1ceb164b84c647a6,2018-19,4,Peter,3,Chris Paul,chrispaul,final,14,49,1,final_snapshot,Chris Paul ,D150,E150,F150,
59a6a80ce913c1ee51e35c213b85ca13bb78380df68a73fa1ceb164b84c647a6,2018-19,4,Peter,3,John Collins,johncollins,final,15,17,1,final_snapshot,John Collins,D151,E151,F151,
59a6a80ce913c1ee51e35c213b85ca13bb78380df68a73fa1ceb164b84c647a6,2018-19,4,Ron,12,Karl-Anthony Towns,karlanthonytowns,final,1,30,4,final_snapshot,Karl-Anthony Towns,D138,E138,F138,4.1 Ian
59a6a80ce913c1ee51e35c213b85ca13bb78380df68a73fa1ceb164b84c647a6,2018-19,4,Ron,12,Victor Oladipo,victoroladipo,final,2,20,2,final_snapshot,Victor Oladipo,D139,E139,F139,4.2 Brent
59a6a80ce913c1ee51e35c213b85ca13bb78380df68a73fa1ceb164b84c647a6,2018-19,4,Ron,12,CJ McCollum,cjmccollum,final,3,28,1,final_snapshot,CJ McCollum,D140,E140,F140,4.5 John
59a6a80ce913c1ee51e35c213b85ca13bb78380df68a73fa1ceb164b84c647a6,2018-19,4,Ron,12,Myles Turner,mylesturner,final,4,26,1,final_snapshot,Myles Turner,D141,E141,F141,4.6 Alvin
59a6a80ce913c1ee51e35c213b85ca13bb78380df68a73fa1ceb164b84c647a6,2018-19,4,Ron,12,Jamal Murray,jamalmurray,final,5,23,1,final_snapshot,Jamal Murray,D142,E142,F142,4.7 Jason
59a6a80ce913c1ee51e35c213b85ca13bb78380df68a73fa1ceb164b84c647a6,2018-19,4,Ron,12,Josh Richardson,joshrichardson,final,6,9,1,final_snapshot,Josh Richardson,D143,E143,F143,4.3 Joe
59a6a80ce913c1ee51e35c213b85ca13bb78380df68a73fa1ceb164b84c647a6,2018-19,4,Ron,12,Markieff Morris,markieffmorris,final,7,6,1,final_snapshot,Markieff Morris,D144,E144,F144,4.11 Jason
59a6a80ce913c1ee51e35c213b85ca13bb78380df68a73fa1ceb164b84c647a6,2018-19,4,Ron,12,Jeff Teague,jeffteague,final,8,23,1,final_snapshot,Jeff Teague,D145,E145,F145,4.8 Max
59a6a80ce913c1ee51e35c213b85ca13bb78380df68a73fa1ceb164b84c647a6,2018-19,4,Ron,12,Reggie Jackson,reggiejackson,final,9,17,1,final_snapshot,Reggie Jackson,D146,E146,F146,4.10 Alvin
59a6a80ce913c1ee51e35c213b85ca13bb78380df68a73fa1ceb164b84c647a6,2018-19,4,Ron,12,Collin Sexton,collinsexton,final,10,4,1,final_snapshot,Collin Sexton,D147,E147,F147,FA-1 Arthur
59a6a80ce913c1ee51e35c213b85ca13bb78380df68a73fa1ceb164b84c647a6,2018-19,4,Ron,12,DeAndre' Bembry,deandrebembry,final,11,0,0,final_snapshot,DeAndre Bembry,D148,E148,F148,
59a6a80ce913c1ee51e35c213b85ca13bb78380df68a73fa1ceb164b84c647a6,2018-19,4,Ron,12,Pascal Siakam,pascalsiakam,final,12,6,1,final_snapshot,Pascal Siakim,D149,E149,F149,4.4 Graham
59a6a80ce913c1ee51e35c213b85ca13bb78380df68a73fa1ceb164b84c647a6,2018-19,4,Ron,12,Emmanuel Mudiay,emmanuelmudiay,final,13,0,0,final_snapshot,Emmanual Mudiay,D150,E150,F150,
59a6a80ce913c1ee51e35c213b85ca13bb78380df68a73fa1ceb164b84c647a6,2018-19,4,Ron,12,Reggie Bullock,reggiebullock,final,14,2,1,final_snapshot,Reggie Bullock,D151,E151,F151,
59a6a80ce913c1ee51e35c213b85ca13bb78380df68a73fa1ceb164b84c647a6,2018-19,4,Ron,12,Bogdan Bogdanovic,bogdanbogdanovic,final,15,4,1,final_snapshot,Bogdan Bogdanovic,D152,E152,F152,4.9 Brent
59a6a80ce913c1ee51e35c213b85ca13bb78380df68a73fa1ceb164b84c647a6,2017-18,3,Alvin,4,Kevin Durant,kevindurant,final,1,75,3,final_snapshot,Kevin Durant,D159,E159,F159,12.2 Ron
59a6a80ce913c1ee51e35c213b85ca13bb78380df68a73fa1ceb164b84c647a6,2017-18,3,Alvin,4,Giannis Antetokounmpo,giannisantetokounmpo,final,2,16,3,final_snapshot,Giannis Antetokounmpo,D160,E160,F160,12.1 Josh
59a6a80ce913c1ee51e35c213b85ca13bb78380df68a73fa1ceb164b84c647a6,2017-18,3,Alvin,4,Eric Bledsoe,ericbledsoe,final,3,27,1,final_snapshot,Eric Bledsoe,D161,E161,F161,12.7 Ron
59a6a80ce913c1ee51e35c213b85ca13bb78380df68a73fa1ceb164b84c647a6,2017-18,3,Alvin,4,Tim Hardaway Jr.,timhardawayjr,final,4,10,1,final_snapshot,Tim Hardaway Jr.,D162,E162,F162,
59a6a80ce913c1ee51e35c213b85ca13bb78380df68a73fa1ceb164b84c647a6,2017-18,3,Alvin,4,Kyle Kuzma,kylekuzma,final,5,4,1,final_snapshot,Kyle Kuzma,D163,E163,F163,
59a6a80ce913c1ee51e35c213b85ca13bb78380df68a73fa1ceb164b84c647a6,2017-18,3,Alvin,4,Kelly Olynyk,kellyolynyk,final,6,5,1,final_snapshot,Kelly Olynyk,D164,E164,F164,
59a6a80ce913c1ee51e35c213b85ca13bb78380df68a73fa1ceb164b84c647a6,2017-18,3,Alvin,4,Harrison Barnes,harrisonbarnes,final,7,26,1,final_snapshot,Harrison Barnes,D165,E165,F165,
59a6a80ce913c1ee51e35c213b85ca13bb78380df68a73fa1ceb164b84c647a6,2017-18,3,Alvin,4,Rudy Gobert,rudygobert,final,8,26,1,final_snapshot,Rudy Gobert,D166,E166,F166,12.5 Ron
59a6a80ce913c1ee51e35c213b85ca13bb78380df68a73fa1ceb164b84c647a6,2017-18,3,Alvin,4,Kentavious Caldwell-Pope,kentaviouscaldwellpope,final,9,3,1,final_snapshot,Kentavious Caldwell-Pope,D167,E167,F167,
59a6a80ce913c1ee51e35c213b85ca13bb78380df68a73fa1ceb164b84c647a6,2017-18,3,Alvin,4,Blake Griffin,blakegriffin,final,10,39,1,final_snapshot,Blake Griffin,D168,E168,F168,
59a6a80ce913c1ee51e35c213b85ca13bb78380df68a73fa1ceb164b84c647a6,2017-18,3,Alvin,4,Dario Saric,dariosaric,final,11,11,1,final_snapshot,Dario Saric,D169,E169,F169,
59a6a80ce913c1ee51e35c213b85ca13bb78380df68a73fa1ceb164b84c647a6,2017-18,3,Alvin,4,Will Barton,willbarton,final,12,3,1,final_snapshot,Will Barton,D170,E170,F170,
59a6a80ce913c1ee51e35c213b85ca13bb78380df68a73fa1ceb164b84c647a6,2017-18,3,Alvin,4,Donovan Mitchell,donovanmitchell,final,13,4,1,final_snapshot,Donovan Mitchell,D171,E171,F171,12.6 Graham
59a6a80ce913c1ee51e35c213b85ca13bb78380df68a73fa1ceb164b84c647a6,2017-18,3,Alvin,4,Ben Simmons,bensimmons,final,14,24,1,final_snapshot,Ben Simmons,D172,E172,F172,12.3 Graham
59a6a80ce913c1ee51e35c213b85ca13bb78380df68a73fa1ceb164b84c647a6,2017-18,3,Alvin,4,Khris Middleton,khrismiddleton,final,15,22,1,final_snapshot,Khris Middleton,D173,E173,F173,12.4 Josh
59a6a80ce913c1ee51e35c213b85ca13bb78380df68a73fa1ceb164b84c647a6,2017-18,3,Arthur,12,Joel Embiid,joelembiid,final,1,17,2,final_snapshot,Joel Embiid,D161,E161,F161,
59a6a80ce913c1ee51e35c213b85ca13bb78380df68a73fa1ceb164b84c647a6,2017-18,3,Arthur,12,CJ McCollum,cjmccollum,final,2,15,2,final_snapshot,CJ McCollum,D162,E162,F162,4.8 Ron
59a6a80ce913c1ee51e35c213b85ca13bb78380df68a73fa1ceb164b84c647a6,2017-18,3,Arthur,12,Bam Adebayo,bamadebayo,final,3,0,0,final_snapshot,Bam Adebayo,D163,E163,F163,FA-1 Josh
59a6a80ce913c1ee51e35c213b85ca13bb78380df68a73fa1ceb164b84c647a6,2017-18,3,Arthur,12,Mike Conley,mikeconley,final,4,31,1,final_snapshot,Mike Conley,D164,E164,F164,4.4 Jason
59a6a80ce913c1ee51e35c213b85ca13bb78380df68a73fa1ceb164b84c647a6,2017-18,3,Arthur,12,Larry Nance Jr.,larrynancejr,final,5,2,1,final_snapshot,Larry Nance,D165,E165,F165,4.6 Darren
59a6a80ce913c1ee51e35c213b85ca13bb78380df68a73fa1ceb164b84c647a6,2017-18,3,Arthur,12,Al Horford,alhorford,final,6,35,1,final_snapshot,Al Horford,D166,E166,F166,4.7 Josh
59a6a80ce913c1ee51e35c213b85ca13bb78380df68a73fa1ceb164b84c647a6,2017-18,3,Arthur,12,Harrison Barnes,harrisonbarnes,final,7,20,1,final_snapshot,Harrison Barnes,D167,E167,F167,FA-2 Darren
59a6a80ce913c1ee51e35c213b85ca13bb78380df68a73fa1ceb164b84c647a6,2017-18,3,Arthur,12,Will Barton,willbarton,final,8,3,1,final_snapshot,Will Barton,D168,E168,F168,
59a6a80ce913c1ee51e35c213b85ca13bb78380df68a73fa1ceb164b84c647a6,2017-18,3,Arthur,12,Joe Harris,joeharris,final,9,0,0,final_snapshot,Joe Harris,D169,E169,F169,
59a6a80ce913c1ee51e35c213b85ca13bb78380df68a73fa1ceb164b84c647a6,2017-18,3,Arthur,12,Kyle O'Quinn,kyleoquinn,final,10,1,1,final_snapshot,Kyle O'Quinn,D170,E170,F170,4.9 John
59a6a80ce913c1ee51e35c213b85ca13bb78380df68a73fa1ceb164b84c647a6,2017-18,3,Arthur,12,Dwyane Wade,dwyanewade,final,11,8,1,final_snapshot,Dwyane Wade,D171,E171,F171,4.10 Darren
59a6a80ce913c1ee51e35c213b85ca13bb78380df68a73fa1ceb164b84c647a6,2017-18,3,Arthur,12,JJ Redick,jjredick,final,12,9,1,final_snapshot,JJ Redick,D172,E172,F172,4.3 John
59a6a80ce913c1ee51e35c213b85ca13bb78380df68a73fa1ceb164b84c647a6,2017-18,3,Arthur,12,Bojan Bogdanovic,bojanbogdanovic,final,13,2,1,final_snapshot,Bojan Bogdanovic,D173,E173,F173,4.2 Ron
59a6a80ce913c1ee51e35c213b85ca13bb78380df68a73fa1ceb164b84c647a6,2017-18,3,Arthur,12,John Wall,johnwall,final,14,40,1,final_snapshot,John Wall,D174,E174,F174,
59a6a80ce913c1ee51e35c213b85ca13bb78380df68a73fa1ceb164b84c647a6,2017-18,3,Arthur,12,Anthony Davis,anthonydavis,final,15,56,1,final_snapshot,Anthony Davis,D175,E175,F175,
59a6a80ce913c1ee51e35c213b85ca13bb78380df68a73fa1ceb164b84c647a6,2017-18,3,Benji,5,James Harden,jamesharden,final,1,72,1,final_snapshot,James Harden,D154,E154,F154,11.1 Ron
59a6a80ce913c1ee51e35c213b85ca13bb78380df68a73fa1ceb164b84c647a6,2017-18,3,Benji,5,Kyle Lowry,kylelowry,final,2,38,2,final_snapshot,Kyle Lowry,D155,E155,F155,11.4 Josh
59a6a80ce913c1ee51e35c213b85ca13bb78380df68a73fa1ceb164b84c647a6,2017-18,3,Benji,5,Jrue Holiday,jrueholiday,final,3,18,1,final_snapshot,Jrue Holiday,D156,E156,F156,11.6 Graham
59a6a80ce913c1ee51e35c213b85ca13bb78380df68a73fa1ceb164b84c647a6,2017-18,3,Benji,5,Aaron Gordon,aarongordon,final,4,29,1,final_snapshot,Aaron Gordon,D157,E157,F157,
59a6a80ce913c1ee51e35c213b85ca13bb78380df68a73fa1ceb164b84c647a6,2017-18,3,Benji,5,Jayson Tatum,jaysontatum,final,5,5,1,final_snapshot,Jayson Tatum,D158,E158,F158,
59a6a80ce913c1ee51e35c213b85ca13bb78380df68a73fa1ceb164b84c647a6,2017-18,3,Benji,5,Nikola Vucevic,nikolavucevic,final,6,17,1,final_snapshot,Nikola Vucevic,D159,E159,F159,11.9 Graham
59a6a80ce913c1ee51e35c213b85ca13bb78380df68a73fa1ceb164b84c647a6,2017-18,3,Benji,5,Larry Nance Jr.,larrynancejr,final,7,2,1,final_snapshot,Larry Nance Jr.,D160,E160,F160,
59a6a80ce913c1ee51e35c213b85ca13bb78380df68a73fa1ceb164b84c647a6,2017-18,3,Benji,5,Rudy Gobert,rudygobert,final,8,26,1,final_snapshot,Rudy Gobert,D161,E161,F161,11.3 Alvin
59a6a80ce913c1ee51e35c213b85ca13bb78380df68a73fa1ceb164b84c647a6,2017-18,3,Benji,5,Blake Griffin,blakegriffin,final,9,39,1,final_snapshot,Blake Griffin,D162,E162,F162,11.7 Alvin
59a6a80ce913c1ee51e35c213b85ca13bb78380df68a73fa1ceb164b84c647a6,2017-18,3,Benji,5,Taj Gibson,tajgibson,final,10,5,1,final_snapshot,Taj Gibson,D163,E163,F163,
59a6a80ce913c1ee51e35c213b85ca13bb78380df68a73fa1ceb164b84c647a6,2017-18,3,Benji,5,Clint Capela,clintcapela,final,11,22,1,final_snapshot,Clint Capela,D164,E164,F164,11.10 Graham
59a6a80ce913c1ee51e35c213b85ca13bb78380df68a73fa1ceb164b84c647a6,2017-18,3,Benji,5,LaMarcus Aldridge,lamarcusaldridge,final,12,33,1,final_snapshot,LaMarcus Aldridge,D165,E165,F165,11.8 Graham
59a6a80ce913c1ee51e35c213b85ca13bb78380df68a73fa1ceb164b84c647a6,2017-18,3,Benji,5,Draymond Green,draymondgreen,final,13,37,1,final_snapshot,Draymond Green,D166,E166,F166,11.5 Ron
59a6a80ce913c1ee51e35c213b85ca13bb78380df68a73fa1ceb164b84c647a6,2017-18,3,Benji,5,Josh Richardson,joshrichardson,final,14,8,1,final_snapshot,Josh Richardson,D167,E167,F167,
59a6a80ce913c1ee51e35c213b85ca13bb78380df68a73fa1ceb164b84c647a6,2017-18,3,Benji,5,Nikola Jokic,nikolajokic,final,15,31,1,final_snapshot,Nikola Jokic,D168,E168,F168,11.2 Graham
59a6a80ce913c1ee51e35c213b85ca13bb78380df68a73fa1ceb164b84c647a6,2017-18,3,Brent,9,Kyrie Irving,kyrieirving,final,1,27,1,final_snapshot,Kyrie Irving,D159,E159,F159,7.3 Darren
59a6a80ce913c1ee51e35c213b85ca13bb78380df68a73fa1ceb164b84c647a6,2017-18,3,Brent,9,Russell Westbrook,russellwestbrook,final,2,62,1,final_snapshot,Russell Westbrook,D160,E160,F160,7.1 Ron
59a6a80ce913c1ee51e35c213b85ca13bb78380df68a73fa1ceb164b84c647a6,2017-18,3,Brent,9,Jabari Parker,jabariparker,final,3,2,1,final_snapshot,Jabari Parker,D161,E161,F161,
59a6a80ce913c1ee51e35c213b85ca13bb78380df68a73fa1ceb164b84c647a6,2017-18,3,Brent,9,Gordon Hayward,gordonhayward,final,4,18,1,final_snapshot,Gordon Hayward,D162,E162,F162,
59a6a80ce913c1ee51e35c213b85ca13bb78380df68a73fa1ceb164b84c647a6,2017-18,3,Brent,9,John Collins,johncollins,final,5,9,1,final_snapshot,John Collins,D163,E163,F163,
59a6a80ce913c1ee51e35c213b85ca13bb78380df68a73fa1ceb164b84c647a6,2017-18,3,Brent,9,Tyreke Evans,tyrekeevans,final,6,1,1,final_snapshot,Tyreke Evans,D164,E164,F164,7.5 Jason
59a6a80ce913c1ee51e35c213b85ca13bb78380df68a73fa1ceb164b84c647a6,2017-18,3,Brent,9,Jeremy Lamb,jeremylamb,final,7,3,1,final_snapshot,Jeremy Lamb,D165,E165,F165,
59a6a80ce913c1ee51e35c213b85ca13bb78380df68a73fa1ceb164b84c647a6,2017-18,3,Brent,9,Domantas Sabonis,domantassabonis,final,8,0,0,final_snapshot,Domantas Sabonis,D166,E166,F166,FA-1 Alvin
59a6a80ce913c1ee51e35c213b85ca13bb78380df68a73fa1ceb164b84c647a6,2017-18,3,Brent,9,Dario Saric,dariosaric,final,9,11,1,final_snapshot,Dario Saric,D167,E167,F167,7.8 John
59a6a80ce913c1ee51e35c213b85ca13bb78380df68a73fa1ceb164b84c647a6,2017-18,3,Brent,9,Pau Gasol,paugasol,final,10,16,1,final_snapshot,Pau Gasol,D168,E168,F168,
59a6a80ce913c1ee51e35c213b85ca13bb78380df68a73fa1ceb164b84c647a6,2017-18,3,Brent,9,Spencer Dinwiddie,spencerdinwiddie,final,11,0,0,final_snapshot,Spencer Dinwiddie,D169,E169,F169,
59a6a80ce913c1ee51e35c213b85ca13bb78380df68a73fa1ceb164b84c647a6,2017-18,3,Brent,9,Taj Gibson,tajgibson,final,12,5,1,final_snapshot,Taj Gibson,D170,E170,F170,7.7 Jason
59a6a80ce913c1ee51e35c213b85ca13bb78380df68a73fa1ceb164b84c647a6,2017-18,3,Brent,9,Robert Covington,robertcovington,final,13,15,1,final_snapshot,Robert Covington,D171,E171,F171,7.6 John
59a6a80ce913c1ee51e35c213b85ca13bb78380df68a73fa1ceb164b84c647a6,2017-18,3,Brent,9,LaMarcus Aldridge,lamarcusaldridge,final,14,33,1,final_snapshot,LaMarcus Aldridge,D172,E172,F172,7.4 Alvin
59a6a80ce913c1ee51e35c213b85ca13bb78380df68a73fa1ceb164b84c647a6,2017-18,3,Brent,9,Andre Drummond,andredrummond,final,15,16,1,final_snapshot,Andre Drummond,D173,E173,F173,7.2 Graham
59a6a80ce913c1ee51e35c213b85ca13bb78380df68a73fa1ceb164b84c647a6,2017-18,3,Darren,6,Kristaps Porzingis,kristapsporzingis,final,1,6,3,final_snapshot,Kristap Porzingis,D159,E159,F159,
59a6a80ce913c1ee51e35c213b85ca13bb78380df68a73fa1ceb164b84c647a6,2017-18,3,Darren,6,Bradley Beal,bradleybeal,final,2,14,3,final_snapshot,Bradley Beal,D160,E160,F160,10.2 Graham
59a6a80ce913c1ee51e35c213b85ca13bb78380df68a73fa1ceb164b84c647a6,2017-18,3,Darren,6,Tomas Satoransky,tomassatoransky,final,3,0,0,final_snapshot,Tomas Satoransky,D161,E161,F161,
59a6a80ce913c1ee51e35c213b85ca13bb78380df68a73fa1ceb164b84c647a6,2017-18,3,Darren,6,Nicolas Batum,nicolasbatum,final,4,6,1,final_snapshot,Nicolas Batum,D162,E162,F162,FA-2 Alvin
59a6a80ce913c1ee51e35c213b85ca13bb78380df68a73fa1ceb164b84c647a6,2017-18,3,Darren,6,Buddy Hield,buddyhield,final,5,10,1,final_snapshot,Buddy Hield,D163,E163,F163,
59a6a80ce913c1ee51e35c213b85ca13bb78380df68a73fa1ceb164b84c647a6,2017-18,3,Darren,6,Bogdan Bogdanovic,bogdanbogdanovic,final,6,2,1,final_snapshot,Bogdan Bogdanovic,D164,E164,F164,
59a6a80ce913c1ee51e35c213b85ca13bb78380df68a73fa1ceb164b84c647a6,2017-18,3,Darren,6,Blake Griffin,blakegriffin,final,7,39,1,final_snapshot,Blake Griffin,D165,E165,F165,10.3 Jeff
59a6a80ce913c1ee51e35c213b85ca13bb78380df68a73fa1ceb164b84c647a6,2017-18,3,Darren,6,Dwight Howard,dwighthoward,final,8,7,1,final_snapshot,Dwight Howard,D166,E166,F166,
59a6a80ce913c1ee51e35c213b85ca13bb78380df68a73fa1ceb164b84c647a6,2017-18,3,Darren,6,Harrison Barnes,harrisonbarnes,final,9,20,1,final_snapshot,Harrison Barnes,D167,E167,F167,
59a6a80ce913c1ee51e35c213b85ca13bb78380df68a73fa1ceb164b84c647a6,2017-18,3,Darren,6,TJ Warren,tjwarren,final,10,18,1,final_snapshot,TJ Warren,D168,E168,F168,FA-3 Alvin
59a6a80ce913c1ee51e35c213b85ca13bb78380df68a73fa1ceb164b84c647a6,2017-18,3,Darren,6,Spencer Dinwiddie,spencerdinwiddie,final,11,0,0,final_snapshot,Spencer Dinwiddie,D169,E169,F169,
59a6a80ce913c1ee51e35c213b85ca13bb78380df68a73fa1ceb164b84c647a6,2017-18,3,Darren,6,Dario Saric,dariosaric,final,12,11,1,final_snapshot,Dario Saric,D170,E170,F170,FA-1 Alvin
59a6a80ce913c1ee51e35c213b85ca13bb78380df68a73fa1ceb164b84c647a6,2017-18,3,Darren,6,DeAndre Jordan,deandrejordan,final,13,16,1,final_snapshot,DeAndre Jordan,D171,E171,F171,10.5 Josh
59a6a80ce913c1ee51e35c213b85ca13bb78380df68a73fa1ceb164b84c647a6,2017-18,3,Darren,6,Kyrie Irving,kyrieirving,final,14,27,1,final_snapshot,Kyrie Irving,D172,E172,F172,10.4 Alvin
59a6a80ce913c1ee51e35c213b85ca13bb78380df68a73fa1ceb164b84c647a6,2017-18,3,Darren,6,Paul George,paulgeorge,final,15,44,1,final_snapshot,Paul George,D173,E173,F173,10.1 Josh
59a6a80ce913c1ee51e35c213b85ca13bb78380df68a73fa1ceb164b84c647a6,2017-18,3,Graham,2,Ben Simmons,bensimmons,final,1,24,1,final_snapshot,Ben Simmons,D156,E156,F156,
59a6a80ce913c1ee51e35c213b85ca13bb78380df68a73fa1ceb164b84c647a6,2017-18,3,Graham,2,Al Horford,alhorford,final,2,35,1,final_snapshot,Al Horford,D157,E157,F157,
59a6a80ce913c1ee51e35c213b85ca13bb78380df68a73fa1ceb164b84c647a6,2017-18,3,Graham,2,Bradley Beal,bradleybeal,final,3,14,1,final_snapshot,Bradley Beal,D158,E158,F158,
59a6a80ce913c1ee51e35c213b85ca13bb78380df68a73fa1ceb164b84c647a6,2017-18,3,Graham,2,Clint Capela,clintcapela,final,4,22,1,final_snapshot,Clint Capela,D159,E159,F159,
59a6a80ce913c1ee51e35c213b85ca13bb78380df68a73fa1ceb164b84c647a6,2017-18,3,Graham,2,Andre Drummond,andredrummond,final,5,16,1,final_snapshot,Andre Drummond,D160,E160,F160,
59a6a80ce913c1ee51e35c213b85ca13bb78380df68a73fa1ceb164b84c647a6,2017-18,3,Graham,2,Otto Porter Jr,ottoporterjr,final,6,24,1,final_snapshot,Otto Porter Jr,D161,E161,F161,
59a6a80ce913c1ee51e35c213b85ca13bb78380df68a73fa1ceb164b84c647a6,2017-18,3,Graham,2,Lou Williams,louwilliams,final,7,11,1,final_snapshot,Lou Williams,D162,E162,F162,
59a6a80ce913c1ee51e35c213b85ca13bb78380df68a73fa1ceb164b84c647a6,2017-18,3,Graham,2,Tobias Harris,tobiasharris,final,8,19,1,final_snapshot,Tobias Harris,D163,E163,F163,
59a6a80ce913c1ee51e35c213b85ca13bb78380df68a73fa1ceb164b84c647a6,2017-18,3,Graham,2,LeBron James,lebronjames,final,9,54,1,final_snapshot,LeBron James,D164,E164,F164,
59a6a80ce913c1ee51e35c213b85ca13bb78380df68a73fa1ceb164b84c647a6,2017-18,3,Graham,2,Nikola Jokic,nikolajokic,final,10,31,1,final_snapshot,Nikola Jokic,D165,E165,F165,
59a6a80ce913c1ee51e35c213b85ca13bb78380df68a73fa1ceb164b84c647a6,2017-18,3,Graham,2,Damian Lillard,damianlillard,final,11,43,1,final_snapshot,Damian Lillard,D166,E166,F166,
59a6a80ce913c1ee51e35c213b85ca13bb78380df68a73fa1ceb164b84c647a6,2017-18,3,Graham,2,Kyle Lowry,kylelowry,final,12,38,1,final_snapshot,Kyle Lowry,D167,E167,F167,
59a6a80ce913c1ee51e35c213b85ca13bb78380df68a73fa1ceb164b84c647a6,2017-18,3,Graham,2,CJ McCollum,cjmccollum,final,13,15,1,final_snapshot,CJ McCollum,D168,E168,F168,
59a6a80ce913c1ee51e35c213b85ca13bb78380df68a73fa1ceb164b84c647a6,2017-18,3,Graham,2,Donovan Mitchell,donovanmitchell,final,14,4,1,final_snapshot,Donovan Mitchell,D169,E169,F169,
59a6a80ce913c1ee51e35c213b85ca13bb78380df68a73fa1ceb164b84c647a6,2017-18,3,Graham,2,Jrue Holiday,jrueholiday,final,15,18,1,final_snapshot,Jrue Holiday,D170,E170,F170,
59a6a80ce913c1ee51e35c213b85ca13bb78380df68a73fa1ceb164b84c647a6,2017-18,3,Ian,11,Brandon Ingram,brandoningram,final,1,12,1,final_snapshot,Brandon Ingram,D159,E159,F159,5.6 Peter
59a6a80ce913c1ee51e35c213b85ca13bb78380df68a73fa1ceb164b84c647a6,2017-18,3,Ian,11,TJ Warren,tjwarren,final,2,18,1,final_snapshot,TJ Warren,D160,E160,F160,5.4 Darren
59a6a80ce913c1ee51e35c213b85ca13bb78380df68a73fa1ceb164b84c647a6,2017-18,3,Ian,11,Khris Middleton,khrismiddleton,final,3,22,1,final_snapshot,Khris Middleton,D161,E161,F161,5.2 Peter
59a6a80ce913c1ee51e35c213b85ca13bb78380df68a73fa1ceb164b84c647a6,2017-18,3,Ian,11,Dennis Smith Jr.,dennissmithjr,final,4,26,1,final_snapshot,Dennis Smith Jr.,D162,E162,F162,
59a6a80ce913c1ee51e35c213b85ca13bb78380df68a73fa1ceb164b84c647a6,2017-18,3,Ian,11,Isaiah Thomas,isaiahthomas,final,5,21,1,final_snapshot,Isaiah Thomas,D163,E163,F163,FA-1 Jeff
59a6a80ce913c1ee51e35c213b85ca13bb78380df68a73fa1ceb164b84c647a6,2017-18,3,Ian,11,Andre Drummond,andredrummond,final,6,16,1,final_snapshot,Andre Drummond,D164,E164,F164,5.1 Brent
59a6a80ce913c1ee51e35c213b85ca13bb78380df68a73fa1ceb164b84c647a6,2017-18,3,Ian,11,David Nwaba,davidnwaba,final,7,0,0,final_snapshot,David Nwaba,D165,E165,F165,
59a6a80ce913c1ee51e35c213b85ca13bb78380df68a73fa1ceb164b84c647a6,2017-18,3,Ian,11,Evan Fournier,evanfournier,final,8,12,1,final_snapshot,Evan Fournier,D166,E166,F166,5.5 Brent
59a6a80ce913c1ee51e35c213b85ca13bb78380df68a73fa1ceb164b84c647a6,2017-18,3,Ian,11,Marvin Williams,marvinwilliams,final,9,8,1,final_snapshot,Marvin Williams,D167,E167,F167,5.7 Darren
59a6a80ce913c1ee51e35c213b85ca13bb78380df68a73fa1ceb164b84c647a6,2017-18,3,Ian,11,Lauri Markkanen,laurimarkkanen,final,10,11,1,final_snapshot,Lauri Markkanen,D168,E168,F168,5.8 Brent
59a6a80ce913c1ee51e35c213b85ca13bb78380df68a73fa1ceb164b84c647a6,2017-18,3,Ian,11,CJ Miles,cjmiles,final,11,4,1,final_snapshot,CJ Miles,D169,E169,F169,
59a6a80ce913c1ee51e35c213b85ca13bb78380df68a73fa1ceb164b84c647a6,2017-18,3,Ian,11,Reggie Jackson,reggiejackson,final,12,9,1,final_snapshot,Reggie Jackson,D170,E170,F170,5.9 Peter
59a6a80ce913c1ee51e35c213b85ca13bb78380df68a73fa1ceb164b84c647a6,2017-18,3,Ian,11,Justise Winslow,justisewinslow,final,13,3,1,final_snapshot,Justice Winslow,D171,E171,F171,
59a6a80ce913c1ee51e35c213b85ca13bb78380df68a73fa1ceb164b84c647a6,2017-18,3,Ian,11,Enes Kanter,eneskanter,final,14,10,1,final_snapshot,Enes Kanter,D172,E172,F172,5.3 Graham
59a6a80ce913c1ee51e35c213b85ca13bb78380df68a73fa1ceb164b84c647a6,2017-18,3,Ian,11,Julius Randle,juliusrandle,final,15,15,1,final_snapshot,Julius Randle,D173,E173,F173,5.10 Peter
59a6a80ce913c1ee51e35c213b85ca13bb78380df68a73fa1ceb164b84c647a6,2017-18,3,Isaac,7,Devin Booker,devinbooker,final,1,15,2,final_snapshot,Devin Booker,D158,E158,F158,FA-1 Ron
59a6a80ce913c1ee51e35c213b85ca13bb78380df68a73fa1ceb164b84c647a6,2017-18,3,Isaac,7,Stephen Curry,stephencurry,final,2,73,1,final_snapshot,Stephen Curry,D159,E159,F159,9.1 Ron
59a6a80ce913c1ee51e35c213b85ca13bb78380df68a73fa1ceb164b84c647a6,2017-18,3,Isaac,7,Ben Simmons,bensimmons,final,3,24,1,final_snapshot,Ben Simmons,D160,E160,F160,9.4 Alvin
59a6a80ce913c1ee51e35c213b85ca13bb78380df68a73fa1ceb164b84c647a6,2017-18,3,Isaac,7,Isaiah Thomas,isaiahthomas,final,4,21,1,final_snapshot,Isaiah Thomas,D161,E161,F161,
59a6a80ce913c1ee51e35c213b85ca13bb78380df68a73fa1ceb164b84c647a6,2017-18,3,Isaac,7,Zach LaVine,zachlavine,final,5,9,1,final_snapshot,Zach LaVine,D162,E162,F162,
59a6a80ce913c1ee51e35c213b85ca13bb78380df68a73fa1ceb164b84c647a6,2017-18,3,Isaac,7,Paul Millsap,paulmillsap,final,6,28,1,final_snapshot,Paul Millsap,D163,E163,F163,
59a6a80ce913c1ee51e35c213b85ca13bb78380df68a73fa1ceb164b84c647a6,2017-18,3,Isaac,7,Danilo Gallinari,danilogallinari,final,7,17,1,final_snapshot,Danilo Gallinari,D164,E164,F164,9.5 Ron
59a6a80ce913c1ee51e35c213b85ca13bb78380df68a73fa1ceb164b84c647a6,2017-18,3,Isaac,7,Nikola Mirotic,nikolamirotic,final,8,4,1,final_snapshot,Nikola Mirotic,D165,E165,F165,
59a6a80ce913c1ee51e35c213b85ca13bb78380df68a73fa1ceb164b84c647a6,2017-18,3,Isaac,7,Bogdan Bogdanovic,bogdanbogdanovic,final,9,2,1,final_snapshot,Bogdan Bogdanovic,D166,E166,F166,
59a6a80ce913c1ee51e35c213b85ca13bb78380df68a73fa1ceb164b84c647a6,2017-18,3,Isaac,7,Kris Dunn,krisdunn,final,10,2,1,final_snapshot,Kris Dunn,D167,E167,F167,
59a6a80ce913c1ee51e35c213b85ca13bb78380df68a73fa1ceb164b84c647a6,2017-18,3,Isaac,7,Myles Turner,mylesturner,final,11,22,1,final_snapshot,Myles Turner,D168,E168,F168,9.6 Alvin
59a6a80ce913c1ee51e35c213b85ca13bb78380df68a73fa1ceb164b84c647a6,2017-18,3,Isaac,7,Evan Fournier,evanfournier,final,12,12,1,final_snapshot,Evan Fournier,D169,E169,F169,FA-2 Alvin
59a6a80ce913c1ee51e35c213b85ca13bb78380df68a73fa1ceb164b84c647a6,2017-18,3,Isaac,7,Tyreke Evans,tyrekeevans,final,13,1,1,final_snapshot,Tyreke Evans,D170,E170,F170,
59a6a80ce913c1ee51e35c213b85ca13bb78380df68a73fa1ceb164b84c647a6,2017-18,3,Isaac,7,Dario Saric,dariosaric,final,14,11,1,final_snapshot,Dario Saric,D171,E171,F171,9.3 Ron
59a6a80ce913c1ee51e35c213b85ca13bb78380df68a73fa1ceb164b84c647a6,2017-18,3,Isaac,7,Khris Middleton,khrismiddleton,final,15,22,1,final_snapshot,Khris Middleton,D172,E172,F172,9.2 Alvin
59a6a80ce913c1ee51e35c213b85ca13bb78380df68a73fa1ceb164b84c647a6,2017-18,3,Jason,8,Marc Gasol,marcgasol,final,1,36,1,final_snapshot,Marc Gasol,D157,E157,F157,8.2 Josh
59a6a80ce913c1ee51e35c213b85ca13bb78380df68a73fa1ceb164b84c647a6,2017-18,3,Jason,8,Kevin Love,kevinlove,final,2,27,2,final_snapshot,Kevin Love,D158,E158,F158,
59a6a80ce913c1ee51e35c213b85ca13bb78380df68a73fa1ceb164b84c647a6,2017-18,3,Jason,8,James Harden,jamesharden,final,3,72,1,final_snapshot,James Harden,D159,E159,F159,8.1 Jeff
59a6a80ce913c1ee51e35c213b85ca13bb78380df68a73fa1ceb164b84c647a6,2017-18,3,Jason,8,Kawhi Leonard,kawhileonard,final,4,64,1,final_snapshot,Kawhi Leonard,D160,E160,F160,
59a6a80ce913c1ee51e35c213b85ca13bb78380df68a73fa1ceb164b84c647a6,2017-18,3,Jason,8,Jabari Parker,jabariparker,final,5,2,1,final_snapshot,Jabari Parker,D161,E161,F161,
59a6a80ce913c1ee51e35c213b85ca13bb78380df68a73fa1ceb164b84c647a6,2017-18,3,Jason,8,Lonzo Ball,lonzoball,final,6,16,1,final_snapshot,Lonzo Ball,D162,E162,F162,
59a6a80ce913c1ee51e35c213b85ca13bb78380df68a73fa1ceb164b84c647a6,2017-18,3,Jason,8,Elfrid Payton,elfridpayton,final,7,18,1,final_snapshot,Elfrid Payton,D163,E163,F163,
59a6a80ce913c1ee51e35c213b85ca13bb78380df68a73fa1ceb164b84c647a6,2017-18,3,Jason,8,Malcolm Brogdon,malcolmbrogdon,final,8,12,1,final_snapshot,Malcolm Brogdon,D164,E164,F164,
59a6a80ce913c1ee51e35c213b85ca13bb78380df68a73fa1ceb164b84c647a6,2017-18,3,Jason,8,Kelly Olynyk,kellyolynyk,final,9,5,1,final_snapshot,Kelly Olynyk,D165,E165,F165,
59a6a80ce913c1ee51e35c213b85ca13bb78380df68a73fa1ceb164b84c647a6,2017-18,3,Jason,8,Evan Fournier,evanfournier,final,10,12,1,final_snapshot,Evan Fournier,D166,E166,F166,8.5 John
59a6a80ce913c1ee51e35c213b85ca13bb78380df68a73fa1ceb164b84c647a6,2017-18,3,Jason,8,Thaddeus Young,thaddeusyoung,final,11,10,1,final_snapshot,Thaddeus Young,D167,E167,F167,8.6 John
59a6a80ce913c1ee51e35c213b85ca13bb78380df68a73fa1ceb164b84c647a6,2017-18,3,Jason,8,Kyle Kuzma,kylekuzma,final,12,4,1,final_snapshot,Kyle Kuzma,D168,E168,F168,
59a6a80ce913c1ee51e35c213b85ca13bb78380df68a73fa1ceb164b84c647a6,2017-18,3,Jason,8,Taj Gibson,tajgibson,final,13,5,1,final_snapshot,Taj Gibson,D169,E169,F169,
59a6a80ce913c1ee51e35c213b85ca13bb78380df68a73fa1ceb164b84c647a6,2017-18,3,Jason,8,Tyreke Evans,tyrekeevans,final,14,1,1,final_snapshot,Tyreke Evans,D170,E170,F170,8.4 John
59a6a80ce913c1ee51e35c213b85ca13bb78380df68a73fa1ceb164b84c647a6,2017-18,3,Jason,8,Al Horford,alhorford,final,15,35,1,final_snapshot,Al Horford,D171,E171,F171,8.3 Graham
59a6a80ce913c1ee51e35c213b85ca13bb78380df68a73fa1ceb164b84c647a6,2017-18,3,Joe,15,Andrew Wiggins,andrewwiggins,final,1,23,3,final_snapshot,Andrew Wiggins,D155,E155,F155,1.3 Max
59a6a80ce913c1ee51e35c213b85ca13bb78380df68a73fa1ceb164b84c647a6,2017-18,3,Joe,15,Mario Chalmers,mariochalmers,final,2,0,0,final_snapshot,Mario Chalmers,D156,E156,F156,
59a6a80ce913c1ee51e35c213b85ca13bb78380df68a73fa1ceb164b84c647a6,2017-18,3,Joe,15,Jimmy Butler,jimmybutler,final,3,47,1,final_snapshot,Jimmy Butler,D157,E157,F157,1.2 Graham
59a6a80ce913c1ee51e35c213b85ca13bb78380df68a73fa1ceb164b84c647a6,2017-18,3,Joe,15,Dwyane Wade,dwyanewade,final,4,8,1,final_snapshot,Dwyane Wade,D158,E158,F158,FA-1 Arthur
59a6a80ce913c1ee51e35c213b85ca13bb78380df68a73fa1ceb164b84c647a6,2017-18,3,Joe,15,LaMarcus Aldridge,lamarcusaldridge,final,5,33,1,final_snapshot,LaMarcus Aldridge,D159,E159,F159,1.1 Brent
59a6a80ce913c1ee51e35c213b85ca13bb78380df68a73fa1ceb164b84c647a6,2017-18,3,Joe,15,Elfrid Payton,elfridpayton,final,6,18,1,final_snapshot,Elfrid Payton,D160,E160,F160,1.7 Max
59a6a80ce913c1ee51e35c213b85ca13bb78380df68a73fa1ceb164b84c647a6,2017-18,3,Joe,15,Dwight Howard,dwighthoward,final,7,7,1,final_snapshot,Dwight Howard,D161,E161,F161,FA-3 Alvin
59a6a80ce913c1ee51e35c213b85ca13bb78380df68a73fa1ceb164b84c647a6,2017-18,3,Joe,15,Wesley Matthews,wesleymatthews,final,8,3,1,final_snapshot,Wesley Matthews,D162,E162,F162,1.5 Darren
59a6a80ce913c1ee51e35c213b85ca13bb78380df68a73fa1ceb164b84c647a6,2017-18,3,Joe,15,Frank Kaminsky,frankkaminsky,final,9,4,1,final_snapshot,Frank Kaminsky,D163,E163,F163,FA-4 Max
59a6a80ce913c1ee51e35c213b85ca13bb78380df68a73fa1ceb164b84c647a6,2017-18,3,Joe,15,Jordan Clarkson,jordanclarkson,final,10,7,1,final_snapshot,Jordan Clarkson,D164,E164,F164,1.6 Brent
59a6a80ce913c1ee51e35c213b85ca13bb78380df68a73fa1ceb164b84c647a6,2017-18,3,Joe,15,Buddy Hield,buddyhield,final,11,10,1,final_snapshot,Buddy Hield,D165,E165,F165,1.4 Peter
59a6a80ce913c1ee51e35c213b85ca13bb78380df68a73fa1ceb164b84c647a6,2017-18,3,Joe,15,Bojan Bogdanovic,bojanbogdanovic,final,12,7,1,final_snapshot,Bojan Bogdanovic,D166,E166,F166,FA-2 Arthur
59a6a80ce913c1ee51e35c213b85ca13bb78380df68a73fa1ceb164b84c647a6,2017-18,3,Joe,15,Jarrell Martin,jarrellmartin,final,13,0,0,final_snapshot,Jarrell Martin,D167,E167,F167,
59a6a80ce913c1ee51e35c213b85ca13bb78380df68a73fa1ceb164b84c647a6,2017-18,3,Joe,15,John Collins,johncollins,final,14,9,1,final_snapshot,John Collins,D168,E168,F168,1.8 Max
59a6a80ce913c1ee51e35c213b85ca13bb78380df68a73fa1ceb164b84c647a6,2017-18,3,Kerry,13,TJ Warren,tjwarren,final,1,18,1,final_snapshot,TJ Warren,D156,E156,F156,3.3 Ian
59a6a80ce913c1ee51e35c213b85ca13bb78380df68a73fa1ceb164b84c647a6,2017-18,3,Kerry,13,John Wall,johnwall,final,2,40,2,final_snapshot,John Wall,D157,E157,F157,3.1 Arthur
59a6a80ce913c1ee51e35c213b85ca13bb78380df68a73fa1ceb164b84c647a6,2017-18,3,Kerry,13,Trevor Booker,trevorbooker,final,3,2,1,final_snapshot,Trevor Booker,D158,E158,F158,
59a6a80ce913c1ee51e35c213b85ca13bb78380df68a73fa1ceb164b84c647a6,2017-18,3,Kerry,13,Willie Cauley-Stein,williecauleystein,final,4,16,1,final_snapshot,Willie Cauley-Stein,D159,E159,F159,3.5 Peter
59a6a80ce913c1ee51e35c213b85ca13bb78380df68a73fa1ceb164b84c647a6,2017-18,3,Kerry,13,James Johnson,jamesjohnson,final,5,18,1,final_snapshot,James Johnson,D160,E160,F160,3.6 Darren
59a6a80ce913c1ee51e35c213b85ca13bb78380df68a73fa1ceb164b84c647a6,2017-18,3,Kerry,13,JJ Redick,jjredick,final,6,9,1,final_snapshot,JJ Redick,D161,E161,F161,3.7 Arthur
59a6a80ce913c1ee51e35c213b85ca13bb78380df68a73fa1ceb164b84c647a6,2017-18,3,Kerry,13,Jaylen Brown,jaylenbrown,final,7,3,1,final_snapshot,Jaylen Brown,D162,E162,F162,3.10 Alvin
59a6a80ce913c1ee51e35c213b85ca13bb78380df68a73fa1ceb164b84c647a6,2017-18,3,Kerry,13,Cody Zeller,codyzeller,final,8,1,1,final_snapshot,Cody  Zeller,D163,E163,F163,
59a6a80ce913c1ee51e35c213b85ca13bb78380df68a73fa1ceb164b84c647a6,2017-18,3,Kerry,13,Brandon Ingram,brandoningram,final,9,12,1,final_snapshot,Brandon Ingram,D164,E164,F164,3.9 Ian
59a6a80ce913c1ee51e35c213b85ca13bb78380df68a73fa1ceb164b84c647a6,2017-18,3,Kerry,13,E'Twaun Moore,etwaunmoore,final,10,0,0,final_snapshot,E'Twuan Moore,D165,E165,F165,
59a6a80ce913c1ee51e35c213b85ca13bb78380df68a73fa1ceb164b84c647a6,2017-18,3,Kerry,13,Rudy Gobert,rudygobert,final,11,26,1,final_snapshot,Rudy Gobert,D166,E166,F166,3.2 Jeff
59a6a80ce913c1ee51e35c213b85ca13bb78380df68a73fa1ceb164b84c647a6,2017-18,3,Kerry,13,Robin Lopez,robinlopez,final,12,10,1,final_snapshot,Robin Lopez,D167,E167,F167,3.11 Darren
59a6a80ce913c1ee51e35c213b85ca13bb78380df68a73fa1ceb164b84c647a6,2017-18,3,Kerry,13,Marcus Morris Sr,marcusmorrissr,final,13,2,1,final_snapshot,Marcus Morris,D168,E168,F168,FA-1 Peter
59a6a80ce913c1ee51e35c213b85ca13bb78380df68a73fa1ceb164b84c647a6,2017-18,3,Kerry,13,Alex Len,alexlen,final,14,8,1,final_snapshot,Alex Len,D169,E169,F169,3.8 Jeff
59a6a80ce913c1ee51e35c213b85ca13bb78380df68a73fa1ceb164b84c647a6,2017-18,3,Kerry,13,Courtney Lee,courtneylee,final,15,1,1,final_snapshot,Courtney Lee,D170,E170,F170,3.4 Alvin
59a6a80ce913c1ee51e35c213b85ca13bb78380df68a73fa1ceb164b84c647a6,2017-18,3,Mark,3,DeMar DeRozan,demarderozan,final,1,16,3,final_snapshot,DeMar DeRozan,D158,E158,F158,
59a6a80ce913c1ee51e35c213b85ca13bb78380df68a73fa1ceb164b84c647a6,2017-18,3,Mark,3,DeMarcus Cousins,demarcuscousins,final,2,46,2,final_snapshot,DeMarcus Cousins,D159,E159,F159,
59a6a80ce913c1ee51e35c213b85ca13bb78380df68a73fa1ceb164b84c647a6,2017-18,3,Mark,3,Damian Lillard,damianlillard,final,3,43,1,final_snapshot,Damian Lillard,D160,E160,F160,13.3 Graham
59a6a80ce913c1ee51e35c213b85ca13bb78380df68a73fa1ceb164b84c647a6,2017-18,3,Mark,3,LeBron James,lebronjames,final,4,54,1,final_snapshot,LeBron James,D161,E161,F161,13.1 Graham
59a6a80ce913c1ee51e35c213b85ca13bb78380df68a73fa1ceb164b84c647a6,2017-18,3,Mark,3,Brandon Ingram,brandoningram,final,5,12,1,final_snapshot,Brandon Ingram,D162,E162,F162,
59a6a80ce913c1ee51e35c213b85ca13bb78380df68a73fa1ceb164b84c647a6,2017-18,3,Mark,3,Kevin Love,kevinlove,final,6,27,1,final_snapshot,Kevin Love,D163,E163,F163,13.7 Ron
59a6a80ce913c1ee51e35c213b85ca13bb78380df68a73fa1ceb164b84c647a6,2017-18,3,Mark,3,Jusuf Nurkic,jusufnurkic,final,7,25,1,final_snapshot,Jusuf Nurkic,D164,E164,F164,
59a6a80ce913c1ee51e35c213b85ca13bb78380df68a73fa1ceb164b84c647a6,2017-18,3,Mark,3,Julius Randle,juliusrandle,final,8,15,1,final_snapshot,Julius Randle,D165,E165,F165,
59a6a80ce913c1ee51e35c213b85ca13bb78380df68a73fa1ceb164b84c647a6,2017-18,3,Mark,3,Jonas Valanciunas,jonasvalanciunas,final,9,14,1,final_snapshot,Jonas Valanciunas,D166,E166,F166,
59a6a80ce913c1ee51e35c213b85ca13bb78380df68a73fa1ceb164b84c647a6,2017-18,3,Mark,3,Joel Embiid,joelembiid,final,10,17,1,final_snapshot,Joel Embiid,D167,E167,F167,
59a6a80ce913c1ee51e35c213b85ca13bb78380df68a73fa1ceb164b84c647a6,2017-18,3,Mark,3,Kyle Lowry,kylelowry,final,11,38,1,final_snapshot,Kyle Lowry,D168,E168,F168,13.5 Graham
59a6a80ce913c1ee51e35c213b85ca13bb78380df68a73fa1ceb164b84c647a6,2017-18,3,Mark,3,Khris Middleton,khrismiddleton,final,12,22,1,final_snapshot,Khris Middleton,D169,E169,F169,13.6 Ron
59a6a80ce913c1ee51e35c213b85ca13bb78380df68a73fa1ceb164b84c647a6,2017-18,3,Mark,3,Kemba Walker,kembawalker,final,13,17,1,final_snapshot,Kemba Walker,D170,E170,F170,
59a6a80ce913c1ee51e35c213b85ca13bb78380df68a73fa1ceb164b84c647a6,2017-18,3,Mark,3,Paul George,paulgeorge,final,14,44,1,final_snapshot,Paul George,D171,E171,F171,13.4 Ron
59a6a80ce913c1ee51e35c213b85ca13bb78380df68a73fa1ceb164b84c647a6,2017-18,3,Mark,3,Giannis Antetokounmpo,giannisantetokounmpo,final,15,16,1,final_snapshot,Giannis Antetokounmpo,D172,E172,F172,13.2 Ron
59a6a80ce913c1ee51e35c213b85ca13bb78380df68a73fa1ceb164b84c647a6,2017-18,3,Max,14,Marc Gasol,marcgasol,final,1,36,1,final_snapshot,Marc Gasol,D159,E159,F159,2.1 Jason
59a6a80ce913c1ee51e35c213b85ca13bb78380df68a73fa1ceb164b84c647a6,2017-18,3,Max,14,Brook Lopez,brooklopez,final,2,28,2,final_snapshot,Brook Lopez,D160,E160,F160,2.2 Alvin
59a6a80ce913c1ee51e35c213b85ca13bb78380df68a73fa1ceb164b84c647a6,2017-18,3,Max,14,Trevor Booker,trevorbooker,final,3,2,1,final_snapshot,Trevor Booker,D161,E161,F161,FA-5 Kerry
59a6a80ce913c1ee51e35c213b85ca13bb78380df68a73fa1ceb164b84c647a6,2017-18,3,Max,14,Dion Waiters,dionwaiters,final,4,5,1,final_snapshot,Dion Waiters,D162,E162,F162,FA-4 Arthur
59a6a80ce913c1ee51e35c213b85ca13bb78380df68a73fa1ceb164b84c647a6,2017-18,3,Max,14,Thaddeus Young,thaddeusyoung,final,5,10,1,final_snapshot,Thaddeus Young,D163,E163,F163,2.5 Peter
59a6a80ce913c1ee51e35c213b85ca13bb78380df68a73fa1ceb164b84c647a6,2017-18,3,Max,14,Cody Zeller,codyzeller,final,6,1,1,final_snapshot,Cody Zeller,D164,E164,F164,FA-6 Kerry
59a6a80ce913c1ee51e35c213b85ca13bb78380df68a73fa1ceb164b84c647a6,2017-18,3,Max,14,Elfrid Payton,elfridpayton,final,7,18,1,final_snapshot,Elfrid Payton,D165,E165,F165,FA-1 Jason
59a6a80ce913c1ee51e35c213b85ca13bb78380df68a73fa1ceb164b84c647a6,2017-18,3,Max,14,Josh Jackson,joshjackson,final,8,10,1,final_snapshot,Josh Jackson,D166,E166,F166,
59a6a80ce913c1ee51e35c213b85ca13bb78380df68a73fa1ceb164b84c647a6,2017-18,3,Max,14,Markieff Morris,markieffmorris,final,9,7,1,final_snapshot,Markieff Morris,D167,E167,F167,FA-3 Arthur
59a6a80ce913c1ee51e35c213b85ca13bb78380df68a73fa1ceb164b84c647a6,2017-18,3,Max,14,Brandon Ingram,brandoningram,final,10,12,1,final_snapshot,Brandon Ingram,D168,E168,F168,2.8 Kerry
59a6a80ce913c1ee51e35c213b85ca13bb78380df68a73fa1ceb164b84c647a6,2017-18,3,Max,14,De'Aaron Fox,deaaronfox,final,11,7,1,final_snapshot,De'Aaron Fox,D169,E169,F169,FA-2 Jeff
59a6a80ce913c1ee51e35c213b85ca13bb78380df68a73fa1ceb164b84c647a6,2017-18,3,Max,14,Andrew Wiggins,andrewwiggins,final,12,23,1,final_snapshot,Andrew Wiggins,D170,E170,F170,2.6 Darren
59a6a80ce913c1ee51e35c213b85ca13bb78380df68a73fa1ceb164b84c647a6,2017-18,3,Max,14,TJ Warren,tjwarren,final,13,18,1,final_snapshot,TJ Warren,D171,E171,F171,2.3 Kerry
59a6a80ce913c1ee51e35c213b85ca13bb78380df68a73fa1ceb164b84c647a6,2017-18,3,Max,14,Goran Dragic,gorandragic,final,14,25,1,final_snapshot,Goran Dragic,D172,E172,F172,2.4 Graham
59a6a80ce913c1ee51e35c213b85ca13bb78380df68a73fa1ceb164b84c647a6,2017-18,3,Max,14,Taj Gibson,tajgibson,final,15,5,1,final_snapshot,Taj Gibson,D173,E173,F173,2.7 Brent
59a6a80ce913c1ee51e35c213b85ca13bb78380df68a73fa1ceb164b84c647a6,2017-18,3,Peter,10,Nikola Jokic,nikolajokic,final,1,31,2,final_snapshot,Nikola Jokic,D159,E159,F159,6.4 Josh
59a6a80ce913c1ee51e35c213b85ca13bb78380df68a73fa1ceb164b84c647a6,2017-18,3,Peter,10,Kemba Walker,kembawalker,final,2,17,3,final_snapshot,Kemba Walker,D160,E160,F160,6.3 Jason
59a6a80ce913c1ee51e35c213b85ca13bb78380df68a73fa1ceb164b84c647a6,2017-18,3,Peter,10,Kawhi Leonard,kawhileonard,final,3,64,1,final_snapshot,Kawhi Leonard,D161,E161,F161,6.2 Alvin
59a6a80ce913c1ee51e35c213b85ca13bb78380df68a73fa1ceb164b84c647a6,2017-18,3,Peter,10,Klay Thompson,klaythompson,final,4,38,1,final_snapshot,Klay Thompson,D162,E162,F162,
59a6a80ce913c1ee51e35c213b85ca13bb78380df68a73fa1ceb164b84c647a6,2017-18,3,Peter,10,Mario Hezonja,mariohezonja,final,5,0,0,final_snapshot,Mario Hezonja,D163,E163,F163,
59a6a80ce913c1ee51e35c213b85ca13bb78380df68a73fa1ceb164b84c647a6,2017-18,3,Peter,10,Bobby Portis,bobbyportis,final,6,3,1,final_snapshot,Bobby Portis,D164,E164,F164,
59a6a80ce913c1ee51e35c213b85ca13bb78380df68a73fa1ceb164b84c647a6,2017-18,3,Peter,10,Wilson Chandler,wilsonchandler,final,7,9,1,final_snapshot,Wilson Chandler,D165,E165,F165,
59a6a80ce913c1ee51e35c213b85ca13bb78380df68a73fa1ceb164b84c647a6,2017-18,3,Peter,10,Wayne Ellington,wayneellington,final,8,0,0,final_snapshot,Wayne Ellington,D166,E166,F166,FA-3 Josh
59a6a80ce913c1ee51e35c213b85ca13bb78380df68a73fa1ceb164b84c647a6,2017-18,3,Peter,10,Brandon Ingram,brandoningram,final,9,12,1,final_snapshot,Brandon Ingram,D167,E167,F167,6.7 Josh
59a6a80ce913c1ee51e35c213b85ca13bb78380df68a73fa1ceb164b84c647a6,2017-18,3,Peter,10,Julius Randle,juliusrandle,final,10,15,1,final_snapshot,Julius Randle,D168,E168,F168,
59a6a80ce913c1ee51e35c213b85ca13bb78380df68a73fa1ceb164b84c647a6,2017-18,3,Peter,10,Austin Rivers,austinrivers,final,11,3,1,final_snapshot,Austin Rivers,D169,E169,F169,FA-2 Brent
59a6a80ce913c1ee51e35c213b85ca13bb78380df68a73fa1ceb164b84c647a6,2017-18,3,Peter,10,Justin Holiday,justinholiday,final,12,2,1,final_snapshot,Justin Holiday,D170,E170,F170,6.6 Jeff
59a6a80ce913c1ee51e35c213b85ca13bb78380df68a73fa1ceb164b84c647a6,2017-18,3,Peter,10,Carmelo Anthony,carmeloanthony,final,13,16,1,final_snapshot,Carmelo Anthony,D171,E171,F171,FA-1 Jason
59a6a80ce913c1ee51e35c213b85ca13bb78380df68a73fa1ceb164b84c647a6,2017-18,3,Peter,10,Thaddeus Young,thaddeusyoung,final,14,10,1,final_snapshot,Thaddeus Young,D172,E172,F172,6.5 John
59a6a80ce913c1ee51e35c213b85ca13bb78380df68a73fa1ceb164b84c647a6,2017-18,3,Peter,10,Khris Middleton,khrismiddleton,final,15,22,1,final_snapshot,Khris Middleton,D173,E173,F173,
59a6a80ce913c1ee51e35c213b85ca13bb78380df68a73fa1ceb164b84c647a6,2017-18,3,Ron,1,Karl-Anthony Towns,karlanthonytowns,final,1,24,3,final_snapshot,Karl Anthony-Towns,D160,E160,F160,
59a6a80ce913c1ee51e35c213b85ca13bb78380df68a73fa1ceb164b84c647a6,2017-18,3,Ron,1,Russell Westbrook,russellwestbrook,final,2,62,1,final_snapshot,Russell Westbrook,D161,E161,F161,
59a6a80ce913c1ee51e35c213b85ca13bb78380df68a73fa1ceb164b84c647a6,2017-18,3,Ron,1,Victor Oladipo,victoroladipo,final,3,19,1,final_snapshot,Victor Oladipo,D162,E162,F162,
59a6a80ce913c1ee51e35c213b85ca13bb78380df68a73fa1ceb164b84c647a6,2017-18,3,Ron,1,Giannis Antetokounmpo,giannisantetokounmpo,final,4,16,1,final_snapshot,Giannis Antetokounmpo,D163,E163,F163,
59a6a80ce913c1ee51e35c213b85ca13bb78380df68a73fa1ceb164b84c647a6,2017-18,3,Ron,1,Jamal Murray,jamalmurray,final,5,13,1,final_snapshot,Jamal Murray,D164,E164,F164,
59a6a80ce913c1ee51e35c213b85ca13bb78380df68a73fa1ceb164b84c647a6,2017-18,3,Ron,1,Eric Bledsoe,ericbledsoe,final,6,27,1,final_snapshot,Eric Bledsoe,D165,E165,F165,
59a6a80ce913c1ee51e35c213b85ca13bb78380df68a73fa1ceb164b84c647a6,2017-18,3,Ron,1,Anthony Davis,anthonydavis,final,7,56,1,final_snapshot,Anthony Davis,D166,E166,F166,
59a6a80ce913c1ee51e35c213b85ca13bb78380df68a73fa1ceb164b84c647a6,2017-18,3,Ron,1,DeMar DeRozan,demarderozan,final,8,16,1,final_snapshot,DeMar DeRozan,D167,E167,F167,
59a6a80ce913c1ee51e35c213b85ca13bb78380df68a73fa1ceb164b84c647a6,2017-18,3,Ron,1,Kevin Durant,kevindurant,final,9,75,1,final_snapshot,Kevin Durant,D168,E168,F168,
59a6a80ce913c1ee51e35c213b85ca13bb78380df68a73fa1ceb164b84c647a6,2017-18,3,Ron,1,Paul George,paulgeorge,final,10,44,1,final_snapshot,Paul George,D169,E169,F169,
59a6a80ce913c1ee51e35c213b85ca13bb78380df68a73fa1ceb164b84c647a6,2017-18,3,Ron,1,Draymond Green,draymondgreen,final,11,37,1,final_snapshot,Draymond Green,D170,E170,F170,
59a6a80ce913c1ee51e35c213b85ca13bb78380df68a73fa1ceb164b84c647a6,2017-18,3,Ron,1,James Harden,jamesharden,final,12,72,1,final_snapshot,James Harden,D171,E171,F171,
59a6a80ce913c1ee51e35c213b85ca13bb78380df68a73fa1ceb164b84c647a6,2017-18,3,Ron,1,Kevin Love,kevinlove,final,13,27,1,final_snapshot,Kevin Love,D172,E172,F172,
59a6a80ce913c1ee51e35c213b85ca13bb78380df68a73fa1ceb164b84c647a6,2017-18,3,Ron,1,Khris Middleton,khrismiddleton,final,14,22,1,final_snapshot,Khris Middleton,D173,E173,F173,
59a6a80ce913c1ee51e35c213b85ca13bb78380df68a73fa1ceb164b84c647a6,2017-18,3,Ron,1,Klay Thompson,klaythompson,final,15,38,1,final_snapshot,Klay Thompson,D174,E174,F174,
59a6a80ce913c1ee51e35c213b85ca13bb78380df68a73fa1ceb164b84c647a6,2016-17,2,Alvin,1,Kevin Durant,kevindurant,final,1,72,2,final_snapshot,Kevin Durant,D178,E178,F178,
59a6a80ce913c1ee51e35c213b85ca13bb78380df68a73fa1ceb164b84c647a6,2016-17,2,Alvin,1,Giannis Antetokounmpo,giannisantetokounmpo,final,2,13,2,final_snapshot,Giannis Antetokounmpo,D179,E179,F179,
59a6a80ce913c1ee51e35c213b85ca13bb78380df68a73fa1ceb164b84c647a6,2016-17,2,Alvin,1,Stephen Curry,stephencurry,final,3,87,1,final_snapshot,Stephen Curry,D180,E180,F180,
59a6a80ce913c1ee51e35c213b85ca13bb78380df68a73fa1ceb164b84c647a6,2016-17,2,Alvin,1,Jae Crowder,jaecrowder,final,4,15,1,final_snapshot,Jae Crowder,D181,E181,F181,
59a6a80ce913c1ee51e35c213b85ca13bb78380df68a73fa1ceb164b84c647a6,2016-17,2,Alvin,1,Al Horford,alhorford,final,5,42,1,final_snapshot,Al Horford,D182,E182,F182,
59a6a80ce913c1ee51e35c213b85ca13bb78380df68a73fa1ceb164b84c647a6,2016-17,2,Alvin,1,Nikola Jokic,nikolajokic,final,6,30,1,final_snapshot,Nikola Jokic,D183,E183,F183,
59a6a80ce913c1ee51e35c213b85ca13bb78380df68a73fa1ceb164b84c647a6,2016-17,2,Alvin,1,Draymond Green,draymondgreen,final,7,34,1,final_snapshot,Draymond Green,D184,E184,F184,
59a6a80ce913c1ee51e35c213b85ca13bb78380df68a73fa1ceb164b84c647a6,2016-17,2,Alvin,1,James Harden,jamesharden,final,8,67,1,final_snapshot,James Harden,D185,E185,F185,
59a6a80ce913c1ee51e35c213b85ca13bb78380df68a73fa1ceb164b84c647a6,2016-17,2,Alvin,1,Jimmy Butler,jimmybutler,final,9,48,1,final_snapshot,Jimmy Butler,D186,E186,F186,
59a6a80ce913c1ee51e35c213b85ca13bb78380df68a73fa1ceb164b84c647a6,2016-17,2,Alvin,1,Isaiah Thomas,isaiahthomas,final,10,18,1,final_snapshot,Isaiah Thomas,D187,E187,F187,
59a6a80ce913c1ee51e35c213b85ca13bb78380df68a73fa1ceb164b84c647a6,2016-17,2,Alvin,1,Kevin Love,kevinlove,final,11,26,1,final_snapshot,Kevin Love,D188,E188,F188,
59a6a80ce913c1ee51e35c213b85ca13bb78380df68a73fa1ceb164b84c647a6,2016-17,2,Alvin,1,Myles Turner,mylesturner,final,12,22,1,final_snapshot,Myles Turner,D189,E189,F189,
59a6a80ce913c1ee51e35c213b85ca13bb78380df68a73fa1ceb164b84c647a6,2016-17,2,Alvin,1,Mike Conley,mikeconley,final,13,27,1,final_snapshot,Mike Conley,D190,E190,F190,
59a6a80ce913c1ee51e35c213b85ca13bb78380df68a73fa1ceb164b84c647a6,2016-17,2,Alvin,1,Kristaps Porzingis,kristapsporzingis,final,14,3,1,final_snapshot,Kristaps Porzingis,D191,E191,F191,
59a6a80ce913c1ee51e35c213b85ca13bb78380df68a73fa1ceb164b84c647a6,2016-17,2,Alvin,1,Kyle Lowry,kylelowry,final,15,38,1,final_snapshot,Kyle Lowry,D192,E192,F192,
59a6a80ce913c1ee51e35c213b85ca13bb78380df68a73fa1ceb164b84c647a6,2016-17,2,Arthur,11,Jahlil Okafor,jahlilokafor,final,1,8,1,final_snapshot,Jahlil Okafor,D181,E181,F181,5.6 Jeff
59a6a80ce913c1ee51e35c213b85ca13bb78380df68a73fa1ceb164b84c647a6,2016-17,2,Arthur,11,CJ McCollum,cjmccollum,final,2,14,1,final_snapshot,CJ McCollum,D182,E182,F182,5.5 Graham
59a6a80ce913c1ee51e35c213b85ca13bb78380df68a73fa1ceb164b84c647a6,2016-17,2,Arthur,11,Jonas Valanciunas,jonasvalanciunas,final,3,23,1,final_snapshot,Jonas Valanciunas,D183,E183,F183,5.4 Brent
59a6a80ce913c1ee51e35c213b85ca13bb78380df68a73fa1ceb164b84c647a6,2016-17,2,Arthur,11,Rudy Gay,rudygay,final,4,12,1,final_snapshot,Rudy Gay,D184,E184,F184,5.3 Josh
59a6a80ce913c1ee51e35c213b85ca13bb78380df68a73fa1ceb164b84c647a6,2016-17,2,Arthur,11,George Hill,georgehill,final,5,12,1,final_snapshot,George Hill,D185,E185,F185,5.2 Ron
59a6a80ce913c1ee51e35c213b85ca13bb78380df68a73fa1ceb164b84c647a6,2016-17,2,Arthur,11,Nikola Vucevic,nikolavucevic,final,6,43,1,final_snapshot,Nikola Vucevic,D186,E186,F186,5.7 Brent
59a6a80ce913c1ee51e35c213b85ca13bb78380df68a73fa1ceb164b84c647a6,2016-17,2,Arthur,11,Joel Embiid,joelembiid,final,7,16,1,final_snapshot,Joel Embiid,D187,E187,F187,
59a6a80ce913c1ee51e35c213b85ca13bb78380df68a73fa1ceb164b84c647a6,2016-17,2,Arthur,11,Wesley Matthews,wesleymatthews,final,8,8,1,final_snapshot,Wesley Matthews,D188,E188,F188,5.8 Jeff
59a6a80ce913c1ee51e35c213b85ca13bb78380df68a73fa1ceb164b84c647a6,2016-17,2,Arthur,11,Chris Bosh,chrisbosh,final,9,3,1,final_snapshot,Chris Bosh,D189,E189,F189,5.9 Brent
59a6a80ce913c1ee51e35c213b85ca13bb78380df68a73fa1ceb164b84c647a6,2016-17,2,Arthur,11,Danilo Gallinari,danilogallinari,final,10,13,1,final_snapshot,Danilo Gallinari,D190,E190,F190,
59a6a80ce913c1ee51e35c213b85ca13bb78380df68a73fa1ceb164b84c647a6,2016-17,2,Arthur,11,Tyson Chandler,tysonchandler,final,11,1,1,final_snapshot,Tyson Chandler,D191,E191,F191,
59a6a80ce913c1ee51e35c213b85ca13bb78380df68a73fa1ceb164b84c647a6,2016-17,2,Arthur,11,Clint Capela,clintcapela,final,12,9,1,final_snapshot,Clint Capela,D192,E192,F192,FA-1 Jeff
59a6a80ce913c1ee51e35c213b85ca13bb78380df68a73fa1ceb164b84c647a6,2016-17,2,Arthur,11,TJ Warren,tjwarren,final,13,2,1,final_snapshot,T.J. Warren,D193,E193,F193,
59a6a80ce913c1ee51e35c213b85ca13bb78380df68a73fa1ceb164b84c647a6,2016-17,2,Arthur,11,Zach Randolph,zachrandolph,final,14,7,1,final_snapshot,Zach Randolph,D194,E194,F194,
59a6a80ce913c1ee51e35c213b85ca13bb78380df68a73fa1ceb164b84c647a6,2016-17,2,Arthur,11,Kris Dunn,krisdunn,final,15,7,1,final_snapshot,Kris Dunn,D195,E195,F195,
59a6a80ce913c1ee51e35c213b85ca13bb78380df68a73fa1ceb164b84c647a6,2016-17,2,Benji,7,Kyle Lowry,kylelowry,final,1,38,1,final_snapshot,Kyle Lowry,D173,E173,F173,9.1 Peter
59a6a80ce913c1ee51e35c213b85ca13bb78380df68a73fa1ceb164b84c647a6,2016-17,2,Benji,7,Myles Turner,mylesturner,final,2,22,1,final_snapshot,Myles Turner,D174,E174,F174,9.2 Al
59a6a80ce913c1ee51e35c213b85ca13bb78380df68a73fa1ceb164b84c647a6,2016-17,2,Benji,7,Aaron Gordon,aarongordon,final,3,13,1,final_snapshot,Aaron Gordon,D175,E175,F175,
59a6a80ce913c1ee51e35c213b85ca13bb78380df68a73fa1ceb164b84c647a6,2016-17,2,Benji,7,Dirk Nowitzki,dirknowitzki,final,4,19,1,final_snapshot,Dirk Nowitzki,D176,E176,F176,
59a6a80ce913c1ee51e35c213b85ca13bb78380df68a73fa1ceb164b84c647a6,2016-17,2,Benji,7,Jamal Murray,jamalmurray,final,5,5,1,final_snapshot,Jamal Murray,D177,E177,F177,
59a6a80ce913c1ee51e35c213b85ca13bb78380df68a73fa1ceb164b84c647a6,2016-17,2,Benji,7,Kelly Olynyk,kellyolynyk,final,6,2,1,final_snapshot,Kelly Olynyk,D178,E178,F178,
59a6a80ce913c1ee51e35c213b85ca13bb78380df68a73fa1ceb164b84c647a6,2016-17,2,Benji,7,Julius Randle,juliusrandle,final,7,16,1,final_snapshot,Julius Randle,D179,E179,F179,
59a6a80ce913c1ee51e35c213b85ca13bb78380df68a73fa1ceb164b84c647a6,2016-17,2,Benji,7,Jonas Valanciunas,jonasvalanciunas,final,8,23,1,final_snapshot,Jonas Valanciunas,D180,E180,F180,FA-1 Al
59a6a80ce913c1ee51e35c213b85ca13bb78380df68a73fa1ceb164b84c647a6,2016-17,2,Benji,7,Otto Porter Jr,ottoporterjr,final,9,11,1,final_snapshot,Otto Porter,D181,E181,F181,9.3 Darren
59a6a80ce913c1ee51e35c213b85ca13bb78380df68a73fa1ceb164b84c647a6,2016-17,2,Benji,7,Nerlens Noel,nerlensnoel,final,10,10,1,final_snapshot,Nerlens Noel,D182,E182,F182,
59a6a80ce913c1ee51e35c213b85ca13bb78380df68a73fa1ceb164b84c647a6,2016-17,2,Benji,7,Marcin Gortat,marcingortat,final,11,13,1,final_snapshot,Marcin Gortat,D183,E183,F183,9.4 Peter
59a6a80ce913c1ee51e35c213b85ca13bb78380df68a73fa1ceb164b84c647a6,2016-17,2,Benji,7,Jabari Parker,jabariparker,final,12,8,1,final_snapshot,Jabari Parker,D184,E184,F184,
59a6a80ce913c1ee51e35c213b85ca13bb78380df68a73fa1ceb164b84c647a6,2016-17,2,Benji,7,Dario Saric,dariosaric,final,13,6,1,final_snapshot,Dario Saric,D185,E185,F185,FA-2 Al
59a6a80ce913c1ee51e35c213b85ca13bb78380df68a73fa1ceb164b84c647a6,2016-17,2,Benji,7,Zach LaVine,zachlavine,final,14,14,1,final_snapshot,Zach LaVine,D186,E186,F186,
59a6a80ce913c1ee51e35c213b85ca13bb78380df68a73fa1ceb164b84c647a6,2016-17,2,Benji,7,Dennis Schroder,dennisschroder,final,15,15,1,final_snapshot,Dennis Schroder,D187,E187,F187,FA-3 Al
59a6a80ce913c1ee51e35c213b85ca13bb78380df68a73fa1ceb164b84c647a6,2016-17,2,Brent,8,DeAndre Jordan,deandrejordan,final,1,14,1,final_snapshot,DeAndre Jordan,D177,E177,F177,8.8 Darren
59a6a80ce913c1ee51e35c213b85ca13bb78380df68a73fa1ceb164b84c647a6,2016-17,2,Brent,8,Draymond Green,draymondgreen,final,2,34,2,final_snapshot,Draymond Green,D178,E178,F178,8.2 Alvin
59a6a80ce913c1ee51e35c213b85ca13bb78380df68a73fa1ceb164b84c647a6,2016-17,2,Brent,8,Rudy Gobert,rudygobert,final,3,25,1,final_snapshot,Rudy Gobert,D179,E179,F179,8.1 Jeff
59a6a80ce913c1ee51e35c213b85ca13bb78380df68a73fa1ceb164b84c647a6,2016-17,2,Brent,8,Julius Randle,juliusrandle,final,4,16,1,final_snapshot,Julius Randle,D180,E180,F180,FA-1 Alvin
59a6a80ce913c1ee51e35c213b85ca13bb78380df68a73fa1ceb164b84c647a6,2016-17,2,Brent,8,Nikola Vucevic,nikolavucevic,final,5,43,1,final_snapshot,Nikola Vucevic,D181,E181,F181,8.4 Ricky
59a6a80ce913c1ee51e35c213b85ca13bb78380df68a73fa1ceb164b84c647a6,2016-17,2,Brent,8,Dwight Howard,dwighthoward,final,6,3,1,final_snapshot,Dwight Howard,D182,E182,F182,8.10 Ricky
59a6a80ce913c1ee51e35c213b85ca13bb78380df68a73fa1ceb164b84c647a6,2016-17,2,Brent,8,Bradley Beal,bradleybeal,final,7,13,1,final_snapshot,Bradley Beal,D183,E183,F183,8.5 Darren
59a6a80ce913c1ee51e35c213b85ca13bb78380df68a73fa1ceb164b84c647a6,2016-17,2,Brent,8,Dennis Schroder,dennisschroder,final,8,15,1,final_snapshot,Dennis Schroder,D184,E184,F184,8.7 Ricky
59a6a80ce913c1ee51e35c213b85ca13bb78380df68a73fa1ceb164b84c647a6,2016-17,2,Brent,8,Kentavious Caldwell-Pope,kentaviouscaldwellpope,final,9,8,1,final_snapshot,Kentavious Caldwell-Pope,D185,E185,F185,
59a6a80ce913c1ee51e35c213b85ca13bb78380df68a73fa1ceb164b84c647a6,2016-17,2,Brent,8,Clint Capela,clintcapela,final,10,9,1,final_snapshot,Clint Capela,D186,E186,F186,FA-3 Alvin
59a6a80ce913c1ee51e35c213b85ca13bb78380df68a73fa1ceb164b84c647a6,2016-17,2,Brent,8,Otto Porter Jr,ottoporterjr,final,11,11,1,final_snapshot,Otto Porter,D187,E187,F187,8.3 Kerry
59a6a80ce913c1ee51e35c213b85ca13bb78380df68a73fa1ceb164b84c647a6,2016-17,2,Brent,8,Derrick Rose,derrickrose,final,12,10,1,final_snapshot,Derrick Rose,D188,E188,F188,8.9 Ricky
59a6a80ce913c1ee51e35c213b85ca13bb78380df68a73fa1ceb164b84c647a6,2016-17,2,Brent,8,George Hill,georgehill,final,13,12,1,final_snapshot,George Hill,D189,E189,F189,FA-2 Alvin
59a6a80ce913c1ee51e35c213b85ca13bb78380df68a73fa1ceb164b84c647a6,2016-17,2,Brent,8,Brandon Ingram,brandoningram,final,14,9,1,final_snapshot,Brandon Ingram,D190,E190,F190,
59a6a80ce913c1ee51e35c213b85ca13bb78380df68a73fa1ceb164b84c647a6,2016-17,2,Brent,8,Andre Drummond,andredrummond,final,15,20,1,final_snapshot,Andre Drummond,D191,E191,F191,8.6 Ron
59a6a80ce913c1ee51e35c213b85ca13bb78380df68a73fa1ceb164b84c647a6,2016-17,2,Darren,4,Kristaps Porzingis,kristapsporzingis,final,1,3,2,final_snapshot,Kristaps Porzingis,D178,E178,F178,12.4 Al
59a6a80ce913c1ee51e35c213b85ca13bb78380df68a73fa1ceb164b84c647a6,2016-17,2,Darren,4,Goran Dragic,gorandragic,final,2,19,2,final_snapshot,Goran Dragic,D179,E179,F179,
59a6a80ce913c1ee51e35c213b85ca13bb78380df68a73fa1ceb164b84c647a6,2016-17,2,Darren,4,LeBron James,lebronjames,final,3,66,1,final_snapshot,LeBron James,D180,E180,F180,12.3 Peter
59a6a80ce913c1ee51e35c213b85ca13bb78380df68a73fa1ceb164b84c647a6,2016-17,2,Darren,4,Robin Lopez,robinlopez,final,4,16,1,final_snapshot,Robin Lopez,D181,E181,F181,
59a6a80ce913c1ee51e35c213b85ca13bb78380df68a73fa1ceb164b84c647a6,2016-17,2,Darren,4,Jeff Teague,jeffteague,final,5,18,1,final_snapshot,Jeff Teague,D182,E182,F182,12.5 Peter
59a6a80ce913c1ee51e35c213b85ca13bb78380df68a73fa1ceb164b84c647a6,2016-17,2,Darren,4,Avery Bradley,averybradley,final,6,9,1,final_snapshot,Avery Bradley,D183,E183,F183,
59a6a80ce913c1ee51e35c213b85ca13bb78380df68a73fa1ceb164b84c647a6,2016-17,2,Darren,4,Jusuf Nurkic,jusufnurkic,final,7,17,1,final_snapshot,Jusuf Nurkic,D184,E184,F184,FA-1 Al
59a6a80ce913c1ee51e35c213b85ca13bb78380df68a73fa1ceb164b84c647a6,2016-17,2,Darren,4,Andrew Wiggins,andrewwiggins,final,8,20,1,final_snapshot,Andrew Wiggins,D185,E185,F185,
59a6a80ce913c1ee51e35c213b85ca13bb78380df68a73fa1ceb164b84c647a6,2016-17,2,Darren,4,Jimmy Butler,jimmybutler,final,9,48,1,final_snapshot,Jimmy Butler,D186,E186,F186,12.1 Al
59a6a80ce913c1ee51e35c213b85ca13bb78380df68a73fa1ceb164b84c647a6,2016-17,2,Darren,4,D'Angelo Russell,dangelorussell,final,10,15,1,final_snapshot,D'Angelo Russell,D187,E187,F187,
59a6a80ce913c1ee51e35c213b85ca13bb78380df68a73fa1ceb164b84c647a6,2016-17,2,Darren,4,Maurice Harkless,mauriceharkless,final,11,1,1,final_snapshot,Maurice Harkless,D188,E188,F188,
59a6a80ce913c1ee51e35c213b85ca13bb78380df68a73fa1ceb164b84c647a6,2016-17,2,Darren,4,Amir Johnson,amirjohnson,final,12,4,1,final_snapshot,Amir Johnson,D189,E189,F189,
59a6a80ce913c1ee51e35c213b85ca13bb78380df68a73fa1ceb164b84c647a6,2016-17,2,Darren,4,Kyrie Irving,kyrieirving,final,13,27,1,final_snapshot,Kyrie Irving,D190,E190,F190,12.2 Ker
59a6a80ce913c1ee51e35c213b85ca13bb78380df68a73fa1ceb164b84c647a6,2016-17,2,Darren,4,Michael Carter-Williams,michaelcarterwilliams,final,14,4,1,final_snapshot,Michael Carter-Wlliams,D191,E191,F191,
59a6a80ce913c1ee51e35c213b85ca13bb78380df68a73fa1ceb164b84c647a6,2016-17,2,Darren,4,Bradley Beal,bradleybeal,final,15,13,1,final_snapshot,Bradley Beal,D192,E192,F192,
59a6a80ce913c1ee51e35c213b85ca13bb78380df68a73fa1ceb164b84c647a6,2016-17,2,Graham,9,Hassan Whiteside,hassanwhiteside,final,1,24,2,final_snapshot,Hassan Whiteside,D176,E176,F176,7.1 Peter
59a6a80ce913c1ee51e35c213b85ca13bb78380df68a73fa1ceb164b84c647a6,2016-17,2,Graham,9,Pau Gasol,paugasol,final,2,27,2,final_snapshot,Pau Gasol,D177,E177,F177,FA-1 Jeff
59a6a80ce913c1ee51e35c213b85ca13bb78380df68a73fa1ceb164b84c647a6,2016-17,2,Graham,9,Trevor Ariza,trevorariza,final,3,18,1,final_snapshot,Trevor Ariza,D178,E178,F178,7.4 Darren
59a6a80ce913c1ee51e35c213b85ca13bb78380df68a73fa1ceb164b84c647a6,2016-17,2,Graham,9,Dwight Powell,dwightpowell,final,4,1,1,final_snapshot,Dwight Powell,D179,E179,F179,
59a6a80ce913c1ee51e35c213b85ca13bb78380df68a73fa1ceb164b84c647a6,2016-17,2,Graham,9,Carmelo Anthony,carmeloanthony,final,5,29,1,final_snapshot,Carmelo Anthony,D180,E180,F180,7.2 Ron
59a6a80ce913c1ee51e35c213b85ca13bb78380df68a73fa1ceb164b84c647a6,2016-17,2,Graham,9,Reggie Jackson,reggiejackson,final,6,11,1,final_snapshot,Reggie Jackson,D181,E181,F181,7.8 Peter
59a6a80ce913c1ee51e35c213b85ca13bb78380df68a73fa1ceb164b84c647a6,2016-17,2,Graham,9,Terrence Ross,terrenceross,final,7,0,0,final_snapshot,Terrence Ross,D182,E182,F182,
59a6a80ce913c1ee51e35c213b85ca13bb78380df68a73fa1ceb164b84c647a6,2016-17,2,Graham,9,Ricky Rubio,rickyrubio,final,8,21,1,final_snapshot,Ricky Rubio,D183,E183,F183,7.7 Ron
59a6a80ce913c1ee51e35c213b85ca13bb78380df68a73fa1ceb164b84c647a6,2016-17,2,Graham,9,Gorgui Dieng,gorguidieng,final,9,20,1,final_snapshot,Gorgui Dieng,D184,E184,F184,7.6 Peter
59a6a80ce913c1ee51e35c213b85ca13bb78380df68a73fa1ceb164b84c647a6,2016-17,2,Graham,9,Thabo Sefolosha,thabosefolosha,final,10,0,0,final_snapshot,Thabo Sefolosha,D185,E185,F185,
59a6a80ce913c1ee51e35c213b85ca13bb78380df68a73fa1ceb164b84c647a6,2016-17,2,Graham,9,Tony Allen,tonyallen,final,11,1,1,final_snapshot,Tony Allen,D186,E186,F186,
59a6a80ce913c1ee51e35c213b85ca13bb78380df68a73fa1ceb164b84c647a6,2016-17,2,Graham,9,Maurice Harkless,mauriceharkless,final,12,1,1,final_snapshot,Maurice Harkless,D187,E187,F187,FA-2 Alvin
59a6a80ce913c1ee51e35c213b85ca13bb78380df68a73fa1ceb164b84c647a6,2016-17,2,Graham,9,Patty Mills,pattymills,final,13,1,1,final_snapshot,Patty Mills,D188,E188,F188,
59a6a80ce913c1ee51e35c213b85ca13bb78380df68a73fa1ceb164b84c647a6,2016-17,2,Graham,9,Dennis Schroder,dennisschroder,final,14,15,1,final_snapshot,Dennis Schroder,D189,E189,F189,7.5 Brent
59a6a80ce913c1ee51e35c213b85ca13bb78380df68a73fa1ceb164b84c647a6,2016-17,2,Graham,9,Rudy Gay,rudygay,final,15,12,1,final_snapshot,Rudy Gay,D190,E190,F190,7.3 Ricky
59a6a80ce913c1ee51e35c213b85ca13bb78380df68a73fa1ceb164b84c647a6,2016-17,2,Ian,14,Isaiah Thomas,isaiahthomas,final,1,18,2,final_snapshot,Isaiah Thomas,D179,E179,F179,2.1 Al
59a6a80ce913c1ee51e35c213b85ca13bb78380df68a73fa1ceb164b84c647a6,2016-17,2,Ian,14,Andre Drummond,andredrummond,final,2,20,2,final_snapshot,Andre Drummond,D180,E180,F180,2.7 Jeff
59a6a80ce913c1ee51e35c213b85ca13bb78380df68a73fa1ceb164b84c647a6,2016-17,2,Ian,14,Serge Ibaka,sergeibaka,final,3,32,1,final_snapshot,Serge Ibaka,D181,E181,F181,2.3 Peter
59a6a80ce913c1ee51e35c213b85ca13bb78380df68a73fa1ceb164b84c647a6,2016-17,2,Ian,14,Jordan Clarkson,jordanclarkson,final,4,14,1,final_snapshot,Jordan Clarkson,D182,E182,F182,2.5 JD
59a6a80ce913c1ee51e35c213b85ca13bb78380df68a73fa1ceb164b84c647a6,2016-17,2,Ian,14,Brandon Knight,brandonknight,final,5,16,1,final_snapshot,Brandon Knight,D183,E183,F183,FA-2 JD
59a6a80ce913c1ee51e35c213b85ca13bb78380df68a73fa1ceb164b84c647a6,2016-17,2,Ian,14,Jeremy Lin,jeremylin,final,6,19,1,final_snapshot,Jeremy Lin,D184,E184,F184,2.6 Joe
59a6a80ce913c1ee51e35c213b85ca13bb78380df68a73fa1ceb164b84c647a6,2016-17,2,Ian,14,Tarik Black,tarikblack,final,7,0,0,final_snapshot,Tarik Black,D185,E185,F185,
59a6a80ce913c1ee51e35c213b85ca13bb78380df68a73fa1ceb164b84c647a6,2016-17,2,Ian,14,Kentavious Caldwell-Pope,kentaviouscaldwellpope,final,8,8,1,final_snapshot,Kentavious Caldwell-Pope,D186,E186,F186,2.8 Brent
59a6a80ce913c1ee51e35c213b85ca13bb78380df68a73fa1ceb164b84c647a6,2016-17,2,Ian,14,Julius Randle,juliusrandle,final,9,16,1,final_snapshot,Julius Randle,D187,E187,F187,2.4 Brent
59a6a80ce913c1ee51e35c213b85ca13bb78380df68a73fa1ceb164b84c647a6,2016-17,2,Ian,14,Tim Hardaway Jr.,timhardawayjr,final,10,0,0,final_snapshot,Tim Hardaway Jr.,D188,E188,F188,
59a6a80ce913c1ee51e35c213b85ca13bb78380df68a73fa1ceb164b84c647a6,2016-17,2,Ian,14,Josh Richardson,joshrichardson,final,11,4,1,final_snapshot,Josh Richardson,D189,E189,F189,FA-1 Joe
59a6a80ce913c1ee51e35c213b85ca13bb78380df68a73fa1ceb164b84c647a6,2016-17,2,Ian,14,Gordon Hayward,gordonhayward,final,12,17,1,final_snapshot,Gordon Hayward,D190,E190,F190,2.2 Rick
59a6a80ce913c1ee51e35c213b85ca13bb78380df68a73fa1ceb164b84c647a6,2016-17,2,Ian,14,Ed Davis,eddavis,final,13,1,1,final_snapshot,Ed Davis,D191,E191,F191,FA-3 Jeff
59a6a80ce913c1ee51e35c213b85ca13bb78380df68a73fa1ceb164b84c647a6,2016-17,2,Ian,14,Cory Joseph,coryjoseph,final,14,1,1,final_snapshot,Cory Joseph,D192,E192,F192,
59a6a80ce913c1ee51e35c213b85ca13bb78380df68a73fa1ceb164b84c647a6,2016-17,2,Ian,14,Domantas Sabonis,domantassabonis,final,15,0,0,final_snapshot,Domantas Sabonis,D193,E193,F193,
59a6a80ce913c1ee51e35c213b85ca13bb78380df68a73fa1ceb164b84c647a6,2016-17,2,Isaac,12,Paul George,paulgeorge,final,1,42,2,final_snapshot,Paul George,D179,E179,F179,4.1 Kerry
59a6a80ce913c1ee51e35c213b85ca13bb78380df68a73fa1ceb164b84c647a6,2016-17,2,Isaac,12,Kyrie Irving,kyrieirving,final,2,27,1,final_snapshot,Kyrie Irving,D180,E180,F180,4.2 Darren
59a6a80ce913c1ee51e35c213b85ca13bb78380df68a73fa1ceb164b84c647a6,2016-17,2,Isaac,12,Devin Booker,devinbooker,final,3,15,1,final_snapshot,Devin Booker,D181,E181,F181,4.7 Jeff
59a6a80ce913c1ee51e35c213b85ca13bb78380df68a73fa1ceb164b84c647a6,2016-17,2,Isaac,12,Danilo Gallinari,danilogallinari,final,4,13,1,final_snapshot,Danilo Gallinari,D182,E182,F182,4.8 Arthur
59a6a80ce913c1ee51e35c213b85ca13bb78380df68a73fa1ceb164b84c647a6,2016-17,2,Isaac,12,Dwyane Wade,dwyanewade,final,5,13,1,final_snapshot,Dwyane Wade,D183,E183,F183,4.5 Jeff
59a6a80ce913c1ee51e35c213b85ca13bb78380df68a73fa1ceb164b84c647a6,2016-17,2,Isaac,12,Dennis Schroder,dennisschroder,final,6,15,1,final_snapshot,Dennis Schroder,D184,E184,F184,4.3 Graham
59a6a80ce913c1ee51e35c213b85ca13bb78380df68a73fa1ceb164b84c647a6,2016-17,2,Isaac,12,Clint Capela,clintcapela,final,7,9,1,final_snapshot,Clint Capela,D185,E185,F185,4.6 Arthur
59a6a80ce913c1ee51e35c213b85ca13bb78380df68a73fa1ceb164b84c647a6,2016-17,2,Isaac,12,Nikola Vucevic,nikolavucevic,final,8,43,1,final_snapshot,Nikola Vucevic,D186,E186,F186,4.4 Arthur
59a6a80ce913c1ee51e35c213b85ca13bb78380df68a73fa1ceb164b84c647a6,2016-17,2,Isaac,12,Alex Len,alexlen,final,9,6,1,final_snapshot,Alex Len,D187,E187,F187,FA-2 Brent
59a6a80ce913c1ee51e35c213b85ca13bb78380df68a73fa1ceb164b84c647a6,2016-17,2,Isaac,12,Ryan Anderson,ryananderson,final,10,17,1,final_snapshot,Ryan Anderson,D188,E188,F188,FA-1 Jeff
59a6a80ce913c1ee51e35c213b85ca13bb78380df68a73fa1ceb164b84c647a6,2016-17,2,Isaac,12,Mike Conley,mikeconley,final,11,27,1,final_snapshot,Mike Conley,D189,E189,F189,4.7 Arthur
59a6a80ce913c1ee51e35c213b85ca13bb78380df68a73fa1ceb164b84c647a6,2016-17,2,Isaac,12,Tyson Chandler,tysonchandler,final,12,1,1,final_snapshot,Tyson Chandler,D190,E190,F190,4.9 Arthur
59a6a80ce913c1ee51e35c213b85ca13bb78380df68a73fa1ceb164b84c647a6,2016-17,2,Isaac,12,Kyle O'Quinn,kyleoquinn,final,13,0,0,final_snapshot,Kyle O'Quinn,D191,E191,F191,
59a6a80ce913c1ee51e35c213b85ca13bb78380df68a73fa1ceb164b84c647a6,2016-17,2,Isaac,12,Arron Afflalo,arronafflalo,final,14,2,1,final_snapshot,Arron Afflalo,D192,E192,F192,
59a6a80ce913c1ee51e35c213b85ca13bb78380df68a73fa1ceb164b84c647a6,2016-17,2,Jason,15,Tobias Harris,tobiasharris,final,1,19,2,final_snapshot,Tobias Harris,D178,E178,F178,1.4 Darren
59a6a80ce913c1ee51e35c213b85ca13bb78380df68a73fa1ceb164b84c647a6,2016-17,2,Jason,15,Nikola Vucevic,nikolavucevic,final,2,43,2,final_snapshot,Nikola Vucevic,D179,E179,F179,1.5 JD
59a6a80ce913c1ee51e35c213b85ca13bb78380df68a73fa1ceb164b84c647a6,2016-17,2,Jason,15,Gordon Hayward,gordonhayward,final,3,17,1,final_snapshot,Gordon Hayward,D180,E180,F180,1.1 Ian
59a6a80ce913c1ee51e35c213b85ca13bb78380df68a73fa1ceb164b84c647a6,2016-17,2,Jason,15,Jameer Nelson,jameernelson,final,4,0,0,final_snapshot,Jameer Nelson,D181,E181,F181,
59a6a80ce913c1ee51e35c213b85ca13bb78380df68a73fa1ceb164b84c647a6,2016-17,2,Jason,15,Jared Dudley,jareddudley,final,5,2,1,final_snapshot,Jared Dudley,D182,E182,F182,FA-1 Brent
59a6a80ce913c1ee51e35c213b85ca13bb78380df68a73fa1ceb164b84c647a6,2016-17,2,Jason,15,Kevin Love,kevinlove,final,6,26,1,final_snapshot,Kevin Love,D183,E183,F183,1.3 Brent
59a6a80ce913c1ee51e35c213b85ca13bb78380df68a73fa1ceb164b84c647a6,2016-17,2,Jason,15,Ben Simmons,bensimmons,final,7,7,1,final_snapshot,Ben Simmons,D184,E184,F184,
59a6a80ce913c1ee51e35c213b85ca13bb78380df68a73fa1ceb164b84c647a6,2016-17,2,Jason,15,Mike Conley,mikeconley,final,8,27,1,final_snapshot,Mike Conley,D185,E185,F185,1.2 Kerry
59a6a80ce913c1ee51e35c213b85ca13bb78380df68a73fa1ceb164b84c647a6,2016-17,2,Jason,15,Shabazz Muhammad,shabazzmuhammad,final,9,0,0,final_snapshot,Shabazz Muhammad,D186,E186,F186,
59a6a80ce913c1ee51e35c213b85ca13bb78380df68a73fa1ceb164b84c647a6,2016-17,2,Jason,15,Enes Kanter,eneskanter,final,10,21,1,final_snapshot,Enes Kanter,D187,E187,F187,1.5 Art
59a6a80ce913c1ee51e35c213b85ca13bb78380df68a73fa1ceb164b84c647a6,2016-17,2,Jason,15,Marco Belinelli,marcobelinelli,final,11,0,0,final_snapshot,Marco Belinelli,D188,E188,F188,
59a6a80ce913c1ee51e35c213b85ca13bb78380df68a73fa1ceb164b84c647a6,2016-17,2,Jason,15,Will Barton,willbarton,final,12,9,1,final_snapshot,Will Barton,D189,E189,F189,1.6 Joe
59a6a80ce913c1ee51e35c213b85ca13bb78380df68a73fa1ceb164b84c647a6,2016-17,2,Jason,15,Frank Kaminsky,frankkaminsky,final,13,2,1,final_snapshot,Frank Kaminsky,D190,E190,F190,FA-2 Brent
59a6a80ce913c1ee51e35c213b85ca13bb78380df68a73fa1ceb164b84c647a6,2016-17,2,Jason,15,Tarik Black,tarikblack,final,14,0,0,final_snapshot,Tarik Black,D191,E191,F191,
59a6a80ce913c1ee51e35c213b85ca13bb78380df68a73fa1ceb164b84c647a6,2016-17,2,Jason,15,Tyler Johnson,tylerjohnson,final,15,6,1,final_snapshot,Tyler Johnson,D192,E192,F192,1.7 Jeff
59a6a80ce913c1ee51e35c213b85ca13bb78380df68a73fa1ceb164b84c647a6,2016-17,2,Joe,13,Derrick Rose,derrickrose,final,1,11,2,final_snapshot,Derrick Rose,D172,E172,F172,3.6 Brent
59a6a80ce913c1ee51e35c213b85ca13bb78380df68a73fa1ceb164b84c647a6,2016-17,2,Joe,13,Andrew Wiggins,andrewwiggins,final,2,20,2,final_snapshot,Andrew Wiggins,D173,E173,F173,3.1 Ron
59a6a80ce913c1ee51e35c213b85ca13bb78380df68a73fa1ceb164b84c647a6,2016-17,2,Joe,13,Jeremy Lin,jeremylin,final,3,19,1,final_snapshot,Jeremy Lin,D174,E174,F174,FA-1 Darren
59a6a80ce913c1ee51e35c213b85ca13bb78380df68a73fa1ceb164b84c647a6,2016-17,2,Joe,13,DeAndre Jordan,deandrejordan,final,4,14,1,final_snapshot,DeAndre Jordan,D175,E175,F175,3.3 Al
59a6a80ce913c1ee51e35c213b85ca13bb78380df68a73fa1ceb164b84c647a6,2016-17,2,Joe,13,DJ Augustin,djaugustin,final,5,0,0,final_snapshot,D.J. Augustin,D176,E176,F176,FA-4 Jeff
59a6a80ce913c1ee51e35c213b85ca13bb78380df68a73fa1ceb164b84c647a6,2016-17,2,Joe,13,Emmanuel Mudiay,emmanuelmudiay,final,6,7,1,final_snapshot,Emmanuel Mudiay,D177,E177,F177,FA-2 Brent
59a6a80ce913c1ee51e35c213b85ca13bb78380df68a73fa1ceb164b84c647a6,2016-17,2,Joe,13,Gerald Henderson,geraldhenderson,final,7,0,0,final_snapshot,Gerald Henderson,D178,E178,F178,
59a6a80ce913c1ee51e35c213b85ca13bb78380df68a73fa1ceb164b84c647a6,2016-17,2,Joe,13,Otto Porter Jr,ottoporterjr,final,8,11,1,final_snapshot,Otto Porter,D179,E179,F179,3.2 Josh
59a6a80ce913c1ee51e35c213b85ca13bb78380df68a73fa1ceb164b84c647a6,2016-17,2,Joe,13,Marcus Smart,marcussmart,final,9,4,1,final_snapshot,Marcus Smart,D180,E180,F180,FA-5 John
59a6a80ce913c1ee51e35c213b85ca13bb78380df68a73fa1ceb164b84c647a6,2016-17,2,Joe,13,Nikola Mirotic,nikolamirotic,final,10,10,1,final_snapshot,Nikola Mirotic,D181,E181,F181,FA-6 Al
59a6a80ce913c1ee51e35c213b85ca13bb78380df68a73fa1ceb164b84c647a6,2016-17,2,Joe,13,Matt Barnes,mattbarnes,final,11,3,1,final_snapshot,Matt Barnes,D182,E182,F182,
59a6a80ce913c1ee51e35c213b85ca13bb78380df68a73fa1ceb164b84c647a6,2016-17,2,Joe,13,Kenneth Faried,kennethfaried,final,12,8,1,final_snapshot,Kenneth Faried,D183,E183,F183,3.5 Jeff
59a6a80ce913c1ee51e35c213b85ca13bb78380df68a73fa1ceb164b84c647a6,2016-17,2,Joe,13,Josh Richardson,joshrichardson,final,13,4,1,final_snapshot,Josh Richardson,D184,E184,F184,FA-3 Jeff
59a6a80ce913c1ee51e35c213b85ca13bb78380df68a73fa1ceb164b84c647a6,2016-17,2,Joe,13,Will Barton,willbarton,final,14,9,1,final_snapshot,Will Barton,D185,E185,F185,
59a6a80ce913c1ee51e35c213b85ca13bb78380df68a73fa1ceb164b84c647a6,2016-17,2,Joe,13,Wilson Chandler,wilsonchandler,final,15,4,1,final_snapshot,Wilson Chandler,D186,E186,F186,3.4 Ricky
59a6a80ce913c1ee51e35c213b85ca13bb78380df68a73fa1ceb164b84c647a6,2016-17,2,Kerry,2,Kawhi Leonard,kawhileonard,final,1,53,2,final_snapshot,Kawhi Leonard,D175,E175,F175,
59a6a80ce913c1ee51e35c213b85ca13bb78380df68a73fa1ceb164b84c647a6,2016-17,2,Kerry,2,Kyrie Irving,kyrieirving,final,2,27,2,final_snapshot,Kyrie Irving,D176,E176,F176,
59a6a80ce913c1ee51e35c213b85ca13bb78380df68a73fa1ceb164b84c647a6,2016-17,2,Kerry,2,John Wall,johnwall,final,3,39,1,final_snapshot,John Wall,D177,E177,F177,
59a6a80ce913c1ee51e35c213b85ca13bb78380df68a73fa1ceb164b84c647a6,2016-17,2,Kerry,2,Damian Lillard,damianlillard,final,4,46,1,final_snapshot,Damian Lillard,D178,E178,F178,
59a6a80ce913c1ee51e35c213b85ca13bb78380df68a73fa1ceb164b84c647a6,2016-17,2,Kerry,2,TJ Warren,tjwarren,final,5,2,1,final_snapshot,T. J. Warren,D179,E179,F179,
59a6a80ce913c1ee51e35c213b85ca13bb78380df68a73fa1ceb164b84c647a6,2016-17,2,Kerry,2,Anthony Davis,anthonydavis,final,6,55,1,final_snapshot,Anthony Davis,D180,E180,F180,
59a6a80ce913c1ee51e35c213b85ca13bb78380df68a73fa1ceb164b84c647a6,2016-17,2,Kerry,2,Klay Thompson,klaythompson,final,7,35,1,final_snapshot,Klay Thompson,D181,E181,F181,
59a6a80ce913c1ee51e35c213b85ca13bb78380df68a73fa1ceb164b84c647a6,2016-17,2,Kerry,2,Brook Lopez,brooklopez,final,8,27,1,final_snapshot,Brook Lopez,D182,E182,F182,
59a6a80ce913c1ee51e35c213b85ca13bb78380df68a73fa1ceb164b84c647a6,2016-17,2,Kerry,2,Russell Westbrook,russellwestbrook,final,9,61,1,final_snapshot,Russell Westbrook,D183,E183,F183,
59a6a80ce913c1ee51e35c213b85ca13bb78380df68a73fa1ceb164b84c647a6,2016-17,2,Kerry,2,DeMar DeRozan,demarderozan,final,10,13,1,final_snapshot,DeMar DeRozan,D184,E184,F184,
59a6a80ce913c1ee51e35c213b85ca13bb78380df68a73fa1ceb164b84c647a6,2016-17,2,Kerry,2,LeBron James,lebronjames,final,11,66,1,final_snapshot,LeBron James,D185,E185,F185,
59a6a80ce913c1ee51e35c213b85ca13bb78380df68a73fa1ceb164b84c647a6,2016-17,2,Kerry,2,Karl-Anthony Towns,karlanthonytowns,final,12,21,1,final_snapshot,Karl-Anthony Towns,D186,E186,F186,
59a6a80ce913c1ee51e35c213b85ca13bb78380df68a73fa1ceb164b84c647a6,2016-17,2,Kerry,2,Paul George,paulgeorge,final,13,42,1,final_snapshot,Paul George,D187,E187,F187,
59a6a80ce913c1ee51e35c213b85ca13bb78380df68a73fa1ceb164b84c647a6,2016-17,2,Kerry,2,Chris Paul,chrispaul,final,14,63,1,final_snapshot,Chris Paul,D188,E188,F188,
59a6a80ce913c1ee51e35c213b85ca13bb78380df68a73fa1ceb164b84c647a6,2016-17,2,Kerry,2,Rudy Gobert,rudygobert,final,15,25,1,final_snapshot,Rudy Gobert,D189,E189,F189,
59a6a80ce913c1ee51e35c213b85ca13bb78380df68a73fa1ceb164b84c647a6,2016-17,2,Mark,10,Jimmy Butler,jimmybutler,final,1,48,2,final_snapshot,Jimmy Butler,D179,E179,F179,6.2 Ricky
59a6a80ce913c1ee51e35c213b85ca13bb78380df68a73fa1ceb164b84c647a6,2016-17,2,Mark,10,DeMar DeRozan,demarderozan,final,2,13,2,final_snapshot,DeMar DeRozan,D180,E180,F180,6.3 Kerry
59a6a80ce913c1ee51e35c213b85ca13bb78380df68a73fa1ceb164b84c647a6,2016-17,2,Mark,10,DeMarcus Cousins,demarcuscousins,final,3,46,1,final_snapshot,DeMarcus Cousins,D181,E181,F181,6.1 Al
59a6a80ce913c1ee51e35c213b85ca13bb78380df68a73fa1ceb164b84c647a6,2016-17,2,Mark,10,Reggie Jackson,reggiejackson,final,4,11,1,final_snapshot,Reggie Jackson,D182,E182,F182,6.5 Graham
59a6a80ce913c1ee51e35c213b85ca13bb78380df68a73fa1ceb164b84c647a6,2016-17,2,Mark,10,Andre Drummond,andredrummond,final,5,20,1,final_snapshot,Andre Drummond,D183,E183,F183,6.6 Brent
59a6a80ce913c1ee51e35c213b85ca13bb78380df68a73fa1ceb164b84c647a6,2016-17,2,Mark,10,Otto Porter Jr,ottoporterjr,final,6,11,1,final_snapshot,Otto Porter,D184,E184,F184,6.4 Darren
59a6a80ce913c1ee51e35c213b85ca13bb78380df68a73fa1ceb164b84c647a6,2016-17,2,Mark,10,Marreese Speights,marreesespeights,final,7,0,0,final_snapshot,Marreese Speights,D185,E185,F185,
59a6a80ce913c1ee51e35c213b85ca13bb78380df68a73fa1ceb164b84c647a6,2016-17,2,Mark,10,Kyle Korver,kylekorver,final,8,7,1,final_snapshot,Kyle Korver,D186,E186,F186,FA-1 Peter
59a6a80ce913c1ee51e35c213b85ca13bb78380df68a73fa1ceb164b84c647a6,2016-17,2,Mark,10,Justin Holiday,justinholiday,final,9,0,0,final_snapshot,Justin Holiday,D187,E187,F187,
59a6a80ce913c1ee51e35c213b85ca13bb78380df68a73fa1ceb164b84c647a6,2016-17,2,Mark,10,Montrezl Harrell,montrezlharrell,final,10,0,0,final_snapshot,Montrezl Harrell,D188,E188,F188,
59a6a80ce913c1ee51e35c213b85ca13bb78380df68a73fa1ceb164b84c647a6,2016-17,2,Mark,10,Joakim Noah,joakimnoah,final,11,5,1,final_snapshot,Joakim Noah,D189,E189,F189,
59a6a80ce913c1ee51e35c213b85ca13bb78380df68a73fa1ceb164b84c647a6,2016-17,2,Mark,10,Danny Green,dannygreen,final,12,8,1,final_snapshot,Danny Green,D190,E190,F190,
59a6a80ce913c1ee51e35c213b85ca13bb78380df68a73fa1ceb164b84c647a6,2016-17,2,Mark,10,Nikola Vucevic,nikolavucevic,final,13,43,1,final_snapshot,Nikola Vucevic,D191,E191,F191,6.6 Kerry
59a6a80ce913c1ee51e35c213b85ca13bb78380df68a73fa1ceb164b84c647a6,2016-17,2,Mark,10,Patrick Beverley,patrickbeverley,final,14,6,1,final_snapshot,Patrick Beverley,D192,E192,F192,
59a6a80ce913c1ee51e35c213b85ca13bb78380df68a73fa1ceb164b84c647a6,2016-17,2,Mark,10,Luol Deng,luoldeng,final,15,3,1,final_snapshot,Luol Deng,D193,E193,F193,
59a6a80ce913c1ee51e35c213b85ca13bb78380df68a73fa1ceb164b84c647a6,2016-17,2,Max,11,Chris Paul,chrispaul,final,1,63,1,final_snapshot,Chris Paul,D178,E178,F178,11.3 Kerry
59a6a80ce913c1ee51e35c213b85ca13bb78380df68a73fa1ceb164b84c647a6,2016-17,2,Max,11,Khris Middleton,khrismiddleton,final,2,19,1,final_snapshot,Khris Middleton,D179,E179,F179,
59a6a80ce913c1ee51e35c213b85ca13bb78380df68a73fa1ceb164b84c647a6,2016-17,2,Max,11,James Harden,jamesharden,final,3,67,1,final_snapshot,James Harden,D180,E180,F180,11.1 Al
59a6a80ce913c1ee51e35c213b85ca13bb78380df68a73fa1ceb164b84c647a6,2016-17,2,Max,11,Anthony Davis,anthonydavis,final,4,55,1,final_snapshot,Anthony Davis,D181,E181,F181,11.2 Peter
59a6a80ce913c1ee51e35c213b85ca13bb78380df68a73fa1ceb164b84c647a6,2016-17,2,Max,11,Derrick Rose,derrickrose,final,5,10,1,final_snapshot,Derrick Rose,D182,E182,F182,11.10 Darren
59a6a80ce913c1ee51e35c213b85ca13bb78380df68a73fa1ceb164b84c647a6,2016-17,2,Max,11,Jimmy Butler,jimmybutler,final,6,48,1,final_snapshot,Jimmy Butler,D183,E183,F183,11.4 Darren
59a6a80ce913c1ee51e35c213b85ca13bb78380df68a73fa1ceb164b84c647a6,2016-17,2,Max,11,Brook Lopez,brooklopez,final,7,27,1,final_snapshot,Brook Lopez,D184,E184,F184,11.7 Kerry
59a6a80ce913c1ee51e35c213b85ca13bb78380df68a73fa1ceb164b84c647a6,2016-17,2,Max,11,Dwight Howard,dwighthoward,final,8,3,1,final_snapshot,Dwight Howard,D185,E185,F185,
59a6a80ce913c1ee51e35c213b85ca13bb78380df68a73fa1ceb164b84c647a6,2016-17,2,Max,11,Dirk Nowitzki,dirknowitzki,final,9,19,1,final_snapshot,Dirk Nowitzki,D186,E186,F186,
59a6a80ce913c1ee51e35c213b85ca13bb78380df68a73fa1ceb164b84c647a6,2016-17,2,Max,11,Dwyane Wade,dwyanewade,final,10,13,1,final_snapshot,Dwyane Wade,D187,E187,F187,
59a6a80ce913c1ee51e35c213b85ca13bb78380df68a73fa1ceb164b84c647a6,2016-17,2,Max,11,Harrison Barnes,harrisonbarnes,final,11,13,1,final_snapshot,Harrison Barnes,D188,E188,F188,
59a6a80ce913c1ee51e35c213b85ca13bb78380df68a73fa1ceb164b84c647a6,2016-17,2,Max,11,Danilo Gallinari,danilogallinari,final,12,13,1,final_snapshot,Danilo Gallinari,D189,E189,F189,11.9 Darren
59a6a80ce913c1ee51e35c213b85ca13bb78380df68a73fa1ceb164b84c647a6,2016-17,2,Max,11,Gordon Hayward,gordonhayward,final,13,17,1,final_snapshot,Gordon Hayward,D190,E190,F190,11.5 Al
59a6a80ce913c1ee51e35c213b85ca13bb78380df68a73fa1ceb164b84c647a6,2016-17,2,Max,11,Nikola Vucevic,nikolavucevic,final,14,43,1,final_snapshot,Nikola Vucevic,D191,E191,F191,11.6 Peter
59a6a80ce913c1ee51e35c213b85ca13bb78380df68a73fa1ceb164b84c647a6,2016-17,2,Max,11,Carmelo Anthony,carmeloanthony,final,15,29,1,final_snapshot,Carmelo Anthony,D192,E192,F192,11.8 Darren
59a6a80ce913c1ee51e35c213b85ca13bb78380df68a73fa1ceb164b84c647a6,2016-17,2,Peter,3,Blake Griffin,blakegriffin,final,1,37,2,final_snapshot,Blake Griffin,D179,E179,F179,
59a6a80ce913c1ee51e35c213b85ca13bb78380df68a73fa1ceb164b84c647a6,2016-17,2,Peter,3,Kemba Walker,kembawalker,final,2,14,2,final_snapshot,Kemba Walker,D180,E180,F180,13.3 Kerry
59a6a80ce913c1ee51e35c213b85ca13bb78380df68a73fa1ceb164b84c647a6,2016-17,2,Peter,3,LeBron James,lebronjames,final,3,66,1,final_snapshot,LeBron James,D181,E181,F181,13.5 Kerry
59a6a80ce913c1ee51e35c213b85ca13bb78380df68a73fa1ceb164b84c647a6,2016-17,2,Peter,3,Klay Thompson,klaythompson,final,4,35,1,final_snapshot,Klay Thompson,D182,E182,F182,
59a6a80ce913c1ee51e35c213b85ca13bb78380df68a73fa1ceb164b84c647a6,2016-17,2,Peter,3,Hassan Whiteside,hassanwhiteside,final,5,24,1,final_snapshot,Hassan Whiteside,D183,E183,F183,
59a6a80ce913c1ee51e35c213b85ca13bb78380df68a73fa1ceb164b84c647a6,2016-17,2,Peter,3,Ricky Rubio,rickyrubio,final,6,21,1,final_snapshot,Ricky Rubio,D184,E184,F184,
59a6a80ce913c1ee51e35c213b85ca13bb78380df68a73fa1ceb164b84c647a6,2016-17,2,Peter,3,James Johnson,jamesjohnson,final,7,0,0,final_snapshot,James Johnson,D185,E185,F185,
59a6a80ce913c1ee51e35c213b85ca13bb78380df68a73fa1ceb164b84c647a6,2016-17,2,Peter,3,Nikola Vucevic,nikolavucevic,final,8,43,1,final_snapshot,Nikola Vucevic,D186,E186,F186,
59a6a80ce913c1ee51e35c213b85ca13bb78380df68a73fa1ceb164b84c647a6,2016-17,2,Peter,3,LaMarcus Aldridge,lamarcusaldridge,final,9,39,1,final_snapshot,LaMarcus Aldridge,D187,E187,F187,13.1 Kerry
59a6a80ce913c1ee51e35c213b85ca13bb78380df68a73fa1ceb164b84c647a6,2016-17,2,Peter,3,Anthony Davis,anthonydavis,final,10,55,1,final_snapshot,Anthony Davis,D188,E188,F188,13.6 Alvin
59a6a80ce913c1ee51e35c213b85ca13bb78380df68a73fa1ceb164b84c647a6,2016-17,2,Peter,3,Bradley Beal,bradleybeal,final,11,13,1,final_snapshot,Bradley Beal,D189,E189,F189,
59a6a80ce913c1ee51e35c213b85ca13bb78380df68a73fa1ceb164b84c647a6,2016-17,2,Peter,3,Jeff Teague,jeffteague,final,12,18,1,final_snapshot,Jeff Teague,D190,E190,F190,
59a6a80ce913c1ee51e35c213b85ca13bb78380df68a73fa1ceb164b84c647a6,2016-17,2,Peter,3,DeAndre Jordan,deandrejordan,final,13,14,1,final_snapshot,DeAndre Jordan,D191,E191,F191,13.4 Alvin
59a6a80ce913c1ee51e35c213b85ca13bb78380df68a73fa1ceb164b84c647a6,2016-17,2,Peter,3,CJ McCollum,cjmccollum,final,14,14,1,final_snapshot,C. J. McCollum,D192,E192,F192,13.2 Alvin
59a6a80ce913c1ee51e35c213b85ca13bb78380df68a73fa1ceb164b84c647a6,2016-17,2,Peter,3,Nikola Jokic,nikolajokic,final,15,30,1,final_snapshot,Nikola Jokic,D193,E193,F193,
59a6a80ce913c1ee51e35c213b85ca13bb78380df68a73fa1ceb164b84c647a6,2016-17,2,Ron,6,Victor Oladipo,victoroladipo,final,1,26,2,final_snapshot,Victor Oladipo,D180,E180,F180,FA-3 Darren
59a6a80ce913c1ee51e35c213b85ca13bb78380df68a73fa1ceb164b84c647a6,2016-17,2,Ron,6,Karl-Anthony Towns,karlanthonytowns,final,2,21,2,final_snapshot,Karl-Anthony Towns,D181,E181,F181,10.1 Kerry
59a6a80ce913c1ee51e35c213b85ca13bb78380df68a73fa1ceb164b84c647a6,2016-17,2,Ron,6,D'Angelo Russell,dangelorussell,final,3,15,1,final_snapshot,D'Angelo Russell,D182,E182,F182,FA-2 Darren
59a6a80ce913c1ee51e35c213b85ca13bb78380df68a73fa1ceb164b84c647a6,2016-17,2,Ron,6,Andrew Wiggins,andrewwiggins,final,4,20,1,final_snapshot,Andrew Wiggins,D183,E183,F183,10.3 Darren
59a6a80ce913c1ee51e35c213b85ca13bb78380df68a73fa1ceb164b84c647a6,2016-17,2,Ron,6,Nicolas Batum,nicolasbatum,final,5,16,1,final_snapshot,Nicolas Batum,D184,E184,F184,
59a6a80ce913c1ee51e35c213b85ca13bb78380df68a73fa1ceb164b84c647a6,2016-17,2,Ron,6,Ricky Rubio,rickyrubio,final,6,21,1,final_snapshot,Ricky Rubio,D185,E185,F185,
59a6a80ce913c1ee51e35c213b85ca13bb78380df68a73fa1ceb164b84c647a6,2016-17,2,Ron,6,Andre Drummond,andredrummond,final,7,20,1,final_snapshot,Andre Drummond,D186,E186,F186,
59a6a80ce913c1ee51e35c213b85ca13bb78380df68a73fa1ceb164b84c647a6,2016-17,2,Ron,6,James Johnson,jamesjohnson,final,8,0,0,final_snapshot,James Johnson,D187,E187,F187,
59a6a80ce913c1ee51e35c213b85ca13bb78380df68a73fa1ceb164b84c647a6,2016-17,2,Ron,6,Harrison Barnes,harrisonbarnes,final,9,13,1,final_snapshot,Harrison Barnes,D188,E188,F188,10.4 Ricky
59a6a80ce913c1ee51e35c213b85ca13bb78380df68a73fa1ceb164b84c647a6,2016-17,2,Ron,6,Eric Gordon,ericgordon,final,10,10,1,final_snapshot,Eric Gordon,D189,E189,F189,
59a6a80ce913c1ee51e35c213b85ca13bb78380df68a73fa1ceb164b84c647a6,2016-17,2,Ron,6,Ben Simmons,bensimmons,final,11,7,1,final_snapshot,Ben Simmons,D190,E190,F190,
59a6a80ce913c1ee51e35c213b85ca13bb78380df68a73fa1ceb164b84c647a6,2016-17,2,Ron,6,Nerlens Noel,nerlensnoel,final,12,10,1,final_snapshot,Nerlens Noel,D191,E191,F191,FA-1 Kerry
59a6a80ce913c1ee51e35c213b85ca13bb78380df68a73fa1ceb164b84c647a6,2016-17,2,Ron,6,Carmelo Anthony,carmeloanthony,final,13,29,1,final_snapshot,Carmelo Anthony,D192,E192,F192,10.2 Ricky
59a6a80ce913c1ee51e35c213b85ca13bb78380df68a73fa1ceb164b84c647a6,2016-17,2,Ron,6,Gorgui Dieng,gorguidieng,final,14,20,1,final_snapshot,Gorgui Dieng,D193,E193,F193,
59a6a80ce913c1ee51e35c213b85ca13bb78380df68a73fa1ceb164b84c647a6,2016-17,2,Ron,6,Ryan Anderson,ryananderson,final,15,17,1,final_snapshot,Ryan Anderson,D194,E194,F194,
59a6a80ce913c1ee51e35c213b85ca13bb78380df68a73fa1ceb164b84c647a6,2015-16,1,Alvin,3,Kevin Durant,kevindurant,final,1,71,1,final_snapshot,Kevin Durant,D198,E198,F198,13.1 Arthur
59a6a80ce913c1ee51e35c213b85ca13bb78380df68a73fa1ceb164b84c647a6,2015-16,1,Alvin,3,Nikola Mirotic,nikolamirotic,final,2,14,1,final_snapshot,Nikola Mirotic,D199,E199,F199,
59a6a80ce913c1ee51e35c213b85ca13bb78380df68a73fa1ceb164b84c647a6,2015-16,1,Alvin,3,Blake Griffin,blakegriffin,final,3,36,1,final_snapshot,Blake Griffin,D200,E200,F200,
59a6a80ce913c1ee51e35c213b85ca13bb78380df68a73fa1ceb164b84c647a6,2015-16,1,Alvin,3,Bojan Bogdanovic,bojanbogdanovic,final,4,2,1,final_snapshot,Bojan Bogdanovic,D201,E201,F201,
59a6a80ce913c1ee51e35c213b85ca13bb78380df68a73fa1ceb164b84c647a6,2015-16,1,Alvin,3,Russell Westbrook,russellwestbrook,final,5,60,1,final_snapshot,Russell Westbrook,D202,E202,F202,13.2 Jeff
59a6a80ce913c1ee51e35c213b85ca13bb78380df68a73fa1ceb164b84c647a6,2015-16,1,Alvin,3,Paul George,paulgeorge,final,6,41,1,final_snapshot,Paul George,D203,E203,F203,
59a6a80ce913c1ee51e35c213b85ca13bb78380df68a73fa1ceb164b84c647a6,2015-16,1,Alvin,3,John Wall,johnwall,final,7,40,1,final_snapshot,John Wall,D204,E204,F204,13.4 Arthur
59a6a80ce913c1ee51e35c213b85ca13bb78380df68a73fa1ceb164b84c647a6,2015-16,1,Alvin,3,Klay Thompson,klaythompson,final,8,61,1,final_snapshot,Klay Thompson,D205,E205,F205,13.3 Arthur
59a6a80ce913c1ee51e35c213b85ca13bb78380df68a73fa1ceb164b84c647a6,2015-16,1,Alvin,3,Reggie Jackson,reggiejackson,final,9,20,1,final_snapshot,Reggie Jackson,D206,E206,F206,
59a6a80ce913c1ee51e35c213b85ca13bb78380df68a73fa1ceb164b84c647a6,2015-16,1,Alvin,3,Giannis Antetokounmpo,giannisantetokounmpo,final,10,12,1,final_snapshot,Giannis Antetokounmpo,D207,E207,F207,
59a6a80ce913c1ee51e35c213b85ca13bb78380df68a73fa1ceb164b84c647a6,2015-16,1,Alvin,3,Kristaps Porzingis,kristapsporzingis,final,11,2,1,final_snapshot,Kristaps Porzingis,D208,E208,F208,
59a6a80ce913c1ee51e35c213b85ca13bb78380df68a73fa1ceb164b84c647a6,2015-16,1,Alvin,3,DeMar DeRozan,demarderozan,final,12,12,1,final_snapshot,DeMar DeRozan,D209,E209,F209,
59a6a80ce913c1ee51e35c213b85ca13bb78380df68a73fa1ceb164b84c647a6,2015-16,1,Alvin,3,Dirk Nowitzki,dirknowitzki,final,13,22,1,final_snapshot,Dirk Nowitzki,D210,E210,F210,
59a6a80ce913c1ee51e35c213b85ca13bb78380df68a73fa1ceb164b84c647a6,2015-16,1,Alvin,3,Rudy Gobert,rudygobert,final,14,46,1,final_snapshot,Rudy Gobert,D211,E211,F211,
59a6a80ce913c1ee51e35c213b85ca13bb78380df68a73fa1ceb164b84c647a6,2015-16,1,Alvin,3,Jonas Valanciunas,jonasvalanciunas,final,15,14,1,final_snapshot,Jonas Valanciunas,D212,E212,F212,
59a6a80ce913c1ee51e35c213b85ca13bb78380df68a73fa1ceb164b84c647a6,2015-16,1,Arthur,1,Chris Paul,chrispaul,final,1,62,1,final_snapshot,Chris Paul,D201,E201,F201,
59a6a80ce913c1ee51e35c213b85ca13bb78380df68a73fa1ceb164b84c647a6,2015-16,1,Arthur,1,Kevin Durant,kevindurant,final,2,71,1,final_snapshot,Kevin Durant,D202,E202,F202,
59a6a80ce913c1ee51e35c213b85ca13bb78380df68a73fa1ceb164b84c647a6,2015-16,1,Arthur,1,Kevin Love,kevinlove,final,3,32,1,final_snapshot,Kevin Love,D203,E203,F203,
59a6a80ce913c1ee51e35c213b85ca13bb78380df68a73fa1ceb164b84c647a6,2015-16,1,Arthur,1,Nicolas Batum,nicolasbatum,final,4,17,1,final_snapshot,Nicolas Batum,D204,E204,F204,
59a6a80ce913c1ee51e35c213b85ca13bb78380df68a73fa1ceb164b84c647a6,2015-16,1,Arthur,1,DeMarcus Cousins,demarcuscousins,final,5,56,1,final_snapshot,DeMarcus Cousins,D205,E205,F205,
59a6a80ce913c1ee51e35c213b85ca13bb78380df68a73fa1ceb164b84c647a6,2015-16,1,Arthur,1,Klay Thompson,klaythompson,final,6,61,1,final_snapshot,Klay Thompson,D206,E206,F206,
59a6a80ce913c1ee51e35c213b85ca13bb78380df68a73fa1ceb164b84c647a6,2015-16,1,Arthur,1,Khris Middleton,khrismiddleton,final,7,10,1,final_snapshot,Khris Middleton,D207,E207,F207,
59a6a80ce913c1ee51e35c213b85ca13bb78380df68a73fa1ceb164b84c647a6,2015-16,1,Arthur,1,JJ Redick,jjredick,final,8,10,1,final_snapshot,JJ Redick,D208,E208,F208,
59a6a80ce913c1ee51e35c213b85ca13bb78380df68a73fa1ceb164b84c647a6,2015-16,1,Arthur,1,Kawhi Leonard,kawhileonard,final,9,52,1,final_snapshot,Kawhi Leonard,D209,E209,F209,
59a6a80ce913c1ee51e35c213b85ca13bb78380df68a73fa1ceb164b84c647a6,2015-16,1,Arthur,1,Brook Lopez,brooklopez,final,10,26,1,final_snapshot,Brook Lopez,D210,E210,F210,
59a6a80ce913c1ee51e35c213b85ca13bb78380df68a73fa1ceb164b84c647a6,2015-16,1,Arthur,1,Draymond Green,draymondgreen,final,11,33,1,final_snapshot,Draymond Green,D211,E211,F211,
59a6a80ce913c1ee51e35c213b85ca13bb78380df68a73fa1ceb164b84c647a6,2015-16,1,Arthur,1,Chandler Parsons,chandlerparsons,final,12,11,1,final_snapshot,Chandler Parsons,D212,E212,F212,
59a6a80ce913c1ee51e35c213b85ca13bb78380df68a73fa1ceb164b84c647a6,2015-16,1,Arthur,1,LaMarcus Aldridge,lamarcusaldridge,final,13,34,1,final_snapshot,LaMarcus Aldridge,D213,E213,F213,
59a6a80ce913c1ee51e35c213b85ca13bb78380df68a73fa1ceb164b84c647a6,2015-16,1,Arthur,1,Damian Lillard,damianlillard,final,14,44,1,final_snapshot,Damian Lillard,D214,E214,F214,
59a6a80ce913c1ee51e35c213b85ca13bb78380df68a73fa1ceb164b84c647a6,2015-16,1,Arthur,1,Victor Oladipo,victoroladipo,final,15,25,1,final_snapshot,Victor Oladipo,D215,E215,F215,
59a6a80ce913c1ee51e35c213b85ca13bb78380df68a73fa1ceb164b84c647a6,2015-16,1,Benji,2,Stephen Curry,stephencurry,final,1,86,1,final_snapshot,Stephen Curry,D193,E193,F193,
59a6a80ce913c1ee51e35c213b85ca13bb78380df68a73fa1ceb164b84c647a6,2015-16,1,Benji,2,LeBron James,lebronjames,final,2,65,1,final_snapshot,LeBron James,D194,E194,F194,
59a6a80ce913c1ee51e35c213b85ca13bb78380df68a73fa1ceb164b84c647a6,2015-16,1,Benji,2,Paul George,paulgeorge,final,3,41,1,final_snapshot,Paul George,D195,E195,F195,
59a6a80ce913c1ee51e35c213b85ca13bb78380df68a73fa1ceb164b84c647a6,2015-16,1,Benji,2,Russell Westbrook,russellwestbrook,final,4,60,1,final_snapshot,Russell Westbrook,D196,E196,F196,
59a6a80ce913c1ee51e35c213b85ca13bb78380df68a73fa1ceb164b84c647a6,2015-16,1,Benji,2,Kyrie Irving,kyrieirving,final,5,26,1,final_snapshot,Kyrie Irving,D197,E197,F197,
59a6a80ce913c1ee51e35c213b85ca13bb78380df68a73fa1ceb164b84c647a6,2015-16,1,Benji,2,Pau Gasol,paugasol,final,6,26,1,final_snapshot,Pau Gasol,D198,E198,F198,
59a6a80ce913c1ee51e35c213b85ca13bb78380df68a73fa1ceb164b84c647a6,2015-16,1,Benji,2,Paul Millsap,paulmillsap,final,7,44,1,final_snapshot,Paul Millsap,D199,E199,F199,
59a6a80ce913c1ee51e35c213b85ca13bb78380df68a73fa1ceb164b84c647a6,2015-16,1,Benji,2,Al Horford,alhorford,final,8,45,1,final_snapshot,Al Horford,D200,E200,F200,
59a6a80ce913c1ee51e35c213b85ca13bb78380df68a73fa1ceb164b84c647a6,2015-16,1,Benji,2,Kemba Walker,kembawalker,final,9,13,1,final_snapshot,Kemba Walker,D201,E201,F201,
59a6a80ce913c1ee51e35c213b85ca13bb78380df68a73fa1ceb164b84c647a6,2015-16,1,Benji,2,James Harden,jamesharden,final,10,71,1,final_snapshot,James Harden,D202,E202,F202,
59a6a80ce913c1ee51e35c213b85ca13bb78380df68a73fa1ceb164b84c647a6,2015-16,1,Benji,2,Jimmy Butler,jimmybutler,final,11,48,1,final_snapshot,Jimmy Butler,D203,E203,F203,
59a6a80ce913c1ee51e35c213b85ca13bb78380df68a73fa1ceb164b84c647a6,2015-16,1,Benji,2,Hassan Whiteside,hassanwhiteside,final,12,23,1,final_snapshot,Hassan Whiteside,D204,E204,F204,
59a6a80ce913c1ee51e35c213b85ca13bb78380df68a73fa1ceb164b84c647a6,2015-16,1,Benji,2,Karl-Anthony Towns,karlanthonytowns,final,13,20,1,final_snapshot,Karl-Anthony Towns,D205,E205,F205,
59a6a80ce913c1ee51e35c213b85ca13bb78380df68a73fa1ceb164b84c647a6,2015-16,1,Benji,2,Isaiah Thomas,isaiahthomas,final,14,17,1,final_snapshot,Isaiah Thomas,D206,E206,F206,
59a6a80ce913c1ee51e35c213b85ca13bb78380df68a73fa1ceb164b84c647a6,2015-16,1,Benji,2,Trevor Ariza,trevorariza,final,15,19,1,final_snapshot,Trevor Ariza,D207,E207,F207,
59a6a80ce913c1ee51e35c213b85ca13bb78380df68a73fa1ceb164b84c647a6,2015-16,1,Brent,12,Wesley Matthews,wesleymatthews,final,1,12,1,final_snapshot,Wesley Matthews,D197,E197,F197,4.7 Darren
59a6a80ce913c1ee51e35c213b85ca13bb78380df68a73fa1ceb164b84c647a6,2015-16,1,Brent,12,Paul Millsap,paulmillsap,final,2,44,1,final_snapshot,Paul Millsap,D198,E198,F198,4.1 Ian
59a6a80ce913c1ee51e35c213b85ca13bb78380df68a73fa1ceb164b84c647a6,2015-16,1,Brent,12,Draymond Green,draymondgreen,final,3,33,1,final_snapshot,Draymond Green,D199,E199,F199,4.3 Mike
59a6a80ce913c1ee51e35c213b85ca13bb78380df68a73fa1ceb164b84c647a6,2015-16,1,Brent,12,Trevor Ariza,trevorariza,final,4,19,1,final_snapshot,Trevor Ariza,D200,E200,F200,4.6 Jeff
59a6a80ce913c1ee51e35c213b85ca13bb78380df68a73fa1ceb164b84c647a6,2015-16,1,Brent,12,Eric Gordon,ericgordon,final,5,10,1,final_snapshot,Eric Gordon,D201,E201,F201,4.5 Joe
59a6a80ce913c1ee51e35c213b85ca13bb78380df68a73fa1ceb164b84c647a6,2015-16,1,Brent,12,Tyreke Evans,tyrekeevans,final,6,8,1,final_snapshot,Tyreke Evans,D202,E202,F202,4.8 Ian
59a6a80ce913c1ee51e35c213b85ca13bb78380df68a73fa1ceb164b84c647a6,2015-16,1,Brent,12,Timofey Mozgov,timofeymozgov,final,7,5,1,final_snapshot,Timofey Mozgov,D203,E203,F203,
59a6a80ce913c1ee51e35c213b85ca13bb78380df68a73fa1ceb164b84c647a6,2015-16,1,Brent,12,DeAndre Jordan,deandrejordan,final,8,18,1,final_snapshot,DeAndre Jordan,D204,E204,F204,FA-1 John
59a6a80ce913c1ee51e35c213b85ca13bb78380df68a73fa1ceb164b84c647a6,2015-16,1,Brent,12,Kobe Bryant,kobebryant,final,9,9,1,final_snapshot,Kobe Bryant,D205,E205,F205,FA-2 Arthur
59a6a80ce913c1ee51e35c213b85ca13bb78380df68a73fa1ceb164b84c647a6,2015-16,1,Brent,12,CJ McCollum,cjmccollum,final,10,13,1,final_snapshot,CJ McCollum,D206,E206,F206,4.4 John
59a6a80ce913c1ee51e35c213b85ca13bb78380df68a73fa1ceb164b84c647a6,2015-16,1,Brent,12,Jose Calderon,josecalderon,final,11,1,1,final_snapshot,Jose Calderon,D207,E207,F207,4.9 Peter
59a6a80ce913c1ee51e35c213b85ca13bb78380df68a73fa1ceb164b84c647a6,2015-16,1,Brent,12,Ian Mahinmi,ianmahinmi,final,12,1,1,final_snapshot,Ian Mahinmi,D208,E208,F208,
59a6a80ce913c1ee51e35c213b85ca13bb78380df68a73fa1ceb164b84c647a6,2015-16,1,Brent,12,Darren Collison,darrencollison,final,13,4,1,final_snapshot,Darren Collison,D209,E209,F209,4.2 Peter
59a6a80ce913c1ee51e35c213b85ca13bb78380df68a73fa1ceb164b84c647a6,2015-16,1,Brent,12,Patty Mills,pattymills,final,14,1,1,final_snapshot,Patty Mills,D210,E210,F210,
59a6a80ce913c1ee51e35c213b85ca13bb78380df68a73fa1ceb164b84c647a6,2015-16,1,Brent,12,Robin Lopez,robinlopez,final,15,10,1,final_snapshot,Robin Lopez,D211,E211,F211,
59a6a80ce913c1ee51e35c213b85ca13bb78380df68a73fa1ceb164b84c647a6,2015-16,1,Darren,7,James Harden,jamesharden,final,1,71,1,final_snapshot,James Harden,D198,E198,F198,9.1 Joe
59a6a80ce913c1ee51e35c213b85ca13bb78380df68a73fa1ceb164b84c647a6,2015-16,1,Darren,7,Klay Thompson,klaythompson,final,2,61,1,final_snapshot,Klay Thompson,D199,E199,F199,9.2 Ian
59a6a80ce913c1ee51e35c213b85ca13bb78380df68a73fa1ceb164b84c647a6,2015-16,1,Darren,7,Otto Porter Jr,ottoporterjr,final,3,2,1,final_snapshot,Otto Porter,D200,E200,F200,FA-2 Art
59a6a80ce913c1ee51e35c213b85ca13bb78380df68a73fa1ceb164b84c647a6,2015-16,1,Darren,7,Zach Randolph,zachrandolph,final,4,14,1,final_snapshot,Zach Randolph,D201,E201,F201,FA-1 Jeff
59a6a80ce913c1ee51e35c213b85ca13bb78380df68a73fa1ceb164b84c647a6,2015-16,1,Darren,7,Thaddeus Young,thaddeusyoung,final,5,7,1,final_snapshot,Thaddeus Young,D202,E202,F202,9.6 JD
59a6a80ce913c1ee51e35c213b85ca13bb78380df68a73fa1ceb164b84c647a6,2015-16,1,Darren,7,Ish Smith,ishsmith,final,6,0,0,final_snapshot,Ish Smith,D203,E203,F203,
59a6a80ce913c1ee51e35c213b85ca13bb78380df68a73fa1ceb164b84c647a6,2015-16,1,Darren,7,Derrick Favors,derrickfavors,final,7,19,1,final_snapshot,Derrick Favors,D204,E204,F204,9.5 Ian
59a6a80ce913c1ee51e35c213b85ca13bb78380df68a73fa1ceb164b84c647a6,2015-16,1,Darren,7,Evan Turner,evanturner,final,8,2,1,final_snapshot,Evan Turner,D205,E205,F205,
59a6a80ce913c1ee51e35c213b85ca13bb78380df68a73fa1ceb164b84c647a6,2015-16,1,Darren,7,Kristaps Porzingis,kristapsporzingis,final,9,2,1,final_snapshot,Kristaps Porzingis,D206,E206,F206,9.4 Al
59a6a80ce913c1ee51e35c213b85ca13bb78380df68a73fa1ceb164b84c647a6,2015-16,1,Darren,7,Jonas Valanciunas,jonasvalanciunas,final,10,14,1,final_snapshot,Jonas Valanciunas,D207,E207,F207,9.7 JD
59a6a80ce913c1ee51e35c213b85ca13bb78380df68a73fa1ceb164b84c647a6,2015-16,1,Darren,7,Amir Johnson,amirjohnson,final,11,3,1,final_snapshot,Amir Johnson,D208,E208,F208,
59a6a80ce913c1ee51e35c213b85ca13bb78380df68a73fa1ceb164b84c647a6,2015-16,1,Darren,7,Emmanuel Mudiay,emmanuelmudiay,final,12,8,1,final_snapshot,Emmanuel Mudiay,D209,E209,F209,
59a6a80ce913c1ee51e35c213b85ca13bb78380df68a73fa1ceb164b84c647a6,2015-16,1,Darren,7,Elfrid Payton,elfridpayton,final,13,8,1,final_snapshot,Elfrid Payton,D210,E210,F210,
59a6a80ce913c1ee51e35c213b85ca13bb78380df68a73fa1ceb164b84c647a6,2015-16,1,Darren,7,Carmelo Anthony,carmeloanthony,final,14,48,1,final_snapshot,Carmelo Anthony,D211,E211,F211,9.3 JD
59a6a80ce913c1ee51e35c213b85ca13bb78380df68a73fa1ceb164b84c647a6,2015-16,1,Darren,7,Goran Dragic,gorandragic,final,15,18,1,final_snapshot,Goran Dragic,D212,E212,F212,
59a6a80ce913c1ee51e35c213b85ca13bb78380df68a73fa1ceb164b84c647a6,2015-16,1,Graham,15,Carmelo Anthony,carmeloanthony,final,1,48,1,final_snapshot,Carmelo Anthony,D196,E196,F196,1.1 Darren
59a6a80ce913c1ee51e35c213b85ca13bb78380df68a73fa1ceb164b84c647a6,2015-16,1,Graham,15,Mike Conley,mikeconley,final,2,26,1,final_snapshot,Mike Conley,D197,E197,F197,1.4 Ricky
59a6a80ce913c1ee51e35c213b85ca13bb78380df68a73fa1ceb164b84c647a6,2015-16,1,Graham,15,Pau Gasol,paugasol,final,3,26,1,final_snapshot,Pau Gasol,D198,E198,F198,1.3 John
59a6a80ce913c1ee51e35c213b85ca13bb78380df68a73fa1ceb164b84c647a6,2015-16,1,Graham,15,Hassan Whiteside,hassanwhiteside,final,4,23,1,final_snapshot,Hassan Whiteside,D199,E199,F199,1.2 Mike
59a6a80ce913c1ee51e35c213b85ca13bb78380df68a73fa1ceb164b84c647a6,2015-16,1,Graham,15,Al Jefferson,aljefferson,final,5,19,1,final_snapshot,Al Jefferson,D200,E200,F200,1.5 Josh
59a6a80ce913c1ee51e35c213b85ca13bb78380df68a73fa1ceb164b84c647a6,2015-16,1,Graham,15,DeAndre Jordan,deandrejordan,final,6,18,1,final_snapshot,DeAndre Jordan,D201,E201,F201,1.7 Ricky
59a6a80ce913c1ee51e35c213b85ca13bb78380df68a73fa1ceb164b84c647a6,2015-16,1,Graham,15,Ricky Rubio,rickyrubio,final,7,9,1,final_snapshot,Ricky Rubio,D202,E202,F202,1.6 Arthur
59a6a80ce913c1ee51e35c213b85ca13bb78380df68a73fa1ceb164b84c647a6,2015-16,1,Graham,15,Wilson Chandler,wilsonchandler,final,8,6,1,final_snapshot,Wilson Chandler,D203,E203,F203,
59a6a80ce913c1ee51e35c213b85ca13bb78380df68a73fa1ceb164b84c647a6,2015-16,1,Graham,15,Al-Farouq Aminu,alfarouqaminu,final,9,5,1,final_snapshot,Al-Farouq Aminu,D204,E204,F204,1.8 Josh
59a6a80ce913c1ee51e35c213b85ca13bb78380df68a73fa1ceb164b84c647a6,2015-16,1,Graham,15,David West,davidwest,final,10,4,1,final_snapshot,David West,D205,E205,F205,
59a6a80ce913c1ee51e35c213b85ca13bb78380df68a73fa1ceb164b84c647a6,2015-16,1,Graham,15,Amir Johnson,amirjohnson,final,11,3,1,final_snapshot,Amir Johnson,D206,E206,F206,FA-2 Jeff
59a6a80ce913c1ee51e35c213b85ca13bb78380df68a73fa1ceb164b84c647a6,2015-16,1,Graham,15,Andre Iguodala,andreiguodala,final,12,2,1,final_snapshot,Andre Iguodala,D207,E207,F207,FA-1 Jeff
59a6a80ce913c1ee51e35c213b85ca13bb78380df68a73fa1ceb164b84c647a6,2015-16,1,Graham,15,Patrick Beverley,patrickbeverley,final,13,1,1,final_snapshot,Patrick Beverley,D208,E208,F208,
59a6a80ce913c1ee51e35c213b85ca13bb78380df68a73fa1ceb164b84c647a6,2015-16,1,Graham,15,Nene Hilario,nenehilario,final,14,1,1,final_snapshot,Nene Hilario,D209,E209,F209,
59a6a80ce913c1ee51e35c213b85ca13bb78380df68a73fa1ceb164b84c647a6,2015-16,1,Graham,15,Manu Ginobili,manuginobili,final,15,1,1,final_snapshot,Manu Ginobili,D210,E210,F210,1.9 Ricky
59a6a80ce913c1ee51e35c213b85ca13bb78380df68a73fa1ceb164b84c647a6,2015-16,1,Ian,5,Kyle Lowry,kylelowry,final,1,26,1,final_snapshot,Kyle Lowry,D198,E198,F198,11.2 Jeff
59a6a80ce913c1ee51e35c213b85ca13bb78380df68a73fa1ceb164b84c647a6,2015-16,1,Ian,5,Rajon Rondo,rajonrondo,final,2,6,1,final_snapshot,Rajon Rondo,D199,E199,F199,FA-1 Jeff
59a6a80ce913c1ee51e35c213b85ca13bb78380df68a73fa1ceb164b84c647a6,2015-16,1,Ian,5,Reggie Jackson,reggiejackson,final,3,20,1,final_snapshot,Reggie Jackson,D200,E200,F200,FA-3 Arthur
59a6a80ce913c1ee51e35c213b85ca13bb78380df68a73fa1ceb164b84c647a6,2015-16,1,Ian,5,Andre Drummond,andredrummond,final,4,19,1,final_snapshot,Andre Drummond,D201,E201,F201,11.9 Al
59a6a80ce913c1ee51e35c213b85ca13bb78380df68a73fa1ceb164b84c647a6,2015-16,1,Ian,5,Isaiah Thomas,isaiahthomas,final,5,17,1,final_snapshot,Isaiah Thomas,D202,E202,F202,11.5 Jeff
59a6a80ce913c1ee51e35c213b85ca13bb78380df68a73fa1ceb164b84c647a6,2015-16,1,Ian,5,Bradley Beal,bradleybeal,final,6,14,1,final_snapshot,Bradley Beal,D203,E203,F203,
59a6a80ce913c1ee51e35c213b85ca13bb78380df68a73fa1ceb164b84c647a6,2015-16,1,Ian,5,Chandler Parsons,chandlerparsons,final,7,11,1,final_snapshot,Chandler Parsons,D204,E204,F204,FA-2 Arthur
59a6a80ce913c1ee51e35c213b85ca13bb78380df68a73fa1ceb164b84c647a6,2015-16,1,Ian,5,Paul Millsap,paulmillsap,final,8,44,1,final_snapshot,Paul Millsap,D205,E205,F205,11.7 Al
59a6a80ce913c1ee51e35c213b85ca13bb78380df68a73fa1ceb164b84c647a6,2015-16,1,Ian,5,LaMarcus Aldridge,lamarcusaldridge,final,9,34,1,final_snapshot,LaMarcus Aldridge,D206,E206,F206,11.6 JD
59a6a80ce913c1ee51e35c213b85ca13bb78380df68a73fa1ceb164b84c647a6,2015-16,1,Ian,5,Ryan Anderson,ryananderson,final,10,8,1,final_snapshot,Ryan Anderson,D207,E207,F207,FA-4 JD
59a6a80ce913c1ee51e35c213b85ca13bb78380df68a73fa1ceb164b84c647a6,2015-16,1,Ian,5,Derrick Favors,derrickfavors,final,11,19,1,final_snapshot,Derrick Favors,D208,E208,F208,11.8 Jeff
59a6a80ce913c1ee51e35c213b85ca13bb78380df68a73fa1ceb164b84c647a6,2015-16,1,Ian,5,Jeff Green,jeffgreen,final,12,8,1,final_snapshot,Jeff Green,D209,E209,F209,
59a6a80ce913c1ee51e35c213b85ca13bb78380df68a73fa1ceb164b84c647a6,2015-16,1,Ian,5,Klay Thompson,klaythompson,final,13,61,1,final_snapshot,Klay Thompson,D210,E210,F210,11.4 Al
59a6a80ce913c1ee51e35c213b85ca13bb78380df68a73fa1ceb164b84c647a6,2015-16,1,Ian,5,Damian Lillard,damianlillard,final,14,44,1,final_snapshot,Damian Lillard,D211,E211,F211,11.1 Arthur
59a6a80ce913c1ee51e35c213b85ca13bb78380df68a73fa1ceb164b84c647a6,2015-16,1,Ian,5,Hassan Whiteside,hassanwhiteside,final,15,23,1,final_snapshot,Hassan Whiteside,D212,E212,F212,11.3 JD
59a6a80ce913c1ee51e35c213b85ca13bb78380df68a73fa1ceb164b84c647a6,2015-16,1,Isaac,4,Russell Westbrook,russellwestbrook,final,1,60,1,final_snapshot,Russell Westbrook,D199,E199,F199,12.1 Al
59a6a80ce913c1ee51e35c213b85ca13bb78380df68a73fa1ceb164b84c647a6,2015-16,1,Isaac,4,Paul George,paulgeorge,final,2,41,1,final_snapshot,Paul George,D200,E200,F200,12.4 Al
59a6a80ce913c1ee51e35c213b85ca13bb78380df68a73fa1ceb164b84c647a6,2015-16,1,Isaac,4,Myles Turner,mylesturner,final,3,10,1,final_snapshot,Myles Turner,D201,E201,F201,
59a6a80ce913c1ee51e35c213b85ca13bb78380df68a73fa1ceb164b84c647a6,2015-16,1,Isaac,4,JR Smith,jrsmith,final,4,5,1,final_snapshot,JR Smith,D202,E202,F202,
59a6a80ce913c1ee51e35c213b85ca13bb78380df68a73fa1ceb164b84c647a6,2015-16,1,Isaac,4,Jeff Teague,jeffteague,final,5,19,1,final_snapshot,Jeff Teague,D203,E203,F203,
59a6a80ce913c1ee51e35c213b85ca13bb78380df68a73fa1ceb164b84c647a6,2015-16,1,Isaac,4,Pau Gasol,paugasol,final,6,26,1,final_snapshot,Pau Gasol,D204,E204,F204,12.5 Jeff
59a6a80ce913c1ee51e35c213b85ca13bb78380df68a73fa1ceb164b84c647a6,2015-16,1,Isaac,4,Kobe Bryant,kobebryant,final,7,9,1,final_snapshot,Kobe Bryant,D205,E205,F205,
59a6a80ce913c1ee51e35c213b85ca13bb78380df68a73fa1ceb164b84c647a6,2015-16,1,Isaac,4,CJ McCollum,cjmccollum,final,8,13,1,final_snapshot,CJ McCollum,D206,E206,F206,12.6 Al
59a6a80ce913c1ee51e35c213b85ca13bb78380df68a73fa1ceb164b84c647a6,2015-16,1,Isaac,4,Kemba Walker,kembawalker,final,9,13,1,final_snapshot,Kemba Walker,D207,E207,F207,12.2 Jeff
59a6a80ce913c1ee51e35c213b85ca13bb78380df68a73fa1ceb164b84c647a6,2015-16,1,Isaac,4,Jordan Clarkson,jordanclarkson,final,10,5,1,final_snapshot,Jordan Clarkson,D208,E208,F208,
59a6a80ce913c1ee51e35c213b85ca13bb78380df68a73fa1ceb164b84c647a6,2015-16,1,Isaac,4,Kevin Love,kevinlove,final,11,32,1,final_snapshot,Kevin Love,D209,E209,F209,
59a6a80ce913c1ee51e35c213b85ca13bb78380df68a73fa1ceb164b84c647a6,2015-16,1,Isaac,4,Carmelo Anthony,carmeloanthony,final,12,48,1,final_snapshot,Carmelo Anthony,D210,E210,F210,12.3 Arthur
59a6a80ce913c1ee51e35c213b85ca13bb78380df68a73fa1ceb164b84c647a6,2015-16,1,Isaac,4,Rodney Hood,rodneyhood,final,13,4,1,final_snapshot,Rodney Hood,D211,E211,F211,
59a6a80ce913c1ee51e35c213b85ca13bb78380df68a73fa1ceb164b84c647a6,2015-16,1,Isaac,4,Brandon Knight,brandonknight,final,14,15,1,final_snapshot,Brandon Knight,D212,E212,F212,
59a6a80ce913c1ee51e35c213b85ca13bb78380df68a73fa1ceb164b84c647a6,2015-16,1,Isaac,4,Rudy Gay,rudygay,final,15,21,1,final_snapshot,Rudy Gay,D213,E213,F213,
59a6a80ce913c1ee51e35c213b85ca13bb78380df68a73fa1ceb164b84c647a6,2015-16,1,Jason,10,Marvin Williams,marvinwilliams,final,1,0,0,final_snapshot,Marvin Williams,D198,E198,F198,
59a6a80ce913c1ee51e35c213b85ca13bb78380df68a73fa1ceb164b84c647a6,2015-16,1,Jason,10,Nikola Vucevic,nikolavucevic,final,2,42,1,final_snapshot,Nikola Vucevic,D199,E199,F199,6.6 Art
59a6a80ce913c1ee51e35c213b85ca13bb78380df68a73fa1ceb164b84c647a6,2015-16,1,Jason,10,LaMarcus Aldridge,lamarcusaldridge,final,3,34,1,final_snapshot,LaMarcus Aldridge,D200,E200,F200,6.2 Joe
59a6a80ce913c1ee51e35c213b85ca13bb78380df68a73fa1ceb164b84c647a6,2015-16,1,Jason,10,Rudy Gay,rudygay,final,4,21,1,final_snapshot,Rudy Gay,D201,E201,F201,6.7 JD
59a6a80ce913c1ee51e35c213b85ca13bb78380df68a73fa1ceb164b84c647a6,2015-16,1,Jason,10,Tobias Harris,tobiasharris,final,5,18,1,final_snapshot,Tobias Harris,D202,E202,F202,6.8 Joe
59a6a80ce913c1ee51e35c213b85ca13bb78380df68a73fa1ceb164b84c647a6,2015-16,1,Jason,10,Deron Williams,deronwilliams,final,6,9,1,final_snapshot,Deron Williams,D203,E203,F203,6.9 Joe
59a6a80ce913c1ee51e35c213b85ca13bb78380df68a73fa1ceb164b84c647a6,2015-16,1,Jason,10,Thaddeus Young,thaddeusyoung,final,7,7,1,final_snapshot,Thaddeus Young,D204,E204,F204,6.4 D
59a6a80ce913c1ee51e35c213b85ca13bb78380df68a73fa1ceb164b84c647a6,2015-16,1,Jason,10,Hassan Whiteside,hassanwhiteside,final,8,23,1,final_snapshot,Hassan Whiteside,D205,E205,F205,6.5 Ian
59a6a80ce913c1ee51e35c213b85ca13bb78380df68a73fa1ceb164b84c647a6,2015-16,1,Jason,10,Jared Dudley,jareddudley,final,9,0,0,final_snapshot,Jared Dudley,D206,E206,F206,
59a6a80ce913c1ee51e35c213b85ca13bb78380df68a73fa1ceb164b84c647a6,2015-16,1,Jason,10,Jordan Hill,jordanhill,final,10,4,1,final_snapshot,Jordan Hill,D207,E207,F207,
59a6a80ce913c1ee51e35c213b85ca13bb78380df68a73fa1ceb164b84c647a6,2015-16,1,Jason,10,Kyrie Irving,kyrieirving,final,11,26,1,final_snapshot,Kyrie Irving,D208,E208,F208,6.3 Jeff
59a6a80ce913c1ee51e35c213b85ca13bb78380df68a73fa1ceb164b84c647a6,2015-16,1,Jason,10,CJ Miles,cjmiles,final,12,1,1,final_snapshot,CJ Miles,D209,E209,F209,
59a6a80ce913c1ee51e35c213b85ca13bb78380df68a73fa1ceb164b84c647a6,2015-16,1,Jason,10,Evan Turner,evanturner,final,13,2,1,final_snapshot,Evan Turner,D210,E210,F210,
59a6a80ce913c1ee51e35c213b85ca13bb78380df68a73fa1ceb164b84c647a6,2015-16,1,Jason,10,Draymond Green,draymondgreen,final,14,33,1,final_snapshot,Draymond Green,D211,E211,F211,6.1 JD
59a6a80ce913c1ee51e35c213b85ca13bb78380df68a73fa1ceb164b84c647a6,2015-16,1,Jason,10,Rodney Stuckey,rodneystuckey,final,15,1,1,final_snapshot,Rodney Stuckey,D212,E212,F212,
59a6a80ce913c1ee51e35c213b85ca13bb78380df68a73fa1ceb164b84c647a6,2015-16,1,Joe,6,Al Horford,alhorford,final,1,45,1,final_snapshot,Al Horford,D192,E192,F192,10.2 Al
59a6a80ce913c1ee51e35c213b85ca13bb78380df68a73fa1ceb164b84c647a6,2015-16,1,Joe,6,Danilo Gallinari,danilogallinari,final,2,17,1,final_snapshot,Danilo Gallinari,D193,E193,F193,
59a6a80ce913c1ee51e35c213b85ca13bb78380df68a73fa1ceb164b84c647a6,2015-16,1,Joe,6,Andrew Wiggins,andrewwiggins,final,3,19,1,final_snapshot,Andrew Wiggins,D194,E194,F194,10.8 Al
59a6a80ce913c1ee51e35c213b85ca13bb78380df68a73fa1ceb164b84c647a6,2015-16,1,Joe,6,Jabari Parker,jabariparker,final,4,7,1,final_snapshot,Jabari Parker,D195,E195,F195,10.7 Al
59a6a80ce913c1ee51e35c213b85ca13bb78380df68a73fa1ceb164b84c647a6,2015-16,1,Joe,6,Jrue Holiday,jrueholiday,final,5,10,1,final_snapshot,Jrue Holiday,D196,E196,F196,10.6 Al
59a6a80ce913c1ee51e35c213b85ca13bb78380df68a73fa1ceb164b84c647a6,2015-16,1,Joe,6,DeAndre Jordan,deandrejordan,final,6,18,1,final_snapshot,DeAndre Jordan,D197,E197,F197,
59a6a80ce913c1ee51e35c213b85ca13bb78380df68a73fa1ceb164b84c647a6,2015-16,1,Joe,6,Derrick Rose,derrickrose,final,7,10,1,final_snapshot,Derrick Rose,D198,E198,F198,
59a6a80ce913c1ee51e35c213b85ca13bb78380df68a73fa1ceb164b84c647a6,2015-16,1,Joe,6,Jae Crowder,jaecrowder,final,8,6,1,final_snapshot,Jae Crowder,D199,E199,F199,10.4 JD
59a6a80ce913c1ee51e35c213b85ca13bb78380df68a73fa1ceb164b84c647a6,2015-16,1,Joe,6,Tobias Harris,tobiasharris,final,9,18,1,final_snapshot,Tobias Harris,D200,E200,F200,FA-1 Jeff
59a6a80ce913c1ee51e35c213b85ca13bb78380df68a73fa1ceb164b84c647a6,2015-16,1,Joe,6,Avery Bradley,averybradley,final,10,4,1,final_snapshot,Avery Bradley,D201,E201,F201,
59a6a80ce913c1ee51e35c213b85ca13bb78380df68a73fa1ceb164b84c647a6,2015-16,1,Joe,6,Jimmy Butler,jimmybutler,final,11,48,1,final_snapshot,Jimmy Butler,D202,E202,F202,10.5 Al
59a6a80ce913c1ee51e35c213b85ca13bb78380df68a73fa1ceb164b84c647a6,2015-16,1,Joe,6,James Harden,jamesharden,final,12,71,1,final_snapshot,James Harden,D203,E203,F203,10.1 Jeff
59a6a80ce913c1ee51e35c213b85ca13bb78380df68a73fa1ceb164b84c647a6,2015-16,1,Joe,6,LaMarcus Aldridge,lamarcusaldridge,final,13,34,1,final_snapshot,LaMarcus Aldridge,D204,E204,F204,10.3 Ian
59a6a80ce913c1ee51e35c213b85ca13bb78380df68a73fa1ceb164b84c647a6,2015-16,1,Joe,6,Ricky Rubio,rickyrubio,final,14,9,1,final_snapshot,Ricky Rubio,D205,E205,F205,
59a6a80ce913c1ee51e35c213b85ca13bb78380df68a73fa1ceb164b84c647a6,2015-16,1,Joe,6,Wesley Matthews,wesleymatthews,final,15,12,1,final_snapshot,Wesley Matthews,D206,E206,F206,
59a6a80ce913c1ee51e35c213b85ca13bb78380df68a73fa1ceb164b84c647a6,2015-16,1,Kerry,11,Kawhi Leonard,kawhileonard,final,1,52,1,final_snapshot,Kawhi Leonard,D195,E195,F195,5.2 Arthur
59a6a80ce913c1ee51e35c213b85ca13bb78380df68a73fa1ceb164b84c647a6,2015-16,1,Kerry,11,Nerlens Noel,nerlensnoel,final,2,33,1,final_snapshot,Nerlens Noel,D196,E196,F196,FA-1 Darren
59a6a80ce913c1ee51e35c213b85ca13bb78380df68a73fa1ceb164b84c647a6,2015-16,1,Kerry,11,Damian Lillard,damianlillard,final,3,44,1,final_snapshot,Damian Lillard,D197,E197,F197,5.3 Ron
59a6a80ce913c1ee51e35c213b85ca13bb78380df68a73fa1ceb164b84c647a6,2015-16,1,Kerry,11,Kyrie Irving,kyrieirving,final,4,26,1,final_snapshot,Kyrie Irving,D198,E198,F198,5.4 Mike
59a6a80ce913c1ee51e35c213b85ca13bb78380df68a73fa1ceb164b84c647a6,2015-16,1,Kerry,11,Nikola Mirotic,nikolamirotic,final,5,14,1,final_snapshot,Nikola Mirotic,D199,E199,F199,FA-6 Joe
59a6a80ce913c1ee51e35c213b85ca13bb78380df68a73fa1ceb164b84c647a6,2015-16,1,Kerry,11,Harrison Barnes,harrisonbarnes,final,6,4,1,final_snapshot,Harrison Barnes,D200,E200,F200,FA-2 Darren
59a6a80ce913c1ee51e35c213b85ca13bb78380df68a73fa1ceb164b84c647a6,2015-16,1,Kerry,11,Dwight Howard,dwighthoward,final,7,10,1,final_snapshot,Dwight Howard,D201,E201,F201,FA-4 John
59a6a80ce913c1ee51e35c213b85ca13bb78380df68a73fa1ceb164b84c647a6,2015-16,1,Kerry,11,Robert Covington,robertcovington,final,8,9,1,final_snapshot,Robert Covington,D202,E202,F202,5.5 Ron
59a6a80ce913c1ee51e35c213b85ca13bb78380df68a73fa1ceb164b84c647a6,2015-16,1,Kerry,11,Anthony Davis,anthonydavis,final,9,83,1,final_snapshot,Anthony Davis,D203,E203,F203,5.1 Al
59a6a80ce913c1ee51e35c213b85ca13bb78380df68a73fa1ceb164b84c647a6,2015-16,1,Kerry,11,Tristan Thompson,tristanthompson,final,10,2,1,final_snapshot,Tristan Thompson,D204,E204,F204,
59a6a80ce913c1ee51e35c213b85ca13bb78380df68a73fa1ceb164b84c647a6,2015-16,1,Kerry,11,Patrick Beverley,patrickbeverley,final,11,1,1,final_snapshot,Patrick Beverley,D205,E205,F205,
59a6a80ce913c1ee51e35c213b85ca13bb78380df68a73fa1ceb164b84c647a6,2015-16,1,Kerry,11,Cody Zeller,codyzeller,final,12,1,1,final_snapshot,Cody Zeller,D206,E206,F206,
59a6a80ce913c1ee51e35c213b85ca13bb78380df68a73fa1ceb164b84c647a6,2015-16,1,Kerry,11,Jared Sullinger,jaredsullinger,final,13,3,1,final_snapshot,Jared Sullinger,D207,E207,F207,
59a6a80ce913c1ee51e35c213b85ca13bb78380df68a73fa1ceb164b84c647a6,2015-16,1,Kerry,11,Zach LaVine,zachlavine,final,14,1,1,final_snapshot,Zach LaVine,D208,E208,F208,FA-5 Jeff
59a6a80ce913c1ee51e35c213b85ca13bb78380df68a73fa1ceb164b84c647a6,2015-16,1,Kerry,11,Al-Farouq Aminu,alfarouqaminu,final,15,5,1,final_snapshot,Al-Farouq Aminu,D209,E209,F209,FA-3 Darren
59a6a80ce913c1ee51e35c213b85ca13bb78380df68a73fa1ceb164b84c647a6,2015-16,1,Mark,14,Anthony Davis,anthonydavis,final,1,83,1,final_snapshot,Anthony Davis,D200,E200,F200,2.1 Kerry
59a6a80ce913c1ee51e35c213b85ca13bb78380df68a73fa1ceb164b84c647a6,2015-16,1,Mark,14,Jimmy Butler,jimmybutler,final,2,48,1,final_snapshot,Jimmy Butler,D201,E201,F201,2.2 Joe
59a6a80ce913c1ee51e35c213b85ca13bb78380df68a73fa1ceb164b84c647a6,2015-16,1,Mark,14,Goran Dragic,gorandragic,final,3,18,1,final_snapshot,Goran Dragic,D202,E202,F202,2.4 Darren
59a6a80ce913c1ee51e35c213b85ca13bb78380df68a73fa1ceb164b84c647a6,2015-16,1,Mark,14,Kenneth Faried,kennethfaried,final,4,16,1,final_snapshot,Kenneth Faried,D203,E203,F203,2.5 Arthur
59a6a80ce913c1ee51e35c213b85ca13bb78380df68a73fa1ceb164b84c647a6,2015-16,1,Mark,14,DeMar DeRozan,demarderozan,final,5,12,1,final_snapshot,DeMar DeRozan,D204,E204,F204,2.3 Alvin
59a6a80ce913c1ee51e35c213b85ca13bb78380df68a73fa1ceb164b84c647a6,2015-16,1,Mark,14,Michael Carter-Williams,michaelcarterwilliams,final,6,9,1,final_snapshot,Michael Carter-Williams,D205,E205,F205,2.10 Arthur
59a6a80ce913c1ee51e35c213b85ca13bb78380df68a73fa1ceb164b84c647a6,2015-16,1,Mark,14,Al-Farouq Aminu,alfarouqaminu,final,7,5,1,final_snapshot,Al-Farouq Aminu,D206,E206,F206,2.9 Kerry
59a6a80ce913c1ee51e35c213b85ca13bb78380df68a73fa1ceb164b84c647a6,2015-16,1,Mark,14,Jared Sullinger,jaredsullinger,final,8,3,1,final_snapshot,Jared Sullinger,D207,E207,F207,2.6 Kerry
59a6a80ce913c1ee51e35c213b85ca13bb78380df68a73fa1ceb164b84c647a6,2015-16,1,Mark,14,Stanley Johnson,stanleyjohnson,final,9,5,1,final_snapshot,Stanley Johnson,D208,E208,F208,
59a6a80ce913c1ee51e35c213b85ca13bb78380df68a73fa1ceb164b84c647a6,2015-16,1,Mark,14,Kelly Olynyk,kellyolynyk,final,10,1,1,final_snapshot,Kelly Olynyk,D209,E209,F209,
59a6a80ce913c1ee51e35c213b85ca13bb78380df68a73fa1ceb164b84c647a6,2015-16,1,Mark,14,Wesley Johnson,wesleyjohnson,final,11,0,0,final_snapshot,Wesley Johnson,D210,E210,F210,
59a6a80ce913c1ee51e35c213b85ca13bb78380df68a73fa1ceb164b84c647a6,2015-16,1,Mark,14,Raymond Felton,raymondfelton,final,12,0,0,final_snapshot,Raymond Felton,D211,E211,F211,
59a6a80ce913c1ee51e35c213b85ca13bb78380df68a73fa1ceb164b84c647a6,2015-16,1,Mark,14,Thabo Sefolosha,thabosefolosha,final,13,1,1,final_snapshot,Thabo Sefolosha,D212,E212,F212,
59a6a80ce913c1ee51e35c213b85ca13bb78380df68a73fa1ceb164b84c647a6,2015-16,1,Mark,14,Al Jefferson,aljefferson,final,14,19,1,final_snapshot,Al Jefferson,D213,E213,F213,2.8 Arthur
59a6a80ce913c1ee51e35c213b85ca13bb78380df68a73fa1ceb164b84c647a6,2015-16,1,Mark,14,Ish Smith,ishsmith,final,15,0,0,final_snapshot,Ish Smith,D214,E214,F214,2.7 Darren
59a6a80ce913c1ee51e35c213b85ca13bb78380df68a73fa1ceb164b84c647a6,2015-16,1,Max,13,CJ McCollum,cjmccollum,final,1,13,1,final_snapshot,CJ McCollum,D198,E198,F198,3.2 Brent
59a6a80ce913c1ee51e35c213b85ca13bb78380df68a73fa1ceb164b84c647a6,2015-16,1,Max,13,Kevin Love,kevinlove,final,2,32,1,final_snapshot,Kevin Love,D199,E199,F199,3.1 Ron
59a6a80ce913c1ee51e35c213b85ca13bb78380df68a73fa1ceb164b84c647a6,2015-16,1,Max,13,Greg Monroe,gregmonroe,final,3,13,1,final_snapshot,Greg Monroe,D200,E200,F200,3.3 Jeff
59a6a80ce913c1ee51e35c213b85ca13bb78380df68a73fa1ceb164b84c647a6,2015-16,1,Max,13,Evan Fournier,evanfournier,final,4,0,0,final_snapshot,Evan Fournier,D201,E201,F201,3.4 Darren
59a6a80ce913c1ee51e35c213b85ca13bb78380df68a73fa1ceb164b84c647a6,2015-16,1,Max,13,Derrick Rose,derrickrose,final,5,10,1,final_snapshot,Derrick Rose,D202,E202,F202,FA-2 John
59a6a80ce913c1ee51e35c213b85ca13bb78380df68a73fa1ceb164b84c647a6,2015-16,1,Max,13,Kobe Bryant,kobebryant,final,6,9,1,final_snapshot,Kobe Bryant,D203,E203,F203,
59a6a80ce913c1ee51e35c213b85ca13bb78380df68a73fa1ceb164b84c647a6,2015-16,1,Max,13,Jabari Parker,jabariparker,final,7,7,1,final_snapshot,Jabari Parker,D204,E204,F204,FA-1 John
59a6a80ce913c1ee51e35c213b85ca13bb78380df68a73fa1ceb164b84c647a6,2015-16,1,Max,13,Shane Larkin,shanelarkin,final,8,1,1,final_snapshot,Shane Larkin,D205,E205,F205,
59a6a80ce913c1ee51e35c213b85ca13bb78380df68a73fa1ceb164b84c647a6,2015-16,1,Max,13,Jerami Grant,jeramigrant,final,9,1,1,final_snapshot,Jerami Grant,D206,E206,F206,3.5 Ron
59a6a80ce913c1ee51e35c213b85ca13bb78380df68a73fa1ceb164b84c647a6,2015-16,1,Max,13,Joe Johnson,joejohnson,final,10,4,1,final_snapshot,Joe Johnson,D207,E207,F207,FA-3 John
59a6a80ce913c1ee51e35c213b85ca13bb78380df68a73fa1ceb164b84c647a6,2015-16,1,Max,13,Ian Mahinmi,ianmahinmi,final,11,1,1,final_snapshot,Ian Mahinmi,D208,E208,F208,3.6 Brent
59a6a80ce913c1ee51e35c213b85ca13bb78380df68a73fa1ceb164b84c647a6,2015-16,1,Max,13,Marcus Morris Sr,marcusmorrissr,final,12,3,1,final_snapshot,Marcus Morris,D209,E209,F209,FA-4 Jeff
59a6a80ce913c1ee51e35c213b85ca13bb78380df68a73fa1ceb164b84c647a6,2015-16,1,Max,13,Stanley Johnson,stanleyjohnson,final,13,5,1,final_snapshot,Stanley Johnson,D210,E210,F210,
59a6a80ce913c1ee51e35c213b85ca13bb78380df68a73fa1ceb164b84c647a6,2015-16,1,Max,13,Rondae Hollis-Jefferson,rondaehollisjefferson,final,14,0,0,final_snapshot,Rondae Hollis-Jefferson,D211,E211,F211,3.7 Ron
59a6a80ce913c1ee51e35c213b85ca13bb78380df68a73fa1ceb164b84c647a6,2015-16,1,Max,13,Jusuf Nurkic,jusufnurkic,final,15,4,1,final_snapshot,Jusuf Nurkic,D212,E212,F212,
59a6a80ce913c1ee51e35c213b85ca13bb78380df68a73fa1ceb164b84c647a6,2015-16,1,Peter,9,John Wall,johnwall,final,1,40,1,final_snapshot,John Wall,D199,E199,F199,7.3 Darren
59a6a80ce913c1ee51e35c213b85ca13bb78380df68a73fa1ceb164b84c647a6,2015-16,1,Peter,9,Blake Griffin,blakegriffin,final,2,36,1,final_snapshot,Blake Griffin,D200,E200,F200,FA-2 Arthur
59a6a80ce913c1ee51e35c213b85ca13bb78380df68a73fa1ceb164b84c647a6,2015-16,1,Peter,9,Kenneth Faried,kennethfaried,final,3,16,1,final_snapshot,Kenneth Faried,D201,E201,F201,7.2 Ron
59a6a80ce913c1ee51e35c213b85ca13bb78380df68a73fa1ceb164b84c647a6,2015-16,1,Peter,9,Kemba Walker,kembawalker,final,4,13,1,final_snapshot,Kemba Walker,D202,E202,F202,
59a6a80ce913c1ee51e35c213b85ca13bb78380df68a73fa1ceb164b84c647a6,2015-16,1,Peter,9,Allen Crabbe,allencrabbe,final,5,0,0,final_snapshot,Allen Crabbe,D203,E203,F203,FA-3 Joe
59a6a80ce913c1ee51e35c213b85ca13bb78380df68a73fa1ceb164b84c647a6,2015-16,1,Peter,9,Darren Collison,darrencollison,final,6,4,1,final_snapshot,Darren Collison,D204,E204,F204,
59a6a80ce913c1ee51e35c213b85ca13bb78380df68a73fa1ceb164b84c647a6,2015-16,1,Peter,9,Jeff Withey,jeffwithey,final,7,0,0,final_snapshot,Jeff Withey,D205,E205,F205,FA-1 Arthur
59a6a80ce913c1ee51e35c213b85ca13bb78380df68a73fa1ceb164b84c647a6,2015-16,1,Peter,9,Ricky Rubio,rickyrubio,final,8,19,1,final_snapshot,Ricky Rubio,D206,E206,F206,
59a6a80ce913c1ee51e35c213b85ca13bb78380df68a73fa1ceb164b84c647a6,2015-16,1,Peter,9,PJ Tucker,pjtucker,final,9,7,1,final_snapshot,PJ Tucker,D207,E207,F207,
59a6a80ce913c1ee51e35c213b85ca13bb78380df68a73fa1ceb164b84c647a6,2015-16,1,Peter,9,Gary Harris,garyharris,final,10,0,0,final_snapshot,Gary Harris,D208,E208,F208,
59a6a80ce913c1ee51e35c213b85ca13bb78380df68a73fa1ceb164b84c647a6,2015-16,1,Peter,9,Cody Zeller,codyzeller,final,11,1,1,final_snapshot,Cody Zeller,D209,E209,F209,
59a6a80ce913c1ee51e35c213b85ca13bb78380df68a73fa1ceb164b84c647a6,2015-16,1,Peter,9,Marco Belinelli,marcobelinelli,final,12,1,1,final_snapshot,Marco Belinelli,D210,E210,F210,
59a6a80ce913c1ee51e35c213b85ca13bb78380df68a73fa1ceb164b84c647a6,2015-16,1,Peter,9,John Henson,johnhenson,final,13,9,1,final_snapshot,John Henson,D211,E211,F211,
59a6a80ce913c1ee51e35c213b85ca13bb78380df68a73fa1ceb164b84c647a6,2015-16,1,Peter,9,Luol Deng,luoldeng,final,14,4,1,final_snapshot,Luol Deng,D212,E212,F212,
59a6a80ce913c1ee51e35c213b85ca13bb78380df68a73fa1ceb164b84c647a6,2015-16,1,Peter,9,Andrew Bogut,andrewbogut,final,15,4,1,final_snapshot,Andrew Bogut,D213,E213,F213,
59a6a80ce913c1ee51e35c213b85ca13bb78380df68a73fa1ceb164b84c647a6,2015-16,1,Ron,8,Victor Oladipo,victoroladipo,final,1,25,1,final_snapshot,Victor Oladipo,D200,E200,F200,8.8 Art
59a6a80ce913c1ee51e35c213b85ca13bb78380df68a73fa1ceb164b84c647a6,2015-16,1,Ron,8,Dirk Nowitzki,dirknowitzki,final,2,22,1,final_snapshot,Dirk Nowitzki,D201,E201,F201,8.5 Al
59a6a80ce913c1ee51e35c213b85ca13bb78380df68a73fa1ceb164b84c647a6,2015-16,1,Ron,8,Karl-Anthony Towns,karlanthonytowns,final,3,20,1,final_snapshot,Karl-Anthony Towns,D202,E202,F202,8.1 Jeff
59a6a80ce913c1ee51e35c213b85ca13bb78380df68a73fa1ceb164b84c647a6,2015-16,1,Ron,8,Andrew Wiggins,andrewwiggins,final,4,19,1,final_snapshot,Andrew Wiggins,D203,E203,F203,FA-2 Joe
59a6a80ce913c1ee51e35c213b85ca13bb78380df68a73fa1ceb164b84c647a6,2015-16,1,Ron,8,Derrick Favors,derrickfavors,final,5,19,1,final_snapshot,Derrick Favors,D204,E204,F204,8.6 Darren
59a6a80ce913c1ee51e35c213b85ca13bb78380df68a73fa1ceb164b84c647a6,2015-16,1,Ron,8,Monta Ellis,montaellis,final,6,15,1,final_snapshot,Monta Ellis,D205,E205,F205,8.7 Jeff
59a6a80ce913c1ee51e35c213b85ca13bb78380df68a73fa1ceb164b84c647a6,2015-16,1,Ron,8,Jordan Clarkson,jordanclarkson,final,7,5,1,final_snapshot,Jordan Clarkson,D206,E206,F206,
59a6a80ce913c1ee51e35c213b85ca13bb78380df68a73fa1ceb164b84c647a6,2015-16,1,Ron,8,Dennis Schroder,dennisschroder,final,8,3,1,final_snapshot,Dennis Schroder,D207,E207,F207,
59a6a80ce913c1ee51e35c213b85ca13bb78380df68a73fa1ceb164b84c647a6,2015-16,1,Ron,8,Aaron Gordon,aarongordon,final,9,2,1,final_snapshot,Aaron Gordon,D208,E208,F208,FA-1 Jeff
59a6a80ce913c1ee51e35c213b85ca13bb78380df68a73fa1ceb164b84c647a6,2015-16,1,Ron,8,Emmanuel Mudiay,emmanuelmudiay,final,10,8,1,final_snapshot,Emmanuel Mudiay,D209,E209,F209,
59a6a80ce913c1ee51e35c213b85ca13bb78380df68a73fa1ceb164b84c647a6,2015-16,1,Ron,8,DeMarre Carroll,demarrecarroll,final,11,11,1,final_snapshot,DeMarre Carroll,D210,E210,F210,
59a6a80ce913c1ee51e35c213b85ca13bb78380df68a73fa1ceb164b84c647a6,2015-16,1,Ron,8,Damian Lillard,damianlillard,final,12,44,1,final_snapshot,Damian Lillard,D211,E211,F211,8.2 Ian
59a6a80ce913c1ee51e35c213b85ca13bb78380df68a73fa1ceb164b84c647a6,2015-16,1,Ron,8,Kemba Walker,kembawalker,final,13,13,1,final_snapshot,Kemba Walker,D212,E212,F212,8.4 John
59a6a80ce913c1ee51e35c213b85ca13bb78380df68a73fa1ceb164b84c647a6,2015-16,1,Ron,8,Eric Bledsoe,ericbledsoe,final,14,29,1,final_snapshot,Eric Bledsoe,D213,E213,F213,
59a6a80ce913c1ee51e35c213b85ca13bb78380df68a73fa1ceb164b84c647a6,2015-16,1,Ron,8,Kevin Love,kevinlove,final,15,32,1,final_snapshot,Kevin Love,D214,E214,F214,8.3 Arthur
