season,player,raw_name,participant_raw,marker_raw,marker_number,sheet,source_cell
2025-26,Aaron Gordon,Aaron Gordon,Joe,1.0,1.0,keeping tracking 25-26,F2
2025-26,Aaron Wiggins,Aaron Wiggins,Mark,1.0,1.0,keeping tracking 25-26,D3
2025-26,Ace Bailey,Ace Bailey,Kerry,1.0,1.0,keeping tracking 25-26,M4
2025-26,Alex Caruso,Alex Caruso,Benji,1.0,1.0,keeping tracking 25-26,B5
2025-26,Alex Sarr,Alex Sarr,Ron,1.0,1.0,keeping tracking 25-26,J6
2025-26,Alperen Sengun,Alperen Sengun,Ian,1.0,1.0,keeping tracking 25-26,E7
2025-26,Amen Thompson,Amen Thompson,Alvin,1.0,1.0,keeping tracking 25-26,O8
2025-26,Andre Drummond,Andre Drummond,Jason,1.0,1.0,keeping tracking 25-26,C9
2025-26,Anfernee Simons,Anfernee Simons,Joe,1.0,1.0,keeping tracking 25-26,F10
2025-26,Anthony Black,Anthony Black,Mark,1.0,1.0,keeping tracking 25-26,D11
2025-26,Anthony Davis,Anthony Davis,Darren,1.0,1.0,keeping tracking 25-26,L12
2025-26,Anthony Edwards,Anthony Edwards,Ron,1.0,1.0,keeping tracking 25-26,J13
2025-26,Ausar Thompson,Ausar Thompson,Kerry,1.0,1.0,keeping tracking 25-26,M14
2025-26,Austin Reaves,Austin Reaves,Isaac,1.0,1.0,keeping tracking 25-26,G15
2025-26,Austin Reaves,Austin Reaves,Peter,2.0,2.0,keeping tracking 25-26,N15
2025-26,Austin Reaves,Austin Reaves,Graham,3.0,3.0,keeping tracking 25-26,P15
2025-26,Ayo Dosunmu,Ayo Dosunmu,Ian,1.0,1.0,keeping tracking 25-26,E16
2025-26,Ayo Dosunmu,Ayo Dosunmu,Joe,2.0,2.0,keeping tracking 25-26,F16
2025-26,Bam Adebayo,Bam Adebayo,Mark,1.0,1.0,keeping tracking 25-26,D17
2025-26,Bam Adebayo,Bam Adebayo,Ian,2.0,2.0,keeping tracking 25-26,E17
2025-26,Bam Adebayo,Bam Adebayo,Darren,3.0,3.0,keeping tracking 25-26,L17
2025-26,Bennedict Mathurin,Bennedict Mathurin,Arthur,1.0,1.0,keeping tracking 25-26,K18
2025-26,Bilal Coulibaly,Bilal Coulibaly,Mark,1.0,1.0,keeping tracking 25-26,D19
2025-26,Brandon Ingram,Brandon Ingram,Alvin,1.0,1.0,keeping tracking 25-26,O20
2025-26,Brandon Miller,Brandon Miller,Mark,1.0,1.0,keeping tracking 25-26,D21
2025-26,Brice Sensabaugh,Brice Sensabaugh,Max,1.0,1.0,keeping tracking 25-26,H22
2025-26,Brook Lopez,Brook Lopez,Arthur,1.0,1.0,keeping tracking 25-26,K23
2025-26,Buddy Hield,Buddy Hield,Ian,1.0,1.0,keeping tracking 25-26,E24
2025-26,CJ McCollum,CJ McCollum,Darren,1.0,1.0,keeping tracking 25-26,L28
2025-26,Cade Cunningham,Cade Cunningham,Ron,1.0,1.0,keeping tracking 25-26,J25
2025-26,Cade Cunningham,Cade Cunningham,Peter,2.0,2.0,keeping tracking 25-26,N25
2025-26,Cade Cunningham,Cade Cunningham,Alvin,3.0,3.0,keeping tracking 25-26,O25
2025-26,Cam Whitmore,Cam Whitmore,Jason,1.0,1.0,keeping tracking 25-26,C26
2025-26,Chet Holmgren,Chet Holmgren,Ian,1.0,1.0,keeping tracking 25-26,E27
2025-26,Chet Holmgren,Chet Holmgren,Kerry,2.0,2.0,keeping tracking 25-26,M27
2025-26,Chet Holmgren,Chet Holmgren,Peter,3.0,3.0,keeping tracking 25-26,N27
2025-26,Coby White,Coby  White,Ian,1.0,1.0,keeping tracking 25-26,E29
2025-26,Collin Sexton,Collin Sexton,Ian,1.0,1.0,keeping tracking 25-26,E30
2025-26,Collin Sexton,Collin Sexton,Isaac,2.0,2.0,keeping tracking 25-26,G30
2025-26,Cooper Flagg,Cooper Flagg,Jason,1.0,1.0,keeping tracking 25-26,C31
2025-26,Cooper Flagg,Cooper Flagg,Mark,2.0,2.0,keeping tracking 25-26,D31
2025-26,Cooper Flagg,Cooper Flagg,Arthur,3.0,3.0,keeping tracking 25-26,K31
2025-26,Cooper Flagg,Cooper Flagg,Peter,4.0,4.0,keeping tracking 25-26,N31
2025-26,Cooper Flagg,Cooper Flagg,Alvin,5.0,5.0,keeping tracking 25-26,O31
2025-26,Corey Kispert,Corey Kispert,Benji,1.0,1.0,keeping tracking 25-26,B32
2025-26,Damian Lillard,Damian Lillard,Alvin,1.0,1.0,keeping tracking 25-26,O33
2025-26,Darius Garland,Darius Garland,Joe,1.0,1.0,keeping tracking 25-26,F34
2025-26,Darius Garland,Darius Garland,Isaac,2.0,2.0,keeping tracking 25-26,G34
2025-26,Darius Garland,Darius Garland,Peter,3.0,3.0,keeping tracking 25-26,N34
2025-26,De'Aaron Fox,De'Aaron Fox,Jason,1.0,1.0,keeping tracking 25-26,C35
2025-26,De'Aaron Fox,De'Aaron Fox,Max,2.0,2.0,keeping tracking 25-26,H35
2025-26,Deandre Ayton,Deandre Ayton,Graham,1.0,1.0,keeping tracking 25-26,P36
2025-26,Dejounte Murray,Dejounte Murray,Max,1.0,1.0,keeping tracking 25-26,H37
2025-26,Dejounte Murray,Dejounte Murray,Kerry,2.0,2.0,keeping tracking 25-26,M37
2025-26,Deni Avdija,Deni Avdija,Mark,1.0,1.0,keeping tracking 25-26,D38
2025-26,Deni Avdija,Deni Avdija,Ron,2.0,2.0,keeping tracking 25-26,J38
2025-26,Deni Avdija,Deni Avdija,Kerry,3.0,3.0,keeping tracking 25-26,M38
2025-26,Deni Avdija,Deni Avdija,Alvin,4.0,4.0,keeping tracking 25-26,O38
2025-26,Dereck Lively II,Dereck Lively II,Joe,1.0,1.0,keeping tracking 25-26,F39
2025-26,Derrick White,Derrick White,Graham,1.0,1.0,keeping tracking 25-26,P40
2025-26,Desmond Bane,Desmond Bane,Arthur,1.0,1.0,keeping tracking 25-26,K41
2025-26,Desmond Bane,Desmond Bane,Darren,2.0,2.0,keeping tracking 25-26,L41
2025-26,Desmond Bane,Desmond Bane,Graham,3.0,3.0,keeping tracking 25-26,P41
2025-26,Devin Booker,Devin Booker,Max,1.0,1.0,keeping tracking 25-26,H42
2025-26,Devin Booker,Devin Booker,Brent,2.0,2.0,keeping tracking 25-26,I42
2025-26,Dillon Brooks,Dillon Brooks,Jason,1.0,1.0,keeping tracking 25-26,C43
2025-26,Donovan Clingan,Donovan Clingan,Arthur,1.0,1.0,keeping tracking 25-26,K44
2025-26,Donovan Clingan,Donovan Clingan,Darren,2.0,2.0,keeping tracking 25-26,L44
2025-26,Donovan Clingan,Donovan Clingan,Peter,3.0,3.0,keeping tracking 25-26,N44
2025-26,Donovan Clingan,Donovan Clingan,Alvin,4.0,4.0,keeping tracking 25-26,O44
2025-26,Donovan Mitchell,Donovan Mitchell,Joe,1.0,1.0,keeping tracking 25-26,F45
2025-26,Donovan Mitchell,Donovan Mitchell,Brent,2.0,2.0,keeping tracking 25-26,I45
2025-26,Donovan Mitchell,Donovan Mitchell,Kerry,3.0,3.0,keeping tracking 25-26,M45
2025-26,Donte DiVincenzo,Donte DiVincenzo,Ron,1.0,1.0,keeping tracking 25-26,J46
2025-26,Duncan Robinson,Duncan Robinson,Darren,1.0,1.0,keeping tracking 25-26,L47
2025-26,Dylan Harper,Dylan Harper,Ron,1.0,1.0,keeping tracking 25-26,J48
2025-26,Dyson Daniels,Dyson Daniels,Arthur,1.0,1.0,keeping tracking 25-26,K49
2025-26,Dyson Daniels,Dyson Daniels,Graham,2.0,2.0,keeping tracking 25-26,P49
2025-26,Evan Mobley,Evan Mobley,Brent,1.0,1.0,keeping tracking 25-26,I50
2025-26,Fred VanVleet,Fred VanVleet,Isaac,1.0,1.0,keeping tracking 25-26,G51
2025-26,Giannis Antetokounmpo,Giannis Antetokounmpo,Jason,1.0,1.0,keeping tracking 25-26,C52
2025-26,Giannis Antetokounmpo,Giannis Antetokounmpo,Kerry,2.0,2.0,keeping tracking 25-26,M52
2025-26,Grayson Allen,Grayson Allen,Max,1.0,1.0,keeping tracking 25-26,H53
2025-26,Grayson Allen,Grayson Allen,Ron,2.0,2.0,keeping tracking 25-26,J53
2025-26,Immanuel Quickley,Immanuel Quickley,Joe,1.0,1.0,keeping tracking 25-26,F54
2025-26,Immanuel Quickley,Immanuel Quickley,Ron,2.0,2.0,keeping tracking 25-26,J54
2025-26,Immanuel Quickley,Immanuel Quickley,Darren,3.0,3.0,keeping tracking 25-26,L54
2025-26,Isaiah Hartenstein,Isaiah Hartenstein,Brent,1.0,1.0,keeping tracking 25-26,I55
2025-26,Ivica Zubac,Ivica Zubac,Brent,1.0,1.0,keeping tracking 25-26,I56
2025-26,Ja Morant,Ja Morant,Benji,1.0,1.0,keeping tracking 25-26,B57
2025-26,Ja Morant,Ja Morant,Jason,2.0,2.0,keeping tracking 25-26,C57
2025-26,Ja Morant,Ja Morant,Brent,3.0,3.0,keeping tracking 25-26,I57
2025-26,Jaden McDaniels,Jaden McDaniels,Graham,1.0,1.0,keeping tracking 25-26,P58
2025-26,Jaime Jaquez Jr,Jaime Jaquez Jr,Mark,1.0,1.0,keeping tracking 25-26,D59
2025-26,Jakob Poeltl,Jakob Poeltl,Arthur,1.0,1.0,keeping tracking 25-26,K60
2025-26,Jalen Brunson,Jalen Brunson,Isaac,1.0,1.0,keeping tracking 25-26,G61
2025-26,Jalen Brunson,Jalen Brunson,Ron,2.0,2.0,keeping tracking 25-26,J61
2025-26,Jalen Brunson,Jalen Brunson,Kerry,3.0,3.0,keeping tracking 25-26,M61
2025-26,Jalen Duren,Jalen Duren,Graham,1.0,1.0,keeping tracking 25-26,P62
2025-26,Jalen Johnson,Jalen Johnson,Benji,1.0,1.0,keeping tracking 25-26,B63
2025-26,Jalen Johnson,Jalen Johnson,Isaac,2.0,2.0,keeping tracking 25-26,G63
2025-26,Jalen Suggs,Jalen Suggs,Brent,1.0,1.0,keeping tracking 25-26,I64
2025-26,Jalen Williams,Jalen Williams,Ron,1.0,1.0,keeping tracking 25-26,J65
2025-26,Jalen Williams,Jalen Williams,Peter,2.0,2.0,keeping tracking 25-26,N65
2025-26,Jamal Murray,Jamal Murray,Peter,1.0,1.0,keeping tracking 25-26,N66
2025-26,Jamal Murray,Jamal Murray,Alvin,2.0,2.0,keeping tracking 25-26,O66
2025-26,James Harden,James Harden,Graham,1.0,1.0,keeping tracking 25-26,P67
2025-26,Jarrett Allen,Jarrett Allen,Graham,1.0,1.0,keeping tracking 25-26,P68
2025-26,Jaylen Brown,Jaylen Brown,Peter,1.0,1.0,keeping tracking 25-26,N69
2025-26,Jayson Tatum,Jayson Tatum,Ian,1.0,1.0,keeping tracking 25-26,E70
2025-26,Jayson Tatum,Jayson Tatum,Alvin,2.0,2.0,keeping tracking 25-26,O70
2025-26,Jerami Grant,Jerami Grant,Max,1.0,1.0,keeping tracking 25-26,H71
2025-26,Jeremiah Fears,Jeremiah Fears,Benji,1.0,1.0,keeping tracking 25-26,B72
2025-26,Jeremiah Fears,Jeremiah Fears,Ian,2.0,2.0,keeping tracking 25-26,E72
2025-26,Jeremiah Fears,Jeremiah Fears,Alvin,3.0,3.0,keeping tracking 25-26,O72
2025-26,Jeremy Sochan,Jeremy Sochan,Benji,1.0,1.0,keeping tracking 25-26,B73
2025-26,Jimmy Butler,Jimmy Butler III,Mark,1.0,1.0,keeping tracking 25-26,D74
2025-26,Jimmy Butler,Jimmy Butler III,Joe,2.0,2.0,keeping tracking 25-26,F74
2025-26,Joel Embiid,Joel Embiid,Mark,1.0,1.0,keeping tracking 25-26,D75
2025-26,John Collins,John Collins,Joe,1.0,1.0,keeping tracking 25-26,F76
2025-26,Jonathan Kuminga,Jonathan Kuminga,Arthur,1.0,1.0,keeping tracking 25-26,K77
2025-26,Jonathan Kuminga,Jonathan Kuminga,Darren,2.0,2.0,keeping tracking 25-26,L77
2025-26,Josh Giddey,Josh Giddey,Kerry,1.0,1.0,keeping tracking 25-26,M78
2025-26,Josh Hart,Josh Hart,Arthur,1.0,1.0,keeping tracking 25-26,K79
2025-26,Jrue Holiday,Jrue Holiday,Max,1.0,1.0,keeping tracking 25-26,H80
2025-26,Jrue Holiday,Jrue Holiday,Kerry,2.0,2.0,keeping tracking 25-26,M80
2025-26,Julius Randle,Julius Randle,Isaac,1.0,1.0,keeping tracking 25-26,G81
2025-26,Kawhi Leonard,Kawhi Leonard,Arthur,1.0,1.0,keeping tracking 25-26,K82
2025-26,Kawhi Leonard,Kawhi Leonard,Kerry,2.0,2.0,keeping tracking 25-26,M82
2025-26,Kawhi Leonard,Kawhi Leonard,Graham,3.0,3.0,keeping tracking 25-26,P82
2025-26,Keegan Murray,Keegan Murray,Benji,1.0,1.0,keeping tracking 25-26,B83
2025-26,Keegan Murray,Keegan Murray,Ian,2.0,2.0,keeping tracking 25-26,E83
2025-26,Kel'el Ware,Kel'el Ware,Joe,1.0,1.0,keeping tracking 25-26,F84
2025-26,Kel'el Ware,Kel'el Ware,Graham,2.0,2.0,keeping tracking 25-26,P84
2025-26,Kelly Oubre Jr.,Kelly Oubre Jr,Mark,1.0,1.0,keeping tracking 25-26,D85
2025-26,Kevin Durant,Kevin Durant,Jason,1.0,1.0,keeping tracking 25-26,C86
2025-26,Kevin Durant,Kevin Durant,Peter,2.0,2.0,keeping tracking 25-26,N86
2025-26,Kevin Durant,Kevin Durant,Graham,3.0,3.0,keeping tracking 25-26,P86
2025-26,Kevin Porter Jr.,Kevin Porter Jr,Darren,1.0,1.0,keeping tracking 25-26,L87
2025-26,Keyonte George,Keyonte George,Ian,1.0,1.0,keeping tracking 25-26,E88
2025-26,Keyonte George,Keyonte George,Joe,2.0,2.0,keeping tracking 25-26,F88
2025-26,Keyonte George,Keyonte George,Darren,3.0,3.0,keeping tracking 25-26,L88
2025-26,Kon Knueppel,Kon Knueppel,Joe,1.0,1.0,keeping tracking 25-26,F89
2025-26,Kon Knueppel,Kon Knueppel,Kerry,2.0,2.0,keeping tracking 25-26,M89
2025-26,Kon Knueppel,Kon Knueppel,Peter,3.0,3.0,keeping tracking 25-26,N89
2025-26,Kon Knueppel,Kon Knueppel,Alvin,4.0,4.0,keeping tracking 25-26,O89
2025-26,Kristaps Porzingis,Kristaps Porzingis,Mark,1.0,1.0,keeping tracking 25-26,D90
2025-26,Kristaps Porzingis,Kristaps Porzingis,Max,2.0,2.0,keeping tracking 25-26,H90
2025-26,Kyle Filipowski,Kyle Filipowski,Jason,1.0,1.0,keeping tracking 25-26,C91
2025-26,Kyle Filipowski,Kyle Filipowski,Peter,2.0,2.0,keeping tracking 25-26,N91
2025-26,Kyrie Irving,Kyrie Irving,Arthur,1.0,1.0,keeping tracking 25-26,K92
2025-26,Kyshawn George,Kyshawn George,Ron,1.0,1.0,keeping tracking 25-26,J93
2025-26,LaMelo Ball,LaMelo Ball,Benji,1.0,1.0,keeping tracking 25-26,B94
2025-26,LaMelo Ball,LaMelo Ball,Ian,2.0,2.0,keeping tracking 25-26,E94
2025-26,LaMelo Ball,LaMelo Ball,Joe,3.0,3.0,keeping tracking 25-26,F94
2025-26,LaMelo Ball,LaMelo Ball,Isaac,4.0,4.0,keeping tracking 25-26,G94
2025-26,LaMelo Ball,LaMelo Ball,Brent,5.0,5.0,keeping tracking 25-26,I94
2025-26,LaMelo Ball,LaMelo Ball,Alvin,6.0,6.0,keeping tracking 25-26,O94
2025-26,Lauri Markkanen,Lauri Markkanen,Brent,1.0,1.0,keeping tracking 25-26,I95
2025-26,LeBron James,LeBron James,Brent,1.0,1.0,keeping tracking 25-26,I96
2025-26,LeBron James,LeBron James,Darren,2.0,2.0,keeping tracking 25-26,L96
2025-26,LeBron James,LeBron James,Peter,3.0,3.0,keeping tracking 25-26,N96
2025-26,Luguentz Dort,Luguentz Dort,Mark,1.0,1.0,keeping tracking 25-26,D97
2025-26,Luka Doncic,Luka Doncic,Kerry,1.0,1.0,keeping tracking 25-26,M98
2025-26,Luka Doncic,Luka Doncic,Alvin,2.0,2.0,keeping tracking 25-26,O98
2025-26,Malik Monk,Malik Monk,Joe,1.0,1.0,keeping tracking 25-26,F99
2025-26,Mark Williams,Mark Williams,Ron,1.0,1.0,keeping tracking 25-26,J100
2025-26,Mikal Bridges,Mikal Bridges,Graham,1.0,1.0,keeping tracking 25-26,P101
2025-26,Moses Moody,Moses Moody,Arthur,1.0,1.0,keeping tracking 25-26,K102
2025-26,Myles Turner,Myles Turner,Isaac,1.0,1.0,keeping tracking 25-26,G103
2025-26,Myles Turner,Myles Turner,Ron,2.0,2.0,keeping tracking 25-26,J103
2025-26,Neemias Queta,Neemias Queta,Isaac,1.0,1.0,keeping tracking 25-26,G104
2025-26,Nic Claxton,Nic Claxton,Max,1.0,1.0,keeping tracking 25-26,H105
2025-26,Nickeil Alexander-Walker,Nickeil Alexander-Walker,Brent,1.0,1.0,keeping tracking 25-26,I106
2025-26,Nickeil Alexander-Walker,Nickeil Alexander-Walker,Ron,2.0,2.0,keeping tracking 25-26,J106
2025-26,Nickeil Alexander-Walker,Nickeil Alexander-Walker,Arthur,3.0,3.0,keeping tracking 25-26,K106
2025-26,Nikola Jokic,Nikola Jokic,Max,1.0,1.0,keeping tracking 25-26,H107
2025-26,Nikola Jokic,Nikola Jokic,Arthur,2.0,2.0,keeping tracking 25-26,K107
2025-26,Nikola Jokic,Nikola Jokic,Alvin,3.0,3.0,keeping tracking 25-26,O107
2025-26,Nikola Vucevic,Nikola Vucevic,Joe,1.0,1.0,keeping tracking 25-26,F108
2025-26,Nikola Vucevic,Nikola Vucevic,Isaac,2.0,2.0,keeping tracking 25-26,G108
2025-26,Norman Powell,Norman Powell,Kerry,1.0,1.0,keeping tracking 25-26,M109
2025-26,OG Anunoby,OG Anunoby,Ian,1.0,1.0,keeping tracking 25-26,E110
2025-26,Onyeka Okongwu,Onyeka Okongwu,Benji,1.0,1.0,keeping tracking 25-26,B111
2025-26,Paolo Banchero,Paolo Banchero,Benji,1.0,1.0,keeping tracking 25-26,B112
2025-26,Paolo Banchero,Paolo Banchero,Jason,2.0,2.0,keeping tracking 25-26,C112
2025-26,Paolo Banchero,Paolo Banchero,Isaac,3.0,3.0,keeping tracking 25-26,G112
2025-26,Paolo Banchero,Paolo Banchero,Darren,4.0,4.0,keeping tracking 25-26,L112
2025-26,Pascal Siakam,Pascal Siakam,Ian,1.0,1.0,keeping tracking 25-26,E113
2025-26,Pascal Siakam,Pascal Siakam,Isaac,2.0,2.0,keeping tracking 25-26,G113
2025-26,Pascal Siakam,Pascal Siakam,Darren,3.0,3.0,keeping tracking 25-26,L113
2025-26,Payton Pritchard,Payton Pritchard,Darren,1.0,1.0,keeping tracking 25-26,L114
2025-26,Peyton Watson,Peyton Watson,Mark,1.0,1.0,keeping tracking 25-26,D115
2025-26,Royce O'Neale,Royce O'Neale,Mark,1.0,1.0,keeping tracking 25-26,D116
2025-26,Rudy Gobert,Rudy Gobert,Peter,1.0,1.0,keeping tracking 25-26,N117
2025-26,Russell Westbrook,Russell Westbrook,Ian,1.0,1.0,keeping tracking 25-26,E118
2025-26,Scottie Barnes,Scottie Barnes,Brent,1.0,1.0,keeping tracking 25-26,I119
2025-26,Scottie Barnes,Scottie Barnes,Alvin,2.0,2.0,keeping tracking 25-26,O119
2025-26,Shai Gilgeous-Alexander,Shai Gilgeous-Alexander,Graham,1.0,1.0,keeping tracking 25-26,P120
2025-26,Stephen Curry,Stephen Curry,Peter,1.0,1.0,keeping tracking 25-26,N121
2025-26,Stephen Curry,Stephen Curry,Alvin,2.0,2.0,keeping tracking 25-26,O121
2025-26,Stephon Castle,Stephon Castle,Brent,1.0,1.0,keeping tracking 25-26,I122
2025-26,Trae Young,Trae Young,Benji,1.0,1.0,keeping tracking 25-26,B123
2025-26,Trae Young,Trae Young,Brent,2.0,2.0,keeping tracking 25-26,I123
2025-26,Tre Jones,Tre Jones,Joe,1.0,1.0,keeping tracking 25-26,F124
2025-26,Trey Murphy III,Trey Murphy III,Mark,1.0,1.0,keeping tracking 25-26,D125
2025-26,Trey Murphy III,Trey Murphy III,Graham,2.0,2.0,keeping tracking 25-26,P125
2025-26,Ty Jerome,Ty Jerome,Kerry,1.0,1.0,keeping tracking 25-26,M126
2025-26,Tyler Herro,Tyler Herro,Joe,1.0,1.0,keeping tracking 25-26,F127
2025-26,Tyler Herro,Tyler Herro,Kerry,2.0,2.0,keeping tracking 25-26,M127
2025-26,Tyrese Haliburton,Tyrese Haliburton,Arthur,1.0,1.0,keeping tracking 25-26,K128
2025-26,Tyrese Maxey,Tyrese Maxey,Darren,1.0,1.0,keeping tracking 25-26,L129
2025-26,Tyrese Maxey,Tyrese Maxey,Alvin,2.0,2.0,keeping tracking 25-26,O129
2025-26,VJ Edgecombe,VJ Edgecombe,Arthur,1.0,1.0,keeping tracking 25-26,K131
2025-26,VJ Edgecombe,VJ Edgecombe,Kerry,2.0,2.0,keeping tracking 25-26,M131
2025-26,Victor Wembanyama,Victor Wembanyama,Arthur,1.0,1.0,keeping tracking 25-26,K130
2025-26,Victor Wembanyama,Victor Wembanyama,Graham,2.0,2.0,keeping tracking 25-26,P130
2025-26,Walker Kessler,Walker Kessler,Brent,1.0,1.0,keeping tracking 25-26,I132
2025-26,Wendell Carter Jr.,Wendell Carter Jr,Jason,1.0,1.0,keeping tracking 25-26,C133
2025-26,Zion Williamson,Zion Williamson,Ian,1.0,1.0,keeping tracking 25-26,E134
2025-26,Zion Williamson,Zion Williamson,Peter,2.0,2.0,keeping tracking 25-26,N134
2024-25,Aaron Gordon,Aaron Gordon,Kerry,1.0,1.0,keeper tracking 24-25,E2
2024-25,Aaron Gordon,Aaron Gordon,Ian,2.0,2.0,keeper tracking 24-25,I2
2024-25,Aaron Gordon,Aaron Gordon,Darren,3.0,3.0,keeper tracking 24-25,L2
2024-25,Alex Caruso,Alex Caruso,Kerry,1.0,1.0,keeper tracking 24-25,E3
2024-25,Alex Sarr,Alex Sarr,Ron,1.0,1.0,keeper tracking 24-25,N4
2024-25,Alperen Sengun,Alperen Sengun,Ian,1.0,1.0,keeper tracking 24-25,I5
2024-25,Alperen Sengun,Alperen Sengun,Ron,2.0,2.0,keeper tracking 24-25,N5
2024-25,Amen Thompson,Amen Thompson,Mark,1.0,1.0,keeper tracking 24-25,D6
2024-25,Anfernee Simons,Anfernee Simons,Darren,1.0,1.0,keeper tracking 24-25,L7
2024-25,Anthony Davis,Anthony Davis,Darren,1.0,1.0,keeper tracking 24-25,L8
2024-25,Anthony Davis,Anthony Davis,Alvin,2.0,2.0,keeper tracking 24-25,P8
2024-25,Anthony Edwards,Anthony Edwards,Jason,1.0,1.0,keeper tracking 24-25,G9
2024-25,Anthony Edwards,Anthony Edwards,Darren,2.0,2.0,keeper tracking 24-25,L9
2024-25,Anthony Edwards,Anthony Edwards,Ron,3.0,3.0,keeper tracking 24-25,N9
2024-25,Anthony Edwards,Anthony Edwards,Peter,4.0,4.0,keeper tracking 24-25,O9
2024-25,Ausar Thompson,Ausar Thompson,Darren,1.0,1.0,keeper tracking 24-25,L10
2024-25,Austin Reaves,Austin Reaves,Isaac,1.0,1.0,keeper tracking 24-25,F11
2024-25,Austin Reaves,Austin Reaves,Arthur,2.0,2.0,keeper tracking 24-25,K11
2024-25,Austin Reaves,Austin Reaves,Max,3.0,3.0,keeper tracking 24-25,M11
2024-25,Austin Reaves,Austin Reaves,Peter,4.0,4.0,keeper tracking 24-25,O11
2024-25,Ayo Dosunmu,Ayo Dosunmu,Joe,1.0,1.0,keeper tracking 24-25,B12
2024-25,Bam Adebayo,Bam Adebayo,Benji,1.0,1.0,keeper tracking 24-25,C13
2024-25,Bam Adebayo,Bam Adebayo,Mark,2.0,2.0,keeper tracking 24-25,D13
2024-25,Bam Adebayo,Bam Adebayo,Isaac,3.0,3.0,keeper tracking 24-25,F13
2024-25,Bam Adebayo,Bam Adebayo,Arthur,4.0,4.0,keeper tracking 24-25,K13
2024-25,Bam Adebayo,Bam Adebayo,Max,5.0,5.0,keeper tracking 24-25,M13
2024-25,Bobby Portis,Bobby Portis,Isaac,1.0,1.0,keeper tracking 24-25,F14
2024-25,Bradley Beal,Bradley Beal,Isaac,1.0,1.0,keeper tracking 24-25,F15
2024-25,Brandon Ingram,Brandon Ingram,Brent,1.0,1.0,keeper tracking 24-25,J16
2024-25,Brandon Ingram,Brandon Ingram,Alvin,2.0,2.0,keeper tracking 24-25,P16
2024-25,Brandon Miller,Brandon Miller,Brent,1.0,1.0,keeper tracking 24-25,J17
2024-25,Brook Lopez,Brook Lopez,Benji,1.0,1.0,keeper tracking 24-25,C18
2024-25,Buddy Hield,Buddy Hield,Peter,1.0,1.0,keeper tracking 24-25,O19
2024-25,CJ McCollum,CJ McCollum,Benji,1.0,1.0,keeper tracking 24-25,C26
2024-25,CJ McCollum,CJ McCollum,Darren,2.0,2.0,keeper tracking 24-25,L26
2024-25,Cade Cunningham,Cade Cunningham,Ron,1.0,1.0,keeper tracking 24-25,N20
2024-25,Cam Thomas,Cam Thomas,Mark,1.0,1.0,keeper tracking 24-25,D21
2024-25,Cameron Johnson,Cameron Johnson,Brent,1.0,1.0,keeper tracking 24-25,J22
2024-25,Caris LeVert,Caris LeVert,Mark,1.0,1.0,keeper tracking 24-25,D23
2024-25,Chet Holmgren,Chet Holmgren,Ian,1.0,1.0,keeper tracking 24-25,I24
2024-25,Chet Holmgren,Chet Holmgren,Arthur,2.0,2.0,keeper tracking 24-25,K24
2024-25,Christian Braun,Christian Braun,Max,1.0,1.0,keeper tracking 24-25,M25
2024-25,Coby White,Coby White,Alvin,1.0,1.0,keeper tracking 24-25,P27
2024-25,Cody Martin,Cody Martin,Mark,1.0,1.0,keeper tracking 24-25,D28
2024-25,Collin Sexton,Collin Sexton,Kerry,1.0,1.0,keeper tracking 24-25,E29
2024-25,Collin Sexton,Collin Sexton,Ian,2.0,2.0,keeper tracking 24-25,I29
2024-25,D'Angelo Russell,D'Angelo Russell,Joe,1.0,1.0,keeper tracking 24-25,B30
2024-25,Damian Lillard,Damian Lillard,Joe,1.0,1.0,keeper tracking 24-25,B31
2024-25,Daniel Gafford,Daniel Gafford,Jason,1.0,1.0,keeper tracking 24-25,G32
2024-25,De'Aaron Fox,De'Aaron Fox,Ian,1.0,1.0,keeper tracking 24-25,I33
2024-25,DeMar DeRozan,DeMar DeRozan,Darren,1.0,1.0,keeper tracking 24-25,L36
2024-25,Deandre Ayton,Deandre Ayton,Graham,1.0,1.0,keeper tracking 24-25,H34
2024-25,Dejounte Murray,Dejounte Murray,Ian,1.0,1.0,keeper tracking 24-25,I35
2024-25,Deni Avdija,Deni Avdija,Arthur,1.0,1.0,keeper tracking 24-25,K37
2024-25,Deni Avdija,Deni Avdija,Peter,2.0,2.0,keeper tracking 24-25,O37
2024-25,Dennis Schroder,Dennis Schroder,Jason,1.0,1.0,keeper tracking 24-25,G38
2024-25,Dereck Lively II,Dereck Lively II,Kerry,1.0,1.0,keeper tracking 24-25,E39
2024-25,Derrick White,Derrick White,Graham,1.0,1.0,keeper tracking 24-25,H40
2024-25,Derrick White,Derrick White,Brent,2.0,2.0,keeper tracking 24-25,J40
2024-25,Derrick White,Derrick White,Darren,3.0,3.0,keeper tracking 24-25,L40
2024-25,Desmond Bane,Desmond Bane,Kerry,1.0,1.0,keeper tracking 24-25,E41
2024-25,Desmond Bane,Desmond Bane,Arthur,2.0,2.0,keeper tracking 24-25,K41
2024-25,Desmond Bane,Desmond Bane,Darren,3.0,3.0,keeper tracking 24-25,L41
2024-25,Desmond Bane,Desmond Bane,Max,4.0,4.0,keeper tracking 24-25,M41
2024-25,Desmond Bane,Desmond Bane,Alvin,5.0,5.0,keeper tracking 24-25,P41
2024-25,Devin Booker,Devin Booker,Max,1.0,1.0,keeper tracking 24-25,M42
2024-25,Devin Booker,Devin Booker,Alvin,2.0,2.0,keeper tracking 24-25,P42
2024-25,Dillon Brooks,Dillon Brooks,Isaac,1.0,1.0,keeper tracking 24-25,F43
2024-25,Domantas Sabonis,Domantas Sabonis,Brent,1.0,1.0,keeper tracking 24-25,J44
2024-25,Domantas Sabonis,Domantas Sabonis,Arthur,2.0,2.0,keeper tracking 24-25,K44
2024-25,Domantas Sabonis,Domantas Sabonis,Alvin,3.0,3.0,keeper tracking 24-25,P44
2024-25,Donovan Mitchell,Donovan Mitchell,Joe,1.0,1.0,keeper tracking 24-25,B45
2024-25,Donovan Mitchell,Donovan Mitchell,Benji,2.0,2.0,keeper tracking 24-25,C45
2024-25,Donovan Mitchell,Donovan Mitchell,Isaac,3.0,3.0,keeper tracking 24-25,F45
2024-25,Donte DiVincenzo,Donte DiVincenzo,Darren,1.0,1.0,keeper tracking 24-25,L46
2024-25,Dyson Daniels,Dyson Daniels,Mark,1.0,1.0,keeper tracking 24-25,D47
2024-25,Dyson Daniels,Dyson Daniels,Alvin,2.0,2.0,keeper tracking 24-25,P47
2024-25,Evan Mobley,Evan Mobley,Brent,1.0,1.0,keeper tracking 24-25,J48
2024-25,Evan Mobley,Evan Mobley,Max,2.0,2.0,keeper tracking 24-25,M48
2024-25,Evan Mobley,Evan Mobley,Ron,3.0,3.0,keeper tracking 24-25,N48
2024-25,Franz Wagner,Franz Wagner,Mark,1.0,1.0,keeper tracking 24-25,D49
2024-25,Franz Wagner,Franz Wagner,Kerry,2.0,2.0,keeper tracking 24-25,E49
2024-25,Franz Wagner,Franz Wagner,Peter,3.0,3.0,keeper tracking 24-25,O49
2024-25,Fred VanVleet,Fred VanVleet,Mark,1.0,1.0,keeper tracking 24-25,D50
2024-25,Gary Trent Jr.,Gary Trent Jr,Kerry,1.0,1.0,keeper tracking 24-25,E51
2024-25,Giannis Antetokounmpo,Giannis Antetokounmpo,Graham,1.0,1.0,keeper tracking 24-25,H52
2024-25,Gradey Dick,Gradey Dick,Ian,1.0,1.0,keeper tracking 24-25,I53
2024-25,Immanuel Quickley,Immanuel Quickley,Joe,1.0,1.0,keeper tracking 24-25,B54
2024-25,Ivica Zubac,Ivica Zubac,Arthur,1.0,1.0,keeper tracking 24-25,K55
2024-25,Ja Morant,Ja Morant,Benji,1.0,1.0,keeper tracking 24-25,C56
2024-25,Jabari Smith Jr.,Jabari Smith Jr.,Joe,1.0,1.0,keeper tracking 24-25,B57
2024-25,Jaime Jaquez Jr,Jaime Jacquez Jr,Ian,1.0,1.0,keeper tracking 24-25,I58
2024-25,Jakob Poeltl,Jakob Poeltl,Mark,1.0,1.0,keeper tracking 24-25,D59
2024-25,Jakob Poeltl,Jakob Poeltl,Ian,2.0,2.0,keeper tracking 24-25,I59
2024-25,Jakob Poeltl,Jakob Poeltl,Brent,3.0,3.0,keeper tracking 24-25,J59
2024-25,Jalen Brunson,Jalen Brunson,Kerry,1.0,1.0,keeper tracking 24-25,E60
2024-25,Jalen Johnson,Jalen Johnson,Darren,1.0,1.0,keeper tracking 24-25,L61
2024-25,Jalen Williams,Jalen Williams,Ron,1.0,1.0,keeper tracking 24-25,N62
2024-25,Jamal Murray,Jamal Murray,Peter,1.0,1.0,keeper tracking 24-25,O63
2024-25,James Harden,James Harden,Isaac,1.0,1.0,keeper tracking 24-25,F64
2024-25,James Harden,James Harden,Brent,2.0,2.0,keeper tracking 24-25,J64
2024-25,James Harden,James Harden,Alvin,3.0,3.0,keeper tracking 24-25,P64
2024-25,Jaren Jackson Jr,Jaren Jackson Jr,Alvin,1.0,1.0,keeper tracking 24-25,P65
2024-25,Jaylen Brown,Jaylen Brown,Brent,1.0,1.0,keeper tracking 24-25,J66
2024-25,Jaylen Brown,Jaylen Brown,Darren,2.0,2.0,keeper tracking 24-25,L66
2024-25,Jaylen Brown,Jaylen Brown,Ron,3.0,3.0,keeper tracking 24-25,N66
2024-25,Jayson Tatum,Jayson Tatum,Ron,1.0,1.0,keeper tracking 24-25,N67
2024-25,Jayson Tatum,Jayson Tatum,Alvin,2.0,2.0,keeper tracking 24-25,P67
2024-25,Jerami Grant,Jerami Grant,Graham,1.0,1.0,keeper tracking 24-25,H68
2024-25,Jeremy Sochan,Jeremy Sochan,Mark,1.0,1.0,keeper tracking 24-25,D69
2024-25,Jeremy Sochan,Jeremy Sochan,Darren,2.0,2.0,keeper tracking 24-25,L69
2024-25,Jimmy Butler,Jimmy Butler III,Arthur,1.0,1.0,keeper tracking 24-25,K70
2024-25,Jimmy Butler,Jimmy Butler III,Peter,2.0,2.0,keeper tracking 24-25,O70
2024-25,Joel Embiid,Joel Embiid,Mark,1.0,1.0,keeper tracking 24-25,D71
2024-25,Joel Embiid,Joel Embiid,Jason,2.0,2.0,keeper tracking 24-25,G71
2024-25,Joel Embiid,Joel Embiid,Graham,3.0,3.0,keeper tracking 24-25,H71
2024-25,John Collins,John Collins,Benji,1.0,1.0,keeper tracking 24-25,C72
2024-25,John Collins,John Collins,Graham,2.0,2.0,keeper tracking 24-25,H72
2024-25,Jonas Valanciunas,Jonas Valanciunas,Joe,1.0,1.0,keeper tracking 24-25,B73
2024-25,Josh Giddey,Josh Giddey,Ron,1.0,1.0,keeper tracking 24-25,N74
2024-25,Josh Hart,Josh Hart,Max,1.0,1.0,keeper tracking 24-25,M75
2024-25,Josh Hart,Josh Hart,Ron,2.0,2.0,keeper tracking 24-25,N75
2024-25,Jrue Holiday,Jrue Holiday,Benji,1.0,1.0,keeper tracking 24-25,C76
2024-25,Julius Randle,Julius Randle,Isaac,1.0,1.0,keeper tracking 24-25,F77
2024-25,Julius Randle,Julius Randle,Jason,2.0,2.0,keeper tracking 24-25,G77
2024-25,Julius Randle,Julius Randle,Ian,3.0,3.0,keeper tracking 24-25,I77
2024-25,Karl-Anthony Towns,Karl-Anthony Towns,Ian,1.0,1.0,keeper tracking 24-25,I78
2024-25,Karl-Anthony Towns,Karl-Anthony Towns,Max,2.0,2.0,keeper tracking 24-25,M78
2024-25,Karl-Anthony Towns,Karl-Anthony Towns,Alvin,3.0,3.0,keeper tracking 24-25,P78
2024-25,Kawhi Leonard,Kawhi Leonard,Arthur,1.0,1.0,keeper tracking 24-25,K79
2024-25,Kawhi Leonard,Kawhi Leonard,Max,2.0,2.0,keeper tracking 24-25,M79
2024-25,Kawhi Leonard,Kawhi Leonard,Alvin,3.0,3.0,keeper tracking 24-25,P79
2024-25,Kelly Oubre Jr.,Kelly Oubre Jr,Ian,1.0,1.0,keeper tracking 24-25,I80
2024-25,Keon Ellis,Keon Ellis,Jason,1.0,1.0,keeper tracking 24-25,G81
2024-25,Kevin Durant,Kevin Durant,Jason,1.0,1.0,keeper tracking 24-25,G82
2024-25,Kevin Huerter,Kevin Huerter,Benji,1.0,1.0,keeper tracking 24-25,C83
2024-25,Kevin Huerter,Kevin Huerter,Isaac,2.0,2.0,keeper tracking 24-25,F83
2024-25,Keyonte George,Keyonte George,Mark,1.0,1.0,keeper tracking 24-25,D84
2024-25,Klay Thompson,Klay Thompson,Kerry,1.0,1.0,keeper tracking 24-25,E85
2024-25,Kristaps Porzingis,Kristaps Porzingis,Joe,1.0,1.0,keeper tracking 24-25,B86
2024-25,Kristaps Porzingis,Kristaps Porzingis,Jason,2.0,2.0,keeper tracking 24-25,G86
2024-25,Kristaps Porzingis,Kristaps Porzingis,Brent,3.0,3.0,keeper tracking 24-25,J86
2024-25,Kyrie Irving,Kyrie Irving,Arthur,1.0,1.0,keeper tracking 24-25,K87
2024-25,Lauri Markkanen,Lauri Markkanen,Jason,1.0,1.0,keeper tracking 24-25,G88
2024-25,LeBron James,LeBron James,Isaac,1.0,1.0,keeper tracking 24-25,F89
2024-25,LeBron James,LeBron James,Max,2.0,2.0,keeper tracking 24-25,M89
2024-25,LeBron James,LeBron James,Ron,3.0,3.0,keeper tracking 24-25,N89
2024-25,Luguentz Dort,Luguentz Dort,Benji,1.0,1.0,keeper tracking 24-25,C90
2024-25,Luguentz Dort,Luguentz Dort,Graham,2.0,2.0,keeper tracking 24-25,H90
2024-25,Luka Doncic,Luka Doncic,Kerry,1.0,1.0,keeper tracking 24-25,E91
2024-25,Luka Doncic,Luka Doncic,Max,2.0,2.0,keeper tracking 24-25,M91
2024-25,Luka Doncic,Luka Doncic,Alvin,3.0,3.0,keeper tracking 24-25,P91
2024-25,Malik Monk,Malik Monk,Arthur,1.0,1.0,keeper tracking 24-25,K92
2024-25,Mark Williams,Mark Williams,Brent,1.0,1.0,keeper tracking 24-25,J93
2024-25,Mark Williams,Mark Williams,Arthur,2.0,2.0,keeper tracking 24-25,K93
2024-25,Michael Porter Jr.,Michael Porter Jr,Darren,1.0,1.0,keeper tracking 24-25,L94
2024-25,Michael Porter Jr.,Michael Porter Jr,Max,2.0,2.0,keeper tracking 24-25,M94
2024-25,Mikal Bridges,Mikal Bridges,Peter,1.0,1.0,keeper tracking 24-25,O95
2024-25,Miles Bridges,Miles Bridges,Max,1.0,1.0,keeper tracking 24-25,M96
2024-25,Myles Turner,Myles Turner,Jason,1.0,1.0,keeper tracking 24-25,G97
2024-25,Myles Turner,Myles Turner,Peter,2.0,2.0,keeper tracking 24-25,O97
2024-25,Naz Reid,Naz Reid,Kerry,1.0,1.0,keeper tracking 24-25,E98
2024-25,Nic Claxton,Nic Claxton,Kerry,1.0,1.0,keeper tracking 24-25,E99
2024-25,Nic Claxton,Nic Claxton,Graham,2.0,2.0,keeper tracking 24-25,H99
2024-25,Nick Richards,Nick Richards,Kerry,1.0,1.0,keeper tracking 24-25,E100
2024-25,Nickeil Alexander-Walker,Nickeil Alexander-Walker,Joe,1.0,1.0,keeper tracking 24-25,B101
2024-25,Nikola Jokic,Nikola Jokic,Max,1.0,1.0,keeper tracking 24-25,M102
2024-25,Nikola Jokic,Nikola Jokic,Ron,2.0,2.0,keeper tracking 24-25,N102
2024-25,Nikola Jokic,Nikola Jokic,Alvin,3.0,3.0,keeper tracking 24-25,P102
2024-25,Nikola Vucevic,Nikola Vucevic,Peter,1.0,1.0,keeper tracking 24-25,O103
2024-25,Norman Powell,Norman Powell,Kerry,1.0,1.0,keeper tracking 24-25,E104
2024-25,OG Anunoby,OG Anunoby,Benji,1.0,1.0,keeper tracking 24-25,C106
2024-25,OG Anunoby,OG Anunoby,Ian,2.0,2.0,keeper tracking 24-25,I106
2024-25,OG Anunoby,OG Anunoby,Brent,3.0,3.0,keeper tracking 24-25,J106
2024-25,OG Anunoby,OG Anunoby,Arthur,4.0,4.0,keeper tracking 24-25,K106
2024-25,OG Anunoby,OG Anunoby,Ron,5.0,5.0,keeper tracking 24-25,N106
2024-25,Obi Toppin,Obi Toppin,Kerry,1.0,1.0,keeper tracking 24-25,E105
2024-25,Onyeka Okongwu,Onyeka Okongwu,Joe,1.0,1.0,keeper tracking 24-25,B107
2024-25,Onyeka Okongwu,Onyeka Okongwu,Benji,2.0,2.0,keeper tracking 24-25,C107
2024-25,Onyeka Okongwu,Onyeka Okongwu,Peter,3.0,3.0,keeper tracking 24-25,O107
2024-25,Paolo Banchero,Paolo Banchero,Benji,1.0,1.0,keeper tracking 24-25,C108
2024-25,Paolo Banchero,Paolo Banchero,Jason,2.0,2.0,keeper tracking 24-25,G108
2024-25,Pascal Siakam,Pascal Siakam,Graham,1.0,1.0,keeper tracking 24-25,H109
2024-25,Pascal Siakam,Pascal Siakam,Darren,2.0,2.0,keeper tracking 24-25,L109
2024-25,Payton Pritchard,Payton Pritchard,Graham,1.0,1.0,keeper tracking 24-25,H110
2024-25,Payton Pritchard,Payton Pritchard,Arthur,2.0,2.0,keeper tracking 24-25,K110
2024-25,Payton Pritchard,Payton Pritchard,Max,3.0,3.0,keeper tracking 24-25,M110
2024-25,Rudy Gobert,Rudy Gobert,Isaac,1.0,1.0,keeper tracking 24-25,F111
2024-25,Rudy Gobert,Rudy Gobert,Brent,2.0,2.0,keeper tracking 24-25,J111
2024-25,Rui Hachimura,Rui Hachimura,Joe,1.0,1.0,keeper tracking 24-25,B112
2024-25,Russell Westbrook,Russell Westbrook,Ian,1.0,1.0,keeper tracking 24-25,I113
2024-25,Sam Hauser,Sam Hauser,Mark,1.0,1.0,keeper tracking 24-25,D114
2024-25,Sam Hauser,Sam Hauser,Peter,2.0,2.0,keeper tracking 24-25,O114
2024-25,Scoot Henderson,Scoot Henderson ,Arthur,1.0,1.0,keeper tracking 24-25,K115
2024-25,Scottie Barnes,Scottie Barnes,Brent,1.0,1.0,keeper tracking 24-25,J116
2024-25,Scottie Barnes,Scottie Barnes,Ron,2.0,2.0,keeper tracking 24-25,N116
2024-25,Shai Gilgeous-Alexander,Shai Gilgeous-Alexander,Graham,1.0,1.0,keeper tracking 24-25,H117
2024-25,Shai Gilgeous-Alexander,Shai Gilgeous-Alexander,Ron,2.0,2.0,keeper tracking 24-25,N117
2024-25,Shai Gilgeous-Alexander,Shai Gilgeous-Alexander,Peter,3.0,3.0,keeper tracking 24-25,O117
2024-25,Stephen Curry,Stephen Curry,Graham,1.0,1.0,keeper tracking 24-25,H118
2024-25,Stephen Curry,Stephen Curry,Alvin,2.0,2.0,keeper tracking 24-25,P118
2024-25,Stephon Castle,Stephon Castle,Kerry,1.0,1.0,keeper tracking 24-25,E119
2024-25,Tobias Harris,Tobias Harris,Joe,1.0,1.0,keeper tracking 24-25,B120
2024-25,Tobias Harris,Tobias Harris,Ian,2.0,2.0,keeper tracking 24-25,I120
2024-25,Tobias Harris,Tobias Harris,Brent,3.0,3.0,keeper tracking 24-25,J120
2024-25,Trae Young,Trae Young,Peter,1.0,1.0,keeper tracking 24-25,O121
2024-25,Trey Murphy III,Trey Murphy III,Mark,1.0,1.0,keeper tracking 24-25,D122
2024-25,Ty Jerome,Ty Jerome,Mark,1.0,1.0,keeper tracking 24-25,D123
2024-25,Tyler Herro,Tyler Herro,Alvin,1.0,1.0,keeper tracking 24-25,P124
2024-25,Tyrese Haliburton,Tyrese Haliburton,Arthur,1.0,1.0,keeper tracking 24-25,K125
2024-25,Tyrese Haliburton,Tyrese Haliburton,Max,2.0,2.0,keeper tracking 24-25,M125
2024-25,Tyrese Haliburton,Tyrese Haliburton,Ron,3.0,3.0,keeper tracking 24-25,N125
2024-25,Tyrese Haliburton,Tyrese Haliburton,Peter,4.0,4.0,keeper tracking 24-25,O125
2024-25,Tyrese Maxey,Tyrese Maxey,Darren,1.0,1.0,keeper tracking 24-25,L126
2024-25,Tyus Jones,Tyus Jones,Jason,1.0,1.0,keeper tracking 24-25,G127
2024-25,Tyus Jones,Tyus Jones,Graham,2.0,2.0,keeper tracking 24-25,H127
2024-25,Victor Wembanyama,Victor Wembanyama,Arthur,1.0,1.0,keeper tracking 24-25,K128
2024-25,Victor Wembanyama,Victor Wembanyama,Ron,2.0,2.0,keeper tracking 24-25,N128
2024-25,Wendell Carter Jr.,Wendell Carter Jr.,Benji,1.0,1.0,keeper tracking 24-25,C129
2024-25,Yves Missi,Yves Missi,Jason,1.0,1.0,keeper tracking 24-25,G130
2024-25,Zach Edey,Zach Edey,Benji,1.0,1.0,keeper tracking 24-25,C131
2024-25,Zach Edey,Zach Edey,Jason,2.0,2.0,keeper tracking 24-25,G131
2024-25,Zach LaVine,Zach LaVine,Alvin,1.0,1.0,keeper tracking 24-25,P132
2023-24,Aaron Gordon,Aaron Gordon,Ian,1.0,1.0,keeper tracking 23-24,B2
2023-24,Aaron Gordon,Aaron Gordon,Peter,2.0,2.0,keeper tracking 23-24,M2
2023-24,Al Horford,Al Horford,Benji,1.0,1.0,keeper tracking 23-24,I3
2023-24,Alex Caruso,Alex Caruso,Darren,1.0,1.0,keeper tracking 23-24,H4
2023-24,Alperen Sengun,Alperen Sengun,Graham,1.0,1.0,keeper tracking 23-24,C5
2023-24,Alperen Sengun,Alperen Sengun,Brent,2.0,2.0,keeper tracking 23-24,G5
2023-24,Alperen Sengun,Alperen Sengun,Joe,3.0,3.0,keeper tracking 23-24,L5
2023-24,Andre Drummond,Andre Drummond,Darren,1.0,1.0,keeper tracking 23-24,H6
2023-24,Anfernee Simons,Anfernee Simons,Ian,1.0,1.0,keeper tracking 23-24,B7
2023-24,Anthony Davis,Anthony Davis,Darren,1.0,1.0,keeper tracking 23-24,H8
2023-24,Anthony Davis,Anthony Davis,Isaac,2.0,2.0,keeper tracking 23-24,N8
2023-24,Anthony Davis,Anthony Davis,Max,3.0,3.0,keeper tracking 23-24,O8
2023-24,Anthony Edwards,Anthony Edwards,Jason,1.0,1.0,keeper tracking 23-24,P9
2023-24,Austin Reaves,Austin Reaves,Isaac,1.0,1.0,keeper tracking 23-24,N10
2023-24,Bam Adebayo,Bam Adebayo,Brent,1.0,1.0,keeper tracking 23-24,G11
2023-24,Bam Adebayo,Bam Adebayo,Jason,2.0,2.0,keeper tracking 23-24,P11
2023-24,Bennedict Mathurin,Bennedict Mathurin,Ian,1.0,1.0,keeper tracking 23-24,B12
2023-24,Bilal Coulibaly,Bilal Coulibaly,Ian,1.0,1.0,keeper tracking 23-24,B13
2023-24,Bogdan Bogdanovic,Bogdan Bogdanovic,Alvin,1.0,1.0,keeper tracking 23-24,F14
2023-24,Bogdan Bogdanovic,Bogdan Bogdanovic,Brent,2.0,2.0,keeper tracking 23-24,G14
2023-24,Bojan Bogdanovic,Bojan Bogdanovic,Brent,1.0,1.0,keeper tracking 23-24,G15
2023-24,Bojan Bogdanovic,Bojan Bogdanovic,Darren,2.0,2.0,keeper tracking 23-24,H15
2023-24,Bradley Beal,Bradley Beal,Isaac,1.0,1.0,keeper tracking 23-24,N16
2023-24,Brandon Ingram,Brandon Ingram,Joe,1.0,1.0,keeper tracking 23-24,L17
2023-24,Brandon Ingram,Brandon Ingram,Isaac,2.0,2.0,keeper tracking 23-24,N17
2023-24,Brandon Miller,Brandon Miller,Brent,1.0,1.0,keeper tracking 23-24,G18
2023-24,Cade Cunningham,Cade Cunningham,Ron,1.0,1.0,keeper tracking 23-24,D19
2023-24,Cade Cunningham,Cade Cunningham,Peter,2.0,2.0,keeper tracking 23-24,M19
2023-24,Caleb Martin,Caleb Martin,Graham,1.0,1.0,keeper tracking 23-24,C20
2023-24,Caleb Martin,Caleb Martin,Kerry,2.0,2.0,keeper tracking 23-24,E20
2023-24,Cameron Johnson,Cameron Johnson,Kerry,1.0,1.0,keeper tracking 23-24,E21
2023-24,Chet Holmgren,Chet Holmgren,Ian,1.0,1.0,keeper tracking 23-24,B22
2023-24,Chet Holmgren,Chet Holmgren,Josh,2.0,2.0,keeper tracking 23-24,K22
2023-24,Chris Paul,Chris Paul,Joe,1.0,1.0,keeper tracking 23-24,L23
2023-24,Christian Braun,Christian Braun,Ian,1.0,1.0,keeper tracking 23-24,B24
2023-24,Clint Capela,Clint Capela,Benji,1.0,1.0,keeper tracking 23-24,I25
2023-24,Coby White,Coby White,Ron,1.0,1.0,keeper tracking 23-24,D26
2023-24,Coby White,Coby White,Darren,2.0,2.0,keeper tracking 23-24,H26
2023-24,Coby White,Coby White,Benji,3.0,3.0,keeper tracking 23-24,I26
2023-24,Collin Sexton,Collin Sexton,Alvin,1.0,1.0,keeper tracking 23-24,F27
2023-24,Collin Sexton,Collin Sexton,Jason,2.0,2.0,keeper tracking 23-24,P27
2023-24,D'Angelo Russell,D'Angelo Russell,Kerry,1.0,1.0,keeper tracking 23-24,E28
2023-24,D'Angelo Russell,D'Angelo Russell,Arthur,2.0,2.0,keeper tracking 23-24,J28
2023-24,D'Angelo Russell,D'Angelo Russell,Isaac,3.0,3.0,keeper tracking 23-24,N28
2023-24,Damian Lillard,Damian Lillard,Arthur,1.0,1.0,keeper tracking 23-24,J29
2023-24,Damian Lillard,Damian Lillard,Josh,2.0,2.0,keeper tracking 23-24,K29
2023-24,Damian Lillard,Damian Lillard,Joe,3.0,3.0,keeper tracking 23-24,L29
2023-24,Daniel Gafford,Daniel Gafford,Ian,1.0,1.0,keeper tracking 23-24,B30
2023-24,Darius Garland,Darius Garland,Benji,1.0,1.0,keeper tracking 23-24,I31
2023-24,De'Aaron Fox,De'Aaron Fox,Ian,1.0,1.0,keeper tracking 23-24,B32
2023-24,De'Aaron Fox,De'Aaron Fox,Peter,2.0,2.0,keeper tracking 23-24,M32
2023-24,De'Aaron Fox,De'Aaron Fox,Max,3.0,3.0,keeper tracking 23-24,O32
2023-24,DeMar DeRozan,DeMar DeRozan,Josh,1.0,1.0,keeper tracking 23-24,K35
2023-24,DeMar DeRozan,DeMar DeRozan,Isaac,2.0,2.0,keeper tracking 23-24,N35
2023-24,Deandre Ayton,Deandre Ayton,Ron,1.0,1.0,keeper tracking 23-24,D33
2023-24,Deandre Ayton,Deandre Ayton,Brent,2.0,2.0,keeper tracking 23-24,G33
2023-24,Deandre Ayton,Deandre Ayton,Arthur,3.0,3.0,keeper tracking 23-24,J33
2023-24,Deandre Ayton,Deandre Ayton,Max,4.0,4.0,keeper tracking 23-24,O33
2023-24,Dejounte Murray,Dejounte Murray,Joe,1.0,1.0,keeper tracking 23-24,L34
2023-24,Dejounte Murray,Dejounte Murray,Isaac,2.0,2.0,keeper tracking 23-24,N34
2023-24,Deni Avdija,Deni Avdija,Josh,1.0,1.0,keeper tracking 23-24,K36
2023-24,Dennis Schroder,Dennis Schroder,Ron,1.0,1.0,keeper tracking 23-24,D37
2023-24,Dereck Lively II,Dereck Lively II,Brent,1.0,1.0,keeper tracking 23-24,G38
2023-24,Derrick White,Derrick White,Graham,1.0,1.0,keeper tracking 23-24,C39
2023-24,Derrick White,Derrick White,Darren,2.0,2.0,keeper tracking 23-24,H39
2023-24,Derrick White,Derrick White,Joe,3.0,3.0,keeper tracking 23-24,L39
2023-24,Derrick White,Derrick White,Peter,4.0,4.0,keeper tracking 23-24,M39
2023-24,Desmond Bane,Desmond Bane,Kerry,1.0,1.0,keeper tracking 23-24,E40
2023-24,Devin Booker,Devin Booker,Max,1.0,1.0,keeper tracking 23-24,O41
2023-24,Devin Vassell,Devin Vassell,Benji,1.0,1.0,keeper tracking 23-24,I42
2023-24,Devin Vassell,Devin Vassell,Isaac,2.0,2.0,keeper tracking 23-24,N42
2023-24,Domantas Sabonis,Domantas Sabonis,Alvin,1.0,1.0,keeper tracking 23-24,F43
2023-24,Domantas Sabonis,Domantas Sabonis,Josh,2.0,2.0,keeper tracking 23-24,K43
2023-24,Domantas Sabonis,Domantas Sabonis,Peter,3.0,3.0,keeper tracking 23-24,M43
2023-24,Domantas Sabonis,Domantas Sabonis,Max,4.0,4.0,keeper tracking 23-24,O43
2023-24,Donovan Mitchell,Donovan Mitchell,Joe,1.0,1.0,keeper tracking 23-24,L44
2023-24,Donovan Mitchell,Donovan Mitchell,Max,2.0,2.0,keeper tracking 23-24,O44
2023-24,Donte DiVincenzo,Donte DiVincenzo,Ian,1.0,1.0,keeper tracking 23-24,B45
2023-24,Dorian Finney-Smith,Dorian Finney Smith,Graham,1.0,1.0,keeper tracking 23-24,C46
2023-24,Duncan Robinson,Duncan Robinson,Arthur,1.0,1.0,keeper tracking 23-24,J47
2023-24,Eric Gordon,Eric Gordon,Alvin,1.0,1.0,keeper tracking 23-24,F48
2023-24,Evan Mobley,Evan Mobley,Brent,1.0,1.0,keeper tracking 23-24,G49
2023-24,Evan Mobley,Evan Mobley,Arthur,2.0,2.0,keeper tracking 23-24,J49
2023-24,Franz Wagner,Franz Wagner,Josh,1.0,1.0,keeper tracking 23-24,K50
2023-24,Franz Wagner,Franz Wagner,Peter,2.0,2.0,keeper tracking 23-24,M50
2023-24,Fred VanVleet,Fred VanVleet,Josh,1.0,1.0,keeper tracking 23-24,K51
2023-24,Giannis Antetokounmpo,Giannis Antetokounmpo,Joe,1.0,1.0,keeper tracking 23-24,L52
2023-24,Giannis Antetokounmpo,Giannis Antetokounmpo,Isaac,2.0,2.0,keeper tracking 23-24,N52
2023-24,Grayson Allen,Grayson Allen,Joe,1.0,1.0,keeper tracking 23-24,L53
2023-24,Grayson Allen,Grayson Allen,Isaac,2.0,2.0,keeper tracking 23-24,N53
2023-24,Immanuel Quickley,Immanuel Quickley,Joe,1.0,1.0,keeper tracking 23-24,L54
2023-24,Isaiah Hartenstein,Isaiah Hartenstein,Alvin,1.0,1.0,keeper tracking 23-24,F55
2023-24,Ivica Zubac,Ivica Zubac,Benji,1.0,1.0,keeper tracking 23-24,I56
2023-24,Ja Morant,Ja Morant,Benji,1.0,1.0,keeper tracking 23-24,I57
2023-24,Jaden Ivey,Jaden Ivey,Benji,1.0,1.0,keeper tracking 23-24,I58
2023-24,Jakob Poeltl,Jakob Poeltl,Darren,1.0,1.0,keeper tracking 23-24,H59
2023-24,Jalen Brunson,Jalen Brunson,Kerry,1.0,1.0,keeper tracking 23-24,E60
2023-24,Jalen Brunson,Jalen Brunson,Arthur,2.0,2.0,keeper tracking 23-24,J60
2023-24,Jalen Brunson,Jalen Brunson,Joe,3.0,3.0,keeper tracking 23-24,L60
2023-24,Jalen Brunson,Jalen Brunson,Peter,4.0,4.0,keeper tracking 23-24,M60
2023-24,Jalen Brunson,Jalen Brunson,Max,5.0,5.0,keeper tracking 23-24,O60
2023-24,Jalen Duren,Jalen Duren,Benji,1.0,1.0,keeper tracking 23-24,I61
2023-24,Jalen Duren,Jalen Duren,Arthur,2.0,2.0,keeper tracking 23-24,J61
2023-24,Jalen Duren,Jalen Duren,Peter,3.0,3.0,keeper tracking 23-24,M61
2023-24,Jalen Green,Jalen Green,Brent,1.0,1.0,keeper tracking 23-24,G62
2023-24,Jalen Green,Jalen Green,Peter,2.0,2.0,keeper tracking 23-24,M62
2023-24,Jalen Suggs,Jalen Suggs,Ron,1.0,1.0,keeper tracking 23-24,D63
2023-24,Jalen Suggs,Jalen Suggs,Darren,2.0,2.0,keeper tracking 23-24,H63
2023-24,Jalen Williams,Jalen Williams,Ron,1.0,1.0,keeper tracking 23-24,D64
2023-24,Jalen Williams,Jalen Williams,Benji,2.0,2.0,keeper tracking 23-24,I64
2023-24,Jalen Williams,Jalen Williams,Jason,3.0,3.0,keeper tracking 23-24,P64
2023-24,Jamal Murray,Jamal Murray,Ian,1.0,1.0,keeper tracking 23-24,B65
2023-24,Jamal Murray,Jamal Murray,Max,2.0,2.0,keeper tracking 23-24,O65
2023-24,James Harden,James Harden,Brent,1.0,1.0,keeper tracking 23-24,G66
2023-24,Jaren Jackson Jr,Jaren Jackson Jr,Alvin,1.0,1.0,keeper tracking 23-24,F67
2023-24,Jaren Jackson Jr,Jaren Jackson Jr,Benji,2.0,2.0,keeper tracking 23-24,I67
2023-24,Jaren Jackson Jr,Jaren Jackson Jr,Joe,3.0,3.0,keeper tracking 23-24,L67
2023-24,Jaren Jackson Jr,Jaren Jackson Jr,Peter,4.0,4.0,keeper tracking 23-24,M67
2023-24,Jarrett Allen,Jarrett Allen,Arthur,1.0,1.0,keeper tracking 23-24,J68
2023-24,Jarrett Allen,Jarrett Allen,Peter,2.0,2.0,keeper tracking 23-24,M68
2023-24,Jarrett Allen,Jarrett Allen,Max,3.0,3.0,keeper tracking 23-24,O68
2023-24,Jaylen Brown,Jaylen Brown,Graham,1.0,1.0,keeper tracking 23-24,C69
2023-24,Jaylen Brown,Jaylen Brown,Arthur,2.0,2.0,keeper tracking 23-24,J69
2023-24,Jaylen Brown,Jaylen Brown,Isaac,3.0,3.0,keeper tracking 23-24,N69
2023-24,Jayson Tatum,Jayson Tatum,Ron,1.0,1.0,keeper tracking 23-24,D70
2023-24,Jayson Tatum,Jayson Tatum,Kerry,2.0,2.0,keeper tracking 23-24,E70
2023-24,Jayson Tatum,Jayson Tatum,Max,3.0,3.0,keeper tracking 23-24,O70
2023-24,Jimmy Butler,Jimmy Butler,Max,1.0,1.0,keeper tracking 23-24,O71
2023-24,Joel Embiid,Joel Embiid,Josh,1.0,1.0,keeper tracking 23-24,K72
2023-24,Joel Embiid,Joel Embiid,Jason,2.0,2.0,keeper tracking 23-24,P72
2023-24,John Collins,John Collins,Joe,1.0,1.0,keeper tracking 23-24,L73
2023-24,John Collins,John Collins,Jason,2.0,2.0,keeper tracking 23-24,P73
2023-24,Jonathan Isaac,Jonathan Isaac,Ron,1.0,1.0,keeper tracking 23-24,D74
2023-24,Jordan Clarkson,Jordan Clarkson,Brent,1.0,1.0,keeper tracking 23-24,G75
2023-24,Josh Richardson,Josh Richardson,Graham,1.0,1.0,keeper tracking 23-24,C76
2023-24,Jrue Holiday,Jrue Holiday,Brent,1.0,1.0,keeper tracking 23-24,G77
2023-24,Jrue Holiday,Jrue Holiday,Darren,2.0,2.0,keeper tracking 23-24,H77
2023-24,Julius Randle,Julius Randle,Benji,1.0,1.0,keeper tracking 23-24,I78
2023-24,Jusuf Nurkic,Jusuf Nurkic,Darren,1.0,1.0,keeper tracking 23-24,H79
2023-24,Jusuf Nurkic,Jusuf Nurkic,Isaac,2.0,2.0,keeper tracking 23-24,N79
2023-24,Karl-Anthony Towns,Karl-Anthony Towns,Ian,1.0,1.0,keeper tracking 23-24,B80
2023-24,Karl-Anthony Towns,Karl-Anthony Towns,Ron,2.0,2.0,keeper tracking 23-24,D80
2023-24,Kawhi Leonard,Kawhi Leonard,Benji,1.0,1.0,keeper tracking 23-24,I81
2023-24,Kawhi Leonard,Kawhi Leonard,Josh,2.0,2.0,keeper tracking 23-24,K81
2023-24,Kawhi Leonard,Kawhi Leonard,Jason,3.0,3.0,keeper tracking 23-24,P81
2023-24,Keldon Johnson,Keldon Johnson,Brent,1.0,1.0,keeper tracking 23-24,G82
2023-24,Kelly Olynyk,Kelly Olynyk,Alvin,1.0,1.0,keeper tracking 23-24,F83
2023-24,Kevin Durant,Kevin Durant,Peter,1.0,1.0,keeper tracking 23-24,M84
2023-24,Kevin Durant,Kevin Durant,Jason,2.0,2.0,keeper tracking 23-24,P84
2023-24,Kevon Looney,Kevon Looney,Ian,1.0,1.0,keeper tracking 23-24,B85
2023-24,Khris Middleton,Khris Middleton,Graham,1.0,1.0,keeper tracking 23-24,C86
2023-24,Khris Middleton,Khris Middleton,Arthur,2.0,2.0,keeper tracking 23-24,J86
2023-24,Klay Thompson,Klay Thompson,Josh,1.0,1.0,keeper tracking 23-24,K87
2023-24,Kristaps Porzingis,Kristaps Porzingis,Kerry,1.0,1.0,keeper tracking 23-24,E88
2023-24,Kristaps Porzingis,Kristaps Porzingis,Peter,2.0,2.0,keeper tracking 23-24,M88
2023-24,Kristaps Porzingis,Kristaps Porzingis,Jason,3.0,3.0,keeper tracking 23-24,P88
2023-24,Kyle Kuzma,Kyle Kuzma,Benji,1.0,1.0,keeper tracking 23-24,I89
2023-24,Kyle Kuzma,Kyle Kuzma,Peter,2.0,2.0,keeper tracking 23-24,M89
2023-24,Kyrie Irving,Kyrie Irving,Kerry,1.0,1.0,keeper tracking 23-24,E90
2023-24,Kyrie Irving,Kyrie Irving,Isaac,2.0,2.0,keeper tracking 23-24,N90
2023-24,Kyrie Irving,Kyrie Irving,Jason,3.0,3.0,keeper tracking 23-24,P90
2023-24,LaMelo Ball,LaMelo Ball,Alvin,1.0,1.0,keeper tracking 23-24,F91
2023-24,Lauri Markkanen,Lauri Markkanen,Ron,1.0,1.0,keeper tracking 23-24,D92
2023-24,Lauri Markkanen,Lauri Markkanen,Josh,2.0,2.0,keeper tracking 23-24,K92
2023-24,Lauri Markkanen,Lauri Markkanen,Jason,3.0,3.0,keeper tracking 23-24,P92
2023-24,LeBron James,LeBron James,Isaac,1.0,1.0,keeper tracking 23-24,N93
2023-24,LeBron James,LeBron James,Max,2.0,2.0,keeper tracking 23-24,O93
2023-24,Luka Doncic,Luka Doncic,Jason,1.0,1.0,keeper tracking 23-24,P94
2023-24,Malcolm Brogdon,Malcolm Brogdon,Ian,1.0,1.0,keeper tracking 23-24,B95
2023-24,Malcolm Brogdon,Malcolm Brogdon,Graham,2.0,2.0,keeper tracking 23-24,C95
2023-24,Malik Monk,Malik Monk,Graham,1.0,1.0,keeper tracking 23-24,C96
2023-24,Mark Williams,Mark Williams,Ron,1.0,1.0,keeper tracking 23-24,D97
2023-24,Mikal Bridges,Mikal Bridges,Alvin,1.0,1.0,keeper tracking 23-24,F98
2023-24,Mikal Bridges,Mikal Bridges,Brent,2.0,2.0,keeper tracking 23-24,G98
2023-24,Mikal Bridges,Mikal Bridges,Arthur,3.0,3.0,keeper tracking 23-24,J98
2023-24,Mikal Bridges,Mikal Bridges,Josh,4.0,4.0,keeper tracking 23-24,K98
2023-24,Mikal Bridges,Mikal Bridges,Joe,5.0,5.0,keeper tracking 23-24,L98
2023-24,Miles Bridges,Miles Bridges,Benji,1.0,1.0,keeper tracking 23-24,I99
2023-24,Miles Bridges,Miles Bridges,Max,2.0,2.0,keeper tracking 23-24,O99
2023-24,Monte Morris,Monte Morris,Graham,1.0,1.0,keeper tracking 23-24,C100
2023-24,Myles Turner,Myles Turner,Kerry,1.0,1.0,keeper tracking 23-24,E101
2023-24,Nic Claxton,Nic Claxton,Josh,1.0,1.0,keeper tracking 23-24,K102
2023-24,Nick Richards,Nick Richards,Kerry,1.0,1.0,keeper tracking 23-24,E103
2023-24,Nikola Jokic,Nikola Jokic,Max,1.0,1.0,keeper tracking 23-24,O104
2023-24,Norman Powell,Norman Powell,Alvin,1.0,1.0,keeper tracking 23-24,F105
2023-24,PJ Washington,PJ Washington,Ron,1.0,1.0,keeper tracking 23-24,D110
2023-24,Paolo Banchero,Paolo Banchero,Alvin,1.0,1.0,keeper tracking 23-24,F106
2023-24,Paolo Banchero,Paolo Banchero,Josh,2.0,2.0,keeper tracking 23-24,K106
2023-24,Paolo Banchero,Paolo Banchero,Peter,3.0,3.0,keeper tracking 23-24,M106
2023-24,Pascal Siakam,Pascal Siakam,Graham,1.0,1.0,keeper tracking 23-24,C107
2023-24,Pascal Siakam,Pascal Siakam,Darren,2.0,2.0,keeper tracking 23-24,H107
2023-24,Patrick Williams,Patrick Williams,Graham,1.0,1.0,keeper tracking 23-24,C108
2023-24,Patrick Williams,Patrick Williams,Kerry,2.0,2.0,keeper tracking 23-24,E108
2023-24,Paul George,Paul George,Peter,1.0,1.0,keeper tracking 23-24,M109
2023-24,Paul George,Paul George,Jason,2.0,2.0,keeper tracking 23-24,P109
2023-24,RJ Barrett,RJ Barrett,Benji,1.0,1.0,keeper tracking 23-24,I111
2023-24,Rudy Gobert,Rudy Gobert,Graham,1.0,1.0,keeper tracking 23-24,C112
2023-24,Rudy Gobert,Rudy Gobert,Isaac,2.0,2.0,keeper tracking 23-24,N112
2023-24,Rudy Gobert,Rudy Gobert,Max,3.0,3.0,keeper tracking 23-24,O112
2023-24,Scoot Henderson,Scoot Henderson,Ron,1.0,1.0,keeper tracking 23-24,D113
2023-24,Scottie Barnes,Scottie Barnes,Arthur,1.0,1.0,keeper tracking 23-24,J114
2023-24,Shai Gilgeous-Alexander,Shai Gilgeous-Alexander,Graham,1.0,1.0,keeper tracking 23-24,C115
2023-24,Shai Gilgeous-Alexander,Shai Gilgeous-Alexander,Jason,2.0,2.0,keeper tracking 23-24,P115
2023-24,Stephen Curry,Stephen Curry,Joe,1.0,1.0,keeper tracking 23-24,L116
2023-24,Stephen Curry,Stephen Curry,Max,2.0,2.0,keeper tracking 23-24,O116
2023-24,Terry Rozier,Terry Rozier,Arthur,1.0,1.0,keeper tracking 23-24,J117
2023-24,Terry Rozier,Terry Rozier,Joe,2.0,2.0,keeper tracking 23-24,L117
2023-24,Tobias Harris,Tobias Harris,Arthur,1.0,1.0,keeper tracking 23-24,J118
2023-24,Tobias Harris,Tobias Harris,Joe,2.0,2.0,keeper tracking 23-24,L118
2023-24,Tre Jones,Tre Jones,Josh,1.0,1.0,keeper tracking 23-24,K119
2023-24,Tyrese Haliburton,Tyrese Haliburton,Brent,1.0,1.0,keeper tracking 23-24,G120
2023-24,Tyrese Haliburton,Tyrese Haliburton,Jason,2.0,2.0,keeper tracking 23-24,P120
2023-24,Tyrese Maxey,Tyrese Maxey,Darren,1.0,1.0,keeper tracking 23-24,H121
2023-24,Tyrese Maxey,Tyrese Maxey,Benji,2.0,2.0,keeper tracking 23-24,I121
2023-24,Tyrese Maxey,Tyrese Maxey,Peter,3.0,3.0,keeper tracking 23-24,M121
2023-24,Tyrese Maxey,Tyrese Maxey,Max,4.0,4.0,keeper tracking 23-24,O121
2023-24,Tyus Jones,Tyus Jones,Alvin,1.0,1.0,keeper tracking 23-24,F122
2023-24,Tyus Jones,Tyus Jones,Josh,2.0,2.0,keeper tracking 23-24,K122
2023-24,Victor Wembanyama,Victor Wembanyama,Arthur,1.0,1.0,keeper tracking 23-24,J123
2023-24,Victor Wembanyama,Victor Wembanyama,Isaac,2.0,2.0,keeper tracking 23-24,N123
2023-24,Victor Wembanyama,Victor Wembanyama,Jason,3.0,3.0,keeper tracking 23-24,P123
2023-24,Walker Kessler,Walker Kessler,Darren,1.0,1.0,keeper tracking 23-24,H124
2023-24,Wendell Carter Jr.,Wendell Carter Jr,Ron,1.0,1.0,keeper tracking 23-24,D125
2023-24,Zach LaVine,Zach LaVine,Alvin,1.0,1.0,keeper tracking 23-24,F126
2023-24,Zion Williamson,Zion Williamson,Brent,1.0,1.0,keeper tracking 23-24,G127
2023-24,Zion Williamson,Zion Williamson,Darren,2.0,2.0,keeper tracking 23-24,H127
2023-24,Zion Williamson,Zion Williamson,Isaac,3.0,3.0,keeper tracking 23-24,N127
2022-23,Aaron Gordon,Aaron Gordon,Brent,1.0,1.0,keeper tracking 22-23,I2
2022-23,Anfernee Simons,Anfernee Simons,Isaac,1.0,1.0,keeper tracking 22-23,J3
2022-23,Anthony Davis,Anthony Davis,Jason,1.0,1.0,keeper tracking 22-23,M4
2022-23,Anthony Davis,Anthony Davis,Alvin,2.0,2.0,keeper tracking 22-23,N4
2022-23,Anthony Davis,Anthony Davis,Peter,3.0,3.0,keeper tracking 22-23,P4
2022-23,Anthony Edwards,Anthony Edwards,Jason,1.0,1.0,keeper tracking 22-23,M5
2022-23,Bam Adebayo,Bam Adebayo,Arthur,1.0,1.0,keeper tracking 22-23,L6
2022-23,Bam Adebayo,Bam Adebayo,Ron,2.0,2.0,keeper tracking 22-23,O6
2022-23,Ben Simmons,Ben Simmons,Darren,1.0,1.0,keeper tracking 22-23,H7
2022-23,Bojan Bogdanovic,Bojan Bogdanovic,Brent,1.0,1.0,keeper tracking 22-23,I8
2022-23,Brandon Clarke,Brandon Clarke,Darren,1.0,1.0,keeper tracking 22-23,H9
2022-23,Brandon Ingram,Brandon Ingram,Joe,1.0,1.0,keeper tracking 22-23,G10
2022-23,Brandon Ingram,Brandon Ingram,Brent,2.0,2.0,keeper tracking 22-23,I10
2022-23,Brandon Ingram,Brandon Ingram,Isaac,3.0,3.0,keeper tracking 22-23,J10
2022-23,Brandon Ingram,Brandon Ingram,Kerry,4.0,4.0,keeper tracking 22-23,K10
2022-23,Brandon Ingram,Brandon Ingram,Ron,5.0,5.0,keeper tracking 22-23,O10
2022-23,Brook Lopez,Brook Lopez,Joe,1.0,1.0,keeper tracking 22-23,G11
2022-23,Brook Lopez,Brook Lopez,Kerry,2.0,2.0,keeper tracking 22-23,K11
2022-23,Brook Lopez,Brook Lopez,Arthur,3.0,3.0,keeper tracking 22-23,L11
2022-23,Brook Lopez,Brook Lopez,Jason,4.0,4.0,keeper tracking 22-23,M11
2022-23,Brook Lopez,Brook Lopez,Ron,5.0,5.0,keeper tracking 22-23,O11
2022-23,Buddy Hield,Buddy Hield,Arthur,1.0,1.0,keeper tracking 22-23,L12
2022-23,Buddy Hield,Buddy Hield,Jason,2.0,2.0,keeper tracking 22-23,M12
2022-23,CJ McCollum,CJ McCollum,Brent,1.0,1.0,keeper tracking 22-23,I18
2022-23,CJ McCollum,CJ McCollum,Isaac,2.0,2.0,keeper tracking 22-23,J18
2022-23,Cade Cunningham,Cade Cunningham,Graham,1.0,1.0,keeper tracking 22-23,B13
2022-23,Cade Cunningham,Cade Cunningham,Benji,2.0,2.0,keeper tracking 22-23,C13
2022-23,Chet Holmgren,Chet Holmgren,Ian,1.0,1.0,keeper tracking 22-23,F14
2022-23,Chris Boucher,Chris Boucher,Josh,1.0,1.0,keeper tracking 22-23,D15
2022-23,Chris Boucher,Chris Boucher,Darren,2.0,2.0,keeper tracking 22-23,H15
2022-23,Chris Paul,Chris Paul,Isaac,1.0,1.0,keeper tracking 22-23,J16
2022-23,Chris Paul,Chris Paul,Kerry,2.0,2.0,keeper tracking 22-23,K16
2022-23,Christian Wood,Christian Wood,Ian,1.0,1.0,keeper tracking 22-23,F17
2022-23,Christian Wood,Christian Wood,Isaac,2.0,2.0,keeper tracking 22-23,J17
2022-23,Christian Wood,Christian Wood,Jason,3.0,3.0,keeper tracking 22-23,M17
2022-23,Clint Capela,Clint Capela,Kerry,1.0,1.0,keeper tracking 22-23,K19
2022-23,Cole Anthony,Cole Anthony,Max,1.0,1.0,keeper tracking 22-23,E20
2022-23,D'Angelo Russell,D'Angelo Russell,Isaac,1.0,1.0,keeper tracking 22-23,J21
2022-23,Damian Lillard,Damian Lillard,Arthur,1.0,1.0,keeper tracking 22-23,L22
2022-23,Damian Lillard,Damian Lillard,Peter,2.0,2.0,keeper tracking 22-23,P22
2022-23,Darius Garland,Darius Garland,Benji,1.0,1.0,keeper tracking 22-23,C23
2022-23,Darius Garland,Darius Garland,Ian,2.0,2.0,keeper tracking 22-23,F23
2022-23,Darius Garland,Darius Garland,Darren,3.0,3.0,keeper tracking 22-23,H23
2022-23,Darius Garland,Darius Garland,Alvin,4.0,4.0,keeper tracking 22-23,N23
2022-23,De'Aaron Fox,De'Aaron Fox,Josh,1.0,1.0,keeper tracking 22-23,D24
2022-23,De'Aaron Fox,De'Aaron Fox,Darren,2.0,2.0,keeper tracking 22-23,H24
2022-23,De'Aaron Fox,De'Aaron Fox,Isaac,3.0,3.0,keeper tracking 22-23,J24
2022-23,De'Aaron Fox,De'Aaron Fox,Alvin,4.0,4.0,keeper tracking 22-23,N24
2022-23,De'Anthony Melton,De'Anthony Melton,Brent,1.0,1.0,keeper tracking 22-23,I25
2022-23,De'Anthony Melton,De'Anthony Melton,Isaac,2.0,2.0,keeper tracking 22-23,J25
2022-23,DeMar DeRozan,DeMar DeRozan,Josh,1.0,1.0,keeper tracking 22-23,D28
2022-23,DeMar DeRozan,DeMar DeRozan,Kerry,2.0,2.0,keeper tracking 22-23,K28
2022-23,Deandre Ayton,Deandre Ayton,Darren,1.0,1.0,keeper tracking 22-23,H26
2022-23,Deandre Ayton,Deandre Ayton,Arthur,2.0,2.0,keeper tracking 22-23,L26
2022-23,Dejounte Murray,Dejounte Murray,Joe,1.0,1.0,keeper tracking 22-23,G27
2022-23,Dejounte Murray,Dejounte Murray,Jason,2.0,2.0,keeper tracking 22-23,M27
2022-23,Derrick White,Derrick White,Joe,1.0,1.0,keeper tracking 22-23,G29
2022-23,Desmond Bane,Desmond Bane,Kerry,1.0,1.0,keeper tracking 22-23,K30
2022-23,Desmond Bane,Desmond Bane,Jason,2.0,2.0,keeper tracking 22-23,M30
2022-23,Devin Booker,Devin Booker,Max,1.0,1.0,keeper tracking 22-23,E31
2022-23,Devin Booker,Devin Booker,Ian,2.0,2.0,keeper tracking 22-23,F31
2022-23,Devin Booker,Devin Booker,Arthur,3.0,3.0,keeper tracking 22-23,L31
2022-23,Devin Booker,Devin Booker,Alvin,4.0,4.0,keeper tracking 22-23,N31
2022-23,Domantas Sabonis,Domantas Sabonis,Peter,1.0,1.0,keeper tracking 22-23,P32
2022-23,Donovan Mitchell,Donovan Mitchell,Joe,1.0,1.0,keeper tracking 22-23,G33
2022-23,Donovan Mitchell,Donovan Mitchell,Peter,2.0,2.0,keeper tracking 22-23,P33
2022-23,Dorian Finney-Smith,Dorian Finney-Smith,Max,1.0,1.0,keeper tracking 22-23,E34
2022-23,Draymond Green,Draymond Green,Jason,1.0,1.0,keeper tracking 22-23,M35
2022-23,Evan Mobley,Evan Mobley,Brent,1.0,1.0,keeper tracking 22-23,I36
2022-23,Evan Mobley,Evan Mobley,Alvin,2.0,2.0,keeper tracking 22-23,N36
2022-23,Evan Mobley,Evan Mobley,Ron,3.0,3.0,keeper tracking 22-23,O36
2022-23,Fred VanVleet,Fred VanVleet,Ron,1.0,1.0,keeper tracking 22-23,O37
2022-23,Gary Trent Jr.,Gary Trent Jr.,Joe,1.0,1.0,keeper tracking 22-23,G38
2022-23,Giannis Antetokounmpo,Giannis Antetokounmpo,Ian,1.0,1.0,keeper tracking 22-23,F39
2022-23,Giannis Antetokounmpo,Giannis Antetokounmpo,Joe,2.0,2.0,keeper tracking 22-23,G39
2022-23,Giannis Antetokounmpo,Giannis Antetokounmpo,Isaac,3.0,3.0,keeper tracking 22-23,J39
2022-23,Giannis Antetokounmpo,Giannis Antetokounmpo,Arthur,4.0,4.0,keeper tracking 22-23,L39
2022-23,Giannis Antetokounmpo,Giannis Antetokounmpo,Ron,5.0,5.0,keeper tracking 22-23,O39
2022-23,Gordon Hayward,Gordon Hayward,Kerry,1.0,1.0,keeper tracking 22-23,K40
2022-23,Isaiah Hartenstein,Isaiah Hartenstein,Benji,1.0,1.0,keeper tracking 22-23,C41
2022-23,Ivica Zubac,Ivica Zubac,Kerry,1.0,1.0,keeper tracking 22-23,K42
2022-23,Ja Morant,Ja Morant,Peter,1.0,1.0,keeper tracking 22-23,P43
2022-23,JaMychal Green,JaMychal Green,Graham,1.0,1.0,keeper tracking 22-23,B55
2022-23,JaVale McGee,JaVale Mcgee,Graham,1.0,1.0,keeper tracking 22-23,B58
2022-23,Jaden Ivey,Jaden Ivey,Kerry,1.0,1.0,keeper tracking 22-23,K44
2022-23,Jaden McDaniels,Jaden McDaniels,Darren,1.0,1.0,keeper tracking 22-23,H45
2022-23,Jaden McDaniels,Jaden McDaniels,Alvin,2.0,2.0,keeper tracking 22-23,N45
2022-23,Jalen Brunson,Jalen Brunson,Kerry,1.0,1.0,keeper tracking 22-23,K46
2022-23,Jalen Brunson,Jalen Brunson,Jason,2.0,2.0,keeper tracking 22-23,M46
2022-23,Jalen Duren,Jalen Duren,Arthur,1.0,1.0,keeper tracking 22-23,L47
2022-23,Jalen Jackson Jr.,Jalen Jackson Jr.,Alvin,1.0,1.0,keeper tracking 22-23,N48
2022-23,Jalen McDaniels,Jalen McDaniels,Benji,1.0,1.0,keeper tracking 22-23,C49
2022-23,Jalen McDaniels,Jalen McDaniels,Joe,2.0,2.0,keeper tracking 22-23,G49
2022-23,Jalen Smith,Jalen Smith,Graham,1.0,1.0,keeper tracking 22-23,B50
2022-23,Jalen Suggs,Jalen Suggs,Josh,1.0,1.0,keeper tracking 22-23,D51
2022-23,Jalen Williams,Jalen Williams,Darren,1.0,1.0,keeper tracking 22-23,H52
2022-23,Jamal Murray,Jamal Murray,Ian,1.0,1.0,keeper tracking 22-23,F53
2022-23,James Harden,James Harden,Graham,1.0,1.0,keeper tracking 22-23,B54
2022-23,James Harden,James Harden,Brent,2.0,2.0,keeper tracking 22-23,I54
2022-23,James Harden,James Harden,Kerry,3.0,3.0,keeper tracking 22-23,K54
2022-23,James Harden,James Harden,Alvin,4.0,4.0,keeper tracking 22-23,N54
2022-23,James Harden,James Harden,Ron,5.0,5.0,keeper tracking 22-23,O54
2022-23,Jaren Jackson Jr,Jaren Jackson Jr.,Alvin,1.0,1.0,keeper tracking 22-23,N56
2022-23,Jaren Jackson Jr,Jaren Jackson Jr.,Peter,2.0,2.0,keeper tracking 22-23,P56
2022-23,Jarrett Allen,Jarrett Allen,Max,1.0,1.0,keeper tracking 22-23,E57
2022-23,Jarrett Allen,Jarrett Allen,Brent,2.0,2.0,keeper tracking 22-23,I57
2022-23,Jarrett Allen,Jarrett Allen,Kerry,3.0,3.0,keeper tracking 22-23,K57
2022-23,Jaylen Brown,Jaylen Brown,Graham,1.0,1.0,keeper tracking 22-23,B59
2022-23,Jaylen Brown,Jaylen Brown,Alvin,2.0,2.0,keeper tracking 22-23,N59
2022-23,Jayson Tatum,Jayson Tatum,Ron,1.0,1.0,keeper tracking 22-23,O60
2022-23,Jimmy Butler,Jimmy Butler,Joe,1.0,1.0,keeper tracking 22-23,G61
2022-23,Jimmy Butler,Jimmy Butler,Arthur,2.0,2.0,keeper tracking 22-23,L61
2022-23,Jimmy Butler,Jimmy Butler,Ron,3.0,3.0,keeper tracking 22-23,O61
2022-23,Joel Embiid,Joel Embiid,Benji,1.0,1.0,keeper tracking 22-23,C62
2022-23,Joel Embiid,Joel Embiid,Max,2.0,2.0,keeper tracking 22-23,E62
2022-23,Joel Embiid,Joel Embiid,Peter,3.0,3.0,keeper tracking 22-23,P62
2022-23,John Collins,John Collins,Joe,1.0,1.0,keeper tracking 22-23,G63
2022-23,Jonas Valanciunas,Jonas Valanciunas,Darren,1.0,1.0,keeper tracking 22-23,H64
2022-23,Jordan Poole,Jordan Poole,Isaac,1.0,1.0,keeper tracking 22-23,J65
2022-23,Jordan Poole,Jordan Poole,Arthur,2.0,2.0,keeper tracking 22-23,L65
2022-23,Josh Giddey,Josh Giddey,Isaac,1.0,1.0,keeper tracking 22-23,J66
2022-23,Josh Giddey,Josh Giddey,Arthur,2.0,2.0,keeper tracking 22-23,L66
2022-23,Josh Giddey,Josh Giddey,Alvin,3.0,3.0,keeper tracking 22-23,N66
2022-23,Josh Hart,Josh Hart,Ian,1.0,1.0,keeper tracking 22-23,F67
2022-23,Julius Randle,Julius Randle,Ian,1.0,1.0,keeper tracking 22-23,F68
2022-23,Julius Randle,Julius Randle,Jason,2.0,2.0,keeper tracking 22-23,M68
2022-23,Julius Randle,Julius Randle,Alvin,3.0,3.0,keeper tracking 22-23,N68
2022-23,Jusuf Nurkic,Jusuf Nurkic,Graham,1.0,1.0,keeper tracking 22-23,B69
2022-23,Karl-Anthony Towns,Karl-Anthony Towns,Peter,1.0,1.0,keeper tracking 22-23,P70
2022-23,Kawhi Leonard,Kawhi Leonard,Benji,1.0,1.0,keeper tracking 22-23,C71
2022-23,Kawhi Leonard,Kawhi Leonard,Arthur,2.0,2.0,keeper tracking 22-23,L71
2022-23,Kawhi Leonard,Kawhi Leonard,Alvin,3.0,3.0,keeper tracking 22-23,N71
2022-23,Kawhi Leonard,Kawhi Leonard,Peter,4.0,4.0,keeper tracking 22-23,P71
2022-23,Keldon Johnson,Keldon Johnson,Ian,1.0,1.0,keeper tracking 22-23,F72
2022-23,Keldon Johnson,Keldon Johnson,Brent,2.0,2.0,keeper tracking 22-23,I72
2022-23,Kelly Olynyk,Kelly Olynyk,Benji,1.0,1.0,keeper tracking 22-23,C73
2022-23,Kelly Olynyk,Kelly Olynyk,Joe,2.0,2.0,keeper tracking 22-23,G73
2022-23,Kelly Olynyk,Kelly Olynyk,Jason,3.0,3.0,keeper tracking 22-23,M73
2022-23,Kentavious Caldwell-Pope,Kentavious Caldwell-Pope,Joe,1.0,1.0,keeper tracking 22-23,G74
2022-23,Kevin Durant,Kevin Durant,Peter,1.0,1.0,keeper tracking 22-23,P75
2022-23,Kevin Huerter,Kevin Huerter,Darren,1.0,1.0,keeper tracking 22-23,H76
2022-23,Kevin Porter Jr.,Kevin Porter Jr.,Ian,1.0,1.0,keeper tracking 22-23,F77
2022-23,Kevon Looney,Kevon Looney,Darren,1.0,1.0,keeper tracking 22-23,H78
2022-23,Khris Middleton,Khris Middleton,Brent,1.0,1.0,keeper tracking 22-23,I79
2022-23,Kristaps Porzingis,Kristaps Porzingis,Benji,1.0,1.0,keeper tracking 22-23,C80
2022-23,Kristaps Porzingis,Kristaps Porzingis,Joe,2.0,2.0,keeper tracking 22-23,G80
2022-23,Kristaps Porzingis,Kristaps Porzingis,Brent,3.0,3.0,keeper tracking 22-23,I80
2022-23,Kristaps Porzingis,Kristaps Porzingis,Ron,4.0,4.0,keeper tracking 22-23,O80
2022-23,Kyle Kuzma,Kyle Kuzma,Max,1.0,1.0,keeper tracking 22-23,E81
2022-23,Kyle Lowry,Kyle Lowry,Graham,1.0,1.0,keeper tracking 22-23,B82
2022-23,Kyrie Irving,Kyrie Irving,Peter,1.0,1.0,keeper tracking 22-23,P83
2022-23,LaMelo Ball,LaMelo Ball,Alvin,1.0,1.0,keeper tracking 22-23,N84
2022-23,Lauri Markkanen,Lauri Markkanen,Ron,1.0,1.0,keeper tracking 22-23,O85
2022-23,Luka Doncic,Luka Doncic,Jason,1.0,1.0,keeper tracking 22-23,M86
2022-23,Luka Doncic,Luka Doncic,Alvin,2.0,2.0,keeper tracking 22-23,N86
2022-23,Luka Doncic,Luka Doncic,Ron,3.0,3.0,keeper tracking 22-23,O86
2022-23,Malik Beasley,Malik Beasley,Ian,1.0,1.0,keeper tracking 22-23,F87
2022-23,Malik Monk,Malik Monk,Isaac,1.0,1.0,keeper tracking 22-23,J88
2022-23,Marcus Smart,Marcus Smart,Benji,1.0,1.0,keeper tracking 22-23,C89
2022-23,Marcus Smart,Marcus Smart,Josh,2.0,2.0,keeper tracking 22-23,D89
2022-23,Marcus Smart,Marcus Smart,Max,3.0,3.0,keeper tracking 22-23,E89
2022-23,Marcus Smart,Marcus Smart,Darren,4.0,4.0,keeper tracking 22-23,H89
2022-23,Markelle Fultz,Markelle Fultz,Joe,1.0,1.0,keeper tracking 22-23,G90
2022-23,Markelle Fultz,Markelle Fultz,Kerry,2.0,2.0,keeper tracking 22-23,K90
2022-23,Marvin Bagley III,Marvin Bagley III,Graham,1.0,1.0,keeper tracking 22-23,B91
2022-23,Marvin Bagley III,Marvin Bagley III,Josh,2.0,2.0,keeper tracking 22-23,D91
2022-23,Marvin Bagley III,Marvin Bagley III,Max,3.0,3.0,keeper tracking 22-23,E91
2022-23,Mason Plumlee,Mason Plumlee,Isaac,1.0,1.0,keeper tracking 22-23,J92
2022-23,Max Strus,Max Strus,Graham,1.0,1.0,keeper tracking 22-23,B93
2022-23,Michael Porter Jr.,Michael Porter Jr.,Graham,1.0,1.0,keeper tracking 22-23,B94
2022-23,Michael Porter Jr.,Michael Porter Jr.,Ian,2.0,2.0,keeper tracking 22-23,F94
2022-23,Michael Porter Jr.,Michael Porter Jr.,Darren,3.0,3.0,keeper tracking 22-23,H94
2022-23,Michael Porter Jr.,Michael Porter Jr.,Isaac,4.0,4.0,keeper tracking 22-23,J94
2022-23,Mikal Bridges,Mikal Bridges,Max,1.0,1.0,keeper tracking 22-23,E95
2022-23,Mikal Bridges,Mikal Bridges,Alvin,2.0,2.0,keeper tracking 22-23,N95
2022-23,Mikal Bridges,Mikal Bridges,Ron,3.0,3.0,keeper tracking 22-23,O95
2022-23,Mike Conley,Mike Conley,Josh,1.0,1.0,keeper tracking 22-23,D96
2022-23,Mike Conley,Mike Conley,Max,2.0,2.0,keeper tracking 22-23,E96
2022-23,Myles Turner,Myles Turner,Arthur,1.0,1.0,keeper tracking 22-23,L97
2022-23,Myles Turner,Myles Turner,Jason,2.0,2.0,keeper tracking 22-23,M97
2022-23,Myles Turner,Myles Turner,Peter,3.0,3.0,keeper tracking 22-23,P97
2022-23,Nic Claxton,Nic Claxton,Josh,1.0,1.0,keeper tracking 22-23,D98
2022-23,Nic Claxton,Nic Claxton,Darren,2.0,2.0,keeper tracking 22-23,H98
2022-23,Nic Claxton,Nic Claxton,Ron,3.0,3.0,keeper tracking 22-23,O98
2022-23,Nikola Jokic,Nikola Jokic,Josh,1.0,1.0,keeper tracking 22-23,D99
2022-23,Nikola Jokic,Nikola Jokic,Jason,2.0,2.0,keeper tracking 22-23,M99
2022-23,Nikola Jokic,Nikola Jokic,Peter,3.0,3.0,keeper tracking 22-23,P99
2022-23,Nikola Vucevic,Nikola Vucevic,Brent,1.0,1.0,keeper tracking 22-23,I100
2022-23,OG Anunoby,OG Anunoby,Alvin,1.0,1.0,keeper tracking 22-23,N101
2022-23,Onyeka Okongwu,Onyeka Okongwu,Arthur,1.0,1.0,keeper tracking 22-23,L102
2022-23,PJ Tucker,PJ Tucker,Graham,1.0,1.0,keeper tracking 22-23,B108
2022-23,Paolo Banchero,Paolo Banchero,Brent,1.0,1.0,keeper tracking 22-23,I103
2022-23,Pascal Siakam,Pascal Siakam,Ron,1.0,1.0,keeper tracking 22-23,O104
2022-23,Pat Connaughton,Pat Connaughton,Joe,1.0,1.0,keeper tracking 22-23,G105
2022-23,Patrick Williams,Patrick Williams,Josh,1.0,1.0,keeper tracking 22-23,D106
2022-23,Patrick Williams,Patrick Williams,Max,2.0,2.0,keeper tracking 22-23,E106
2022-23,Paul George,Paul George,Kerry,1.0,1.0,keeper tracking 22-23,K107
2022-23,RJ Barrett,RJ Barrett,Benji,1.0,1.0,keeper tracking 22-23,C109
2022-23,RJ Barrett,RJ Barrett,Isaac,2.0,2.0,keeper tracking 22-23,J109
2022-23,Robert Williams III,Robert Williams III,Josh,1.0,1.0,keeper tracking 22-23,D110
2022-23,Royce O'Neale,Royce O'Neale,Benji,1.0,1.0,keeper tracking 22-23,C111
2022-23,Royce O'Neale,Royce O'Neale,Josh,2.0,2.0,keeper tracking 22-23,D111
2022-23,Royce O'Neale,Royce O'Neale,Max,3.0,3.0,keeper tracking 22-23,E111
2022-23,Rudy Gobert,Rudy Gobert,Kerry,1.0,1.0,keeper tracking 22-23,K112
2022-23,Rudy Gobert,Rudy Gobert,Jason,2.0,2.0,keeper tracking 22-23,M112
2022-23,Rudy Gobert,Rudy Gobert,Alvin,3.0,3.0,keeper tracking 22-23,N112
2022-23,Russell Westbrook,Russell Westbrook,Brent,1.0,1.0,keeper tracking 22-23,I113
2022-23,Scottie Barnes,Scottie Barnes,Arthur,1.0,1.0,keeper tracking 22-23,L114
2022-23,Scottie Barnes,Scottie Barnes,Jason,2.0,2.0,keeper tracking 22-23,M114
2022-23,Shai Gilgeous-Alexander,Shai Gilgeous-Alexander,Graham,1.0,1.0,keeper tracking 22-23,B115
2022-23,Shai Gilgeous-Alexander,Shai Gilgeous-Alexander,Peter,2.0,2.0,keeper tracking 22-23,P115
2022-23,Stephen Curry,Stephen Curry,Max,1.0,1.0,keeper tracking 22-23,E116
2022-23,Stephen Curry,Stephen Curry,Ron,2.0,2.0,keeper tracking 22-23,O116
2022-23,Steven Adams,Steven Adams,Benji,1.0,1.0,keeper tracking 22-23,C117
2022-23,Terance Mann,Terance Mann,Brent,1.0,1.0,keeper tracking 22-23,I118
2022-23,Thomas Bryant,Thomas Bryant,Ian,1.0,1.0,keeper tracking 22-23,F119
2022-23,Tobias Harris,Tobias Harris,Ian,1.0,1.0,keeper tracking 22-23,F120
2022-23,Trae Young,Trae Young,Kerry,1.0,1.0,keeper tracking 22-23,K121
2022-23,Trae Young,Trae Young,Peter,2.0,2.0,keeper tracking 22-23,P121
2022-23,Tyler Herro,Tyler Herro,Benji,1.0,1.0,keeper tracking 22-23,C122
2022-23,Tyler Herro,Tyler Herro,Darren,2.0,2.0,keeper tracking 22-23,H122
2022-23,Tyler Herro,Tyler Herro,Arthur,3.0,3.0,keeper tracking 22-23,L122
2022-23,Tyrese Haliburton,Tyrese Haliburton,Brent,1.0,1.0,keeper tracking 22-23,I123
2022-23,Tyrese Haliburton,Tyrese Haliburton,Jason,2.0,2.0,keeper tracking 22-23,M123
2022-23,Tyrese Haliburton,Tyrese Haliburton,Peter,3.0,3.0,keeper tracking 22-23,P123
2022-23,Tyrese Maxey,Tyrese Maxey,Darren,1.0,1.0,keeper tracking 22-23,H124
2022-23,Tyus Jones,Tyus Jones,Josh,1.0,1.0,keeper tracking 22-23,D125
2022-23,Tyus Jones,Tyus Jones,Joe,2.0,2.0,keeper tracking 22-23,G125
2022-23,Victor Oladipo,Victor Oladipo,Brent,1.0,1.0,keeper tracking 22-23,I126
2022-23,Walker Kessler,Walker Kessler,Darren,1.0,1.0,keeper tracking 22-23,H127
2022-23,Walker Kessler,Walker Kessler,Peter,2.0,2.0,keeper tracking 22-23,P127
2022-23,Wendell Carter Jr.,Wendell Carter Jr.,Ian,1.0,1.0,keeper tracking 22-23,F128
2022-23,Wendell Carter Jr.,Wendell Carter Jr.,Isaac,2.0,2.0,keeper tracking 22-23,J128
2022-23,Will Barton,Will Barton,Ian,1.0,1.0,keeper tracking 22-23,F129
2022-23,Zach LaVine,Zach LaVine,Ian,1.0,1.0,keeper tracking 22-23,F130
2022-23,Zach LaVine,Zach LaVine,Ron,2.0,2.0,keeper tracking 22-23,O130
2022-23,Zion Williamson,Zion Williamson,Arthur,1.0,1.0,keeper tracking 22-23,L131
2021-22,Alperen Sengun,Alperen Sengun,Jason,1.0,1.0,keeper tracking 21-22,D2
2021-22,Andrew Wiggins,Andrew Wiggins,Joe,1.0,1.0,keeper tracking 21-22,G3
2021-22,Anthony Davis,Anthony Davis,Benji,1.0,1.0,keeper tracking 21-22,B4
2021-22,Anthony Davis,Anthony Davis,Max,2.0,2.0,keeper tracking 21-22,L4
2021-22,Anthony Edwards,Anthony Edwards,Jason,1.0,1.0,keeper tracking 21-22,D5
2021-22,Anthony Edwards,Anthony Edwards,Josh,2.0,2.0,keeper tracking 21-22,I5
2021-22,Anthony Edwards,Anthony Edwards,Peter,3.0,3.0,keeper tracking 21-22,K5
2021-22,Anthony Edwards,Anthony Edwards,Max,4.0,4.0,keeper tracking 21-22,L5
2021-22,Bam Adebayo,Bam Adebayo,Ian,1.0,1.0,keeper tracking 21-22,H6
2021-22,Bam Adebayo,Bam Adebayo,Alvin,2.0,2.0,keeper tracking 21-22,M6
2021-22,Bam Adebayo,Bam Adebayo,Darren,3.0,3.0,keeper tracking 21-22,O6
2021-22,Ben Simmons,Ben Simmons,Brent,1.0,1.0,keeper tracking 21-22,C7
2021-22,Ben Simmons,Ben Simmons,Peter,2.0,2.0,keeper tracking 21-22,K7
2021-22,Bobby Portis,Bobby Portis,Peter,1.0,1.0,keeper tracking 21-22,K8
2021-22,Bobby Portis,Bobby Portis,Max,2.0,2.0,keeper tracking 21-22,L8
2021-22,Bogdan Bogdanovic,Bogdan Bogdanovic,Peter,1.0,1.0,keeper tracking 21-22,K9
2021-22,Bojan Bogdanovic,Bojan Bogdanovic,Joe,1.0,1.0,keeper tracking 21-22,G10
2021-22,Brandon Ingram,Brandon Ingram,Peter,1.0,1.0,keeper tracking 21-22,K11
2021-22,Buddy Hield,Buddy Hield,Joe,1.0,1.0,keeper tracking 21-22,G12
2021-22,Buddy Hield,Buddy Hield,Ian,2.0,2.0,keeper tracking 21-22,H12
2021-22,Cade Cunningham,Cade Cunningham,Graham,1.0,1.0,keeper tracking 21-22,E13
2021-22,Cade Cunningham,Cade Cunningham,Josh,2.0,2.0,keeper tracking 21-22,I13
2021-22,Cade Cunningham,Cade Cunningham,Ron,3.0,3.0,keeper tracking 21-22,P13
2021-22,Cameron Johnson,Cameron Johnson,Kerry,1.0,1.0,keeper tracking 21-22,J14
2021-22,Caris LeVert,Caris LeVert,Ian,1.0,1.0,keeper tracking 21-22,H15
2021-22,Chris Paul,Chris Paul,Isaac,1.0,1.0,keeper tracking 21-22,N16
2021-22,Chris Paul,Chris Paul,Ron,2.0,2.0,keeper tracking 21-22,P16
2021-22,Christian Wood,Christian Wood,Joe,1.0,1.0,keeper tracking 21-22,G17
2021-22,Christian Wood,Christian Wood,Ian,2.0,2.0,keeper tracking 21-22,H17
2021-22,Christian Wood,Christian Wood,Josh,3.0,3.0,keeper tracking 21-22,I17
2021-22,Christian Wood,Christian Wood,Peter,4.0,4.0,keeper tracking 21-22,K17
2021-22,Cole Anthony,Cole Anthony,Arthur,1.0,1.0,keeper tracking 21-22,F18
2021-22,Collin Sexton,Collin Sexton,Jason,1.0,1.0,keeper tracking 21-22,D19
2021-22,Damian Lillard,Damian Lillard,Kerry,1.0,1.0,keeper tracking 21-22,J20
2021-22,Daniel Gafford,Daniel Gafford,Arthur,1.0,1.0,keeper tracking 21-22,F21
2021-22,Darius Garland,Darius Garland,Benji,1.0,1.0,keeper tracking 21-22,B22
2021-22,Darius Garland,Darius Garland,Darren,2.0,2.0,keeper tracking 21-22,O22
2021-22,De'Aaron Fox,De'Aaron Fox,Max,1.0,1.0,keeper tracking 21-22,L23
2021-22,DeMar DeRozan,DeMar DeRozan,Josh,1.0,1.0,keeper tracking 21-22,I26
2021-22,DeMar DeRozan,DeMar DeRozan,Darren,2.0,2.0,keeper tracking 21-22,O26
2021-22,Deandre Ayton,Deandre Ayton,Jason,1.0,1.0,keeper tracking 21-22,D24
2021-22,Deandre Ayton,Deandre Ayton,Isaac,2.0,2.0,keeper tracking 21-22,N24
2021-22,Deandre Ayton,Deandre Ayton,Darren,3.0,3.0,keeper tracking 21-22,O24
2021-22,Dejounte Murray,Dejounte Murray,Joe,1.0,1.0,keeper tracking 21-22,G25
2021-22,Dejounte Murray,Dejounte Murray,Alvin,2.0,2.0,keeper tracking 21-22,M25
2021-22,Dejounte Murray,Dejounte Murray,Ron,3.0,3.0,keeper tracking 21-22,P25
2021-22,Derrick Jones Jr.,Derrick Jones Jr.,Graham,1.0,1.0,keeper tracking 21-22,E27
2021-22,Derrick White,Derrick White,Joe,1.0,1.0,keeper tracking 21-22,G28
2021-22,Desmond Bane,Desmond Bane,Kerry,1.0,1.0,keeper tracking 21-22,J29
2021-22,Desmond Bane,Desmond Bane,Darren,2.0,2.0,keeper tracking 21-22,O29
2021-22,Devin Booker,Devin Booker,Arthur,1.0,1.0,keeper tracking 21-22,F30
2021-22,Devin Booker,Devin Booker,Max,2.0,2.0,keeper tracking 21-22,L30
2021-22,Devin Booker,Devin Booker,Alvin,3.0,3.0,keeper tracking 21-22,M30
2021-22,Devin Booker,Devin Booker,Isaac,4.0,4.0,keeper tracking 21-22,N30
2021-22,Domantas Sabonis,Domantas Sabonis,Brent,1.0,1.0,keeper tracking 21-22,C31
2021-22,Domantas Sabonis,Domantas Sabonis,Arthur,2.0,2.0,keeper tracking 21-22,F31
2021-22,Domantas Sabonis,Domantas Sabonis,Peter,3.0,3.0,keeper tracking 21-22,K31
2021-22,Domantas Sabonis,Domantas Sabonis,Max,4.0,4.0,keeper tracking 21-22,L31
2021-22,Donovan Mitchell,Donovan Mitchell,Graham,1.0,1.0,keeper tracking 21-22,E32
2021-22,Donovan Mitchell,Donovan Mitchell,Joe,2.0,2.0,keeper tracking 21-22,G32
2021-22,Donovan Mitchell,Donovan Mitchell,Peter,3.0,3.0,keeper tracking 21-22,K32
2021-22,Donovan Mitchell,Donovan Mitchell,Alvin,4.0,4.0,keeper tracking 21-22,M32
2021-22,Donovan Mitchell,Donovan Mitchell,Isaac,5.0,5.0,keeper tracking 21-22,N32
2021-22,Dorian Finney-Smith,Dorian Finney-Smith,Jason,1.0,1.0,keeper tracking 21-22,D33
2021-22,Dorian Finney-Smith,Dorian Finney-Smith,Graham,2.0,2.0,keeper tracking 21-22,E33
2021-22,Dorian Finney-Smith,Dorian Finney-Smith,Joe,3.0,3.0,keeper tracking 21-22,G33
2021-22,Duncan Robinson,Duncan Robinson,Josh,1.0,1.0,keeper tracking 21-22,I34
2021-22,Evan Mobley,Evan Mobley,Brent,1.0,1.0,keeper tracking 21-22,C35
2021-22,Evan Mobley,Evan Mobley,Kerry,2.0,2.0,keeper tracking 21-22,J35
2021-22,Evan Mobley,Evan Mobley,Peter,3.0,3.0,keeper tracking 21-22,K35
2021-22,Evan Mobley,Evan Mobley,Alvin,4.0,4.0,keeper tracking 21-22,M35
2021-22,Fred VanVleet,Fred VanVleet,Ron,1.0,1.0,keeper tracking 21-22,P36
2021-22,Gary Trent Jr.,Gary Trent Jr.,Brent,1.0,1.0,keeper tracking 21-22,C37
2021-22,Gary Trent Jr.,Gary Trent Jr.,Jason,2.0,2.0,keeper tracking 21-22,D37
2021-22,Gary Trent Jr.,Gary Trent Jr.,Graham,3.0,3.0,keeper tracking 21-22,E37
2021-22,Giannis Antetokounmpo,Giannis Antetokounmpo,Alvin,1.0,1.0,keeper tracking 21-22,M38
2021-22,Giannis Antetokounmpo,Giannis Antetokounmpo,Darren,2.0,2.0,keeper tracking 21-22,O38
2021-22,Harrison Barnes,Harrison Barnes,Ian,1.0,1.0,keeper tracking 21-22,H39
2021-22,Ivica Zubac,Ivica Zubac,Benji,1.0,1.0,keeper tracking 21-22,B40
2021-22,Ivica Zubac,Ivica Zubac,Graham,2.0,2.0,keeper tracking 21-22,E40
2021-22,Ivica Zubac,Ivica Zubac,Darren,3.0,3.0,keeper tracking 21-22,O40
2021-22,Ja Morant,Ja Morant,Peter,1.0,1.0,keeper tracking 21-22,K41
2021-22,Ja Morant,Ja Morant,Isaac,2.0,2.0,keeper tracking 21-22,N41
2021-22,Jae'Sean Tate,Jae'Sean Tate,Benji,1.0,1.0,keeper tracking 21-22,B42
2021-22,Jakob Poeltl,Jakob Poeltl,Josh,1.0,1.0,keeper tracking 21-22,I43
2021-22,Jakob Poeltl,Jakob Poeltl,Max,2.0,2.0,keeper tracking 21-22,L43
2021-22,Jalen Brunson,Jalen Brunson,Kerry,1.0,1.0,keeper tracking 21-22,J44
2021-22,Jalen Suggs,Jalen Suggs,Arthur,1.0,1.0,keeper tracking 21-22,F45
2021-22,Jamal Murray,Jamal Murray,Ian,1.0,1.0,keeper tracking 21-22,H46
2021-22,James Harden,James Harden,Darren,1.0,1.0,keeper tracking 21-22,O47
2021-22,James Wiseman,James Wiseman,Benji,1.0,1.0,keeper tracking 21-22,B48
2021-22,Jaren Jackson Jr,Jaren Jackson Jr.,Ron,1.0,1.0,keeper tracking 21-22,P49
2021-22,Jaylen Brown,Jaylen Brown,Graham,1.0,1.0,keeper tracking 21-22,E50
2021-22,Jaylen Brown,Jaylen Brown,Isaac,2.0,2.0,keeper tracking 21-22,N50
2021-22,Jayson Tatum,Jayson Tatum,Benji,1.0,1.0,keeper tracking 21-22,B51
2021-22,Jayson Tatum,Jayson Tatum,Ron,2.0,2.0,keeper tracking 21-22,P51
2021-22,Jeff Green,Jeff Green,Graham,1.0,1.0,keeper tracking 21-22,E52
2021-22,Jeff Green,Jeff Green,Arthur,2.0,2.0,keeper tracking 21-22,F52
2021-22,Jerami Grant,Jerami Grant,Alvin,1.0,1.0,keeper tracking 21-22,M53
2021-22,Jimmy Butler,Jimmy Butler,Graham,1.0,1.0,keeper tracking 21-22,E54
2021-22,Jimmy Butler,Jimmy Butler,Arthur,2.0,2.0,keeper tracking 21-22,F54
2021-22,Joe Ingles,Joe Ingles,Brent,1.0,1.0,keeper tracking 21-22,C55
2021-22,Joel Embiid,Joel Embiid,Arthur,1.0,1.0,keeper tracking 21-22,F56
2021-22,Joel Embiid,Joel Embiid,Ron,2.0,2.0,keeper tracking 21-22,P56
2021-22,John Collins,John Collins,Jason,1.0,1.0,keeper tracking 21-22,D57
2021-22,Jonas Valanciunas,Jonas Valanciunas,Isaac,1.0,1.0,keeper tracking 21-22,N58
2021-22,Jonas Valanciunas,Jonas Valanciunas,Darren,2.0,2.0,keeper tracking 21-22,O58
2021-22,Jonathan Isaac,Jonathan Isaac,Arthur,1.0,1.0,keeper tracking 21-22,F59
2021-22,Jonathan Kuminga,Jonathan Kuminga,Ian,1.0,1.0,keeper tracking 21-22,H60
2021-22,Jordan Poole,Jordan Poole,Kerry,1.0,1.0,keeper tracking 21-22,J61
2021-22,Jordan Poole,Jordan Poole,Isaac,2.0,2.0,keeper tracking 21-22,N61
2021-22,Josh Giddey,Josh Giddey,Arthur,1.0,1.0,keeper tracking 21-22,F62
2021-22,Josh Richardson,Josh Richardson,Joe,1.0,1.0,keeper tracking 21-22,G63
2021-22,Jrue Holiday,Jrue Holiday,Isaac,1.0,1.0,keeper tracking 21-22,N64
2021-22,Julius Randle,Julius Randle,Peter,1.0,1.0,keeper tracking 21-22,K65
2021-22,Julius Randle,Julius Randle,Max,2.0,2.0,keeper tracking 21-22,L65
2021-22,Justin Holiday,Justin Holiday,Jason,1.0,1.0,keeper tracking 21-22,D66
2021-22,Karl-Anthony Towns,Karl-Anthony Towns,Kerry,1.0,1.0,keeper tracking 21-22,J67
2021-22,Karl-Anthony Towns,Karl-Anthony Towns,Alvin,2.0,2.0,keeper tracking 21-22,M67
2021-22,Karl-Anthony Towns,Karl-Anthony Towns,Isaac,3.0,3.0,keeper tracking 21-22,N67
2021-22,Karl-Anthony Towns,Karl-Anthony Towns,Ron,4.0,4.0,keeper tracking 21-22,P67
2021-22,Kawhi Leonard,Kawhi Leonard,Benji,1.0,1.0,keeper tracking 21-22,B68
2021-22,Kawhi Leonard,Kawhi Leonard,Arthur,2.0,2.0,keeper tracking 21-22,F68
2021-22,Kelly Olynyk,Kelly Olynyk,Jason,1.0,1.0,keeper tracking 21-22,D69
2021-22,Kevin Durant,Kevin Durant,Peter,1.0,1.0,keeper tracking 21-22,K70
2021-22,Kevin Durant,Kevin Durant,Ron,2.0,2.0,keeper tracking 21-22,P70
2021-22,Kevin Huerter,Kevin Huerter,Benji,1.0,1.0,keeper tracking 21-22,B71
2021-22,Kevin Love,Kevin Love,Graham,1.0,1.0,keeper tracking 21-22,E72
2021-22,Khris Middleton,Khris Middleton,Benji,1.0,1.0,keeper tracking 21-22,B73
2021-22,Khris Middleton,Khris Middleton,Jason,2.0,2.0,keeper tracking 21-22,D73
2021-22,Khris Middleton,Khris Middleton,Max,3.0,3.0,keeper tracking 21-22,L73
2021-22,Khris Middleton,Khris Middleton,Alvin,4.0,4.0,keeper tracking 21-22,M73
2021-22,Klay Thompson,Klay Thompson,Brent,1.0,1.0,keeper tracking 21-22,C74
2021-22,Klay Thompson,Klay Thompson,Kerry,2.0,2.0,keeper tracking 21-22,J74
2021-22,Klay Thompson,Klay Thompson,Max,3.0,3.0,keeper tracking 21-22,L74
2021-22,Kristaps Porzingis,Kristaps Porzingis,Ian,1.0,1.0,keeper tracking 21-22,H75
2021-22,Kristaps Porzingis,Kristaps Porzingis,Alvin,2.0,2.0,keeper tracking 21-22,M75
2021-22,Kristaps Porzingis,Kristaps Porzingis,Darren,3.0,3.0,keeper tracking 21-22,O75
2021-22,Kyle Kuzma,Kyle Kuzma,Ian,1.0,1.0,keeper tracking 21-22,H76
2021-22,Kyle Kuzma,Kyle Kuzma,Max,2.0,2.0,keeper tracking 21-22,L76
2021-22,Kyle Lowry,Kyle Lowry,Graham,1.0,1.0,keeper tracking 21-22,E77
2021-22,Kyrie Irving,Kyrie Irving,Isaac,1.0,1.0,keeper tracking 21-22,N78
2021-22,LaMelo Ball,LaMelo Ball,Alvin,1.0,1.0,keeper tracking 21-22,M79
2021-22,LaMelo Ball,LaMelo Ball,Ron,2.0,2.0,keeper tracking 21-22,P79
2021-22,LeBron James,LeBron James,Ian,1.0,1.0,keeper tracking 21-22,H80
2021-22,LeBron James,LeBron James,Josh,2.0,2.0,keeper tracking 21-22,I80
2021-22,LeBron James,LeBron James,Max,3.0,3.0,keeper tracking 21-22,L80
2021-22,LeBron James,LeBron James,Ron,4.0,4.0,keeper tracking 21-22,P80
2021-22,Luguentz Dort,Luguentz Dort,Josh,1.0,1.0,keeper tracking 21-22,I81
2021-22,Luka Doncic,Luka Doncic,Jason,1.0,1.0,keeper tracking 21-22,D82
2021-22,Luka Doncic,Luka Doncic,Peter,2.0,2.0,keeper tracking 21-22,K82
2021-22,Luka Doncic,Luka Doncic,Darren,3.0,3.0,keeper tracking 21-22,O82
2021-22,Malcolm Brogdon,Malcolm Brogdon,Benji,1.0,1.0,keeper tracking 21-22,B83
2021-22,Malcolm Brogdon,Malcolm Brogdon,Brent,2.0,2.0,keeper tracking 21-22,C83
2021-22,Malcolm Brogdon,Malcolm Brogdon,Alvin,3.0,3.0,keeper tracking 21-22,M83
2021-22,Marcus Smart,Marcus Smart,Josh,1.0,1.0,keeper tracking 21-22,I84
2021-22,Matisse Thybulle,Matisse Thybulle,Jason,1.0,1.0,keeper tracking 21-22,D85
2021-22,Michael Porter Jr.,Michael Porter Jr.,Brent,1.0,1.0,keeper tracking 21-22,C86
2021-22,Mikal Bridges,Mikal Bridges,Isaac,1.0,1.0,keeper tracking 21-22,N87
2021-22,Mike Conley,Mike Conley,Arthur,1.0,1.0,keeper tracking 21-22,F88
2021-22,Mike Conley,Mike Conley,Joe,2.0,2.0,keeper tracking 21-22,G88
2021-22,Mike Conley,Mike Conley,Ian,3.0,3.0,keeper tracking 21-22,H88
2021-22,Miles Bridges,Miles Bridges,Max,1.0,1.0,keeper tracking 21-22,L89
2021-22,Miles Bridges,Miles Bridges,Isaac,2.0,2.0,keeper tracking 21-22,N89
2021-22,Mitchell Robinson,Mitchell Robinson,Peter,1.0,1.0,keeper tracking 21-22,K90
2021-22,Monte Morris,Monte Morris,Peter,1.0,1.0,keeper tracking 21-22,K91
2021-22,Myles Turner,Myles Turner,Joe,1.0,1.0,keeper tracking 21-22,G92
2021-22,Nerlens Noel,Nerlens Noel,Benji,1.0,1.0,keeper tracking 21-22,B93
2021-22,Nicolas Batum,Nicolas Batum,Brent,1.0,1.0,keeper tracking 21-22,C94
2021-22,Nikola Jokic,Nikola Jokic,Josh,1.0,1.0,keeper tracking 21-22,I95
2021-22,Nikola Jokic,Nikola Jokic,Ron,2.0,2.0,keeper tracking 21-22,P95
2021-22,Nikola Vucevic,Nikola Vucevic,Joe,1.0,1.0,keeper tracking 21-22,G96
2021-22,Nikola Vucevic,Nikola Vucevic,Kerry,2.0,2.0,keeper tracking 21-22,J96
2021-22,Nikola Vucevic,Nikola Vucevic,Isaac,3.0,3.0,keeper tracking 21-22,N96
2021-22,Nikola Vucevic,Nikola Vucevic,Darren,3.0,3.0,keeper tracking 21-22,O96
2021-22,Norman Powell,Norman Powell,Jason,1.0,1.0,keeper tracking 21-22,D97
2021-22,Pascal Siakam,Pascal Siakam,Ron,1.0,1.0,keeper tracking 21-22,P98
2021-22,Patty Mills,Patty Mills,Joe,1.0,1.0,keeper tracking 21-22,G99
2021-22,Paul George,Paul George,Arthur,1.0,1.0,keeper tracking 21-22,F100
2021-22,Paul George,Paul George,Kerry,2.0,2.0,keeper tracking 21-22,J100
2021-22,Paul George,Paul George,Alvin,3.0,3.0,keeper tracking 21-22,M100
2021-22,Paul George,Paul George,Ron,4.0,4.0,keeper tracking 21-22,P100
2021-22,RJ Barrett,RJ Barrett,Josh,1.0,1.0,keeper tracking 21-22,I101
2021-22,RJ Barrett,RJ Barrett,Kerry,2.0,2.0,keeper tracking 21-22,J101
2021-22,Rudy Gobert,Rudy Gobert,Graham,1.0,1.0,keeper tracking 21-22,E102
2021-22,Rudy Gobert,Rudy Gobert,Alvin,2.0,2.0,keeper tracking 21-22,M102
2021-22,Rudy Gobert,Rudy Gobert,Darren,3.0,3.0,keeper tracking 21-22,O102
2021-22,Russell Westbrook,Russell Westbrook,Josh,1.0,1.0,keeper tracking 21-22,I103
2021-22,Scottie Barnes,Scottie Barnes,Arthur,1.0,1.0,keeper tracking 21-22,F104
2021-22,Scottie Barnes,Scottie Barnes,Josh,2.0,2.0,keeper tracking 21-22,I104
2021-22,Scottie Barnes,Scottie Barnes,Ron,3.0,3.0,keeper tracking 21-22,P104
2021-22,Serge Ibaka,Serge Ibaka,Jason,1.0,1.0,keeper tracking 21-22,D105
2021-22,Seth Curry,Seth Curry,Jason,1.0,1.0,keeper tracking 21-22,D106
2021-22,Shai Gilgeous-Alexander,Shai Gilgeous-Alexander,Darren,1.0,1.0,keeper tracking 21-22,O107
2021-22,Spencer Dinwiddie,Spencer Dinwiddie,Graham,1.0,1.0,keeper tracking 21-22,E108
2021-22,Stephen Curry,Stephen Curry,Max,1.0,1.0,keeper tracking 21-22,L109
2021-22,Stephen Curry,Stephen Curry,Ron,2.0,2.0,keeper tracking 21-22,P109
2021-22,TJ Warren,TJ Warren,Ian,1.0,1.0,keeper tracking 21-22,H111
2021-22,Terry Rozier,Terry Rozier,Isaac,1.0,1.0,keeper tracking 21-22,N110
2021-22,Tobias Harris,Tobias Harris,Ian,1.0,1.0,keeper tracking 21-22,H112
2021-22,Tobias Harris,Tobias Harris,Alvin,2.0,2.0,keeper tracking 21-22,M112
2021-22,Tobias Harris,Tobias Harris,Darren,3.0,3.0,keeper tracking 21-22,O112
2021-22,Trae Young,Trae Young,Kerry,1.0,1.0,keeper tracking 21-22,J113
2021-22,Trae Young,Trae Young,Max,2.0,2.0,keeper tracking 21-22,L113
2021-22,Trae Young,Trae Young,Isaac,3.0,3.0,keeper tracking 21-22,N113
2021-22,Trae Young,Trae Young,Ron,4.0,4.0,keeper tracking 21-22,P113
2021-22,Tyler Herro,Tyler Herro,Kerry,1.0,1.0,keeper tracking 21-22,J114
2021-22,Tyrese Haliburton,Tyrese Haliburton,Brent,1.0,1.0,keeper tracking 21-22,C115
2021-22,Tyrese Haliburton,Tyrese Haliburton,Darren,2.0,2.0,keeper tracking 21-22,O115
2021-22,Tyrese Maxey,Tyrese Maxey,Alvin,1.0,1.0,keeper tracking 21-22,M116
2021-22,Wendell Carter Jr.,Wendell Carter Jr.,Max,1.0,1.0,keeper tracking 21-22,L117
2021-22,Will Barton,Will Barton,Benji,1.0,1.0,keeper tracking 21-22,B118
2021-22,Will Barton,Will Barton,Brent,2.0,2.0,keeper tracking 21-22,C118
2021-22,Will Barton,Will Barton,Arthur,3.0,3.0,keeper tracking 21-22,F118
2021-22,Zach LaVine,Zach LaVine,Ian,1.0,1.0,keeper tracking 21-22,H119
2021-22,Zach LaVine,Zach LaVine,Kerry,2.0,2.0,keeper tracking 21-22,J119
2021-22,Zach LaVine,Zach LaVine,Darren,3.0,3.0,keeper tracking 21-22,O119
2021-22,Zion Williamson,Zion Williamson,Brent,1.0,1.0,keeper tracking 21-22,C120
2020-21,Aaron Gordon,Aaron Gordon,Josh,1.0,1.0,keeper tracking 20-21,G2
2020-21,Al Horford,Al Horford,Darren,1.0,1.0,keeper tracking 20-21,I3
2020-21,Alec Burks,Alec Burks,Ron,1.0,1.0,keeper tracking 20-21,B4
2020-21,Andre Drummond,Andre Drummond,Benji,1.0,1.0,keeper tracking 20-21,F5
2020-21,Andre Drummond,Andre Drummond,Brent,2.0,2.0,keeper tracking 20-21,H5
2020-21,Anthony Davis,Anthony Davis,Alvin,1.0,1.0,keeper tracking 20-21,N6
2020-21,Anthony Davis,Anthony Davis,Jason,2.0,2.0,keeper tracking 20-21,P6
2020-21,Anthony Edwards,Anthony Edwards,Jason,1.0,1.0,keeper tracking 20-21,P7
2020-21,Bam Adebayo,Bam Adebayo,Ian,1.0,1.0,keeper tracking 20-21,O8
2020-21,Ben Simmons,Ben Simmons,Josh,1.0,1.0,keeper tracking 20-21,G9
2020-21,Ben Simmons,Ben Simmons,Darren,2.0,2.0,keeper tracking 20-21,I9
2020-21,Ben Simmons,Ben Simmons,Peter,3.0,3.0,keeper tracking 20-21,K9
2020-21,Bogdan Bogdanovic,Bogdan Bogdanovic,Peter,1.0,1.0,keeper tracking 20-21,K10
2020-21,Bogdan Bogdanovic,Bogdan Bogdanovic,Arthur,2.0,2.0,keeper tracking 20-21,L10
2020-21,Bojan Bogdanovic,Bojan Bogdanovic,Benji,1.0,1.0,keeper tracking 20-21,F11
2020-21,Bradley Beal,Bradley Beal,Graham,1.0,1.0,keeper tracking 20-21,J12
2020-21,Bradley Beal,Bradley Beal,Jason,2.0,2.0,keeper tracking 20-21,P12
2020-21,Brandon Ingram,Brandon Ingram,Isaac,1.0,1.0,keeper tracking 20-21,M13
2020-21,Buddy Hield,Buddy Hield,Ian,1.0,1.0,keeper tracking 20-21,O14
2020-21,CJ McCollum,CJ McCollum,Benji,1.0,1.0,keeper tracking 20-21,F20
2020-21,CJ McCollum,CJ McCollum,Brent,2.0,2.0,keeper tracking 20-21,H20
2020-21,CJ McCollum,CJ McCollum,Darren,3.0,3.0,keeper tracking 20-21,I20
2020-21,CJ McCollum,CJ McCollum,Isaac,4.0,4.0,keeper tracking 20-21,M20
2020-21,Cam Reddish,Cam Reddish,Max,1.0,1.0,keeper tracking 20-21,C15
2020-21,Caris LeVert,Caris LeVert,Arthur,1.0,1.0,keeper tracking 20-21,L16
2020-21,Caris LeVert,Caris LeVert,Isaac,2.0,2.0,keeper tracking 20-21,M16
2020-21,Caris LeVert,Caris LeVert,Ian,3.0,3.0,keeper tracking 20-21,O16
2020-21,Carmelo Anthony,Carmelo Anthony,Josh,1.0,1.0,keeper tracking 20-21,G17
2020-21,Chris Paul,Chris Paul,Isaac,1.0,1.0,keeper tracking 20-21,M18
2020-21,Chris Paul,Chris Paul,Ian,2.0,2.0,keeper tracking 20-21,O18
2020-21,Christian Wood,Christian Wood,Ron,1.0,1.0,keeper tracking 20-21,B19
2020-21,Clint Capela,Clint Capela,Isaac,1.0,1.0,keeper tracking 20-21,M21
2020-21,Coby White,Coby White,Ron,1.0,1.0,keeper tracking 20-21,B22
2020-21,Cody Zeller,Cody Zeller,Peter,1.0,1.0,keeper tracking 20-21,K23
2020-21,Collin Sexton,Collin Sexton,Darren,1.0,1.0,keeper tracking 20-21,I24
2020-21,Collin Sexton,Collin Sexton,Ian,2.0,2.0,keeper tracking 20-21,O24
2020-21,D'Angelo Russell,D'Angelo Russell,Alvin,1.0,1.0,keeper tracking 20-21,N25
2020-21,Damian Lillard,Damian Lillard,Arthur,1.0,1.0,keeper tracking 20-21,L26
2020-21,Damian Lillard,Damian Lillard,Ian,2.0,2.0,keeper tracking 20-21,O26
2020-21,Danilo Gallinari,Danilo Gallinari,Graham,1.0,1.0,keeper tracking 20-21,J27
2020-21,Danny Green,Danny Green,Brent,1.0,1.0,keeper tracking 20-21,H28
2020-21,Dario Saric,Dario Saric,Joe,1.0,1.0,keeper tracking 20-21,D29
2020-21,Darius Garland,Darius Garland,Benji,1.0,1.0,keeper tracking 20-21,F30
2020-21,Darius Garland,Darius Garland,Graham,2.0,2.0,keeper tracking 20-21,J30
2020-21,Darius Garland,Darius Garland,Peter,3.0,3.0,keeper tracking 20-21,K30
2020-21,Davis Bertans,Davis Bertans,Benji,1.0,1.0,keeper tracking 20-21,F31
2020-21,De'Aaron Fox,De'Aaron Fox,Max,1.0,1.0,keeper tracking 20-21,C32
2020-21,De'Aaron Fox,De'Aaron Fox,Darren,2.0,2.0,keeper tracking 20-21,I32
2020-21,De'Aaron Fox,De'Aaron Fox,Peter,3.0,3.0,keeper tracking 20-21,K32
2020-21,De'Andre Hunter,De'Andre Hunter,Arthur,1.0,1.0,keeper tracking 20-21,L33
2020-21,DeAndre Jordan,DeAndre Jordan,Kerry,1.0,1.0,keeper tracking 20-21,E34
2020-21,DeAndre Jordan,DeAndre Jordan,Benji,2.0,2.0,keeper tracking 20-21,F34
2020-21,DeMar DeRozan,DeMar DeRozan,Isaac,1.0,1.0,keeper tracking 20-21,M37
2020-21,DeMar DeRozan,DeMar DeRozan,Alvin,2.0,2.0,keeper tracking 20-21,N37
2020-21,DeMar DeRozan,DeMar DeRozan,Ian,3.0,3.0,keeper tracking 20-21,O37
2020-21,Dejounte Murray,Dejounte Murray,Kerry,1.0,1.0,keeper tracking 20-21,E35
2020-21,Delon Wright,Delon Wright,Max,1.0,1.0,keeper tracking 20-21,C36
2020-21,Dennis Schroder,Dennis Schroder,Joe,1.0,1.0,keeper tracking 20-21,D38
2020-21,Dennis Schroder,Dennis Schroder,Peter,2.0,2.0,keeper tracking 20-21,K38
2020-21,Devin Booker,Devin Booker,Arthur,1.0,1.0,keeper tracking 20-21,L39
2020-21,Devin Booker,Devin Booker,Alvin,2.0,2.0,keeper tracking 20-21,N39
2020-21,Devin Booker,Devin Booker,Ian,3.0,3.0,keeper tracking 20-21,O39
2020-21,Devonte' Graham,Devonte' Graham,Benji,1.0,1.0,keeper tracking 20-21,F40
2020-21,Dillon Brooks,Dillon Brooks,Max,1.0,1.0,keeper tracking 20-21,C41
2020-21,Domantas Sabonis,Domantas Sabonis,Jason,1.0,1.0,keeper tracking 20-21,P42
2020-21,Donovan Mitchell,Donovan Mitchell,Alvin,1.0,1.0,keeper tracking 20-21,N43
2020-21,Donte DiVincenzo,Donte DiVincenzo,Ron,1.0,1.0,keeper tracking 20-21,B44
2020-21,Doug McDermott,Doug McDermott,Kerry,1.0,1.0,keeper tracking 20-21,E45
2020-21,Doug McDermott,Doug McDermott,Peter,1.0,1.0,keeper tracking 20-21,K46
2020-21,Draymond Green,Draymond Green,Peter,1.0,1.0,keeper tracking 20-21,K47
2020-21,Dwight Howard,Dwight Howard,Darren,1.0,1.0,keeper tracking 20-21,I48
2020-21,Fred VanVleet,Fred VanVleet,Ron,1.0,1.0,keeper tracking 20-21,B49
2020-21,Fred VanVleet,Fred VanVleet,Brent,2.0,2.0,keeper tracking 20-21,H49
2020-21,Fred VanVleet,Fred VanVleet,Isaac,3.0,3.0,keeper tracking 20-21,M49
2020-21,George Hill,George Hill,Joe,1.0,1.0,keeper tracking 20-21,D50
2020-21,Giannis Antetokounmpo,Giannis Antetokounmpo,Graham,1.0,1.0,keeper tracking 20-21,J51
2020-21,Giannis Antetokounmpo,Giannis Antetokounmpo,Alvin,2.0,2.0,keeper tracking 20-21,N51
2020-21,Goran Dragic,Goran Dragic,Max,1.0,1.0,keeper tracking 20-21,C52
2020-21,Gordon Hayward,Gordon Hayward,Kerry,1.0,1.0,keeper tracking 20-21,E53
2020-21,Gordon Hayward,Gordon Hayward,Brent,2.0,2.0,keeper tracking 20-21,H53
2020-21,Gordon Hayward,Gordon Hayward,Graham,3.0,3.0,keeper tracking 20-21,J53
2020-21,Gordon Hayward,Gordon Hayward,Arthur,4.0,4.0,keeper tracking 20-21,L53
2020-21,Harrison Barnes,Harrison Barnes,Arthur,1.0,1.0,keeper tracking 20-21,L54
2020-21,Hassan Whiteside,Hassan Whiteside,Kerry,1.0,1.0,keeper tracking 20-21,E55
2020-21,Isaac Okoro,Isaac Okoro,Max,1.0,1.0,keeper tracking 20-21,C56
2020-21,Ivica Zubac,Ivica Zubac,Benji,1.0,1.0,keeper tracking 20-21,F57
2020-21,Ivica Zubac,Ivica Zubac,Graham,2.0,2.0,keeper tracking 20-21,J57
2020-21,Ja Morant,Ja Morant,Joe,1.0,1.0,keeper tracking 20-21,D58
2020-21,Ja Morant,Ja Morant,Graham,2.0,2.0,keeper tracking 20-21,J58
2020-21,Ja Morant,Ja Morant,Alvin,3.0,3.0,keeper tracking 20-21,N58
2020-21,Ja Morant,Ja Morant,Ian,4.0,4.0,keeper tracking 20-21,O58
2020-21,Jamal Murray,Jamal Murray,Josh,1.0,1.0,keeper tracking 20-21,G59
2020-21,Jamal Murray,Jamal Murray,Graham,2.0,2.0,keeper tracking 20-21,J59
2020-21,James Wiseman,James Wiseman,Max,1.0,1.0,keeper tracking 20-21,C60
2020-21,Jarrett Allen,Jarrett Allen,Arthur,1.0,1.0,keeper tracking 20-21,L61
2020-21,Jaylen Brown,Jaylen Brown,Graham,1.0,1.0,keeper tracking 20-21,J62
2020-21,Jaylen Brown,Jaylen Brown,Isaac,2.0,2.0,keeper tracking 20-21,M62
2020-21,Jayson Tatum,Jayson Tatum,Benji,1.0,1.0,keeper tracking 20-21,F63
2020-21,Jayson Tatum,Jayson Tatum,Alvin,2.0,2.0,keeper tracking 20-21,N63
2020-21,Jeff Green,Jeff Green,Joe,1.0,1.0,keeper tracking 20-21,D64
2020-21,Jerami Grant,Jerami Grant,Ian,1.0,1.0,keeper tracking 20-21,O65
2020-21,Jimmy Butler,Jimmy Butler,Ian,1.0,1.0,keeper tracking 20-21,O66
2020-21,Joe Ingles,Joe Ingles,Joe,1.0,1.0,keeper tracking 20-21,D67
2020-21,Joe Ingles,Joe Ingles,Kerry,2.0,2.0,keeper tracking 20-21,E67
2020-21,Joel Embiid,Joel Embiid,Arthur,1.0,1.0,keeper tracking 20-21,L68
2020-21,Joel Embiid,Joel Embiid,Isaac,2.0,2.0,keeper tracking 20-21,M68
2020-21,Joel Embiid,Joel Embiid,Jason,3.0,3.0,keeper tracking 20-21,P68
2020-21,John Collins,John Collins,Kerry,1.0,1.0,keeper tracking 20-21,E69
2020-21,John Collins,John Collins,Ian,1.0,1.0,keeper tracking 20-21,O70
2020-21,John Wall,John Wall,Brent,1.0,1.0,keeper tracking 20-21,H71
2020-21,Jonas Valanciunas,Jonas Valanciunas,Max,1.0,1.0,keeper tracking 20-21,C72
2020-21,Jonas Valanciunas,Jonas Valanciunas,Kerry,2.0,2.0,keeper tracking 20-21,E72
2020-21,Jonas Valanciunas,Jonas Valanciunas,Darren,3.0,3.0,keeper tracking 20-21,I72
2020-21,Jonas Valanciunas,Jonas Valanciunas,Ian,4.0,4.0,keeper tracking 20-21,O72
2020-21,Jordan Clarkson,Jordan Clarkson,Benji,1.0,1.0,keeper tracking 20-21,F73
2020-21,Josh Richardson,Josh Richardson,Joe,1.0,1.0,keeper tracking 20-21,D74
2020-21,Jrue Holiday,Jrue Holiday,Isaac,1.0,1.0,keeper tracking 20-21,M75
2020-21,Jrue Holiday,Jrue Holiday,Ian,2.0,2.0,keeper tracking 20-21,O75
2020-21,Julius Randle,Julius Randle,Josh,1.0,1.0,keeper tracking 20-21,G76
2020-21,Julius Randle,Julius Randle,Ian,2.0,2.0,keeper tracking 20-21,O76
2020-21,Jusuf Nurkic,Jusuf Nurkic,Max,1.0,1.0,keeper tracking 20-21,C77
2020-21,Jusuf Nurkic,Jusuf Nurkic,Alvin,2.0,2.0,keeper tracking 20-21,N77
2020-21,Karl-Anthony Towns,Karl-Anthony Towns,Kerry,1.0,1.0,keeper tracking 20-21,E78
2020-21,Karl-Anthony Towns,Karl-Anthony Towns,Jason,2.0,2.0,keeper tracking 20-21,P78
2020-21,Kawhi Leonard,Kawhi Leonard,Max,1.0,1.0,keeper tracking 20-21,C79
2020-21,Kawhi Leonard,Kawhi Leonard,Benji,2.0,2.0,keeper tracking 20-21,F79
2020-21,Kawhi Leonard,Kawhi Leonard,Josh,3.0,3.0,keeper tracking 20-21,G79
2020-21,Kawhi Leonard,Kawhi Leonard,Isaac,4.0,4.0,keeper tracking 20-21,M79
2020-21,Kawhi Leonard,Kawhi Leonard,Jason,5.0,5.0,keeper tracking 20-21,P79
2020-21,Keldon Johnson,Keldon Johnson,Darren,1.0,1.0,keeper tracking 20-21,I80
2020-21,Kemba Walker,Kemba Walker,Kerry,1.0,1.0,keeper tracking 20-21,E81
2020-21,Kevin Durant,Kevin Durant,Peter,1.0,1.0,keeper tracking 20-21,K82
2020-21,Kevin Durant,Kevin Durant,Jason,2.0,2.0,keeper tracking 20-21,P82
2020-21,Kevin Porter Jr.,Kevin Porter Jr.,Brent,1.0,1.0,keeper tracking 20-21,H83
2020-21,Kevin Porter Jr.,Kevin Porter Jr.,Isaac,2.0,2.0,keeper tracking 20-21,M83
2020-21,Khris Middleton,Khris Middleton,Jason,1.0,1.0,keeper tracking 20-21,P84
2020-21,Klay Thompson,Klay Thompson,Isaac,1.0,1.0,keeper tracking 20-21,M85
2020-21,Kristaps Porzingis,Kristaps Porzingis,Graham,1.0,1.0,keeper tracking 20-21,J86
2020-21,Kyle Kuzma,Kyle Kuzma,Josh,1.0,1.0,keeper tracking 20-21,G87
2020-21,Kyle Lowry,Kyle Lowry,Isaac,1.0,1.0,keeper tracking 20-21,M88
2020-21,Kyrie Irving,Kyrie Irving,Brent,1.0,1.0,keeper tracking 20-21,H89
2020-21,Kyrie Irving,Kyrie Irving,Jason,2.0,2.0,keeper tracking 20-21,P89
2020-21,LaMelo Ball,LaMelo Ball,Alvin,1.0,1.0,keeper tracking 20-21,N90
2020-21,Lauri Markkanen,Lauri Markkanen,Joe,1.0,1.0,keeper tracking 20-21,D91
2020-21,Lauri Markkanen,Lauri Markkanen,Kerry,2.0,2.0,keeper tracking 20-21,E91
2020-21,LeBron James,LeBron James,Brent,1.0,1.0,keeper tracking 20-21,H92
2020-21,LeBron James,LeBron James,Peter,2.0,2.0,keeper tracking 20-21,K92
2020-21,LeBron James,LeBron James,Arthur,3.0,3.0,keeper tracking 20-21,L92
2020-21,Lonzo Ball,Lonzo Ball,Darren,1.0,1.0,keeper tracking 20-21,I93
2020-21,Luguentz Dort,Luguentz Dort,Josh,1.0,1.0,keeper tracking 20-21,G94
2020-21,Luguentz Dort,Luguentz Dort,Arthur,2.0,2.0,keeper tracking 20-21,L94
2020-21,Luka Doncic,Luka Doncic,Jason,1.0,1.0,keeper tracking 20-21,P95
2020-21,Malcolm Brogdon,Malcolm Brogdon,Kerry,1.0,1.0,keeper tracking 20-21,E96
2020-21,Malcolm Brogdon,Malcolm Brogdon,Benji,2.0,2.0,keeper tracking 20-21,F96
2020-21,Malcolm Brogdon,Malcolm Brogdon,Graham,3.0,3.0,keeper tracking 20-21,J96
2020-21,Malik Beasley,Malik Beasley,Joe,1.0,1.0,keeper tracking 20-21,D97
2020-21,Marc Gasol,Marc Gasol,Joe,1.0,1.0,keeper tracking 20-21,D98
2020-21,Marcus Smart,Marcus Smart,Graham,1.0,1.0,keeper tracking 20-21,J99
2020-21,Marvin Bagley III,Marvin Bagley III,Joe,1.0,1.0,keeper tracking 20-21,D100
2020-21,Marvin Bagley III,Marvin Bagley III,Darren,2.0,2.0,keeper tracking 20-21,I100
2020-21,Mason Plumlee,Mason Plumlee,Darren,1.0,1.0,keeper tracking 20-21,I101
2020-21,Michael Porter Jr.,Michael Porter Jr.,Ron,1.0,1.0,keeper tracking 20-21,B102
2020-21,Michael Porter Jr.,Michael Porter Jr.,Isaac,2.0,2.0,keeper tracking 20-21,M102
2020-21,Michael Porter Jr.,Michael Porter Jr.,Jason,3.0,3.0,keeper tracking 20-21,P102
2020-21,Mikal Bridges,Mikal Bridges,Joe,1.0,1.0,keeper tracking 20-21,D103
2020-21,Mike Conley,Mike Conley,Graham,1.0,1.0,keeper tracking 20-21,J104
2020-21,Miles Bridges,Miles Bridges,Max,1.0,1.0,keeper tracking 20-21,C105
2020-21,Miles Bridges,Miles Bridges,Graham,2.0,2.0,keeper tracking 20-21,J105
2020-21,Montrezl Harrell,Montrezl Harrell,Josh,1.0,1.0,keeper tracking 20-21,G106
2020-21,Nikola Jokic,Nikola Jokic,Peter,1.0,1.0,keeper tracking 20-21,K107
2020-21,Nikola Jokic,Nikola Jokic,Arthur,2.0,2.0,keeper tracking 20-21,L107
2020-21,Nikola Vucevic,Nikola Vucevic,Joe,1.0,1.0,keeper tracking 20-21,D108
2020-21,Nikola Vucevic,Nikola Vucevic,Alvin,2.0,2.0,keeper tracking 20-21,N108
2020-21,Nikola Vucevic,Nikola Vucevic,Jason,3.0,3.0,keeper tracking 20-21,P108
2020-21,Norman Powell,Norman Powell,Joe,1.0,1.0,keeper tracking 20-21,D109
2020-21,OG Anunoby,OG Anunoby,Peter,1.0,1.0,keeper tracking 20-21,K110
2020-21,Pascal Siakam,Pascal Siakam,Ron,1.0,1.0,keeper tracking 20-21,B111
2020-21,Pascal Siakam,Pascal Siakam,Max,2.0,2.0,keeper tracking 20-21,C111
2020-21,Pascal Siakam,Pascal Siakam,Isaac,3.0,3.0,keeper tracking 20-21,M111
2020-21,Pascal Siakam,Pascal Siakam,Alvin,4.0,4.0,keeper tracking 20-21,N111
2020-21,Patrick Williams,Patrick Williams,Max,1.0,1.0,keeper tracking 20-21,C112
2020-21,Patrick Williams,Patrick Williams,Kerry,2.0,2.0,keeper tracking 20-21,E112
2020-21,Paul George,Paul George,Joe,1.0,1.0,keeper tracking 20-21,D113
2020-21,Paul George,Paul George,Josh,2.0,2.0,keeper tracking 20-21,G113
2020-21,Paul George,Paul George,Alvin,3.0,3.0,keeper tracking 20-21,N113
2020-21,RJ Barrett,RJ Barrett,Josh,1.0,1.0,keeper tracking 20-21,G115
2020-21,Richaun Holmes,Richaun Holmes,Brent,1.0,1.0,keeper tracking 20-21,H114
2020-21,Robert Covington,Robert Covington,Graham,1.0,1.0,keeper tracking 20-21,J116
2020-21,Robert Covington,Robert Covington,Peter,2.0,2.0,keeper tracking 20-21,K116
2020-21,Robert Williams III,Robert Williams,Brent,1.0,1.0,keeper tracking 20-21,H117
2020-21,Robert Williams III,Robert Williams,Peter,2.0,2.0,keeper tracking 20-21,K117
2020-21,Robert Williams III,Robert Williams,Arthur,3.0,3.0,keeper tracking 20-21,L117
2020-21,Rudy Gay,Rudy Gay,Joe,1.0,1.0,keeper tracking 20-21,D118
2020-21,Rudy Gay,Rudy Gay,Benji,2.0,2.0,keeper tracking 20-21,F118
2020-21,Rudy Gobert,Rudy Gobert,Benji,1.0,1.0,keeper tracking 20-21,F119
2020-21,Rudy Gobert,Rudy Gobert,Arthur,2.0,2.0,keeper tracking 20-21,L119
2020-21,Rudy Gobert,Rudy Gobert,Isaac,3.0,3.0,keeper tracking 20-21,M119
2020-21,Russell Westbrook,Russell Westbrook,Benji,1.0,1.0,keeper tracking 20-21,F120
2020-21,Russell Westbrook,Russell Westbrook,Josh,2.0,2.0,keeper tracking 20-21,G120
2020-21,Russell Westbrook,Russell Westbrook,Brent,3.0,3.0,keeper tracking 20-21,H120
2020-21,Russell Westbrook,Russell Westbrook,Arthur,4.0,4.0,keeper tracking 20-21,L120
2020-21,Shai Gilgeous-Alexander,Shai Gilgeous-Alexander,Darren,1.0,1.0,keeper tracking 20-21,I121
2020-21,Shake Milton,Shake Milton,Benji,1.0,1.0,keeper tracking 20-21,F122
2020-21,Stephen Curry,Stephen Curry,Josh,1.0,1.0,keeper tracking 20-21,G123
2020-21,Stephen Curry,Stephen Curry,Jason,2.0,2.0,keeper tracking 20-21,P123
2020-21,Terry Rozier,Terry Rozier,Alvin,1.0,1.0,keeper tracking 20-21,N124
2020-21,Tim Hardaway Jr.,Tim Hardaway Jr.,Josh,1.0,1.0,keeper tracking 20-21,G125
2020-21,Tomas Satoransky,Tomas Satoransky,Darren,1.0,1.0,keeper tracking 20-21,I126
2020-21,Trae Young,Trae Young,Kerry,1.0,1.0,keeper tracking 20-21,E127
2020-21,Trae Young,Trae Young,Arthur,2.0,2.0,keeper tracking 20-21,L127
2020-21,Trae Young,Trae Young,Jason,3.0,3.0,keeper tracking 20-21,P127
2020-21,Tyrese Haliburton,Tyrese Haliburton,Brent,1.0,1.0,keeper tracking 20-21,H128
2020-21,Tyrese Haliburton,Tyrese Haliburton,Alvin,2.0,2.0,keeper tracking 20-21,N128
2020-21,Zach LaVine,Zach LaVine,Ian,1.0,1.0,keeper tracking 20-21,O129
2020-21,Zion Williamson,Zion Williamson,Brent,1.0,1.0,keeper tracking 20-21,H130
2019-20,Aaron Gordon,Aaron Gordon,John,1.0,1.0,keeper tracking 19-20,F2
2019-20,Al Horford,Al Horford,Joe,1.0,1.0,keeper tracking 19-20,B3
2019-20,Al Horford,Al Horford,Brent,2.0,2.0,keeper tracking 19-20,C3
2019-20,Al Horford,Al Horford,John,3.0,3.0,keeper tracking 19-20,F3
2019-20,Al Horford,Al Horford,Max,4.0,4.0,keeper tracking 19-20,K3
2019-20,Al Horford,Al Horford,Jason,5.0,5.0,keeper tracking 19-20,O3
2019-20,Alex Len,Alex Len,Graham,1.0,1.0,keeper tracking 19-20,E4
2019-20,Andre Drummond,Andre Drummond,Josh,1.0,1.0,keeper tracking 19-20,H5
2019-20,Andre Drummond,Andre Drummond,Kerry,2.0,2.0,keeper tracking 19-20,N5
2019-20,Anthony Davis,Anthony Davis,Alvin,1.0,1.0,keeper tracking 19-20,P6
2019-20,Bam Adebayo,Bam Adebayo,Ian,1.0,1.0,keeper tracking 19-20,D7
2019-20,Bam Adebayo,Bam Adebayo,Arthur,2.0,2.0,keeper tracking 19-20,M7
2019-20,Ben Simmons,Ben Simmons,John,1.0,1.0,keeper tracking 19-20,F8
2019-20,Ben Simmons,Ben Simmons,Josh,2.0,2.0,keeper tracking 19-20,H8
2019-20,Bojan Bogdanovic,Bojan Bogdanovic,Arthur,1.0,1.0,keeper tracking 19-20,M9
2019-20,Bradley Beal,Bradley Beal,Darren,1.0,1.0,keeper tracking 19-20,J10
2019-20,Bradley Beal,Bradley Beal,Jason,2.0,2.0,keeper tracking 19-20,O10
2019-20,Brandon Clarke,Brandon Clarke,Brent,1.0,1.0,keeper tracking 19-20,C11
2019-20,Brandon Ingram,Brandon Ingram,John,1.0,1.0,keeper tracking 19-20,F12
2019-20,Brandon Ingram,Brandon Ingram,Darren,2.0,2.0,keeper tracking 19-20,J12
2019-20,Brandon Ingram,Brandon Ingram,Kerry,3.0,3.0,keeper tracking 19-20,N12
2019-20,Brook Lopez,Brook Lopez,John,1.0,1.0,keeper tracking 19-20,F13
2019-20,Brook Lopez,Brook Lopez,Peter,2.0,2.0,keeper tracking 19-20,L13
2019-20,Buddy Hield,Buddy Hield,Peter,1.0,1.0,keeper tracking 19-20,L14
2019-20,CJ McCollum,CJ McCollum,Kerry,1.0,1.0,keeper tracking 19-20,N19
2019-20,Cam Reddish,Cam Reddish,Brent,1.0,1.0,keeper tracking 19-20,C15
2019-20,Caris LeVert,Caris LeVert,Arthur,1.0,1.0,keeper tracking 19-20,M16
2019-20,Cedi Osman,Cedi Osman,Graham,1.0,1.0,keeper tracking 19-20,E17
2019-20,Chris Paul,Chris Paul,Brent,1.0,1.0,keeper tracking 19-20,C18
2019-20,Chris Paul,Chris Paul,Kerry,2.0,2.0,keeper tracking 19-20,N18
2019-20,Clint Capela,Clint Capela,Brent,1.0,1.0,keeper tracking 19-20,C20
2019-20,Coby White,Coby White,Jason,1.0,1.0,keeper tracking 19-20,O21
2019-20,Cody Zeller,Cody Zeller,Brent,1.0,1.0,keeper tracking 19-20,C22
2019-20,Collin Sexton,Collin Sexton,Joe,1.0,1.0,keeper tracking 19-20,B23
2019-20,Collin Sexton,Collin Sexton,Peter,2.0,2.0,keeper tracking 19-20,L23
2019-20,D'Angelo Russell,D'Angelo Russell,Benji,1.0,1.0,keeper tracking 19-20,G24
2019-20,D'Angelo Russell,D'Angelo Russell,Max,2.0,2.0,keeper tracking 19-20,K24
2019-20,D'Angelo Russell,D'Angelo Russell,Peter,3.0,3.0,keeper tracking 19-20,L24
2019-20,Damian Lillard,Damian Lillard,Graham,1.0,1.0,keeper tracking 19-20,E25
2019-20,Damian Lillard,Damian Lillard,Benji,2.0,2.0,keeper tracking 19-20,G25
2019-20,Damian Lillard,Damian Lillard,Arthur,3.0,3.0,keeper tracking 19-20,M25
2019-20,Danilo Gallinari,Danilo Gallinari,Peter,1.0,1.0,keeper tracking 19-20,L26
2019-20,Danuel House Jr.,Danuel House Jr.,Brent,1.0,1.0,keeper tracking 19-20,C27
2019-20,Danuel House Jr.,Danuel House Jr.,Ron,2.0,2.0,keeper tracking 19-20,I27
2019-20,Danuel House Jr.,Danuel House Jr.,Darren,3.0,3.0,keeper tracking 19-20,J27
2019-20,Darius Garland,Darius Garland,Brent,1.0,1.0,keeper tracking 19-20,C28
2019-20,Davis Bertans,Davis Bertans,Joe,1.0,1.0,keeper tracking 19-20,B29
2019-20,Davis Bertans,Davis Bertans,Kerry,2.0,2.0,keeper tracking 19-20,N29
2019-20,De'Aaron Fox,De'Aaron Fox,Max,1.0,1.0,keeper tracking 19-20,K30
2019-20,De'Aaron Fox,De'Aaron Fox,Jason,2.0,2.0,keeper tracking 19-20,O30
2019-20,De'Andre Hunter,De'Andre Hunter,Brent,1.0,1.0,keeper tracking 19-20,C31
2019-20,DeMar DeRozan,DeMar DeRozan,Max,1.0,1.0,keeper tracking 19-20,K33
2019-20,DeMar DeRozan,DeMar DeRozan,Jason,2.0,2.0,keeper tracking 19-20,O33
2019-20,Deandre Ayton,Deandre Ayton,Jason,1.0,1.0,keeper tracking 19-20,O32
2019-20,Dennis Schroder,Dennis Schroder,Joe,1.0,1.0,keeper tracking 19-20,B34
2019-20,Dennis Schroder,Dennis Schroder,Peter,2.0,2.0,keeper tracking 19-20,L34
2019-20,Derrick Favors,Derrick Favors,Joe,1.0,1.0,keeper tracking 19-20,B35
2019-20,Derrick Favors,Derrick Favors,Ian,2.0,2.0,keeper tracking 19-20,D35
2019-20,Derrick Favors,Derrick Favors,John,3.0,3.0,keeper tracking 19-20,F35
2019-20,Derrick Favors,Derrick Favors,Benji,4.0,4.0,keeper tracking 19-20,G35
2019-20,Derrick Favors,Derrick Favors,Darren,5.0,5.0,keeper tracking 19-20,J35
2019-20,Derrick Favors,Derrick Favors,Max,6.0,6.0,keeper tracking 19-20,K35
2019-20,Derrick White,Derrick White,Graham,1.0,1.0,keeper tracking 19-20,E36
2019-20,Devin Booker,Devin Booker,John,1.0,1.0,keeper tracking 19-20,F37
2019-20,Devin Booker,Devin Booker,Kerry,2.0,2.0,keeper tracking 19-20,N37
2019-20,Dillon Brooks,Dillon Brooks,Ian,1.0,1.0,keeper tracking 19-20,D38
2019-20,Dillon Brooks,Dillon Brooks,Josh,2.0,2.0,keeper tracking 19-20,H38
2019-20,Dillon Brooks,Dillon Brooks,Peter,3.0,3.0,keeper tracking 19-20,L38
2019-20,Domantas Sabonis,Domantas Sabonis,Ron,1.0,1.0,keeper tracking 19-20,I39
2019-20,Domantas Sabonis,Domantas Sabonis,Arthur,2.0,2.0,keeper tracking 19-20,M39
2019-20,Donovan Mitchell,Donovan Mitchell,Alvin,1.0,1.0,keeper tracking 19-20,P40
2019-20,Draymond Green,Draymond Green,John,1.0,1.0,keeper tracking 19-20,F41
2019-20,Dwight Powell,Dwight Powell,Graham,1.0,1.0,keeper tracking 19-20,E42
2019-20,Elfrid Payton,Elfrid Payton,Darren,1.0,1.0,keeper tracking 19-20,J43
2019-20,Enes Kanter,Enes Kanter,Darren,1.0,1.0,keeper tracking 19-20,J44
2019-20,Eric Bledsoe,Eric Bledsoe,Kerry,1.0,1.0,keeper tracking 19-20,N45
2019-20,Eric Gordon,Eric Gordon,Ron,1.0,1.0,keeper tracking 19-20,I46
2019-20,Evan Fournier,Evan Fournier,John,1.0,1.0,keeper tracking 19-20,F47
2019-20,Evan Fournier,Evan Fournier,Benji,2.0,2.0,keeper tracking 19-20,G47
2019-20,Evan Fournier,Evan Fournier,Josh,3.0,3.0,keeper tracking 19-20,H47
2019-20,Evan Fournier,Evan Fournier,Darren,4.0,4.0,keeper tracking 19-20,J47
2019-20,Fred VanVleet,Fred VanVleet,Alvin,1.0,1.0,keeper tracking 19-20,P48
2019-20,Gary Harris,Gary Harris,John,1.0,1.0,keeper tracking 19-20,F49
2019-20,Gary Harris,Gary Harris,Benji,2.0,2.0,keeper tracking 19-20,G49
2019-20,Giannis Antetokounmpo,Giannis Antetokounmpo,Graham,1.0,1.0,keeper tracking 19-20,E50
2019-20,Giannis Antetokounmpo,Giannis Antetokounmpo,Jason,2.0,2.0,keeper tracking 19-20,O50
2019-20,Gordon Hayward,Gordon Hayward,Alvin,1.0,1.0,keeper tracking 19-20,P51
2019-20,Hassan Whiteside,Hassan Whiteside,Max,1.0,1.0,keeper tracking 19-20,K52
2019-20,Hassan Whiteside,Hassan Whiteside,Kerry,2.0,2.0,keeper tracking 19-20,N52
2019-20,JJ Redick,JJ Redick,Ron,1.0,1.0,keeper tracking 19-20,I60
2019-20,Ja Morant,Ja Morant,Joe,1.0,1.0,keeper tracking 19-20,B53
2019-20,Ja Morant,Ja Morant,Ron,2.0,2.0,keeper tracking 19-20,I53
2019-20,Ja Morant,Ja Morant,Peter,3.0,3.0,keeper tracking 19-20,L53
2019-20,Jabari Parker,Jabari Parker,Graham,1.0,1.0,keeper tracking 19-20,E54
2019-20,Jamal Murray,Jamal Murray,Josh,1.0,1.0,keeper tracking 19-20,H55
2019-20,Jamal Murray,Jamal Murray,Max,2.0,2.0,keeper tracking 19-20,K55
2019-20,Jamal Murray,Jamal Murray,Kerry,3.0,3.0,keeper tracking 19-20,N55
2019-20,James Harden,James Harden,Jason,1.0,1.0,keeper tracking 19-20,O56
2019-20,Jayson Tatum,Jayson Tatum,Benji,1.0,1.0,keeper tracking 19-20,G57
2019-20,Jayson Tatum,Jayson Tatum,Jason,2.0,2.0,keeper tracking 19-20,O57
2019-20,Jeremy Lamb,Jeremy Lamb,Joe,1.0,1.0,keeper tracking 19-20,B58
2019-20,Jimmy Butler,Jimmy Butler,Arthur,1.0,1.0,keeper tracking 19-20,M59
2019-20,Joe Harris,Joe Harris,Joe,1.0,1.0,keeper tracking 19-20,B61
2019-20,Joe Harris,Joe Harris,Brent,2.0,2.0,keeper tracking 19-20,C61
2019-20,Joe Harris,Joe Harris,Graham,3.0,3.0,keeper tracking 19-20,E61
2019-20,Joe Ingles,Joe Ingles,Ian,1.0,1.0,keeper tracking 19-20,D62
2019-20,Joel Embiid,Joel Embiid,Arthur,1.0,1.0,keeper tracking 19-20,M63
2019-20,John Collins,John Collins,Kerry,1.0,1.0,keeper tracking 19-20,N64
2019-20,John Wall,John Wall,Josh,1.0,1.0,keeper tracking 19-20,H65
2019-20,Jonas Valanciunas,Jonas Valanciunas,Peter,1.0,1.0,keeper tracking 19-20,L66
2019-20,Jordan Clarkson,Jordan Clarkson,Ian,1.0,1.0,keeper tracking 19-20,D67
2019-20,Josh Richardson,Josh Richardson,Joe,1.0,1.0,keeper tracking 19-20,B68
2019-20,Jrue Holiday,Jrue Holiday,John,1.0,1.0,keeper tracking 19-20,F69
2019-20,Jrue Holiday,Jrue Holiday,Josh,2.0,2.0,keeper tracking 19-20,H69
2019-20,Jrue Holiday,Jrue Holiday,Arthur,3.0,3.0,keeper tracking 19-20,M69
2019-20,Julius Randle,Julius Randle,Ian,1.0,1.0,keeper tracking 19-20,D70
2019-20,Julius Randle,Julius Randle,Arthur,2.0,2.0,keeper tracking 19-20,M70
2019-20,Jusuf Nurkic,Jusuf Nurkic,John,1.0,1.0,keeper tracking 19-20,F71
2019-20,Karl-Anthony Towns,Karl-Anthony Towns,Ron,1.0,1.0,keeper tracking 19-20,I72
2019-20,Karl-Anthony Towns,Karl-Anthony Towns,Jason,2.0,2.0,keeper tracking 19-20,O72
2019-20,Kawhi Leonard,Kawhi Leonard,Max,1.0,1.0,keeper tracking 19-20,K73
2019-20,Kawhi Leonard,Kawhi Leonard,Alvin,2.0,2.0,keeper tracking 19-20,P73
2019-20,Kelly Oubre Jr.,Kelly Oubre Jr.,Darren,1.0,1.0,keeper tracking 19-20,J74
2019-20,Kemba Walker,Kemba Walker,Ian,1.0,1.0,keeper tracking 19-20,D75
2019-20,Kemba Walker,Kemba Walker,Ron,2.0,2.0,keeper tracking 19-20,I75
2019-20,Kemba Walker,Kemba Walker,Darren,3.0,3.0,keeper tracking 19-20,J75
2019-20,Kemba Walker,Kemba Walker,Max,4.0,4.0,keeper tracking 19-20,K75
2019-20,Kemba Walker,Kemba Walker,Arthur,5.0,5.0,keeper tracking 19-20,M75
2019-20,Kevin Durant,Kevin Durant,Peter,1.0,1.0,keeper tracking 19-20,L76
2019-20,Kevin Huerter,Kevin Huerter,Brent,1.0,1.0,keeper tracking 19-20,C77
2019-20,Kevin Love,Kevin Love,John,1.0,1.0,keeper tracking 19-20,F78
2019-20,Kevin Love,Kevin Love,Alvin,2.0,2.0,keeper tracking 19-20,P78
2019-20,Khris Middleton,Khris Middleton,Alvin,1.0,1.0,keeper tracking 19-20,P79
2019-20,Klay Thompson,Klay Thompson,Ian,1.0,1.0,keeper tracking 19-20,D80
2019-20,Kristaps Porzingis,Kristaps Porzingis,Alvin,1.0,1.0,keeper tracking 19-20,P81
2019-20,Kyle Kuzma,Kyle Kuzma,Graham,1.0,1.0,keeper tracking 19-20,E82
2019-20,Kyle Lowry,Kyle Lowry,Alvin,1.0,1.0,keeper tracking 19-20,P83
2019-20,Kyrie Irving,Kyrie Irving,Brent,1.0,1.0,keeper tracking 19-20,C84
2019-20,LaMarcus Aldridge,LaMarcus Aldridge,John,1.0,1.0,keeper tracking 19-20,F85
2019-20,LaMarcus Aldridge,LaMarcus Aldridge,Peter,2.0,2.0,keeper tracking 19-20,L85
2019-20,Larry Nance Jr.,Larry Nance Jr.,Joe,1.0,1.0,keeper tracking 19-20,B86
2019-20,Lauri Markkanen,Lauri Markkanen,Josh,1.0,1.0,keeper tracking 19-20,H87
2019-20,LeBron James,LeBron James,Josh,1.0,1.0,keeper tracking 19-20,H88
2019-20,LeBron James,LeBron James,Ron,2.0,2.0,keeper tracking 19-20,I88
2019-20,LeBron James,LeBron James,Alvin,3.0,3.0,keeper tracking 19-20,P88
2019-20,Lonzo Ball,Lonzo Ball,Ron,1.0,1.0,keeper tracking 19-20,I89
2019-20,Lonzo Ball,Lonzo Ball,Kerry,2.0,2.0,keeper tracking 19-20,N89
2019-20,Lou Williams,Lou Williams,Josh,1.0,1.0,keeper tracking 19-20,H90
2019-20,Lou Williams,Lou Williams,Max,2.0,2.0,keeper tracking 19-20,K90
2019-20,Luka Doncic,Luka Doncic,Jason,1.0,1.0,keeper tracking 19-20,O91
2019-20,Malcolm Brogdon,Malcolm Brogdon,Ron,1.0,1.0,keeper tracking 19-20,I92
2019-20,Malcolm Brogdon,Malcolm Brogdon,Darren,2.0,2.0,keeper tracking 19-20,J92
2019-20,Marcus Morris Sr,Marcus Morris,Benji,1.0,1.0,keeper tracking 19-20,G93
2019-20,Marcus Morris Sr,Marcus Morris,Darren,2.0,2.0,keeper tracking 19-20,J93
2019-20,Marcus Smart,Marcus Smart,Josh,1.0,1.0,keeper tracking 19-20,H94
2019-20,Marcus Smart,Marcus Smart,Peter,2.0,2.0,keeper tracking 19-20,L94
2019-20,Marvin Bagley III,Marvin Bagley III,John,1.0,1.0,keeper tracking 19-20,F95
2019-20,Mikal Bridges,Mikal Bridges,Darren,1.0,1.0,keeper tracking 19-20,J96
2019-20,Mikal Bridges,Mikal Bridges,Kerry,2.0,2.0,keeper tracking 19-20,N96
2019-20,Mike Conley,Mike Conley,Joe,1.0,1.0,keeper tracking 19-20,B97
2019-20,Mike Conley,Mike Conley,John,2.0,2.0,keeper tracking 19-20,F97
2019-20,Mitchell Robinson,Mitchell Robinson,Arthur,1.0,1.0,keeper tracking 19-20,M98
2019-20,Myles Turner,Myles Turner,Alvin,1.0,1.0,keeper tracking 19-20,P99
2019-20,Nicolas Batum,Nicolas Batum,Graham,1.0,1.0,keeper tracking 19-20,E100
2019-20,Nikola Jokic,Nikola Jokic,Peter,1.0,1.0,keeper tracking 19-20,L101
2019-20,Nikola Vucevic,Nikola Vucevic,Brent,1.0,1.0,keeper tracking 19-20,C102
2019-20,Nikola Vucevic,Nikola Vucevic,Jason,2.0,2.0,keeper tracking 19-20,O102
2019-20,Norman Powell,Norman Powell,Benji,1.0,1.0,keeper tracking 19-20,G103
2019-20,Norman Powell,Norman Powell,Jason,2.0,2.0,keeper tracking 19-20,O103
2019-20,OG Anunoby,OG Anunoby,Ian,1.0,1.0,keeper tracking 19-20,D104
2019-20,OG Anunoby,OG Anunoby,Benji,2.0,2.0,keeper tracking 19-20,G104
2019-20,Otto Porter Jr,Otto Porter Jr.,Joe,1.0,1.0,keeper tracking 19-20,B105
2019-20,Pascal Siakam,Pascal Siakam,Ron,1.0,1.0,keeper tracking 19-20,I106
2019-20,Pascal Siakam,Pascal Siakam,Max,2.0,2.0,keeper tracking 19-20,K106
2019-20,Pascal Siakam,Pascal Siakam,Alvin,3.0,3.0,keeper tracking 19-20,P106
2019-20,Paul George,Paul George,Max,1.0,1.0,keeper tracking 19-20,K107
2019-20,Paul George,Paul George,Arthur,2.0,2.0,keeper tracking 19-20,M107
2019-20,Paul Millsap,Paul Millsap,Benji,1.0,1.0,keeper tracking 19-20,G108
2019-20,RJ Barrett,RJ Barrett,Ian,1.0,1.0,keeper tracking 19-20,D110
2019-20,Ricky Rubio,Ricky Rubio,Ron,1.0,1.0,keeper tracking 19-20,I109
2019-20,Ricky Rubio,Ricky Rubio,Jason,2.0,2.0,keeper tracking 19-20,O109
2019-20,Robert Covington,Robert Covington,Josh,1.0,1.0,keeper tracking 19-20,H111
2019-20,Robert Covington,Robert Covington,Ron,2.0,2.0,keeper tracking 19-20,I111
2019-20,Robert Covington,Robert Covington,Jason,3.0,3.0,keeper tracking 19-20,O111
2019-20,Rudy Gobert,Rudy Gobert,Max,1.0,1.0,keeper tracking 19-20,K112
2019-20,Rudy Gobert,Rudy Gobert,Kerry,2.0,2.0,keeper tracking 19-20,N112
2019-20,Russell Westbrook,Russell Westbrook,Benji,1.0,1.0,keeper tracking 19-20,G113
2019-20,Russell Westbrook,Russell Westbrook,Max,2.0,2.0,keeper tracking 19-20,K113
2019-20,Russell Westbrook,Russell Westbrook,Arthur,3.0,3.0,keeper tracking 19-20,M113
2019-20,Serge Ibaka,Serge Ibaka,Benji,1.0,1.0,keeper tracking 19-20,G114
2019-20,Serge Ibaka,Serge Ibaka,Darren,2.0,2.0,keeper tracking 19-20,J114
2019-20,Serge Ibaka,Serge Ibaka,Jason,3.0,3.0,keeper tracking 19-20,O114
2019-20,Shai Gilgeous-Alexander,Shai Gilgeous-Alexander,Darren,1.0,1.0,keeper tracking 19-20,J115
2019-20,Shai Gilgeous-Alexander,Shai Gilgeous-Alexander,Alvin,2.0,2.0,keeper tracking 19-20,P115
2019-20,Spencer Dinwiddie,Spencer Dinwiddie,Benji,1.0,1.0,keeper tracking 19-20,G116
2019-20,Spencer Dinwiddie,Spencer Dinwiddie,Max,2.0,2.0,keeper tracking 19-20,K116
2019-20,Spencer Dinwiddie,Spencer Dinwiddie,Peter,3.0,3.0,keeper tracking 19-20,L116
2019-20,Stephen Curry,Steph Curry,Alvin,1.0,1.0,keeper tracking 19-20,P117
2019-20,Steven Adams,Steven Adams,Benji,1.0,1.0,keeper tracking 19-20,G118
2019-20,TJ Warren,TJ Warren,Arthur,1.0,1.0,keeper tracking 19-20,M122
2019-20,Terry Rozier,Terry Rozier,Brent,1.0,1.0,keeper tracking 19-20,C119
2019-20,Terry Rozier,Terry Rozier,Graham,2.0,2.0,keeper tracking 19-20,E119
2019-20,Thaddeus Young,Thaddeus Young,Ron,1.0,1.0,keeper tracking 19-20,I120
2019-20,Tim Hardaway Jr.,Tim Hardaway Jr.,Graham,1.0,1.0,keeper tracking 19-20,E121
2019-20,Tobias Harris,Tobias Harris,Kerry,1.0,1.0,keeper tracking 19-20,N123
2019-20,Tomas Satoransky,Tomas Satoransky,Ron,1.0,1.0,keeper tracking 19-20,I124
2019-20,Trae Young,Trae Young,Kerry,1.0,1.0,keeper tracking 19-20,N125
2019-20,Tristan Thompson,Tristan Thompson,Graham,1.0,1.0,keeper tracking 19-20,E126
2019-20,Tristan Thompson,Tristan Thompson,Benji,2.0,2.0,keeper tracking 19-20,G126
2019-20,Will Barton,Will Barton,Ian,1.0,1.0,keeper tracking 19-20,D127
2019-20,Zach LaVine,Zach LaVine,Ian,1.0,1.0,keeper tracking 19-20,D128
2019-20,Zach LaVine,Zach LaVine,Alvin,2.0,2.0,keeper tracking 19-20,P128
2019-20,Zion Williamson,Zion Williamson,Brent,1.0,1.0,keeper tracking 19-20,C129
2019-20,Zion Williamson,Zion Williamson,Alvin,2.0,2.0,keeper tracking 19-20,P129
2018-19,Aaron Gordon,Aaron Gordon,Josh,1.0,1.0,keeper tracking 18-19,H2
2018-19,Aaron Gordon,Aaron Gordon,Brent,2.0,2.0,keeper tracking 18-19,J2
2018-19,Al Horford,Al Horford,Jason,1.0,1.0,keeper tracking 18-19,O3
2018-19,Al-Farouq Aminu,Al-Farouq Aminu,Max,1.0,1.0,keeper tracking 18-19,G4
2018-19,Andre Drummond,Andre Drummond,Josh,1.0,1.0,keeper tracking 18-19,H5
2018-19,Andre Drummond,Andre Drummond,Jason,2.0,2.0,keeper tracking 18-19,O5
2018-19,Anthony Davis,Anthony Davis,Graham,1.0,1.0,keeper tracking 18-19,K6
2018-19,Anthony Davis,Anthony Davis,Ian,2.0,2.0,keeper tracking 18-19,M6
2018-19,Anthony Davis,Anthony Davis,Arthur,3.0,3.0,keeper tracking 18-19,P6
2018-19,Bam Adebayo,Bam Adebayo,Benji,1.0,1.0,keeper tracking 18-19,D7
2018-19,Ben Simmons,Ben Simmons,Darren,1.0,1.0,keeper tracking 18-19,B8
2018-19,Ben Simmons,Ben Simmons,Ian,2.0,2.0,keeper tracking 18-19,M8
2018-19,Blake Griffin,Blake Griffin,Joe,1.0,1.0,keeper tracking 18-19,F9
2018-19,Bogdan Bogdanovic,Bogdan Bogdanovic,Ron,1.0,1.0,keeper tracking 18-19,E10
2018-19,Bogdan Bogdanovic,Bogdan Bogdanovic,Ian,2.0,2.0,keeper tracking 18-19,M10
2018-19,Bojan Bogdanovic,Bojan Bogdanovic,Max,1.0,1.0,keeper tracking 18-19,G11
2018-19,Bojan Bogdanovic,Bojan Bogdanovic,Josh,2.0,2.0,keeper tracking 18-19,H11
2018-19,Bradley Beal,Bradley Beal,Darren,1.0,1.0,keeper tracking 18-19,B12
2018-19,Bradley Beal,Bradley Beal,Alvin,2.0,2.0,keeper tracking 18-19,L12
2018-19,Bradley Beal,Bradley Beal,Arthur,3.0,3.0,keeper tracking 18-19,P12
2018-19,Brandon Ingram,Brandon Ingram,Max,1.0,1.0,keeper tracking 18-19,G13
2018-19,Brook Lopez,Brook Lopez,Brent,1.0,1.0,keeper tracking 18-19,J14
2018-19,Brook Lopez,Brook Lopez,Peter,2.0,2.0,keeper tracking 18-19,N14
2018-19,Buddy Hield,Buddy Hield,Peter,1.0,1.0,keeper tracking 18-19,N15
2018-19,CJ McCollum,CJ McCollum,Ron,1.0,1.0,keeper tracking 18-19,E18
2018-19,CJ McCollum,CJ McCollum,John,2.0,2.0,keeper tracking 18-19,I18
2018-19,CJ McCollum,CJ McCollum,Graham,3.0,3.0,keeper tracking 18-19,K18
2018-19,Cedi Osman,Cedi Osman,Benji,1.0,1.0,keeper tracking 18-19,D16
2018-19,Cedi Osman,Cedi Osman,Joe,2.0,2.0,keeper tracking 18-19,F16
2018-19,Chris Paul,Chris Paul,Max,1.0,1.0,keeper tracking 18-19,G17
2018-19,Chris Paul,Chris Paul,Brent,2.0,2.0,keeper tracking 18-19,J17
2018-19,Chris Paul,Chris Paul,Peter,3.0,3.0,keeper tracking 18-19,N17
2018-19,Clint Capela,Clint Capela,Max,1.0,1.0,keeper tracking 18-19,G19
2018-19,Clint Capela,Clint Capela,Alvin,2.0,2.0,keeper tracking 18-19,L19
2018-19,Collin Sexton,Collin Sexton,Ron,1.0,1.0,keeper tracking 18-19,E20
2018-19,Collin Sexton,Collin Sexton,Ian,2.0,2.0,keeper tracking 18-19,M20
2018-19,D'Angelo Russell,D'Angelo Russell,Benji,1.0,1.0,keeper tracking 18-19,D21
2018-19,DJ Augustin,DJ Augustin,John,1.0,1.0,keeper tracking 18-19,I34
2018-19,Damian Lillard,Damian Lillard,Graham,1.0,1.0,keeper tracking 18-19,K22
2018-19,Damian Lillard,Damian Lillard,Alvin,2.0,2.0,keeper tracking 18-19,L22
2018-19,Damian Lillard,Damian Lillard,Jason,3.0,3.0,keeper tracking 18-19,O22
2018-19,Danilo Gallinari,Danilo Gallinari,Alvin,1.0,1.0,keeper tracking 18-19,L23
2018-19,Danilo Gallinari,Danilo Gallinari,Ian,2.0,2.0,keeper tracking 18-19,M23
2018-19,Danny Green,Danny Green,Brent,1.0,1.0,keeper tracking 18-19,J24
2018-19,De'Aaron Fox,De'Aaron Fox,Max,1.0,1.0,keeper tracking 18-19,G25
2018-19,De'Aaron Fox,De'Aaron Fox,Brent,2.0,2.0,keeper tracking 18-19,J25
2018-19,De'Aaron Fox,De'Aaron Fox,Graham,3.0,3.0,keeper tracking 18-19,K25
2018-19,De'Aaron Fox,De'Aaron Fox,Arthur,4.0,4.0,keeper tracking 18-19,P25
2018-19,DeAndre Jordan,DeAndre Jordan,Brent,1.0,1.0,keeper tracking 18-19,J27
2018-19,DeAndre Jordan,DeAndre Jordan,Graham,2.0,2.0,keeper tracking 18-19,K27
2018-19,DeMar DeRozan,DeMar DeRozan,Josh,1.0,1.0,keeper tracking 18-19,H28
2018-19,DeMar DeRozan,DeMar DeRozan,Graham,2.0,2.0,keeper tracking 18-19,K28
2018-19,DeMar DeRozan,DeMar DeRozan,Jason,3.0,3.0,keeper tracking 18-19,O28
2018-19,DeMarcus Cousins,DeMarcus Cousins,Ian,1.0,1.0,keeper tracking 18-19,M29
2018-19,Deandre Ayton,Deandre Ayton,Jason,1.0,1.0,keeper tracking 18-19,O26
2018-19,Derrick Favors,Derrick Favors,Joe,1.0,1.0,keeper tracking 18-19,F30
2018-19,Derrick Favors,Derrick Favors,Max,2.0,2.0,keeper tracking 18-19,G30
2018-19,Derrick White,Derrick White,Josh,1.0,1.0,keeper tracking 18-19,H31
2018-19,Devin Booker,Devin Booker,John,1.0,1.0,keeper tracking 18-19,I32
2018-19,Devin Booker,Devin Booker,Jason,2.0,2.0,keeper tracking 18-19,O32
2018-19,Dewayne Dedmon,DeWayne Dedmon,Max,1.0,1.0,keeper tracking 18-19,G33
2018-19,Dewayne Dedmon,DeWayne Dedmon,Jason,2.0,2.0,keeper tracking 18-19,O33
2018-19,Domantas Sabonis,Domantas Sabonis,Brent,1.0,1.0,keeper tracking 18-19,J35
2018-19,Donovan Mitchell,Donovan Mitchell,Alvin,1.0,1.0,keeper tracking 18-19,L36
2018-19,Dwyane Wade,Dwyane Wade,Joe,1.0,1.0,keeper tracking 18-19,F37
2018-19,Enes Kanter,Enes Kanter,Joe,1.0,1.0,keeper tracking 18-19,F38
2018-19,Eric Bledsoe,Eric Bledsoe,Graham,1.0,1.0,keeper tracking 18-19,K39
2018-19,Eric Gordon,Eric Gordon,Alvin,1.0,1.0,keeper tracking 18-19,L40
2018-19,Evan Fournier,Evan Fournier,Joe,1.0,1.0,keeper tracking 18-19,F41
2018-19,Evan Fournier,Evan Fournier,Josh,2.0,2.0,keeper tracking 18-19,H41
2018-19,Giannis Antetokounmpo,Giannis Antetokounmpo,Alvin,1.0,1.0,keeper tracking 18-19,L42
2018-19,Giannis Antetokounmpo,Giannis Antetokounmpo,Peter,2.0,2.0,keeper tracking 18-19,N42
2018-19,Giannis Antetokounmpo,Giannis Antetokounmpo,Arthur,3.0,3.0,keeper tracking 18-19,P42
2018-19,Hassan Whiteside,Hassan Whiteside,Benji,1.0,1.0,keeper tracking 18-19,D43
2018-19,Hassan Whiteside,Hassan Whiteside,Max,2.0,2.0,keeper tracking 18-19,G43
2018-19,Hassan Whiteside,Hassan Whiteside,Brent,3.0,3.0,keeper tracking 18-19,J43
2018-19,JJ Redick,JJ Redick,Kerry,1.0,1.0,keeper tracking 18-19,C53
2018-19,Jabari Parker,Jabari Parker,Alvin,1.0,1.0,keeper tracking 18-19,L44
2018-19,Jamal Murray,Jamal Murray,Ron,1.0,1.0,keeper tracking 18-19,E45
2018-19,James Harden,James Harden,Jason,1.0,1.0,keeper tracking 18-19,O46
2018-19,Jarrett Allen,Jarrett Allen,Josh,1.0,1.0,keeper tracking 18-19,H47
2018-19,Jarrett Allen,Jarrett Allen,Graham,2.0,2.0,keeper tracking 18-19,K47
2018-19,Jarrett Allen,Jarrett Allen,Alvin,3.0,3.0,keeper tracking 18-19,L47
2018-19,Jaylen Brown,Jaylen Brown,Benji,1.0,1.0,keeper tracking 18-19,D48
2018-19,Jayson Tatum,Jayson Tatum,Benji,1.0,1.0,keeper tracking 18-19,D49
2018-19,Jayson Tatum,Jayson Tatum,Peter,2.0,2.0,keeper tracking 18-19,N49
2018-19,Jeff Teague,Jeff Teague,Darren,1.0,1.0,keeper tracking 18-19,B50
2018-19,Jeff Teague,Jeff Teague,Ron,2.0,2.0,keeper tracking 18-19,E50
2018-19,Jeff Teague,Jeff Teague,Max,3.0,3.0,keeper tracking 18-19,G50
2018-19,Jerami Grant,Jerami Grant,Graham,1.0,1.0,keeper tracking 18-19,K51
2018-19,Jimmy Butler,Jimmy Butler,John,1.0,1.0,keeper tracking 18-19,I52
2018-19,Jimmy Butler,Jimmy Butler,Brent,2.0,2.0,keeper tracking 18-19,J52
2018-19,Jimmy Butler,Jimmy Butler,Jason,3.0,3.0,keeper tracking 18-19,O52
2018-19,Joe Harris,Joe Harris,Kerry,1.0,1.0,keeper tracking 18-19,C54
2018-19,Joe Harris,Joe Harris,Benji,2.0,2.0,keeper tracking 18-19,D54
2018-19,Joe Ingles,Joe Ingles,Darren,1.0,1.0,keeper tracking 18-19,B55
2018-19,Joe Ingles,Joe Ingles,Graham,2.0,2.0,keeper tracking 18-19,K55
2018-19,Joel Embiid,Joel Embiid,Arthur,1.0,1.0,keeper tracking 18-19,P56
2018-19,John Collins,John Collins,Kerry,1.0,1.0,keeper tracking 18-19,C57
2018-19,John Collins,John Collins,John,2.0,2.0,keeper tracking 18-19,I57
2018-19,John Collins,John Collins,Peter,3.0,3.0,keeper tracking 18-19,N57
2018-19,John Wall,John Wall,John,1.0,1.0,keeper tracking 18-19,I58
2018-19,Jonas Valanciunas,Jonas Valanciunas,Ian,1.0,1.0,keeper tracking 18-19,M59
2018-19,Jonathan Isaac,Jonathan Isaac,Benji,1.0,1.0,keeper tracking 18-19,D60
2018-19,Jordan Clarkson,Jordan Clarkson,Josh,1.0,1.0,keeper tracking 18-19,H61
2018-19,Josh Hart,Josh Hart,Josh,1.0,1.0,keeper tracking 18-19,H62
2018-19,Josh Richardson,Josh Richardson,Benji,1.0,1.0,keeper tracking 18-19,D63
2018-19,Josh Richardson,Josh Richardson,Ron,2.0,2.0,keeper tracking 18-19,E63
2018-19,Josh Richardson,Josh Richardson,Joe,3.0,3.0,keeper tracking 18-19,F63
2018-19,Josh Richardson,Josh Richardson,Josh,4.0,4.0,keeper tracking 18-19,H63
2018-19,Josh Richardson,Josh Richardson,John,5.0,5.0,keeper tracking 18-19,I63
2018-19,Josh Richardson,Josh Richardson,Brent,6.0,6.0,keeper tracking 18-19,J63
2018-19,Jrue Holiday,Jrue Holiday,John,1.0,1.0,keeper tracking 18-19,I64
2018-19,Jrue Holiday,Jrue Holiday,Arthur,2.0,2.0,keeper tracking 18-19,P64
2018-19,Julius Randle,Julius Randle,Ian,1.0,1.0,keeper tracking 18-19,M65
2018-19,Karl-Anthony Towns,Karl-Anthony Towns,Ron,1.0,1.0,keeper tracking 18-19,E66
2018-19,Karl-Anthony Towns,Karl-Anthony Towns,Ian,2.0,2.0,keeper tracking 18-19,M66
2018-19,Karl-Anthony Towns,Karl-Anthony Towns,Jason,3.0,3.0,keeper tracking 18-19,O66
2018-19,Kawhi Leonard,Kawhi Leonard,Arthur,1.0,1.0,keeper tracking 18-19,P67
2018-19,Kelly Olynyk,Kelly Olynyk,Joe,1.0,1.0,keeper tracking 18-19,F68
2018-19,Kelly Oubre Jr.,Kelly Oubre Jr.,Joe,1.0,1.0,keeper tracking 18-19,F69
2018-19,Kemba Walker,Kemba Walker,Ian,1.0,1.0,keeper tracking 18-19,M70
2018-19,Kemba Walker,Kemba Walker,Jason,2.0,2.0,keeper tracking 18-19,O70
2018-19,Kevin Durant,Kevin Durant,Darren,1.0,1.0,keeper tracking 18-19,B71
2018-19,Kevin Durant,Kevin Durant,Arthur,2.0,2.0,keeper tracking 18-19,P71
2018-19,Kevin Knox II,Kevin Knox,Benji,1.0,1.0,keeper tracking 18-19,D72
2018-19,Kevin Love,Kevin Love,John,1.0,1.0,keeper tracking 18-19,I73
2018-19,Kevin Love,Kevin Love,Jason,2.0,2.0,keeper tracking 18-19,O73
2018-19,Khris Middleton,Khris Middleton,Peter,1.0,1.0,keeper tracking 18-19,N74
2018-19,Klay Thompson,Klay Thompson,Peter,1.0,1.0,keeper tracking 18-19,N75
2018-19,Kris Dunn,Kris Dunn,John,1.0,1.0,keeper tracking 18-19,I76
2018-19,Kristaps Porzingis,Kristaps Porzingis,Darren,1.0,1.0,keeper tracking 18-19,B77
2018-19,Kyle Lowry,Kyle Lowry,Josh,1.0,1.0,keeper tracking 18-19,H78
2018-19,Kyrie Irving,Kyrie Irving,Brent,1.0,1.0,keeper tracking 18-19,J79
2018-19,Kyrie Irving,Kyrie Irving,Alvin,2.0,2.0,keeper tracking 18-19,L79
2018-19,Kyrie Irving,Kyrie Irving,Ian,3.0,3.0,keeper tracking 18-19,M79
2018-19,Kyrie Irving,Kyrie Irving,Peter,4.0,4.0,keeper tracking 18-19,N79
2018-19,Kyrie Irving,Kyrie Irving,Arthur,5.0,5.0,keeper tracking 18-19,P79
2018-19,LaMarcus Aldridge,LaMarcus Aldridge,Joe,1.0,1.0,keeper tracking 18-19,F80
2018-19,LaMarcus Aldridge,LaMarcus Aldridge,Peter,2.0,2.0,keeper tracking 18-19,N80
2018-19,Larry Nance Jr.,Larry Nance Jr. ,Joe,1.0,1.0,keeper tracking 18-19,F81
2018-19,Lauri Markkanen,Lauri Markkanen,Jason,1.0,1.0,keeper tracking 18-19,O82
2018-19,LeBron James,LeBron James,Josh,1.0,1.0,keeper tracking 18-19,H83
2018-19,LeBron James,LeBron James,Alvin,2.0,2.0,keeper tracking 18-19,L83
2018-19,LeBron James,LeBron James,Peter,3.0,3.0,keeper tracking 18-19,N83
2018-19,Lou Williams,Lou Williams,Joe,1.0,1.0,keeper tracking 18-19,F84
2018-19,Luka Doncic,Luka Doncic,Jason,1.0,1.0,keeper tracking 18-19,O85
2018-19,Malcolm Brogdon,Malcolm Brogdon,Kerry,1.0,1.0,keeper tracking 18-19,C86
2018-19,Malik Monk,Malik Monk,Darren,1.0,1.0,keeper tracking 18-19,B87
2018-19,Marc Gasol,Marc Gasol,Graham,1.0,1.0,keeper tracking 18-19,K88
2018-19,Marcus Morris Sr,Marcus Morris,Ian,1.0,1.0,keeper tracking 18-19,M89
2018-19,Mario Hezonja,Mario Hezonja,Kerry,1.0,1.0,keeper tracking 18-19,C90
2018-19,Markieff Morris,Markieff Morris,Kerry,1.0,1.0,keeper tracking 18-19,C91
2018-19,Markieff Morris,Markieff Morris,Ron,2.0,2.0,keeper tracking 18-19,E91
2018-19,Marvin Bagley III,Marvin Bagley III,John,1.0,1.0,keeper tracking 18-19,I92
2018-19,Michael Porter Jr.,Michael Porter Jr. ,Benji,1.0,1.0,keeper tracking 18-19,D93
2018-19,Mike Conley,Mike Conley,Alvin,1.0,1.0,keeper tracking 18-19,L94
2018-19,Mitchell Robinson,Mitchell Robinson,Arthur,1.0,1.0,keeper tracking 18-19,P95
2018-19,Montrezl Harrell,Montrezl Harrell,Ian,1.0,1.0,keeper tracking 18-19,M96
2018-19,Myles Turner,Myles Turner,Ron,1.0,1.0,keeper tracking 18-19,E97
2018-19,Myles Turner,Myles Turner,Alvin,2.0,2.0,keeper tracking 18-19,L97
2018-19,Myles Turner,Myles Turner,Ian,3.0,3.0,keeper tracking 18-19,M97
2018-19,Nicolas Batum,Nicolas Batum,Graham,1.0,1.0,keeper tracking 18-19,K98
2018-19,Nikola Jokic,Nikola Jokic,Peter,1.0,1.0,keeper tracking 18-19,N99
2018-19,Nikola Jokic,Nikola Jokic,Arthur,2.0,2.0,keeper tracking 18-19,P99
2018-19,Nikola Vucevic,Nikola Vucevic,Brent,1.0,1.0,keeper tracking 18-19,J100
2018-19,Nikola Vucevic,Nikola Vucevic,Arthur,2.0,2.0,keeper tracking 18-19,P100
2018-19,Otto Porter Jr,Otto Porter Jr.,Darren,1.0,1.0,keeper tracking 18-19,B101
2018-19,Pascal Siakam,Pascal Siakim,Ron,1.0,1.0,keeper tracking 18-19,E102
2018-19,Pascal Siakam,Pascal Siakim,Graham,2.0,2.0,keeper tracking 18-19,K102
2018-19,Pascal Siakam,Pascal Siakim,Alvin,3.0,3.0,keeper tracking 18-19,L102
2018-19,Pascal Siakam,Pascal Siakim,Arthur,4.0,4.0,keeper tracking 18-19,P102
2018-19,Paul George,Paul George,John,1.0,1.0,keeper tracking 18-19,I103
2018-19,Paul George,Paul George,Peter,2.0,2.0,keeper tracking 18-19,N103
2018-19,Reggie Bullock,Reggie Bullock,Ron,1.0,1.0,keeper tracking 18-19,E104
2018-19,Reggie Jackson,Reggie Jackson,Ron,1.0,1.0,keeper tracking 18-19,E105
2018-19,Robert Covington,Robert Covington,Brent,1.0,1.0,keeper tracking 18-19,J106
2018-19,Rodney Hood,Rodney Hood,Darren,1.0,1.0,keeper tracking 18-19,B107
2018-19,Rudy Gay,Rudy Gay,Brent,1.0,1.0,keeper tracking 18-19,J108
2018-19,Rudy Gobert,Rudy Gobert,Kerry,1.0,1.0,keeper tracking 18-19,C109
2018-19,Rudy Gobert,Rudy Gobert,Benji,2.0,2.0,keeper tracking 18-19,D109
2018-19,Rudy Gobert,Rudy Gobert,Josh,3.0,3.0,keeper tracking 18-19,H109
2018-19,Rudy Gobert,Rudy Gobert,Arthur,4.0,4.0,keeper tracking 18-19,P109
2018-19,Russell Westbrook,Russell Westbrook,Brent,1.0,1.0,keeper tracking 18-19,J110
2018-19,Russell Westbrook,Russell Westbrook,Peter,2.0,2.0,keeper tracking 18-19,N110
2018-19,Serge Ibaka,Serge Ibaka,Alvin,1.0,1.0,keeper tracking 18-19,L111
2018-19,Stephen Curry,Stephen Curry,Kerry,1.0,1.0,keeper tracking 18-19,C112
2018-19,Stephen Curry,Stephen Curry,Arthur,2.0,2.0,keeper tracking 18-19,P112
2018-19,Steven Adams,Steven Adams,Max,1.0,1.0,keeper tracking 18-19,G113
2018-19,Taj Gibson,Taj Gibson,Kerry,1.0,1.0,keeper tracking 18-19,C114
2018-19,Taurean Prince,Taurean Prince,Benji,1.0,1.0,keeper tracking 18-19,D115
2018-19,Thaddeus Young,Thaddeus Young,Max,1.0,1.0,keeper tracking 18-19,G116
2018-19,Thaddeus Young,Thaddeus Young,John,2.0,2.0,keeper tracking 18-19,I116
2018-19,Tim Hardaway Jr.,Tim Hardaway Jr. ,Joe,1.0,1.0,keeper tracking 18-19,F117
2018-19,Tim Hardaway Jr.,Tim Hardaway Jr. ,John,2.0,2.0,keeper tracking 18-19,I117
2018-19,Tobias Harris,Tobias Harris,Max,1.0,1.0,keeper tracking 18-19,G118
2018-19,Tobias Harris,Tobias Harris,Graham,2.0,2.0,keeper tracking 18-19,K118
2018-19,Tobias Harris,Tobias Harris,Jason,3.0,3.0,keeper tracking 18-19,O118
2018-19,Trae Young,Trae Young,Kerry,1.0,1.0,keeper tracking 18-19,C119
2018-19,Trae Young,Trae Young,Benji,2.0,2.0,keeper tracking 18-19,D119
2018-19,Trae Young,Trae Young,Peter,3.0,3.0,keeper tracking 18-19,N119
2018-19,Trevor Ariza,Trevor Ariza,John,1.0,1.0,keeper tracking 18-19,I120
2018-19,Tristan Thompson,Tristan Thompson,Benji,1.0,1.0,keeper tracking 18-19,D121
2018-19,Tyreke Evans,Tyreke Evans,Joe,1.0,1.0,keeper tracking 18-19,F122
2018-19,Victor Oladipo,Victor Oladipo,Ron,1.0,1.0,keeper tracking 18-19,E123
2018-19,Wesley Matthews,Wesley Matthews,Joe,1.0,1.0,keeper tracking 18-19,F124
2018-19,Willie Cauley-Stein,Willie Cauley-Stein,Kerry,1.0,1.0,keeper tracking 18-19,C125
2018-19,Willy Hernangomez,Willy Hernangomez,Darren,1.0,1.0,keeper tracking 18-19,B126
2018-19,Zach LaVine,Zach LaVine,Ian,1.0,1.0,keeper tracking 18-19,M127
2017-18,Aaron Gordon,Aaron Gordon,Jeff,1.0,1.0,keeper tracking 17-18,L2
2017-18,Al Horford,Al Horford,Arthur,1.0,1.0,keeper tracking 17-18,E3
2017-18,Al Horford,Al Horford,Jason,2.0,2.0,keeper tracking 17-18,I3
2017-18,Al Horford,Al Horford,Graham,3.0,3.0,keeper tracking 17-18,O3
2017-18,Alex Len,Alex Len,Kerry,1.0,1.0,keeper tracking 17-18,D4
2017-18,Andre Drummond,Andre Drummond,Ian,1.0,1.0,keeper tracking 17-18,F5
2017-18,Andre Drummond,Andre Drummond,Brent,2.0,2.0,keeper tracking 17-18,H5
2017-18,Andre Drummond,Andre Drummond,Graham,3.0,3.0,keeper tracking 17-18,O5
2017-18,Andrew Wiggins,Andrew Wiggins,Joe,1.0,1.0,keeper tracking 17-18,B6
2017-18,Andrew Wiggins,Andrew Wiggins,Max,2.0,2.0,keeper tracking 17-18,C6
2017-18,Anthony Davis,Anthony Davis,Arthur,1.0,1.0,keeper tracking 17-18,E7
2017-18,Anthony Davis,Anthony Davis,Ron,2.0,2.0,keeper tracking 17-18,P7
2017-18,Austin Rivers,Austin Rivers,Peter,1.0,1.0,keeper tracking 17-18,G8
2017-18,Ben Simmons,Ben Simmons,John,1.0,1.0,keeper tracking 17-18,J9
2017-18,Ben Simmons,Ben Simmons,Alvin,2.0,2.0,keeper tracking 17-18,M9
2017-18,Ben Simmons,Ben Simmons,Graham,3.0,3.0,keeper tracking 17-18,O9
2017-18,Blake Griffin,Blake Griffin,Darren,1.0,1.0,keeper tracking 17-18,K10
2017-18,Blake Griffin,Blake Griffin,Jeff,2.0,2.0,keeper tracking 17-18,L10
2017-18,Blake Griffin,Blake Griffin,Alvin,3.0,3.0,keeper tracking 17-18,M10
2017-18,Bobby Portis,Bobby Portis,Peter,1.0,1.0,keeper tracking 17-18,G11
2017-18,Bogdan Bogdanovic,Bogdan Bogdanovic,John,1.0,1.0,keeper tracking 17-18,J12
2017-18,Bogdan Bogdanovic,Bogdan Bogdanovic,Darren,2.0,2.0,keeper tracking 17-18,K12
2017-18,Bojan Bogdanovic,Bojan Bogdanovic,Joe,1.0,1.0,keeper tracking 17-18,B13
2017-18,Bojan Bogdanovic,Bojan Bogdanovic,Arthur,2.0,2.0,keeper tracking 17-18,E13
2017-18,Bradley Beal,Bradley Beal,Darren,1.0,1.0,keeper tracking 17-18,K14
2017-18,Bradley Beal,Bradley Beal,Graham,2.0,2.0,keeper tracking 17-18,O14
2017-18,Brandon Ingram,Brandon Ingram,Max,1.0,1.0,keeper tracking 17-18,C15
2017-18,Brandon Ingram,Brandon Ingram,Kerry,2.0,2.0,keeper tracking 17-18,D15
2017-18,Brandon Ingram,Brandon Ingram,Ian,3.0,3.0,keeper tracking 17-18,F15
2017-18,Brandon Ingram,Brandon Ingram,Peter,4.0,4.0,keeper tracking 17-18,G15
2017-18,Brandon Ingram,Brandon Ingram,Josh,5.0,5.0,keeper tracking 17-18,N15
2017-18,Brook Lopez,Brook Lopez,Max,1.0,1.0,keeper tracking 17-18,C16
2017-18,Buddy Hield,Buddy Hield,Joe,1.0,1.0,keeper tracking 17-18,B17
2017-18,Buddy Hield,Buddy Hield,Darren,2.0,2.0,keeper tracking 17-18,K17
2017-18,CJ McCollum,CJ McCollum,Arthur,1.0,1.0,keeper tracking 17-18,E19
2017-18,CJ McCollum,CJ McCollum,Graham,2.0,2.0,keeper tracking 17-18,O19
2017-18,CJ Miles,CJ Miles,Ian,1.0,1.0,keeper tracking 17-18,F20
2017-18,Carmelo Anthony,Carmelo Anthony,Peter,1.0,1.0,keeper tracking 17-18,G18
2017-18,Clint Capela,Clint Capela,Jeff,1.0,1.0,keeper tracking 17-18,L21
2017-18,Clint Capela,Clint Capela,Graham,2.0,2.0,keeper tracking 17-18,O21
2017-18,Cody Zeller,Cody Zeller,Max,1.0,1.0,keeper tracking 17-18,C22
2017-18,Cody Zeller,Cody Zeller,Kerry,2.0,2.0,keeper tracking 17-18,D22
2017-18,Courtney Lee,Courtney Lee,Kerry,1.0,1.0,keeper tracking 17-18,D23
2017-18,Damian Lillard,Damian Lillard,Josh,1.0,1.0,keeper tracking 17-18,N24
2017-18,Damian Lillard,Damian Lillard,Graham,2.0,2.0,keeper tracking 17-18,O24
2017-18,Danilo Gallinari,Danilo Gallinari,John,1.0,1.0,keeper tracking 17-18,J25
2017-18,Dario Saric,Dario Saric,Brent,1.0,1.0,keeper tracking 17-18,H26
2017-18,Dario Saric,Dario Saric,John,2.0,2.0,keeper tracking 17-18,J26
2017-18,Dario Saric,Dario Saric,Darren,3.0,3.0,keeper tracking 17-18,K26
2017-18,Dario Saric,Dario Saric,Alvin,4.0,4.0,keeper tracking 17-18,M26
2017-18,De'Aaron Fox,De'Aaron Fox,Max,1.0,1.0,keeper tracking 17-18,C27
2017-18,DeAndre Jordan,DeAndre Jordan,Darren,1.0,1.0,keeper tracking 17-18,K28
2017-18,DeMar DeRozan,DeMar DeRozan,Josh,1.0,1.0,keeper tracking 17-18,N29
2017-18,DeMar DeRozan,DeMar DeRozan,Ron,2.0,2.0,keeper tracking 17-18,P29
2017-18,DeMarcus Cousins,DeMarcus Cousins,Josh,1.0,1.0,keeper tracking 17-18,N30
2017-18,Dennis Smith Jr.,Dennis Smith Jr.,Ian,1.0,1.0,keeper tracking 17-18,F31
2017-18,Devin Booker,Devin Booker,John,1.0,1.0,keeper tracking 17-18,J32
2017-18,Dion Waiters,Dion Waiters,Max,1.0,1.0,keeper tracking 17-18,C33
2017-18,Donovan Mitchell,Donovan Mitchell,Alvin,1.0,1.0,keeper tracking 17-18,M34
2017-18,Donovan Mitchell,Donovan Mitchell,Graham,2.0,2.0,keeper tracking 17-18,O34
2017-18,Draymond Green,Draymond Green,Jeff,1.0,1.0,keeper tracking 17-18,L35
2017-18,Draymond Green,Draymond Green,Ron,2.0,2.0,keeper tracking 17-18,P35
2017-18,Dwight Howard,Dwight Howard,Joe,1.0,1.0,keeper tracking 17-18,B36
2017-18,Dwight Howard,Dwight Howard,Darren,2.0,2.0,keeper tracking 17-18,K36
2017-18,Dwyane Wade,Dwyane Wade,Joe,1.0,1.0,keeper tracking 17-18,B37
2017-18,Dwyane Wade,Dwyane Wade,Arthur,2.0,2.0,keeper tracking 17-18,E37
2017-18,Elfrid Payton,Elfrid Payton,Joe,1.0,1.0,keeper tracking 17-18,B38
2017-18,Elfrid Payton,Elfrid Payton,Max,2.0,2.0,keeper tracking 17-18,C38
2017-18,Elfrid Payton,Elfrid Payton,Jason,3.0,3.0,keeper tracking 17-18,I38
2017-18,Enes Kanter,Enes Kanter,Ian,1.0,1.0,keeper tracking 17-18,F39
2017-18,Eric Bledsoe,Eric Bledsoe,Alvin,1.0,1.0,keeper tracking 17-18,M40
2017-18,Eric Bledsoe,Eric Bledsoe,Ron,2.0,2.0,keeper tracking 17-18,P40
2017-18,Evan Fournier,Evan Fournier,Ian,1.0,1.0,keeper tracking 17-18,F41
2017-18,Evan Fournier,Evan Fournier,Jason,2.0,2.0,keeper tracking 17-18,I41
2017-18,Evan Fournier,Evan Fournier,John,3.0,3.0,keeper tracking 17-18,J41
2017-18,Frank Kaminsky,Frank Kaminsky,Joe,1.0,1.0,keeper tracking 17-18,B42
2017-18,Giannis Antetokounmpo,Giannis Antetokounmpo,Alvin,1.0,1.0,keeper tracking 17-18,M43
2017-18,Giannis Antetokounmpo,Giannis Antetokounmpo,Josh,2.0,2.0,keeper tracking 17-18,N43
2017-18,Giannis Antetokounmpo,Giannis Antetokounmpo,Ron,3.0,3.0,keeper tracking 17-18,P43
2017-18,Goran Dragic,Goran Dragic,Max,1.0,1.0,keeper tracking 17-18,C44
2017-18,Gordon Hayward,Gordon Hayward,Brent,1.0,1.0,keeper tracking 17-18,H45
2017-18,Harrison Barnes,Harrison Barnes,Arthur,1.0,1.0,keeper tracking 17-18,E46
2017-18,Harrison Barnes,Harrison Barnes,Darren,2.0,2.0,keeper tracking 17-18,K46
2017-18,Harrison Barnes,Harrison Barnes,Alvin,3.0,3.0,keeper tracking 17-18,M46
2017-18,Isaiah Thomas,Isaiah Thomas,Ian,1.0,1.0,keeper tracking 17-18,F47
2017-18,Isaiah Thomas,Isaiah Thomas,John,2.0,2.0,keeper tracking 17-18,J47
2017-18,JJ Redick,JJ Redick,Kerry,1.0,1.0,keeper tracking 17-18,D56
2017-18,JJ Redick,JJ Redick,Arthur,2.0,2.0,keeper tracking 17-18,E56
2017-18,Jabari Parker,Jabari Parker,Brent,1.0,1.0,keeper tracking 17-18,H48
2017-18,Jabari Parker,Jabari Parker,Jason,2.0,2.0,keeper tracking 17-18,I48
2017-18,Jamal Murray,Jamal Murray,Ron,1.0,1.0,keeper tracking 17-18,P49
2017-18,James Harden,James Harden,Jason,1.0,1.0,keeper tracking 17-18,I50
2017-18,James Harden,James Harden,Jeff,2.0,2.0,keeper tracking 17-18,L50
2017-18,James Harden,James Harden,Ron,3.0,3.0,keeper tracking 17-18,P50
2017-18,James Johnson,James Johnson,Kerry,1.0,1.0,keeper tracking 17-18,D51
2017-18,Jaylen Brown,Jaylen Brown,Kerry,1.0,1.0,keeper tracking 17-18,D52
2017-18,Jayson Tatum,Jayson Tatum,Jeff,1.0,1.0,keeper tracking 17-18,L53
2017-18,Jeremy Lamb,Jeremy Lamb,Brent,1.0,1.0,keeper tracking 17-18,H54
2017-18,Jimmy Butler,Jimmy Butler,Joe,1.0,1.0,keeper tracking 17-18,B55
2017-18,Joel Embiid,Joel Embiid,Arthur,1.0,1.0,keeper tracking 17-18,E57
2017-18,Joel Embiid,Joel Embiid,Josh,2.0,2.0,keeper tracking 17-18,N57
2017-18,John Collins,John Collins,Joe,1.0,1.0,keeper tracking 17-18,B58
2017-18,John Collins,John Collins,Brent,2.0,2.0,keeper tracking 17-18,H58
2017-18,John Wall,John Wall,Kerry,1.0,1.0,keeper tracking 17-18,D59
2017-18,John Wall,John Wall,Arthur,2.0,2.0,keeper tracking 17-18,E59
2017-18,Jonas Valanciunas,Jonas Valanciunas,Josh,1.0,1.0,keeper tracking 17-18,N60
2017-18,Jordan Clarkson,Jordan Clarkson,Joe,1.0,1.0,keeper tracking 17-18,B61
2017-18,Josh Jackson,Josh Jackson,Max,1.0,1.0,keeper tracking 17-18,C62
2017-18,Josh Richardson,Josh Richardson,Jeff,1.0,1.0,keeper tracking 17-18,L63
2017-18,Jrue Holiday,Jrue Holiday,Jeff,1.0,1.0,keeper tracking 17-18,L64
2017-18,Jrue Holiday,Jrue Holiday,Graham,2.0,2.0,keeper tracking 17-18,O64
2017-18,Julius Randle,Julius Randle,Ian,1.0,1.0,keeper tracking 17-18,F65
2017-18,Julius Randle,Julius Randle,Peter,2.0,2.0,keeper tracking 17-18,G65
2017-18,Julius Randle,Julius Randle,Josh,3.0,3.0,keeper tracking 17-18,N65
2017-18,Justin Holiday,Justin Holiday,Peter,1.0,1.0,keeper tracking 17-18,G67
2017-18,Justise Winslow,Justice Winslow,Ian,1.0,1.0,keeper tracking 17-18,F66
2017-18,Jusuf Nurkic,Jusuf Nurkic,Josh,1.0,1.0,keeper tracking 17-18,N68
2017-18,Karl-Anthony Towns,Karl Anthony-Towns,Ron,1.0,1.0,keeper tracking 17-18,P69
2017-18,Kawhi Leonard,Kawhi Leonard,Peter,1.0,1.0,keeper tracking 17-18,G70
2017-18,Kawhi Leonard,Kawhi Leonard,Jason,2.0,2.0,keeper tracking 17-18,I70
2017-18,Kelly Olynyk,Kelly Olynyk,Jason,1.0,1.0,keeper tracking 17-18,I71
2017-18,Kelly Olynyk,Kelly Olynyk,Alvin,2.0,2.0,keeper tracking 17-18,M71
2017-18,Kemba Walker,Kemba Walker,Peter,1.0,1.0,keeper tracking 17-18,G72
2017-18,Kemba Walker,Kemba Walker,Josh,2.0,2.0,keeper tracking 17-18,N72
2017-18,Kentavious Caldwell-Pope,Kentavious Caldwell-Pope,Alvin,1.0,1.0,keeper tracking 17-18,M73
2017-18,Kevin Durant,Kevin Durant,Alvin,1.0,1.0,keeper tracking 17-18,M74
2017-18,Kevin Durant,Kevin Durant,Ron,2.0,2.0,keeper tracking 17-18,P74
2017-18,Kevin Love,Kevin Love,Jason,1.0,1.0,keeper tracking 17-18,I75
2017-18,Kevin Love,Kevin Love,Josh,2.0,2.0,keeper tracking 17-18,N75
2017-18,Kevin Love,Kevin Love,Ron,3.0,3.0,keeper tracking 17-18,P75
2017-18,Khris Middleton,Khris Middleton,Ian,1.0,1.0,keeper tracking 17-18,F76
2017-18,Khris Middleton,Khris Middleton,Peter,2.0,2.0,keeper tracking 17-18,G76
2017-18,Khris Middleton,Khris Middleton,John,3.0,3.0,keeper tracking 17-18,J76
2017-18,Khris Middleton,Khris Middleton,Alvin,4.0,4.0,keeper tracking 17-18,M76
2017-18,Khris Middleton,Khris Middleton,Josh,5.0,5.0,keeper tracking 17-18,N76
2017-18,Khris Middleton,Khris Middleton,Ron,6.0,6.0,keeper tracking 17-18,P76
2017-18,Klay Thompson,Klay Thompson,Peter,1.0,1.0,keeper tracking 17-18,G77
2017-18,Klay Thompson,Klay Thompson,Ron,2.0,2.0,keeper tracking 17-18,P77
2017-18,Kris Dunn,Kris Dunn,John,1.0,1.0,keeper tracking 17-18,J78
2017-18,Kristaps Porzingis,Kristap Porzingis,Darren,1.0,1.0,keeper tracking 17-18,K79
2017-18,Kyle Kuzma,Kyle Kuzma,Jason,1.0,1.0,keeper tracking 17-18,I80
2017-18,Kyle Kuzma,Kyle Kuzma,Alvin,2.0,2.0,keeper tracking 17-18,M80
2017-18,Kyle Lowry,Kyle Lowry,Jeff,1.0,1.0,keeper tracking 17-18,L81
2017-18,Kyle Lowry,Kyle Lowry,Josh,2.0,2.0,keeper tracking 17-18,N81
2017-18,Kyle Lowry,Kyle Lowry,Graham,3.0,3.0,keeper tracking 17-18,O81
2017-18,Kyle O'Quinn,Kyle O'Quinn,Arthur,1.0,1.0,keeper tracking 17-18,E82
2017-18,Kyrie Irving,Kyrie Irving,Brent,1.0,1.0,keeper tracking 17-18,H83
2017-18,Kyrie Irving,Kyrie Irving,Darren,2.0,2.0,keeper tracking 17-18,K83
2017-18,LaMarcus Aldridge,LaMarcus Aldridge,Joe,1.0,1.0,keeper tracking 17-18,B84
2017-18,LaMarcus Aldridge,LaMarcus Aldridge,Brent,2.0,2.0,keeper tracking 17-18,H84
2017-18,LaMarcus Aldridge,LaMarcus Aldridge,Jeff,3.0,3.0,keeper tracking 17-18,L84
2017-18,Larry Nance Jr.,Larry Nance Jr.,Arthur,1.0,1.0,keeper tracking 17-18,E85
2017-18,Larry Nance Jr.,Larry Nance Jr.,Jeff,2.0,2.0,keeper tracking 17-18,L85
2017-18,Lauri Markkanen,Lauri Markkanen,Ian,1.0,1.0,keeper tracking 17-18,F86
2017-18,LeBron James,LeBron James,Josh,1.0,1.0,keeper tracking 17-18,N87
2017-18,LeBron James,LeBron James,Graham,2.0,2.0,keeper tracking 17-18,O87
2017-18,Lonzo Ball,Lonzo Ball,Jason,1.0,1.0,keeper tracking 17-18,I88
2017-18,Lou Williams,Lou Williams,Graham,1.0,1.0,keeper tracking 17-18,O89
2017-18,Malcolm Brogdon,Malcolm Brogdon,Jason,1.0,1.0,keeper tracking 17-18,I90
2017-18,Marc Gasol,Marc Gasol,Max,1.0,1.0,keeper tracking 17-18,C91
2017-18,Marc Gasol,Marc Gasol,Jason,2.0,2.0,keeper tracking 17-18,I91
2017-18,Marcus Morris Sr,Marcus Morris,Kerry,1.0,1.0,keeper tracking 17-18,D92
2017-18,Mario Hezonja,Mario Hezonja,Peter,1.0,1.0,keeper tracking 17-18,G93
2017-18,Markieff Morris,Markieff Morris,Max,1.0,1.0,keeper tracking 17-18,C94
2017-18,Marvin Williams,Marvin Williams,Ian,1.0,1.0,keeper tracking 17-18,F95
2017-18,Mike Conley,Mike Conley,Arthur,1.0,1.0,keeper tracking 17-18,E96
2017-18,Myles Turner,Myles Turner,John,1.0,1.0,keeper tracking 17-18,J97
2017-18,Nicolas Batum,Nicolas Batum,Darren,1.0,1.0,keeper tracking 17-18,K98
2017-18,Nikola Jokic,Nikola Jokic,Peter,1.0,1.0,keeper tracking 17-18,G99
2017-18,Nikola Jokic,Nikola Jokic,Jeff,2.0,2.0,keeper tracking 17-18,L99
2017-18,Nikola Jokic,Nikola Jokic,Graham,3.0,3.0,keeper tracking 17-18,O99
2017-18,Nikola Mirotic,Nikola Mirotic,John,1.0,1.0,keeper tracking 17-18,J100
2017-18,Nikola Vucevic,Nikola Vucevic,Jeff,1.0,1.0,keeper tracking 17-18,L101
2017-18,Otto Porter Jr,Otto Porter Jr,Graham,1.0,1.0,keeper tracking 17-18,O102
2017-18,Pau Gasol,Pau Gasol,Brent,1.0,1.0,keeper tracking 17-18,H103
2017-18,Paul George,Paul George,Darren,1.0,1.0,keeper tracking 17-18,K104
2017-18,Paul George,Paul George,Josh,2.0,2.0,keeper tracking 17-18,N104
2017-18,Paul George,Paul George,Ron,3.0,3.0,keeper tracking 17-18,P104
2017-18,Paul Millsap,Paul Millsap,John,1.0,1.0,keeper tracking 17-18,J105
2017-18,Reggie Jackson,Reggie Jackson,Ian,1.0,1.0,keeper tracking 17-18,F106
2017-18,Robert Covington,Robert Covington,Brent,1.0,1.0,keeper tracking 17-18,H107
2017-18,Robin Lopez,Robin Lopez,Kerry,1.0,1.0,keeper tracking 17-18,D108
2017-18,Rudy Gobert,Rudy Gobert,Kerry,1.0,1.0,keeper tracking 17-18,D109
2017-18,Rudy Gobert,Rudy Gobert,Jeff,2.0,2.0,keeper tracking 17-18,L109
2017-18,Rudy Gobert,Rudy Gobert,Alvin,3.0,3.0,keeper tracking 17-18,M109
2017-18,Russell Westbrook,Russell Westbrook,Brent,1.0,1.0,keeper tracking 17-18,H110
2017-18,Russell Westbrook,Russell Westbrook,Ron,2.0,2.0,keeper tracking 17-18,P110
2017-18,Spencer Dinwiddie,Spencer Dinwiddie,Brent,1.0,1.0,keeper tracking 17-18,H111
2017-18,Stephen Curry,Stephen Curry,John,1.0,1.0,keeper tracking 17-18,J112
2017-18,TJ Warren,TJ Warren,Max,1.0,1.0,keeper tracking 17-18,C116
2017-18,TJ Warren,TJ Warren,Kerry,2.0,2.0,keeper tracking 17-18,D116
2017-18,TJ Warren,TJ Warren,Ian,3.0,3.0,keeper tracking 17-18,F116
2017-18,TJ Warren,TJ Warren,Darren,4.0,4.0,keeper tracking 17-18,K116
2017-18,Taj Gibson,Taj Gibson,Max,1.0,1.0,keeper tracking 17-18,C113
2017-18,Taj Gibson,Taj Gibson,Brent,2.0,2.0,keeper tracking 17-18,H113
2017-18,Taj Gibson,Taj Gibson,Jason,3.0,3.0,keeper tracking 17-18,I113
2017-18,Taj Gibson,Taj Gibson,Jeff,4.0,4.0,keeper tracking 17-18,L113
2017-18,Thaddeus Young,Thaddeus Young,Max,1.0,1.0,keeper tracking 17-18,C114
2017-18,Thaddeus Young,Thaddeus Young,Peter,2.0,2.0,keeper tracking 17-18,G114
2017-18,Thaddeus Young,Thaddeus Young,Jason,3.0,3.0,keeper tracking 17-18,I114
2017-18,Tim Hardaway Jr.,Tim Hardaway Jr.,Alvin,1.0,1.0,keeper tracking 17-18,M115
2017-18,Tobias Harris,Tobias Harris,Graham,1.0,1.0,keeper tracking 17-18,O117
2017-18,Trevor Booker,Trevor Booker,Max,1.0,1.0,keeper tracking 17-18,C118
2017-18,Trevor Booker,Trevor Booker,Kerry,2.0,2.0,keeper tracking 17-18,D118
2017-18,Tyreke Evans,Tyreke Evans,Brent,1.0,1.0,keeper tracking 17-18,H119
2017-18,Tyreke Evans,Tyreke Evans,Jason,2.0,2.0,keeper tracking 17-18,I119
2017-18,Tyreke Evans,Tyreke Evans,John,3.0,3.0,keeper tracking 17-18,J119
2017-18,Victor Oladipo,Victor Oladipo,Ron,1.0,1.0,keeper tracking 17-18,P120
2017-18,Wayne Ellington,Wayne Ellington,Peter,1.0,1.0,keeper tracking 17-18,G121
2017-18,Wesley Matthews,Wesley Matthews,Joe,1.0,1.0,keeper tracking 17-18,B122
2017-18,Will Barton,Will Barton,Arthur,1.0,1.0,keeper tracking 17-18,E123
2017-18,Will Barton,Will Barton,Alvin,2.0,2.0,keeper tracking 17-18,M123
2017-18,Willie Cauley-Stein,Willie Cauley-Stein,Kerry,1.0,1.0,keeper tracking 17-18,D124
2017-18,Wilson Chandler,Wilson Chandler,Peter,1.0,1.0,keeper tracking 17-18,G125
2017-18,Zach LaVine,Zach LaVine,John,1.0,1.0,keeper tracking 17-18,J126
2016-17,Aaron Gordon,Aaron Gordon,Jeff,1.0,1.0,keeper tracking 16-17,J84
2016-17,Al Horford,Al Horford,Alvin,1.0,1.0,keeper tracking 16-17,P120
2016-17,Alex Len,Alex Len,John,1.0,1.0,keeper tracking 16-17,E42
2016-17,Amir Johnson,Amir Johnson,Darren,1.0,1.0,keeper tracking 16-17,M105
2016-17,Andre Drummond,Andre Drummond,Ian ,1.0,1.0,keeper tracking 16-17,C15
2016-17,Andre Drummond,Andre Drummond,Josh,2.0,2.0,keeper tracking 16-17,G15
2016-17,Andre Drummond,Andre Drummond,Brent,3.0,3.0,keeper tracking 16-17,I15
2016-17,Andre Drummond,Andre Drummond,Ron,4.0,4.0,keeper tracking 16-17,K15
2016-17,Andrew Wiggins,Andrew Wiggins,Joe,1.0,1.0,keeper tracking 16-17,D27
2016-17,Andrew Wiggins,Andrew Wiggins,Ron,2.0,2.0,keeper tracking 16-17,K27
2016-17,Andrew Wiggins,Andrew Wiggins,Darren,3.0,3.0,keeper tracking 16-17,M27
2016-17,Anthony Davis,Anthony Davis,Max,1.0,1.0,keeper tracking 16-17,L97
2016-17,Anthony Davis,Anthony Davis,Peter,2.0,2.0,keeper tracking 16-17,N97
2016-17,Anthony Davis,Anthony Davis,Kerry,3.0,3.0,keeper tracking 16-17,O97
2016-17,Arron Afflalo,Arron Afflalo,John,1.0,1.0,keeper tracking 16-17,E43
2016-17,Avery Bradley,Avery Bradley,Darren,1.0,1.0,keeper tracking 16-17,M106
2016-17,Ben Simmons,Ben Simmons,Jason,1.0,1.0,keeper tracking 16-17,B6
2016-17,Ben Simmons,Ben Simmons,Ron,2.0,2.0,keeper tracking 16-17,K6
2016-17,Blake Griffin,Blake Griffin,Peter,1.0,1.0,keeper tracking 16-17,N113
2016-17,Bradley Beal,Bradley Beal,Brent,1.0,1.0,keeper tracking 16-17,I76
2016-17,Bradley Beal,Bradley Beal,Darren,2.0,2.0,keeper tracking 16-17,M76
2016-17,Bradley Beal,Bradley Beal,Peter,3.0,3.0,keeper tracking 16-17,N76
2016-17,Brandon Ingram,Brandon Ingram,Brent,1.0,1.0,keeper tracking 16-17,I79
2016-17,Brandon Knight,Brandon Knight,Ian ,1.0,1.0,keeper tracking 16-17,C19
2016-17,Brook Lopez,Brook Lopez,Max,1.0,1.0,keeper tracking 16-17,L98
2016-17,Brook Lopez,Brook Lopez,Kerry,2.0,2.0,keeper tracking 16-17,O98
2016-17,CJ McCollum,C. J. McCollum,Arthur,1.0,1.0,keeper tracking 16-17,F48
2016-17,CJ McCollum,C. J. McCollum,Peter,2.0,2.0,keeper tracking 16-17,N48
2016-17,Carmelo Anthony,Carmelo Anthony,Graham,1.0,1.0,keeper tracking 16-17,H65
2016-17,Carmelo Anthony,Carmelo Anthony,Ron,2.0,2.0,keeper tracking 16-17,K65
2016-17,Carmelo Anthony,Carmelo Anthony,Max,3.0,3.0,keeper tracking 16-17,L65
2016-17,Chris Bosh,Chris Bosh,Arthur,1.0,1.0,keeper tracking 16-17,F51
2016-17,Chris Paul,Chris Paul,Max,1.0,1.0,keeper tracking 16-17,L99
2016-17,Chris Paul,Chris Paul,Kerry,2.0,2.0,keeper tracking 16-17,O99
2016-17,Clint Capela,Clint Capela,John,1.0,1.0,keeper tracking 16-17,E34
2016-17,Clint Capela,Clint Capela,Arthur,2.0,2.0,keeper tracking 16-17,F34
2016-17,Clint Capela,Clint Capela,Brent,3.0,3.0,keeper tracking 16-17,I34
2016-17,Cory Joseph,Cory Joseph,Ian ,1.0,1.0,keeper tracking 16-17,C20
2016-17,D'Angelo Russell,D'Angelo Russell,Ron,1.0,1.0,keeper tracking 16-17,K92
2016-17,D'Angelo Russell,D'Angelo Russell,Darren,2.0,2.0,keeper tracking 16-17,M92
2016-17,Damian Lillard,Damian Lillard,Kerry,1.0,1.0,keeper tracking 16-17,O116
2016-17,Danilo Gallinari,Danilo Gallinari,John,1.0,1.0,keeper tracking 16-17,E35
2016-17,Danilo Gallinari,Danilo Gallinari,Arthur,2.0,2.0,keeper tracking 16-17,F35
2016-17,Danilo Gallinari,Danilo Gallinari,Max,3.0,3.0,keeper tracking 16-17,L35
2016-17,Danny Green,Danny Green,Josh,1.0,1.0,keeper tracking 16-17,G59
2016-17,Dario Saric,Dario Saric,Jeff,1.0,1.0,keeper tracking 16-17,J85
2016-17,DeAndre Jordan,DeAndre Jordan,Joe,1.0,1.0,keeper tracking 16-17,D26
2016-17,DeAndre Jordan,DeAndre Jordan,Brent,2.0,2.0,keeper tracking 16-17,I26
2016-17,DeAndre Jordan,DeAndre Jordan,Peter,3.0,3.0,keeper tracking 16-17,N26
2016-17,DeMar DeRozan,DeMar DeRozan,Josh,1.0,1.0,keeper tracking 16-17,G58
2016-17,DeMar DeRozan,DeMar DeRozan,Kerry,2.0,2.0,keeper tracking 16-17,O58
2016-17,DeMarcus Cousins,DeMarcus Cousins,Josh,1.0,1.0,keeper tracking 16-17,G60
2016-17,Dennis Schroder,Dennis Schroder,John,1.0,1.0,keeper tracking 16-17,E37
2016-17,Dennis Schroder,Dennis Schroder,Graham,2.0,2.0,keeper tracking 16-17,H37
2016-17,Dennis Schroder,Dennis Schroder,Brent,3.0,3.0,keeper tracking 16-17,I37
2016-17,Dennis Schroder,Dennis Schroder,Jeff,4.0,4.0,keeper tracking 16-17,J37
2016-17,Derrick Rose,Derrick Rose,Joe,1.0,1.0,keeper tracking 16-17,D25
2016-17,Derrick Rose,Derrick Rose,Brent,2.0,2.0,keeper tracking 16-17,I25
2016-17,Derrick Rose,Derrick Rose,Max,3.0,3.0,keeper tracking 16-17,L25
2016-17,Devin Booker,Devin Booker,John,1.0,1.0,keeper tracking 16-17,E44
2016-17,Dirk Nowitzki,Dirk Nowitzki,Jeff,1.0,1.0,keeper tracking 16-17,J81
2016-17,Dirk Nowitzki,Dirk Nowitzki,Max,2.0,2.0,keeper tracking 16-17,L81
2016-17,Draymond Green,Draymond Green,Brent,1.0,1.0,keeper tracking 16-17,I78
2016-17,Draymond Green,Draymond Green,Alvin,2.0,2.0,keeper tracking 16-17,P78
2016-17,Dwight Howard,Dwight Howard,Brent,1.0,1.0,keeper tracking 16-17,I75
2016-17,Dwight Howard,Dwight Howard,Max,2.0,2.0,keeper tracking 16-17,L75
2016-17,Dwight Powell,Dwight Powell,Graham,1.0,1.0,keeper tracking 16-17,H70
2016-17,Dwyane Wade,Dwyane Wade,John,1.0,1.0,keeper tracking 16-17,E39
2016-17,Dwyane Wade,Dwyane Wade,Max,2.0,2.0,keeper tracking 16-17,L39
2016-17,Ed Davis,Ed Davis,Ian ,1.0,1.0,keeper tracking 16-17,C21
2016-17,Emmanuel Mudiay,Emmanuel Mudiay,Joe,1.0,1.0,keeper tracking 16-17,D28
2016-17,Enes Kanter,Enes Kanter,Jason,1.0,1.0,keeper tracking 16-17,B8
2016-17,Eric Gordon,Eric Gordon,Ron,1.0,1.0,keeper tracking 16-17,K94
2016-17,Frank Kaminsky,Frank Kaminsky,Jason,1.0,1.0,keeper tracking 16-17,B9
2016-17,George Hill,George Hill,Arthur,1.0,1.0,keeper tracking 16-17,F46
2016-17,George Hill,George Hill,Brent,2.0,2.0,keeper tracking 16-17,I46
2016-17,Giannis Antetokounmpo,Giannis Antetokounmpo,Alvin,1.0,1.0,keeper tracking 16-17,P121
2016-17,Goran Dragic,Goran Dragic,Darren,1.0,1.0,keeper tracking 16-17,M107
2016-17,Gordon Hayward,Gordon Hayward,Jason,1.0,1.0,keeper tracking 16-17,B2
2016-17,Gordon Hayward,Gordon Hayward,Ian ,2.0,2.0,keeper tracking 16-17,C2
2016-17,Gordon Hayward,Gordon Hayward,Max,3.0,3.0,keeper tracking 16-17,L2
2016-17,Gorgui Dieng,Gorgui Dieng,Graham,1.0,1.0,keeper tracking 16-17,H67
2016-17,Gorgui Dieng,Gorgui Dieng,Ron,2.0,2.0,keeper tracking 16-17,K67
2016-17,Harrison Barnes,Harrison Barnes,Ron,1.0,1.0,keeper tracking 16-17,K91
2016-17,Harrison Barnes,Harrison Barnes,Max,2.0,2.0,keeper tracking 16-17,L91
2016-17,Hassan Whiteside,Hassan Whiteside,Graham,1.0,1.0,keeper tracking 16-17,H69
2016-17,Hassan Whiteside,Hassan Whiteside,Peter,2.0,2.0,keeper tracking 16-17,N69
2016-17,Isaiah Thomas,Isaiah Thomas,Ian ,1.0,1.0,keeper tracking 16-17,C18
2016-17,Isaiah Thomas,Isaiah Thomas,Alvin,2.0,2.0,keeper tracking 16-17,P18
2016-17,Jabari Parker,Jabari Parker,Jeff,1.0,1.0,keeper tracking 16-17,J86
2016-17,Jae Crowder,Jae Crowder,Alvin,1.0,1.0,keeper tracking 16-17,P122
2016-17,Jahlil Okafor,Jahlil Okafor,Arthur,1.0,1.0,keeper tracking 16-17,F52
2016-17,Jamal Murray,Jamal Murray,Jeff,1.0,1.0,keeper tracking 16-17,J87
2016-17,James Harden,James Harden,Max,1.0,1.0,keeper tracking 16-17,L100
2016-17,James Harden,James Harden,Alvin,2.0,2.0,keeper tracking 16-17,P100
2016-17,Jared Dudley,Jared Dudley,Jason,1.0,1.0,keeper tracking 16-17,B10
2016-17,Jeff Teague,Jeff Teague,Darren,1.0,1.0,keeper tracking 16-17,M103
2016-17,Jeff Teague,Jeff Teague,Peter,2.0,2.0,keeper tracking 16-17,N103
2016-17,Jeremy Lin,Jeremy Lin,Ian ,1.0,1.0,keeper tracking 16-17,C13
2016-17,Jeremy Lin,Jeremy Lin,Joe,2.0,2.0,keeper tracking 16-17,D13
2016-17,Jimmy Butler,Jimmy Butler,Josh,1.0,1.0,keeper tracking 16-17,G57
2016-17,Jimmy Butler,Jimmy Butler,Max,2.0,2.0,keeper tracking 16-17,L57
2016-17,Jimmy Butler,Jimmy Butler,Darren,3.0,3.0,keeper tracking 16-17,M57
2016-17,Jimmy Butler,Jimmy Butler,Alvin,4.0,4.0,keeper tracking 16-17,P57
2016-17,Joakim Noah,Joakim Noah,Josh,1.0,1.0,keeper tracking 16-17,G61
2016-17,Joel Embiid,Joel Embiid,Arthur,1.0,1.0,keeper tracking 16-17,F53
2016-17,John Wall,John Wall,Kerry,1.0,1.0,keeper tracking 16-17,O117
2016-17,Jonas Valanciunas,Jonas Valanciunas,Arthur,1.0,1.0,keeper tracking 16-17,F47
2016-17,Jonas Valanciunas,Jonas Valanciunas,Jeff,2.0,2.0,keeper tracking 16-17,J47
2016-17,Jordan Clarkson,Jordan Clarkson,Ian ,1.0,1.0,keeper tracking 16-17,C22
2016-17,Josh Richardson,Josh Richardson,Ian ,1.0,1.0,keeper tracking 16-17,C14
2016-17,Josh Richardson,Josh Richardson,Joe,2.0,2.0,keeper tracking 16-17,D14
2016-17,Julius Randle,Julius Randle,Ian ,1.0,1.0,keeper tracking 16-17,C16
2016-17,Julius Randle,Julius Randle,Brent,2.0,2.0,keeper tracking 16-17,I16
2016-17,Julius Randle,Julius Randle,Jeff,3.0,3.0,keeper tracking 16-17,J16
2016-17,Jusuf Nurkic,Jusuf Nurkic,Darren,1.0,1.0,keeper tracking 16-17,M108
2016-17,Karl-Anthony Towns,Karl-Anthony Towns,Ron,1.0,1.0,keeper tracking 16-17,K93
2016-17,Karl-Anthony Towns,Karl-Anthony Towns,Kerry,2.0,2.0,keeper tracking 16-17,O93
2016-17,Kawhi Leonard,Kawhi Leonard,Kerry,1.0,1.0,keeper tracking 16-17,O118
2016-17,Kelly Olynyk,Kelly Olynyk,Jeff,1.0,1.0,keeper tracking 16-17,J88
2016-17,Kemba Walker,Kemba Walker,Peter,1.0,1.0,keeper tracking 16-17,N114
2016-17,Kenneth Faried,Kenneth Faried,Joe,1.0,1.0,keeper tracking 16-17,D29
2016-17,Kentavious Caldwell-Pope,Kentavious Caldwell-Pope,Ian ,1.0,1.0,keeper tracking 16-17,C17
2016-17,Kentavious Caldwell-Pope,Kentavious Caldwell-Pope,Brent,2.0,2.0,keeper tracking 16-17,I17
2016-17,Kevin Durant,Kevin Durant,Alvin,1.0,1.0,keeper tracking 16-17,P123
2016-17,Kevin Love,Kevin Love,Jason,1.0,1.0,keeper tracking 16-17,B7
2016-17,Kevin Love,Kevin Love,Alvin,2.0,2.0,keeper tracking 16-17,P7
2016-17,Khris Middleton,Khris Middleton,Max,1.0,1.0,keeper tracking 16-17,L101
2016-17,Klay Thompson,Klay Thompson,Peter,1.0,1.0,keeper tracking 16-17,N111
2016-17,Klay Thompson,Klay Thompson,Kerry,2.0,2.0,keeper tracking 16-17,O111
2016-17,Kris Dunn,Kris Dunn,Arthur,1.0,1.0,keeper tracking 16-17,F54
2016-17,Kristaps Porzingis,Kristaps Porzingis,Darren,1.0,1.0,keeper tracking 16-17,M104
2016-17,Kristaps Porzingis,Kristaps Porzingis,Alvin,2.0,2.0,keeper tracking 16-17,P104
2016-17,Kyle Korver,Kyle Korver,Josh,1.0,1.0,keeper tracking 16-17,G62
2016-17,Kyle Lowry,Kyle Lowry,Jeff,1.0,1.0,keeper tracking 16-17,J82
2016-17,Kyle Lowry,Kyle Lowry,Alvin,2.0,2.0,keeper tracking 16-17,P82
2016-17,Kyrie Irving,Kyrie Irving,John,1.0,1.0,keeper tracking 16-17,E40
2016-17,Kyrie Irving,Kyrie Irving,Darren,2.0,2.0,keeper tracking 16-17,M40
2016-17,Kyrie Irving,Kyrie Irving,Kerry,3.0,3.0,keeper tracking 16-17,O40
2016-17,LaMarcus Aldridge,LaMarcus Aldridge,Peter,1.0,1.0,keeper tracking 16-17,N115
2016-17,LeBron James,LeBron James,Darren,1.0,1.0,keeper tracking 16-17,M102
2016-17,LeBron James,LeBron James,Peter,2.0,2.0,keeper tracking 16-17,N102
2016-17,LeBron James,LeBron James,Kerry,3.0,3.0,keeper tracking 16-17,O102
2016-17,Luol Deng,Luol Deng,Josh,1.0,1.0,keeper tracking 16-17,G63
2016-17,Marcin Gortat,Marcin Gortat,Jeff,1.0,1.0,keeper tracking 16-17,J89
2016-17,Marcus Smart,Marcus Smart,Joe,1.0,1.0,keeper tracking 16-17,D30
2016-17,Matt Barnes,Matt Barnes,Joe,1.0,1.0,keeper tracking 16-17,D31
2016-17,Maurice Harkless,Maurice Harkless,Graham,1.0,1.0,keeper tracking 16-17,H68
2016-17,Maurice Harkless,Maurice Harkless,Darren,2.0,2.0,keeper tracking 16-17,M68
2016-17,Michael Carter-Williams,Michael Carter-Wlliams,Darren,1.0,1.0,keeper tracking 16-17,M109
2016-17,Mike Conley,Mike Conley,Jason,1.0,1.0,keeper tracking 16-17,B5
2016-17,Mike Conley,Mike Conley,John,2.0,2.0,keeper tracking 16-17,E5
2016-17,Mike Conley,Mike Conley,Alvin,3.0,3.0,keeper tracking 16-17,P5
2016-17,Myles Turner,Myles Turner,Jeff,1.0,1.0,keeper tracking 16-17,J83
2016-17,Myles Turner,Myles Turner,Alvin,2.0,2.0,keeper tracking 16-17,P83
2016-17,Nerlens Noel,Nerlens Noel,Jeff,1.0,1.0,keeper tracking 16-17,J80
2016-17,Nerlens Noel,Nerlens Noel,Ron,2.0,2.0,keeper tracking 16-17,K80
2016-17,Nicolas Batum,Nicolas Batum,Ron,1.0,1.0,keeper tracking 16-17,K95
2016-17,Nikola Jokic,Nikola Jokic,Peter,1.0,1.0,keeper tracking 16-17,N112
2016-17,Nikola Jokic,Nikola Jokic,Alvin,2.0,2.0,keeper tracking 16-17,P112
2016-17,Nikola Mirotic,Nikola Mirotic,Joe,1.0,1.0,keeper tracking 16-17,D32
2016-17,Nikola Vucevic,Nikola Vucevic,Jason,1.0,1.0,keeper tracking 16-17,B4
2016-17,Nikola Vucevic,Nikola Vucevic,John,2.0,2.0,keeper tracking 16-17,E4
2016-17,Nikola Vucevic,Nikola Vucevic,Arthur,3.0,3.0,keeper tracking 16-17,F4
2016-17,Nikola Vucevic,Nikola Vucevic,Josh,4.0,4.0,keeper tracking 16-17,G4
2016-17,Nikola Vucevic,Nikola Vucevic,Brent,5.0,5.0,keeper tracking 16-17,I4
2016-17,Nikola Vucevic,Nikola Vucevic,Max,6.0,6.0,keeper tracking 16-17,L4
2016-17,Nikola Vucevic,Nikola Vucevic,Peter,7.0,7.0,keeper tracking 16-17,N4
2016-17,Otto Porter Jr,Otto Porter,Joe,1.0,1.0,keeper tracking 16-17,D24
2016-17,Otto Porter Jr,Otto Porter,Josh,2.0,2.0,keeper tracking 16-17,G24
2016-17,Otto Porter Jr,Otto Porter,Brent,3.0,3.0,keeper tracking 16-17,I24
2016-17,Otto Porter Jr,Otto Porter,Jeff,4.0,4.0,keeper tracking 16-17,J24
2016-17,Patrick Beverley,Patrick Beverley,Josh,1.0,1.0,keeper tracking 16-17,G64
2016-17,Patty Mills,Patty Mills,Graham,1.0,1.0,keeper tracking 16-17,H71
2016-17,Pau Gasol,Pau Gasol,Graham,1.0,1.0,keeper tracking 16-17,H72
2016-17,Paul George,Paul George,John,1.0,1.0,keeper tracking 16-17,E41
2016-17,Paul George,Paul George,Kerry,2.0,2.0,keeper tracking 16-17,O41
2016-17,Reggie Jackson,Reggie Jackson,Josh,1.0,1.0,keeper tracking 16-17,G56
2016-17,Reggie Jackson,Reggie Jackson,Graham,2.0,2.0,keeper tracking 16-17,H56
2016-17,Ricky Rubio,Ricky Rubio,Graham,1.0,1.0,keeper tracking 16-17,H66
2016-17,Ricky Rubio,Ricky Rubio,Ron,2.0,2.0,keeper tracking 16-17,K66
2016-17,Ricky Rubio,Ricky Rubio,Peter,3.0,3.0,keeper tracking 16-17,N66
2016-17,Robin Lopez,Robin Lopez,Darren,1.0,1.0,keeper tracking 16-17,M110
2016-17,Rudy Gay,Rudy Gay,Arthur,1.0,1.0,keeper tracking 16-17,F45
2016-17,Rudy Gay,Rudy Gay,Graham,2.0,2.0,keeper tracking 16-17,H45
2016-17,Rudy Gobert,Rudy Gobert,Brent,1.0,1.0,keeper tracking 16-17,I77
2016-17,Rudy Gobert,Rudy Gobert,Kerry,2.0,2.0,keeper tracking 16-17,O77
2016-17,Russell Westbrook,Russell Westbrook,Kerry,1.0,1.0,keeper tracking 16-17,O119
2016-17,Ryan Anderson,Ryan Anderson,John,1.0,1.0,keeper tracking 16-17,E38
2016-17,Ryan Anderson,Ryan Anderson,Ron,2.0,2.0,keeper tracking 16-17,K38
2016-17,Serge Ibaka,Serge Ibaka,Ian ,1.0,1.0,keeper tracking 16-17,C23
2016-17,Stephen Curry,Stephen Curry,Alvin,1.0,1.0,keeper tracking 16-17,P124
2016-17,TJ Warren,T.J. Warren,Arthur,1.0,1.0,keeper tracking 16-17,F49
2016-17,TJ Warren,T.J. Warren,Kerry,2.0,2.0,keeper tracking 16-17,O49
2016-17,Tobias Harris,Tobias Harris,Jason,1.0,1.0,keeper tracking 16-17,B11
2016-17,Tony Allen,Tony Allen,Graham,1.0,1.0,keeper tracking 16-17,H73
2016-17,Trevor Ariza,Trevor Ariza,Graham,1.0,1.0,keeper tracking 16-17,H74
2016-17,Tyler Johnson,Tyler Johnson,Jason,1.0,1.0,keeper tracking 16-17,B12
2016-17,Tyson Chandler,Tyson Chandler,John,1.0,1.0,keeper tracking 16-17,E36
2016-17,Tyson Chandler,Tyson Chandler,Arthur,2.0,2.0,keeper tracking 16-17,F36
2016-17,Victor Oladipo,Victor Oladipo,Ron,1.0,1.0,keeper tracking 16-17,K96
2016-17,Wesley Matthews,Wesley Matthews,Arthur,1.0,1.0,keeper tracking 16-17,F55
2016-17,Will Barton,Will Barton,Jason,1.0,1.0,keeper tracking 16-17,B3
2016-17,Will Barton,Will Barton,Joe,2.0,2.0,keeper tracking 16-17,D3
2016-17,Wilson Chandler,Wilson Chandler,Joe,1.0,1.0,keeper tracking 16-17,D33
2016-17,Zach LaVine,Zach LaVine,Jeff,1.0,1.0,keeper tracking 16-17,J90
2016-17,Zach Randolph,Zach Randolph,Arthur,1.0,1.0,keeper tracking 16-17,F50
2015-16,Aaron Gordon,Aaron Gordon,Ron,1.0,1.0,Keeper tracking 15-16,I2
2015-16,Al Horford,Al Horford,Joe,1.0,1.0,Keeper tracking 15-16,K3
2015-16,Al Horford,Al Horford,Jeff,2.0,2.0,Keeper tracking 15-16,O3
2015-16,Al Jefferson,Al Jefferson,Graham,1.0,1.0,Keeper tracking 15-16,B4
2015-16,Al Jefferson,Al Jefferson,Josh,2.0,2.0,Keeper tracking 15-16,C4
2015-16,Al-Farouq Aminu,Al-Farouq Aminu,Graham,1.0,1.0,Keeper tracking 15-16,B5
2015-16,Al-Farouq Aminu,Al-Farouq Aminu,Josh,2.0,2.0,Keeper tracking 15-16,C5
2015-16,Al-Farouq Aminu,Al-Farouq Aminu,Kerry,3.0,3.0,Keeper tracking 15-16,F5
2015-16,Amir Johnson,Amir Johnson,Graham,1.0,1.0,Keeper tracking 15-16,B6
2015-16,Amir Johnson,Amir Johnson,Darren,2.0,2.0,Keeper tracking 15-16,J6
2015-16,Andre Drummond,Andre Drummond,Ian,1.0,1.0,Keeper tracking 15-16,L7
2015-16,Andre Iguodala,Andre Iguodala,Graham,1.0,1.0,Keeper tracking 15-16,B8
2015-16,Andrew Bogut,Andrew Bogut,Peter,1.0,1.0,Keeper tracking 15-16,H9
2015-16,Andrew Wiggins,Andrew Wiggins,Ron,1.0,1.0,Keeper tracking 15-16,I10
2015-16,Andrew Wiggins,Andrew Wiggins,Joe,2.0,2.0,Keeper tracking 15-16,K10
2015-16,Anthony Davis,Anthony Davis,Josh,1.0,1.0,Keeper tracking 15-16,C11
2015-16,Anthony Davis,Anthony Davis,Kerry,2.0,2.0,Keeper tracking 15-16,F11
2015-16,Avery Bradley,Avery Bradley,Joe,1.0,1.0,Keeper tracking 15-16,K12
2015-16,Blake Griffin,Blake Griffin,Peter,1.0,1.0,Keeper tracking 15-16,H13
2015-16,Blake Griffin,Blake Griffin,Al,2.0,2.0,Keeper tracking 15-16,N13
2015-16,Bojan Bogdanovic,Bojan Bogdanovic,Al,1.0,1.0,Keeper tracking 15-16,N14
2015-16,Bradley Beal,Bradley Beal,Ian,1.0,1.0,Keeper tracking 15-16,L15
2015-16,Brandon Knight,Brandon Knight,John,1.0,1.0,Keeper tracking 15-16,M16
2015-16,Brook Lopez,Brook Lopez,Arthur,1.0,1.0,Keeper tracking 15-16,P17
2015-16,CJ McCollum,CJ McCollum,Max,1.0,1.0,Keeper tracking 15-16,D21
2015-16,CJ McCollum,CJ McCollum,Brent,2.0,2.0,Keeper tracking 15-16,E21
2015-16,CJ McCollum,CJ McCollum,John,3.0,3.0,Keeper tracking 15-16,M21
2015-16,CJ Miles,CJ Miles,Jason,1.0,1.0,Keeper tracking 15-16,G22
2015-16,Carmelo Anthony,Carmelo Anthony,Graham,1.0,1.0,Keeper tracking 15-16,B18
2015-16,Carmelo Anthony,Carmelo Anthony,Darren,2.0,2.0,Keeper tracking 15-16,J18
2015-16,Carmelo Anthony,Carmelo Anthony,John,3.0,3.0,Keeper tracking 15-16,M18
2015-16,Chandler Parsons,Chandler Parsons,Ian,1.0,1.0,Keeper tracking 15-16,L19
2015-16,Chandler Parsons,Chandler Parsons,Arthur,2.0,2.0,Keeper tracking 15-16,P19
2015-16,Chris Paul,Chris Paul,Arthur,1.0,1.0,Keeper tracking 15-16,P20
2015-16,Cody Zeller,Cody Zeller,Kerry,1.0,1.0,Keeper tracking 15-16,F23
2015-16,Cody Zeller,Cody Zeller,Peter,2.0,2.0,Keeper tracking 15-16,H23
2015-16,Damian Lillard,Damian Lillard,Kerry,1.0,1.0,Keeper tracking 15-16,F24
2015-16,Damian Lillard,Damian Lillard,Ron,2.0,2.0,Keeper tracking 15-16,I24
2015-16,Damian Lillard,Damian Lillard,Ian,3.0,3.0,Keeper tracking 15-16,L24
2015-16,Damian Lillard,Damian Lillard,Arthur,4.0,4.0,Keeper tracking 15-16,P24
2015-16,Danilo Gallinari,Danilo Gallinari,Joe,1.0,1.0,Keeper tracking 15-16,K25
2015-16,Darren Collison,Darren Collison,Brent,1.0,1.0,Keeper tracking 15-16,E26
2015-16,Darren Collison,Darren Collison,Peter,2.0,2.0,Keeper tracking 15-16,H26
2015-16,David West,David West,Graham,1.0,1.0,Keeper tracking 15-16,B27
2015-16,DeAndre Jordan,DeAndre Jordan,Graham,1.0,1.0,Keeper tracking 15-16,B28
2015-16,DeAndre Jordan,DeAndre Jordan,Brent,2.0,2.0,Keeper tracking 15-16,E28
2015-16,DeAndre Jordan,DeAndre Jordan,Joe,3.0,3.0,Keeper tracking 15-16,K28
2015-16,DeMar DeRozan,DeMar DeRozan,Josh,1.0,1.0,Keeper tracking 15-16,C29
2015-16,DeMar DeRozan,DeMar DeRozan,Al,2.0,2.0,Keeper tracking 15-16,N29
2015-16,DeMarcus Cousins,DeMarcus Cousins,Arthur,1.0,1.0,Keeper tracking 15-16,P30
2015-16,DeMarre Carroll,DeMarre Carroll,Ron,1.0,1.0,Keeper tracking 15-16,I31
2015-16,Dennis Schroder,Dennis Schroder,Ron,1.0,1.0,Keeper tracking 15-16,I32
2015-16,Deron Williams,Deron Williams,Jason,1.0,1.0,Keeper tracking 15-16,G33
2015-16,Derrick Favors,Derrick Favors,Ron,1.0,1.0,Keeper tracking 15-16,I34
2015-16,Derrick Favors,Derrick Favors,Darren,2.0,2.0,Keeper tracking 15-16,J34
2015-16,Derrick Favors,Derrick Favors,Ian,3.0,3.0,Keeper tracking 15-16,L34
2015-16,Derrick Rose,Derrick Rose,Max,1.0,1.0,Keeper tracking 15-16,D35
2015-16,Derrick Rose,Derrick Rose,Joe,2.0,2.0,Keeper tracking 15-16,K35
2015-16,Dirk Nowitzki,Dirk Nowitzki,Ron,1.0,1.0,Keeper tracking 15-16,I36
2015-16,Dirk Nowitzki,Dirk Nowitzki,Al,2.0,2.0,Keeper tracking 15-16,N36
2015-16,Draymond Green,Draymond Green,Brent,1.0,1.0,Keeper tracking 15-16,E37
2015-16,Draymond Green,Draymond Green,Jason,2.0,2.0,Keeper tracking 15-16,G37
2015-16,Draymond Green,Draymond Green,Arthur,3.0,3.0,Keeper tracking 15-16,P37
2015-16,Dwight Howard,Dwight Howard,Kerry,1.0,1.0,Keeper tracking 15-16,F38
2015-16,Elfrid Payton,Elfrid Payton,Darren,1.0,1.0,Keeper tracking 15-16,J39
2015-16,Emmanuel Mudiay,Emmanuel Mudiay,Ron,1.0,1.0,Keeper tracking 15-16,I40
2015-16,Emmanuel Mudiay,Emmanuel Mudiay,Darren,2.0,2.0,Keeper tracking 15-16,J40
2015-16,Eric Bledsoe,Eric Bledsoe,Ron,1.0,1.0,Keeper tracking 15-16,I41
2015-16,Eric Gordon,Eric Gordon,Brent,1.0,1.0,Keeper tracking 15-16,E42
2015-16,Evan Turner,Evan Turner,Jason,1.0,1.0,Keeper tracking 15-16,G43
2015-16,Evan Turner,Evan Turner,Darren,2.0,2.0,Keeper tracking 15-16,J43
2015-16,Giannis Antetokounmpo,Giannis Antetokounmpo,Al,1.0,1.0,Keeper tracking 15-16,N44
2015-16,Goran Dragic,Goran Dragic,Josh,1.0,1.0,Keeper tracking 15-16,C45
2015-16,Goran Dragic,Goran Dragic,Darren,2.0,2.0,Keeper tracking 15-16,J45
2015-16,Greg Monroe,Greg Monroe,Max,1.0,1.0,Keeper tracking 15-16,D46
2015-16,Harrison Barnes,Harrison Barnes,Kerry,1.0,1.0,Keeper tracking 15-16,F47
2015-16,Hassan Whiteside,Hassan Whiteside,Graham,1.0,1.0,Keeper tracking 15-16,B48
2015-16,Hassan Whiteside,Hassan Whiteside,Jason,2.0,2.0,Keeper tracking 15-16,G48
2015-16,Hassan Whiteside,Hassan Whiteside,Ian,3.0,3.0,Keeper tracking 15-16,L48
2015-16,Hassan Whiteside,Hassan Whiteside,Jeff,4.0,4.0,Keeper tracking 15-16,O48
2015-16,Ian Mahinmi,Ian Mahinmi,Max,1.0,1.0,Keeper tracking 15-16,D49
2015-16,Ian Mahinmi,Ian Mahinmi,Brent,2.0,2.0,Keeper tracking 15-16,E49
2015-16,Isaiah Thomas,Isaiah Thomas,Ian,1.0,1.0,Keeper tracking 15-16,L50
2015-16,Isaiah Thomas,Isaiah Thomas,Jeff,2.0,2.0,Keeper tracking 15-16,O50
2015-16,JJ Redick,JJ Redick,Arthur,1.0,1.0,Keeper tracking 15-16,P59
2015-16,JR Smith,JR Smith,John,1.0,1.0,Keeper tracking 15-16,M67
2015-16,Jabari Parker,Jabari Parker,Max,1.0,1.0,Keeper tracking 15-16,D51
2015-16,Jabari Parker,Jabari Parker,Joe,2.0,2.0,Keeper tracking 15-16,K51
2015-16,Jae Crowder,Jae Crowder,Joe,1.0,1.0,Keeper tracking 15-16,K52
2015-16,James Harden,James Harden,Darren,1.0,1.0,Keeper tracking 15-16,J53
2015-16,James Harden,James Harden,Joe,2.0,2.0,Keeper tracking 15-16,K53
2015-16,James Harden,James Harden,Jeff,3.0,3.0,Keeper tracking 15-16,O53
2015-16,Jared Sullinger,Jared Sullinger,Josh,1.0,1.0,Keeper tracking 15-16,C54
2015-16,Jared Sullinger,Jared Sullinger,Kerry,2.0,2.0,Keeper tracking 15-16,F54
2015-16,Jeff Green,Jeff Green,Ian,1.0,1.0,Keeper tracking 15-16,L55
2015-16,Jeff Teague,Jeff Teague,John,1.0,1.0,Keeper tracking 15-16,M56
2015-16,Jerami Grant,Jerami Grant,Max,1.0,1.0,Keeper tracking 15-16,D57
2015-16,Jimmy Butler,Jimmy Butler,Josh,1.0,1.0,Keeper tracking 15-16,C58
2015-16,Jimmy Butler,Jimmy Butler,Joe,2.0,2.0,Keeper tracking 15-16,K58
2015-16,Jimmy Butler,Jimmy Butler,Jeff,3.0,3.0,Keeper tracking 15-16,O58
2015-16,Joe Johnson,Joe Johnson,Max,1.0,1.0,Keeper tracking 15-16,D60
2015-16,John Henson,John Henson,Peter,1.0,1.0,Keeper tracking 15-16,H61
2015-16,John Wall,John Wall,Peter,1.0,1.0,Keeper tracking 15-16,H62
2015-16,John Wall,John Wall,Al,2.0,2.0,Keeper tracking 15-16,N62
2015-16,Jonas Valanciunas,Jonas Valanciunas,Darren,1.0,1.0,Keeper tracking 15-16,J63
2015-16,Jonas Valanciunas,Jonas Valanciunas,Al,2.0,2.0,Keeper tracking 15-16,N63
2015-16,Jordan Clarkson,Jordan Clarkson,Ron,1.0,1.0,Keeper tracking 15-16,I64
2015-16,Jordan Clarkson,Jordan Clarkson,John,2.0,2.0,Keeper tracking 15-16,M64
2015-16,Jordan Hill,Jordan Hill,Jason,1.0,1.0,Keeper tracking 15-16,G65
2015-16,Jose Calderon,Jose Calderon,Brent,1.0,1.0,Keeper tracking 15-16,E66
2015-16,Jrue Holiday,Jrue Holiday,Joe,1.0,1.0,Keeper tracking 15-16,K68
2015-16,Jusuf Nurkic,Jusuf Nurkic,Max,1.0,1.0,Keeper tracking 15-16,D69
2015-16,Karl-Anthony Towns,Karl-Anthony Towns,Ron,1.0,1.0,Keeper tracking 15-16,I70
2015-16,Karl-Anthony Towns,Karl-Anthony Towns,Jeff,2.0,2.0,Keeper tracking 15-16,O70
2015-16,Kawhi Leonard,Kawhi Leonard,Kerry,1.0,1.0,Keeper tracking 15-16,F71
2015-16,Kawhi Leonard,Kawhi Leonard,Arthur,2.0,2.0,Keeper tracking 15-16,P71
2015-16,Kelly Olynyk,Kelly Olynyk,Josh,1.0,1.0,Keeper tracking 15-16,C72
2015-16,Kemba Walker,Kemba Walker,Peter,1.0,1.0,Keeper tracking 15-16,H73
2015-16,Kemba Walker,Kemba Walker,Ron,2.0,2.0,Keeper tracking 15-16,I73
2015-16,Kemba Walker,Kemba Walker,John,3.0,3.0,Keeper tracking 15-16,M73
2015-16,Kemba Walker,Kemba Walker,Jeff,4.0,4.0,Keeper tracking 15-16,O73
2015-16,Kenneth Faried,Kenneth Faried,Josh,1.0,1.0,Keeper tracking 15-16,C74
2015-16,Kenneth Faried,Kenneth Faried,Peter,2.0,2.0,Keeper tracking 15-16,H74
2015-16,Kevin Durant,Kevin Durant,Al,1.0,1.0,Keeper tracking 15-16,N75
2015-16,Kevin Durant,Kevin Durant,Arthur,2.0,2.0,Keeper tracking 15-16,P75
2015-16,Kevin Love,Kevin Love,Max,1.0,1.0,Keeper tracking 15-16,D76
2015-16,Kevin Love,Kevin Love,Ron,2.0,2.0,Keeper tracking 15-16,I76
2015-16,Kevin Love,Kevin Love,John,3.0,3.0,Keeper tracking 15-16,M76
2015-16,Kevin Love,Kevin Love,Arthur,4.0,4.0,Keeper tracking 15-16,P76
2015-16,Khris Middleton,Khris Middleton,Arthur,1.0,1.0,Keeper tracking 15-16,P77
2015-16,Klay Thompson,Klay Thompson,Darren,1.0,1.0,Keeper tracking 15-16,J78
2015-16,Klay Thompson,Klay Thompson,Ian,2.0,2.0,Keeper tracking 15-16,L78
2015-16,Klay Thompson,Klay Thompson,Al,3.0,3.0,Keeper tracking 15-16,N78
2015-16,Klay Thompson,Klay Thompson,Arthur,4.0,4.0,Keeper tracking 15-16,P78
2015-16,Kobe Bryant,Kobe Bryant,Max,1.0,1.0,Keeper tracking 15-16,D79
2015-16,Kobe Bryant,Kobe Bryant,Brent,2.0,2.0,Keeper tracking 15-16,E79
2015-16,Kobe Bryant,Kobe Bryant,John,3.0,3.0,Keeper tracking 15-16,M79
2015-16,Kristaps Porzingis,Kristaps Porzingis,Darren,1.0,1.0,Keeper tracking 15-16,J80
2015-16,Kristaps Porzingis,Kristaps Porzingis,Al,2.0,2.0,Keeper tracking 15-16,N80
2015-16,Kyle Lowry,Kyle Lowry,Ian,1.0,1.0,Keeper tracking 15-16,L81
2015-16,Kyrie Irving,Kyrie Irving,Kerry,1.0,1.0,Keeper tracking 15-16,F82
2015-16,Kyrie Irving,Kyrie Irving,Jason,2.0,2.0,Keeper tracking 15-16,G82
2015-16,Kyrie Irving,Kyrie Irving,Jeff,3.0,3.0,Keeper tracking 15-16,O82
2015-16,LaMarcus Aldridge,LaMarcus Aldridge,Jason,1.0,1.0,Keeper tracking 15-16,G83
2015-16,LaMarcus Aldridge,LaMarcus Aldridge,Joe,2.0,2.0,Keeper tracking 15-16,K83
2015-16,LaMarcus Aldridge,LaMarcus Aldridge,Ian,3.0,3.0,Keeper tracking 15-16,L83
2015-16,LaMarcus Aldridge,LaMarcus Aldridge,Arthur,4.0,4.0,Keeper tracking 15-16,P83
2015-16,LeBron James,LeBron James,Jeff,1.0,1.0,Keeper tracking 15-16,O84
2015-16,Luol Deng,Luol Deng,Peter,1.0,1.0,Keeper tracking 15-16,H85
2015-16,Manu Ginobili,Manu Ginobili,Graham,1.0,1.0,Keeper tracking 15-16,B86
2015-16,Marco Belinelli,Marco Belinelli,Peter,1.0,1.0,Keeper tracking 15-16,H87
2015-16,Marcus Morris Sr,Marcus Morris,Max,1.0,1.0,Keeper tracking 15-16,D88
2015-16,Michael Carter-Williams,Michael Carter-Williams,Josh,1.0,1.0,Keeper tracking 15-16,C89
2015-16,Mike Conley,Mike Conley,Graham,1.0,1.0,Keeper tracking 15-16,B90
2015-16,Monta Ellis,Monta Ellis,Ron,1.0,1.0,Keeper tracking 15-16,I91
2015-16,Myles Turner,Myles Turner,John,1.0,1.0,Keeper tracking 15-16,M92
2015-16,Nene Hilario,Nene Hilario,Graham,1.0,1.0,Keeper tracking 15-16,B93
2015-16,Nerlens Noel,Nerlens Noel,Kerry,1.0,1.0,Keeper tracking 15-16,F94
2015-16,Nicolas Batum,Nicolas Batum,Arthur,1.0,1.0,Keeper tracking 15-16,P95
2015-16,Nikola Mirotic,Nikola Mirotic,Kerry,1.0,1.0,Keeper tracking 15-16,F96
2015-16,Nikola Mirotic,Nikola Mirotic,Al,2.0,2.0,Keeper tracking 15-16,N96
2015-16,Nikola Vucevic,Nikola Vucevic,Jason,1.0,1.0,Keeper tracking 15-16,G97
2015-16,Otto Porter Jr,Otto Porter,Darren,1.0,1.0,Keeper tracking 15-16,J98
2015-16,PJ Tucker,PJ Tucker,Peter,1.0,1.0,Keeper tracking 15-16,H104
2015-16,Patrick Beverley,Patrick Beverley,Graham,1.0,1.0,Keeper tracking 15-16,B99
2015-16,Patrick Beverley,Patrick Beverley,Kerry,2.0,2.0,Keeper tracking 15-16,F99
2015-16,Patty Mills,Patty Mills,Brent,1.0,1.0,Keeper tracking 15-16,E100
2015-16,Pau Gasol,Pau Gasol,Graham,1.0,1.0,Keeper tracking 15-16,B101
2015-16,Pau Gasol,Pau Gasol,John,2.0,2.0,Keeper tracking 15-16,M101
2015-16,Pau Gasol,Pau Gasol,Jeff,3.0,3.0,Keeper tracking 15-16,O101
2015-16,Paul George,Paul George,John,1.0,1.0,Keeper tracking 15-16,M102
2015-16,Paul George,Paul George,Al,2.0,2.0,Keeper tracking 15-16,N102
2015-16,Paul George,Paul George,Jeff,3.0,3.0,Keeper tracking 15-16,O102
2015-16,Paul Millsap,Paul Millsap,Brent,1.0,1.0,Keeper tracking 15-16,E103
2015-16,Paul Millsap,Paul Millsap,Ian,2.0,2.0,Keeper tracking 15-16,L103
2015-16,Paul Millsap,Paul Millsap,Jeff,3.0,3.0,Keeper tracking 15-16,O103
2015-16,Rajon Rondo,Rajon Rondo,Ian,1.0,1.0,Keeper tracking 15-16,L105
2015-16,Reggie Jackson,Reggie Jackson,Ian,1.0,1.0,Keeper tracking 15-16,L106
2015-16,Reggie Jackson,Reggie Jackson,Al,2.0,2.0,Keeper tracking 15-16,N106
2015-16,Ricky Rubio,Ricky Rubio,Graham,1.0,1.0,Keeper tracking 15-16,B107
2015-16,Ricky Rubio,Ricky Rubio,Peter,2.0,2.0,Keeper tracking 15-16,H107
2015-16,Ricky Rubio,Ricky Rubio,Joe,3.0,3.0,Keeper tracking 15-16,K107
2015-16,Robert Covington,Robert Covington,Kerry,1.0,1.0,Keeper tracking 15-16,F108
2015-16,Robin Lopez,Robin Lopez,Brent,1.0,1.0,Keeper tracking 15-16,E109
2015-16,Rodney Hood,Rodney Hood,John,1.0,1.0,Keeper tracking 15-16,M110
2015-16,Rodney Stuckey,Rodney Stuckey,Jason,1.0,1.0,Keeper tracking 15-16,G111
2015-16,Rudy Gay,Rudy Gay,Jason,1.0,1.0,Keeper tracking 15-16,G112
2015-16,Rudy Gay,Rudy Gay,John,2.0,2.0,Keeper tracking 15-16,M112
2015-16,Rudy Gobert,Rudy Gobert,Al,1.0,1.0,Keeper tracking 15-16,N113
2015-16,Russell Westbrook,Russell Westbrook,John,1.0,1.0,Keeper tracking 15-16,M114
2015-16,Russell Westbrook,Russell Westbrook,Al,2.0,2.0,Keeper tracking 15-16,N114
2015-16,Russell Westbrook,Russell Westbrook,Jeff,3.0,3.0,Keeper tracking 15-16,O114
2015-16,Ryan Anderson,Ryan Anderson,Ian,1.0,1.0,Keeper tracking 15-16,L115
2015-16,Shane Larkin,Shane Larkin,Max,1.0,1.0,Keeper tracking 15-16,D116
2015-16,Stanley Johnson,Stanley Johnson,Josh,1.0,1.0,Keeper tracking 15-16,C117
2015-16,Stanley Johnson,Stanley Johnson,Max,2.0,2.0,Keeper tracking 15-16,D117
2015-16,Stephen Curry,Stephen Curry,Jeff,1.0,1.0,Keeper tracking 15-16,O118
2015-16,Thabo Sefolosha,Thabo Sefolosha,Josh,1.0,1.0,Keeper tracking 15-16,C119
2015-16,Thaddeus Young,Thaddeus Young,Jason,1.0,1.0,Keeper tracking 15-16,G120
2015-16,Thaddeus Young,Thaddeus Young,Darren,2.0,2.0,Keeper tracking 15-16,J120
2015-16,Timofey Mozgov,Timofey Mozgov,Brent,1.0,1.0,Keeper tracking 15-16,E121
2015-16,Tobias Harris,Tobias Harris,Jason,1.0,1.0,Keeper tracking 15-16,G122
2015-16,Tobias Harris,Tobias Harris,Joe,2.0,2.0,Keeper tracking 15-16,K122
2015-16,Trevor Ariza,Trevor Ariza,Brent,1.0,1.0,Keeper tracking 15-16,E123
2015-16,Trevor Ariza,Trevor Ariza,Jeff,2.0,2.0,Keeper tracking 15-16,O123
2015-16,Tristan Thompson,Tristan Thompson,Kerry,1.0,1.0,Keeper tracking 15-16,F124
2015-16,Tyreke Evans,Tyreke Evans,Brent,1.0,1.0,Keeper tracking 15-16,E125
2015-16,Victor Oladipo,Victor Oladipo,Ron,1.0,1.0,Keeper tracking 15-16,I126
2015-16,Victor Oladipo,Victor Oladipo,Arthur,2.0,2.0,Keeper tracking 15-16,P126
2015-16,Wesley Matthews,Wesley Matthews,Brent,1.0,1.0,Keeper tracking 15-16,E127
2015-16,Wesley Matthews,Wesley Matthews,Joe,2.0,2.0,Keeper tracking 15-16,K127
2015-16,Wilson Chandler,Wilson Chandler,Graham,1.0,1.0,Keeper tracking 15-16,B128
2015-16,Zach LaVine,Zach LaVine,Kerry,1.0,1.0,Keeper tracking 15-16,F129
2015-16,Zach Randolph,Zach Randolph,Darren,1.0,1.0,Keeper tracking 15-16,J130
