player_id,player,survivor_value_score,expected_league_price,neutral_auction_value,price_low,price_high,market_season_age,market_method,price_before_comp_adjustment,comp_price_adjustment,effective_comps,useful_games_scenario,neutral_faster,neutral_central,neutral_slower,keeper_cost,keeper_surplus,risk_notes
nikolajokic,Nikola Jokic,12.698180711324053,80.64,65.7,61.04,100.24,31.0,age_local,77.3791024097301,3.257856329746404,5.6981433716150205,67.52970001445235,74.24,65.7,64.36,88,-22.3,"Kept: expected price is hypothetical if available; neutral value uses a fresh $3,000 draft with no keepers. Survivor score assumes reaching the final and neutral access to replacements; no actual waiver winners, positions, dated injuries or category resets are simulated."
shaigilgeousalexander,Shai Gilgeous-Alexander,11.077031419062287,61.14,57.44,41.54,80.74,28.0,age_local,63.841799890601585,-2.702486387429541,16.108061749574365,67.52970001445235,63.88,57.44,56.37,50,7.44,"Kept: expected price is hypothetical if available; neutral value uses a fresh $3,000 draft with no keepers. Survivor score assumes reaching the final and neutral access to replacements; no actual waiver winners, positions, dated injuries or category resets are simulated."
victorwembanyama,Victor Wembanyama,10.73070042111559,57.83,55.68,38.23,77.44,23.0,age_local,55.883635149691045,1.9504975383751606,18.250076829586344,67.52970001445235,61.67,55.68,54.66,49,6.68,"No close historical comparable (nearest combined similarity distance exceeds 1). Kept: expected price is hypothetical if available; neutral value uses a fresh $3,000 draft with no keepers. Survivor score assumes reaching the final and neutral access to replacements; no actual waiver winners, positions, dated injuries or category resets are simulated."
tyresemaxey,Tyrese Maxey,8.800234943795127,43.5,45.84,23.89,63.1,26.0,age_local,44.15090624608021,-0.655670023675867,15.600665824588468,67.61594484205702,49.32,45.84,45.15,42,3.84,"Kept: expected price is hypothetical if available; neutral value uses a fresh $3,000 draft with no keepers. Survivor score assumes reaching the final and neutral access to replacements; no actual waiver winners, positions, dated injuries or category resets are simulated."
stephencurry,Stephen Curry,8.727777536975944,51.0,45.47,31.4,70.6,38.0,age_local,44.9427798357994,6.054438065115242,8.997080966744422,68.392148290499,48.77,45.47,44.8,,,"Survivor score assumes reaching the final and neutral access to replacements; no actual waiver winners, positions, dated injuries or category resets are simulated."
lukadoncic,Luka Doncic,8.671643721620777,46.03,45.19,26.43,65.63,27.0,age_local,43.97725664326114,2.0492103530581347,13.82976485936161,68.392148290499,48.41,45.19,44.53,69,-23.81,"Kept: expected price is hypothetical if available; neutral value uses a fresh $3,000 draft with no keepers. Survivor score assumes reaching the final and neutral access to replacements; no actual waiver winners, positions, dated injuries or category resets are simulated."
cadecunningham,Cade Cunningham,8.397286790662976,42.79,43.79,23.19,62.4,25.0,age_local,43.57529146203639,-0.7803125895625885,16.387868791273256,67.52970001445235,46.76,43.79,43.17,39,4.79,"Kept: expected price is hypothetical if available; neutral value uses a fresh $3,000 draft with no keepers. Survivor score assumes reaching the final and neutral access to replacements; no actual waiver winners, positions, dated injuries or category resets are simulated."
kevindurant,Kevin Durant,7.40728337720833,44.42,38.74,24.82,64.02,38.0,age_local,42.38204905172566,2.0416075853486895,4.2810601782146644,67.61594484205702,40.42,38.74,38.29,,,"Survivor score assumes reaching the final and neutral access to replacements; no actual waiver winners, positions, dated injuries or category resets are simulated."
jaysontatum,Jayson Tatum,7.273469176250368,38.44,38.06,18.84,58.04,28.0,age_local,36.77957321419442,1.6622215101626154,10.869622537790761,67.52970001445235,39.58,38.06,37.63,24,14.06,"Kept: expected price is hypothetical if available; neutral value uses a fresh $3,000 draft with no keepers. Survivor score assumes reaching the final and neutral access to replacements; no actual waiver winners, positions, dated injuries or category resets are simulated."
anthonyedwards,Anthony Edwards,7.249799873549975,38.4,37.94,18.8,58.0,25.0,age_local,35.32772517823323,3.0750273311436915,17.48936937419931,67.61594484205702,39.41,37.94,37.51,,,"Survivor score assumes reaching the final and neutral access to replacements; no actual waiver winners, positions, dated injuries or category resets are simulated."
jamesharden,James Harden,7.196174832062763,35.93,37.67,16.33,55.53,37.0,age_local,35.260793087238966,0.6709144824051962,5.164329070347324,67.52970001445235,39.08,37.67,37.25,,,"Survivor score assumes reaching the final and neutral access to replacements; no actual waiver winners, positions, dated injuries or category resets are simulated."
donovanmitchell,Donovan Mitchell,7.1108893387551575,38.66,37.23,19.06,58.27,30.0,age_local,35.31020629366736,3.354530659979275,17.27093059808568,67.52970001445235,38.54,37.23,36.83,,,"Survivor score assumes reaching the final and neutral access to replacements; no actual waiver winners, positions, dated injuries or category resets are simulated."
karlanthonytowns,Karl-Anthony Towns,7.010609229971332,38.77,36.72,19.17,58.37,31.0,age_local,35.93157499237315,2.8358577994046015,15.036806779430982,67.52970001445235,37.9,36.72,36.33,,,"Survivor score assumes reaching the final and neutral access to replacements; no actual waiver winners, positions, dated injuries or category resets are simulated."
damianlillard,Damian Lillard,6.988903752166895,33.48,36.61,13.88,53.09,36.0,age_local,33.52047127420809,-0.035606366412144555,11.161863873811162,67.52970001445235,37.76,36.61,36.23,2,34.61,"Fewer than 10 NBA games in the previous season: rookie/returning or low-sample player; market-price validation does not cover this case. Kept: expected price is hypothetical if available; neutral value uses a fresh $3,000 draft with no keepers. Survivor score assumes reaching the final and neutral access to replacements; no actual waiver winners, positions, dated injuries or category resets are simulated."
kawhileonard,Kawhi Leonard,6.72276565699882,35.6,35.26,16.0,55.2,35.0,age_local,36.255029978319364,-0.6569288134733888,15.132534055974329,64.07990691026578,36.46,35.26,34.88,,,"Survivor score assumes reaching the final and neutral access to replacements; no actual waiver winners, positions, dated injuries or category resets are simulated."
anthonydavis,Anthony Davis,6.482625803944449,34.98,34.03,15.38,54.58,33.0,age_local,34.765033111285256,0.21475873734431586,16.58732564684616,67.44345518684769,34.53,34.03,33.73,,,"Survivor score assumes reaching the final and neutral access to replacements; no actual waiver winners, positions, dated injuries or category resets are simulated."
tyresehaliburton,Tyrese Haliburton,6.470296793673374,27.55,33.97,18.27,36.83,26.0,age_local,31.843550815983544,-4.29001483703896,6.504712607361165,67.61594484205702,34.43,33.97,33.67,16,17.97,"Fewer than 10 NBA games in the previous season: rookie/returning or low-sample player; market-price validation does not cover this case. Kept: expected price is hypothetical if available; neutral value uses a fresh $3,000 draft with no keepers. Survivor score assumes reaching the final and neutral access to replacements; no actual waiver winners, positions, dated injuries or category resets are simulated."
scottiebarnes,Scottie Barnes,6.299892742197006,33.48,33.1,13.87,53.08,25.0,age_local,31.12474702072252,2.351424881271027,15.050968870683738,67.52970001445235,33.35,33.1,32.83,24,9.1,"Kept: expected price is hypothetical if available; neutral value uses a fresh $3,000 draft with no keepers. Survivor score assumes reaching the final and neutral access to replacements; no actual waiver winners, positions, dated injuries or category resets are simulated."
lameloball,LaMelo Ball,6.275273737826081,30.36,32.97,10.76,49.96,25.0,age_local,28.082923602443177,2.276350577554382,14.069123919507597,67.61594484205702,33.19,32.97,32.71,,,"Survivor score assumes reaching the final and neutral access to replacements; no actual waiver winners, positions, dated injuries or category resets are simulated."
giannisantetokounmpo,Giannis Antetokounmpo,6.042579050304411,50.24,31.79,30.64,69.84,32.0,age_local,41.68043520044706,8.558690420766156,2.7483104232263478,67.61594484205702,31.7,31.79,31.57,,,"Comparable pricing is concentrated in fewer than three effectively weighted records. Survivor score assumes reaching the final and neutral access to replacements; no actual waiver winners, positions, dated injuries or category resets are simulated."
dariusacuffjr,Darius Acuff Jr.,5.938720865842727,26.29,31.26,17.01,35.57,,local,26.72465860795097,-0.43128646332200565,17.090238313727482,67.52970001445235,31.05,31.26,31.05,,,"Fewer than 10 NBA games in the previous season: rookie/returning or low-sample player; market-price validation does not cover this case. No earlier recorded season age: market estimate uses the statistics-only counterpart, with no invented age or youth premium. Survivor score assumes reaching the final and neutral access to replacements; no actual waiver winners, positions, dated injuries or category resets are simulated."
lebronjames,LeBron James,5.746704748809346,32.56,30.28,12.96,52.16,42.0,age_local,34.00070918457866,-1.441484987098725,8.88862932962343,62.699989668591144,30.38,30.28,30.05,,,"Survivor score assumes reaching the final and neutral access to replacements; no actual waiver winners, positions, dated injuries or category resets are simulated."
jalenjohnson,Jalen Johnson,5.642041985537163,32.27,29.75,12.67,51.87,25.0,age_local,28.87745335575792,3.389000255762494,14.701017619898176,67.61594484205702,29.14,29.75,29.59,39,-9.25,"Kept: expected price is hypothetical if available; neutral value uses a fresh $3,000 draft with no keepers. Survivor score assumes reaching the final and neutral access to replacements; no actual waiver winners, positions, dated injuries or category resets are simulated."
kyrieirving,Kyrie Irving,5.601403056082038,26.17,29.54,16.89,35.45,34.0,age_local,28.690561964616496,-2.5251467947377417,11.179836073714917,67.52970001445235,28.89,29.54,29.39,,,"Fewer than 10 NBA games in the previous season: rookie/returning or low-sample player; market-price validation does not cover this case. Survivor score assumes reaching the final and neutral access to replacements; no actual waiver winners, positions, dated injuries or category resets are simulated."
joshgiddey,Josh Giddey,5.4491285899170006,26.49,28.77,17.21,35.77,24.0,age_local,26.741283465988452,-0.2507921485184483,12.25698816135645,67.52970001445235,27.92,28.77,28.64,,,"Survivor score assumes reaching the final and neutral access to replacements; no actual waiver winners, positions, dated injuries or category resets are simulated."
jamalmurray,Jamal Murray,5.424377213009527,27.95,28.64,18.67,37.23,29.0,age_local,28.35935041180525,-0.40885038822737235,17.053122872545813,67.52970001445235,27.76,28.64,28.52,30,-1.36,"Kept: expected price is hypothetical if available; neutral value uses a fresh $3,000 draft with no keepers. Survivor score assumes reaching the final and neutral access to replacements; no actual waiver winners, positions, dated injuries or category resets are simulated."
evanmobley,Evan Mobley,5.418442044833995,31.98,28.61,12.38,51.59,25.0,age_local,29.93299074499308,2.051724215293243,16.967514748800205,67.52970001445235,27.72,28.61,28.49,,,"Survivor score assumes reaching the final and neutral access to replacements; no actual waiver winners, positions, dated injuries or category resets are simulated."
treymurphyiii,Trey Murphy III,5.241130354834401,26.19,27.71,16.91,35.47,26.0,age_local,25.012908246056174,1.1757404695828493,17.567124868346948,67.52970001445235,26.59,27.71,27.62,11,16.71,"Kept: expected price is hypothetical if available; neutral value uses a fresh $3,000 draft with no keepers. Survivor score assumes reaching the final and neutral access to replacements; no actual waiver winners, positions, dated injuries or category resets are simulated."
joelembiid,Joel Embiid,5.090610883776974,36.79,26.94,17.19,56.39,32.0,age_local,36.67187669217192,0.1197868914128489,17.516696490194807,54.506731046148005,27.15,26.94,26.72,,,"CBS projects 63.2 games; availability is spread uniformly, so a delayed return may overstate early usefulness. Survivor score assumes reaching the final and neutral access to replacements; no actual waiver winners, positions, dated injuries or category resets are simulated."
devinbooker,Devin Booker,5.034246730986712,26.27,26.65,16.99,35.55,30.0,age_local,27.11885389094254,-0.8467062709548313,17.738649571128928,67.52970001445235,25.27,26.65,26.6,,,"Survivor score assumes reaching the final and neutral access to replacements; no actual waiver winners, positions, dated injuries or category resets are simulated."
cooperflagg,Cooper Flagg,5.011663710183652,28.75,26.54,19.47,38.03,20.0,age_local,28.283049763281046,0.4677034832025379,15.225462088785742,63.85528340866783,25.12,26.54,26.48,38,-11.46,"Kept: expected price is hypothetical if available; neutral value uses a fresh $3,000 draft with no keepers. Survivor score assumes reaching the final and neutral access to replacements; no actual waiver winners, positions, dated injuries or category resets are simulated."
oganunoby,OG Anunoby,4.928256792736778,21.63,26.11,12.35,30.91,29.0,age_local,21.067574937607617,0.5634129440980254,17.694157131480935,63.85528340866783,24.74,26.11,26.07,,,"Survivor score assumes reaching the final and neutral access to replacements; no actual waiver winners, positions, dated injuries or category resets are simulated."
domantassabonis,Domantas Sabonis,4.817101155043318,29.48,25.54,20.2,38.76,30.0,age_local,26.942042631981728,2.5344338121020242,6.838744047434435,63.85528340866783,24.22,25.54,25.51,,,"Survivor score assumes reaching the final and neutral access to replacements; no actual waiver winners, positions, dated injuries or category resets are simulated."
austinreaves,Austin Reaves,4.7696913119614806,24.04,25.3,14.76,33.32,28.0,age_local,23.873331554413305,0.16493834824167264,16.04435767833093,64.67080426957035,24.01,25.3,25.27,19,6.3,"Kept: expected price is hypothetical if available; neutral value uses a fresh $3,000 draft with no keepers. Survivor score assumes reaching the final and neutral access to replacements; no actual waiver winners, positions, dated injuries or category resets are simulated."
bamadebayo,Bam Adebayo,4.59608627153845,25.23,24.42,15.95,34.51,29.0,age_local,22.664777524156793,2.568903929556143,13.075200011988594,63.936835494758085,23.2,24.42,24.39,,,"Survivor score assumes reaching the final and neutral access to replacements; no actual waiver winners, positions, dated injuries or category resets are simulated."
jalenduren,Jalen Duren,4.510758067358636,26.85,23.98,17.57,36.13,23.0,age_local,26.597850162927234,0.25412712704231966,14.039444755906418,63.85528340866783,22.8,23.98,23.96,21,2.98,"Kept: expected price is hypothetical if available; neutral value uses a fresh $3,000 draft with no keepers. Survivor score assumes reaching the final and neutral access to replacements; no actual waiver winners, positions, dated injuries or category resets are simulated."
amenthompson,Amen Thompson,4.5073582708202755,28.07,23.97,18.8,37.35,24.0,age_local,23.37713449427194,4.6978009166658,14.155907850866662,63.936835494758085,22.79,23.97,23.95,,,"Survivor score assumes reaching the final and neutral access to replacements; no actual waiver winners, positions, dated injuries or category resets are simulated."
jalenbrunson,Jalen Brunson,4.434329274712945,27.57,23.59,18.29,36.85,30.0,age_local,26.303079940057838,1.2654909442742506,13.861695524799341,63.85528340866783,22.45,23.59,23.58,46,-22.41,"Kept: expected price is hypothetical if available; neutral value uses a fresh $3,000 draft with no keepers. Survivor score assumes reaching the final and neutral access to replacements; no actual waiver winners, positions, dated injuries or category resets are simulated."
jaylenbrown,Jaylen Brown,4.377160370750702,28.15,23.3,18.87,37.43,30.0,age_local,25.554523993399563,2.5958187146144556,13.626806228053534,63.936835494758085,22.19,23.3,23.29,,,"Survivor score assumes reaching the final and neutral access to replacements; no actual waiver winners, positions, dated injuries or category resets are simulated."
deniavdija,Deni Avdija,4.373747439270989,26.79,23.29,17.51,36.07,26.0,age_local,24.886336434209902,1.9018547821465168,15.884740605356274,63.85528340866783,22.17,23.29,23.28,24,-0.71,"Kept: expected price is hypothetical if available; neutral value uses a fresh $3,000 draft with no keepers. Survivor score assumes reaching the final and neutral access to replacements; no actual waiver winners, positions, dated injuries or category resets are simulated."
ajdybantsa,AJ Dybantsa,4.342918346876321,20.13,23.13,10.85,29.41,,local,20.0404727074418,0.08550404217592081,17.889070444663243,63.85528340866783,22.03,23.13,23.12,,,"Fewer than 10 NBA games in the previous season: rookie/returning or low-sample player; market-price validation does not cover this case. No earlier recorded season age: market estimate uses the statistics-only counterpart, with no invented age or youth premium. Survivor score assumes reaching the final and neutral access to replacements; no actual waiver winners, positions, dated injuries or category resets are simulated."
derrickwhite,Derrick White,4.286879261429201,19.02,22.84,9.74,28.3,32.0,age_local,19.0457775304282,-0.026813523003290696,17.600471871424762,63.85528340866783,21.77,22.84,22.84,,,"Survivor score assumes reaching the final and neutral access to replacements; no actual waiver winners, positions, dated injuries or category resets are simulated."
chetholmgren,Chet Holmgren,4.227245175664959,25.92,22.54,16.64,35.2,24.0,age_local,23.52847341888263,2.389532079433711,15.830588457273391,63.85528340866783,21.49,22.54,22.54,19,3.54,"Kept: expected price is hypothetical if available; neutral value uses a fresh $3,000 draft with no keepers. Survivor score assumes reaching the final and neutral access to replacements; no actual waiver winners, positions, dated injuries or category resets are simulated."
johncollins,John Collins,4.1772697363449804,21.22,22.28,11.94,30.5,29.0,age_local,20.95926275042041,0.25635412336938523,13.547768409694724,63.85528340866783,21.26,22.28,22.29,,,"Survivor score assumes reaching the final and neutral access to replacements; no actual waiver winners, positions, dated injuries or category resets are simulated."
franzwagner,Franz Wagner,4.13717555759315,22.56,22.08,13.28,31.84,25.0,age_local,22.68615550267954,-0.12675453569364903,17.79436457746966,59.773680137626336,21.07,22.08,22.08,,,"Survivor score assumes reaching the final and neutral access to replacements; no actual waiver winners, positions, dated injuries or category resets are simulated."
alperensengun,Alperen Sengun,4.1277236435480695,30.51,22.03,10.91,50.11,24.0,age_local,24.615942093315624,5.896513257982178,10.944782021281174,59.85001944814694,21.03,22.03,22.04,,,"Survivor score assumes reaching the final and neutral access to replacements; no actual waiver winners, positions, dated injuries or category resets are simulated."
dariusgarland,Darius Garland,4.050344384841885,19.11,21.64,9.83,28.38,27.0,age_local,20.56288669052507,-1.4577459327896365,9.674824708329599,59.773680137626336,20.67,21.64,21.65,18,3.64,"Kept: expected price is hypothetical if available; neutral value uses a fresh $3,000 draft with no keepers. Survivor score assumes reaching the final and neutral access to replacements; no actual waiver winners, positions, dated injuries or category resets are simulated."
desmondbane,Desmond Bane,4.04173292466755,19.52,21.59,10.24,28.8,28.0,age_local,19.751119799344565,-0.23326817938191008,17.7367642894781,59.773680137626336,20.63,21.59,21.6,15,6.59,"Kept: expected price is hypothetical if available; neutral value uses a fresh $3,000 draft with no keepers. Survivor score assumes reaching the final and neutral access to replacements; no actual waiver winners, positions, dated injuries or category resets are simulated."
jalenwilliams,Jalen Williams,4.008775941056434,20.89,21.43,11.61,30.17,25.0,age_local,21.560768874180916,-0.6702050542886547,15.37959405215737,59.773680137626336,20.48,21.43,21.44,,,"Survivor score assumes reaching the final and neutral access to replacements; no actual waiver winners, positions, dated injuries or category resets are simulated."
calebwilson,Caleb Wilson,3.9789960063111347,21.09,21.27,11.81,30.37,,local,20.929933691068552,0.15552269670241567,18.009599802608733,59.773680137626336,20.34,21.27,21.29,,,"Fewer than 10 NBA games in the previous season: rookie/returning or low-sample player; market-price validation does not cover this case. No earlier recorded season age: market estimate uses the statistics-only counterpart, with no invented age or youth premium. Survivor score assumes reaching the final and neutral access to replacements; no actual waiver winners, positions, dated injuries or category resets are simulated."
joshhart,Josh Hart,3.9141408877024553,15.7,20.94,6.42,24.98,31.0,age_local,16.680392058218786,-0.9839884544376357,9.132516784665365,59.773680137626336,20.04,20.94,20.96,,,"Survivor score assumes reaching the final and neutral access to replacements; no actual waiver winners, positions, dated injuries or category resets are simulated."
ivicazubac,Ivica Zubac,3.9048426983136597,26.33,20.9,17.05,35.61,29.0,age_local,26.016370679264792,0.3113862503224998,12.316317156419494,59.85001944814694,19.99,20.9,20.91,,,"Survivor score assumes reaching the final and neutral access to replacements; no actual waiver winners, positions, dated injuries or category resets are simulated."
dysondaniels,Dyson Daniels,3.8472081625173575,16.53,20.6,7.25,25.81,23.0,age_local,15.414898347341323,1.1139669333198385,17.404239249721126,59.85001944814694,19.73,20.6,20.62,,,"Survivor score assumes reaching the final and neutral access to replacements; no actual waiver winners, positions, dated injuries or category resets are simulated."
jarrettallen,Jarrett Allen,3.82021629564831,21.38,20.47,12.1,30.66,28.0,age_local,21.827590655173054,-0.4488902718050908,12.312298433624502,59.773680137626336,19.6,20.47,20.49,,,"Survivor score assumes reaching the final and neutral access to replacements; no actual waiver winners, positions, dated injuries or category resets are simulated."
cameronboozer,Cameron Boozer,3.8199585431810297,22.54,20.46,13.26,31.82,,local,21.03092560877198,1.5136077925390288,16.927828346910943,59.773680137626336,19.6,20.46,20.49,,,"Fewer than 10 NBA games in the previous season: rookie/returning or low-sample player; market-price validation does not cover this case. No earlier recorded season age: market estimate uses the statistics-only counterpart, with no invented age or youth premium. Survivor score assumes reaching the final and neutral access to replacements; no actual waiver winners, positions, dated injuries or category resets are simulated."
brandoningram,Brandon Ingram,3.7821106058817104,23.77,20.27,14.49,33.05,29.0,age_local,22.502054420681485,1.2694282302379896,15.692604554021766,55.95671461159656,19.37,20.27,20.28,,,"Survivor score assumes reaching the final and neutral access to replacements; no actual waiver winners, positions, dated injuries or category resets are simulated."
jalensuggs,Jalen Suggs,3.6770884510745008,13.28,19.74,4.0,22.56,25.0,age_local,14.767853589798754,-1.4882636313035682,15.514887475908365,59.773680137626336,18.93,19.74,19.77,,,"Survivor score assumes reaching the final and neutral access to replacements; no actual waiver winners, positions, dated injuries or category resets are simulated."
tylerherro,Tyler Herro,3.668314056238479,20.35,19.69,11.07,29.63,27.0,age_local,20.793731200013923,-0.4391553759528445,15.559691206842341,59.773680137626336,18.89,19.69,19.72,16,3.69,"Kept: expected price is hypothetical if available; neutral value uses a fresh $3,000 draft with no keepers. Survivor score assumes reaching the final and neutral access to replacements; no actual waiver winners, positions, dated injuries or category resets are simulated."
brandonmiller,Brandon Miller,3.625815881869196,19.14,19.47,9.86,28.42,24.0,age_local,18.05165773303118,1.0845838688607048,9.715327738829863,55.767053703247484,18.7,19.47,19.51,,,"Survivor score assumes reaching the final and neutral access to replacements; no actual waiver winners, positions, dated injuries or category resets are simulated."
walkerkessler,Walker Kessler,3.615091969011691,22.37,19.42,13.09,31.65,25.0,age_local,21.193117504806803,1.1731230350530732,15.254999784208557,56.40723671769802,18.65,19.42,19.46,25,-5.58,"Fewer than 10 NBA games in the previous season: rookie/returning or low-sample player; market-price validation does not cover this case. Kept: expected price is hypothetical if available; neutral value uses a fresh $3,000 draft with no keepers. Survivor score assumes reaching the final and neutral access to replacements; no actual waiver winners, positions, dated injuries or category resets are simulated."
mikelbrownjr,Mikel Brown Jr.,3.5329704833397475,14.15,19.0,4.87,23.43,,local,14.43104945461474,-0.27975243299682195,16.674854586367232,55.69592225719742,18.26,19.0,19.04,,,"Fewer than 10 NBA games in the previous season: rookie/returning or low-sample player; market-price validation does not cover this case. No earlier recorded season age: market estimate uses the statistics-only counterpart, with no invented age or youth premium. Survivor score assumes reaching the final and neutral access to replacements; no actual waiver winners, positions, dated injuries or category resets are simulated."
darrynpeterson,Darryn Peterson,3.5273931262381786,14.35,18.97,5.07,23.63,,local,14.707571176802231,-0.35408009539978014,18.387650953656717,55.69592225719742,18.24,18.97,19.01,,,"Fewer than 10 NBA games in the previous season: rookie/returning or low-sample player; market-price validation does not cover this case. No earlier recorded season age: market estimate uses the statistics-only counterpart, with no invented age or youth premium. Survivor score assumes reaching the final and neutral access to replacements; no actual waiver winners, positions, dated injuries or category resets are simulated."
paulgeorge,Paul George,3.437222868572811,16.1,18.51,6.82,25.38,36.0,age_local,15.38239043364445,0.712882610577471,15.53108971346454,53.81921391701988,17.74,18.51,18.53,,,"Survivor score assumes reaching the final and neutral access to replacements; no actual waiver winners, positions, dated injuries or category resets are simulated."
jadenmcdaniels,Jaden McDaniels,3.382807491694451,15.95,18.24,6.67,25.23,26.0,age_local,15.586206672018085,0.35999481457854543,14.281404490041778,55.767053703247484,17.56,18.24,18.28,,,"Survivor score assumes reaching the final and neutral access to replacements; no actual waiver winners, positions, dated injuries or category resets are simulated."
paolobanchero,Paolo Banchero,3.2680516301279914,24.25,17.65,14.97,33.53,24.0,age_local,22.802553001792536,1.4506998956607833,14.314983596435534,55.69592225719742,17.02,17.65,17.7,,,"Survivor score assumes reaching the final and neutral access to replacements; no actual waiver winners, positions, dated injuries or category resets are simulated."
keatonwagler,Keaton Wagler,3.2417295845984793,13.6,17.52,4.32,22.88,,local,13.861001803558981,-0.2571785300026656,17.49291841069274,55.69592225719742,16.9,17.52,17.57,,,"Fewer than 10 NBA games in the previous season: rookie/returning or low-sample player; market-price validation does not cover this case. No earlier recorded season age: market estimate uses the statistics-only counterpart, with no invented age or youth premium. Survivor score assumes reaching the final and neutral access to replacements; no actual waiver winners, positions, dated injuries or category resets are simulated."
vjedgecombe,VJ Edgecombe,3.22529840592476,15.28,17.43,6.0,24.56,21.0,age_local,16.32219474115267,-1.041311350193417,17.4770246151472,55.767053703247484,16.82,17.43,17.49,,,"Survivor score assumes reaching the final and neutral access to replacements; no actual waiver winners, positions, dated injuries or category resets are simulated."
mikalbridges,Mikal Bridges,3.1283619204987683,14.34,16.94,5.06,23.62,30.0,age_local,15.08516228747336,-0.7446197018499913,16.058314487774854,55.69592225719742,16.37,16.94,17.0,,,"Survivor score assumes reaching the final and neutral access to replacements; no actual waiver winners, positions, dated injuries or category resets are simulated."
laurimarkkanen,Lauri Markkanen,3.0736345553276125,16.77,16.66,7.49,26.05,29.0,age_local,16.07922511270719,0.68621722928274,16.262725183442683,55.69592225719742,16.11,16.66,16.72,,,"Survivor score assumes reaching the final and neutral access to replacements; no actual waiver winners, positions, dated injuries or category resets are simulated."
cobywhite,Coby White,3.036900016119487,16.72,16.47,7.44,26.0,26.0,age_local,16.81649759044396,-0.0988601293245159,14.729332326584785,55.767053703247484,15.94,16.47,16.54,,,"Survivor score assumes reaching the final and neutral access to replacements; no actual waiver winners, positions, dated injuries or category resets are simulated."
pascalsiakam,Pascal Siakam,3.0310943642223367,23.57,16.44,14.29,32.85,32.0,age_local,19.198441492049803,4.3673177374883725,6.879101069507928,55.767053703247484,15.91,16.44,16.51,,,"Survivor score assumes reaching the final and neutral access to replacements; no actual waiver winners, positions, dated injuries or category resets are simulated."
deaaronfox,De'Aaron Fox,2.956276994909153,15.41,16.06,6.13,24.69,29.0,age_local,15.816243750726263,-0.4080840808354291,17.770522362089938,55.69592225719742,15.56,16.06,16.13,30,-13.94,"Kept: expected price is hypothetical if available; neutral value uses a fresh $3,000 draft with no keepers. Survivor score assumes reaching the final and neutral access to replacements; no actual waiver winners, positions, dated injuries or category resets are simulated."
traeyoung,Trae Young,2.930437028235717,16.93,15.93,7.65,26.21,28.0,age_local,16.63537926507224,0.2908773642557571,17.78763641134134,55.69592225719742,15.44,15.93,16.0,,,"Survivor score assumes reaching the final and neutral access to replacements; no actual waiver winners, positions, dated injuries or category resets are simulated."
onyekaokongwu,Onyeka Okongwu,2.9048013307917824,15.42,15.8,6.14,24.7,26.0,age_local,15.80847087154976,-0.3907578449250487,17.408816800907708,51.696226049391264,15.32,15.8,15.87,,,"Survivor score assumes reaching the final and neutral access to replacements; no actual waiver winners, positions, dated injuries or category resets are simulated."
zachlavine,Zach LaVine,2.9050784640737968,16.48,15.8,7.2,25.76,31.0,age_local,16.51250002432321,-0.036632651325001285,16.59226117505121,55.69592225719742,15.32,15.8,15.87,,,"Survivor score assumes reaching the final and neutral access to replacements; no actual waiver winners, positions, dated injuries or category resets are simulated."
immanuelquickley,Immanuel Quickley,2.896977551439252,13.03,15.76,3.75,22.31,27.0,age_local,14.418779876866166,-1.3854133504333643,17.185990671170867,51.63028698555275,15.28,15.76,15.83,,,"Survivor score assumes reaching the final and neutral access to replacements; no actual waiver winners, positions, dated injuries or category resets are simulated."
jakobpoeltl,Jakob Poeltl,2.89706555675722,15.37,15.76,6.09,24.65,31.0,age_local,16.224912796798723,-0.8530188585008565,11.889782096957934,51.63028698555275,15.28,15.76,15.83,,,"Survivor score assumes reaching the final and neutral access to replacements; no actual waiver winners, positions, dated injuries or category resets are simulated."
rudygobert,Rudy Gobert,2.7659902514559596,14.45,15.09,5.17,23.73,34.0,age_local,14.413982340811375,0.03677944498226619,12.987721307309215,51.696226049391264,14.67,15.09,15.17,,,"Survivor score assumes reaching the final and neutral access to replacements; no actual waiver winners, positions, dated injuries or category resets are simulated."
jamorant,Ja Morant,2.733718968372863,15.62,14.93,6.34,24.9,27.0,age_local,16.049570925361873,-0.4323106151194399,16.563825365993203,51.63028698555275,14.51,14.93,15.0,,,"Survivor score assumes reaching the final and neutral access to replacements; no actual waiver winners, positions, dated injuries or category resets are simulated."
jarenjacksonjr,Jaren Jackson Jr,2.680773143163965,14.23,14.66,4.95,23.51,27.0,age_local,15.034222257012201,-0.8005192865490856,17.33616364229134,51.63028698555275,14.26,14.66,14.74,,,"Survivor score assumes reaching the final and neutral access to replacements; no actual waiver winners, positions, dated injuries or category resets are simulated."
konknueppel,Kon Knueppel,2.6160044823122077,15.83,14.33,6.55,25.11,21.0,age_local,16.23651694395466,-0.40885184705848326,17.606887550692736,51.696226049391264,13.96,14.33,14.41,5,9.33,"Kept: expected price is hypothetical if available; neutral value uses a fresh $3,000 draft with no keepers. Survivor score assumes reaching the final and neutral access to replacements; no actual waiver winners, positions, dated injuries or category resets are simulated."
jimmybutler,Jimmy Butler,2.608153382722528,22.69,14.29,13.41,31.97,37.0,age_local,19.702054604423758,2.9897868418077844,7.6974493820012535,39.552761753772536,13.65,14.29,14.29,,,"CBS projects 48.5 games; availability is spread uniformly, so a delayed return may overstate early usefulness. Survivor score assumes reaching the final and neutral access to replacements; no actual waiver winners, positions, dated injuries or category resets are simulated."
dejountemurray,Dejounte Murray,2.5861966468465662,11.53,14.18,2.25,20.81,30.0,age_local,11.65876829827763,-0.13141792497562585,16.82658959441206,51.63028698555275,13.82,14.18,14.26,3,11.18,"Kept: expected price is hypothetical if available; neutral value uses a fresh $3,000 draft with no keepers. Survivor score assumes reaching the final and neutral access to replacements; no actual waiver winners, positions, dated injuries or category resets are simulated."
jalengreen,Jalen Green,2.5824556849475853,14.08,14.16,4.8,23.36,24.0,age_local,14.18597594833519,-0.10880051745460863,14.898184727953726,51.63028698555275,13.8,14.16,14.24,,,"Survivor score assumes reaching the final and neutral access to replacements; no actual waiver winners, positions, dated injuries or category resets are simulated."
andrewwiggins,Andrew Wiggins,2.5544800531635814,11.19,14.02,1.91,20.47,31.0,age_local,12.42905084306265,-1.2369838484925229,12.205337124802389,51.696226049391264,13.67,14.02,14.1,,,"Survivor score assumes reaching the final and neutral access to replacements; no actual waiver winners, positions, dated injuries or category resets are simulated."
keyontegeorge,Keyonte George,2.5229223777285994,14.11,13.86,4.83,23.39,23.0,age_local,15.525643149125875,-1.4132858509322692,16.65102947787925,51.63028698555275,13.52,13.86,13.94,6,7.86,"Kept: expected price is hypothetical if available; neutral value uses a fresh $3,000 draft with no keepers. Survivor score assumes reaching the final and neutral access to replacements; no actual waiver winners, positions, dated injuries or category resets are simulated."
ayodosunmu,Ayo Dosunmu,2.4554957523765037,12.84,13.51,3.56,22.12,27.0,age_local,13.160856175361326,-0.3166497602211973,17.865582382926693,51.696226049391264,13.2,13.51,13.6,,,"Survivor score assumes reaching the final and neutral access to replacements; no actual waiver winners, positions, dated injuries or category resets are simulated."
milesbridges,Miles Bridges,2.43528984410071,12.94,13.41,3.66,22.22,28.0,age_local,13.451813290088333,-0.5127059480436681,17.756906561157223,51.63028698555275,13.11,13.41,13.5,,,"Survivor score assumes reaching the final and neutral access to replacements; no actual waiver winners, positions, dated injuries or category resets are simulated."
andrewnembhard,Andrew Nembhard,2.332003893962449,12.99,12.88,3.71,22.27,27.0,age_local,13.5698063742404,-0.583806714568421,13.08531102859433,47.61317221081474,12.62,12.88,12.97,,,"Survivor score assumes reaching the final and neutral access to replacements; no actual waiver winners, positions, dated injuries or category resets are simulated."
zionwilliamson,Zion Williamson,2.33162630717678,22.76,12.88,13.48,32.04,26.0,age_local,21.633624320079115,1.1278114320027295,6.493964724261064,49.058663495850894,12.59,12.88,12.96,,,"Survivor score assumes reaching the final and neutral access to replacements; no actual waiver winners, positions, dated injuries or category resets are simulated."
cameronjohnson,Cameron Johnson,2.31684508159482,11.48,12.81,2.2,20.76,30.0,age_local,12.505459352592716,-1.0226682081174308,17.134334990929148,47.55244112381114,12.55,12.81,12.9,,,"Survivor score assumes reaching the final and neutral access to replacements; no actual waiver winners, positions, dated injuries or category resets are simulated."
paytonpritchard,Payton Pritchard,2.291764994066325,13.07,12.68,3.79,22.35,29.0,age_local,12.287246001617332,0.7852708124752851,17.93929279404074,47.55244112381114,12.43,12.68,12.77,,,"Survivor score assumes reaching the final and neutral access to replacements; no actual waiver winners, positions, dated injuries or category resets are simulated."
fredvanvleet,Fred VanVleet,2.252305223446034,6.83,12.48,2.06,11.6,32.0,age_local,7.292777153717399,-0.46233983947350993,14.44784425373084,47.61317221081474,12.24,12.48,12.57,,,"Fewer than 10 NBA games in the previous season: rookie/returning or low-sample player; market-price validation does not cover this case. Survivor score assumes reaching the final and neutral access to replacements; no actual waiver winners, positions, dated injuries or category resets are simulated."
ausarthompson,Ausar Thompson,2.2454492250683202,11.77,12.44,2.49,21.05,24.0,age_local,10.156032931243633,1.6175073943383744,13.960537369527415,47.55244112381114,12.21,12.44,12.53,,,"Survivor score assumes reaching the final and neutral access to replacements; no actual waiver winners, positions, dated injuries or category resets are simulated."
dylanharper,Dylan Harper,2.22532213637479,16.85,12.34,7.57,26.13,20.0,age_local,16.825755167043795,0.028872351077604903,17.80800148664337,47.55244112381114,12.11,12.34,12.43,4,8.34,"Kept: expected price is hypothetical if available; neutral value uses a fresh $3,000 draft with no keepers. Survivor score assumes reaching the final and neutral access to replacements; no actual waiver winners, positions, dated injuries or category resets are simulated."
tyjerome,Ty Jerome,2.2106278919010736,10.58,12.26,1.3,19.86,29.0,age_local,10.53479644718215,0.0453424622460124,18.754182790468988,47.55244112381114,12.04,12.26,12.36,,,"Survivor score assumes reaching the final and neutral access to replacements; no actual waiver winners, positions, dated injuries or category resets are simulated."
michaelporterjr,Michael Porter Jr.,2.151929368549861,12.16,11.96,2.88,21.44,28.0,age_local,11.896637575262776,0.2610172435183923,16.81979449633376,47.55244112381114,11.76,11.96,12.06,,,"Survivor score assumes reaching the final and neutral access to replacements; no actual waiver winners, positions, dated injuries or category resets are simulated."
keeganmurray,Keegan Murray,2.1493939200623124,10.62,11.95,1.34,19.9,26.0,age_local,11.201507626584316,-0.5779955062804438,14.553693737888537,47.55244112381114,11.75,11.95,12.05,,,"Survivor score assumes reaching the final and neutral access to replacements; no actual waiver winners, positions, dated injuries or category resets are simulated."
isaiahhartenstein,Isaiah Hartenstein,2.131102078312525,11.73,11.86,2.45,21.01,28.0,age_local,13.005658864111913,-1.273860510345652,15.251879307323476,47.55244112381114,11.67,11.86,11.95,,,"Survivor score assumes reaching the final and neutral access to replacements; no actual waiver winners, positions, dated injuries or category resets are simulated."
matasbuzelis,Matas Buzelis,2.0333741360658406,15.33,11.36,6.05,24.61,22.0,age_local,14.37279837445393,0.9545216684225989,18.207517620015693,47.55244112381114,11.2,11.36,11.46,,,"Survivor score assumes reaching the final and neutral access to replacements; no actual waiver winners, positions, dated injuries or category resets are simulated."
brandinpodziemski,Brandin Podziemski,2.013938212908959,9.55,11.26,4.78,14.32,23.0,age_local,10.784779813103647,-1.2302571000414877,17.102512563430206,48.159751993847046,11.12,11.26,11.36,,,"Survivor score assumes reaching the final and neutral access to replacements; no actual waiver winners, positions, dated injuries or category resets are simulated."
derecklivelyii,Dereck Lively II,1.9825554282063065,16.0,11.1,6.72,25.28,22.0,age_local,16.333990249535656,-0.33319548311585656,16.80324047881227,47.55244112381114,10.96,11.1,11.2,,,"Fewer than 10 NBA games in the previous season: rookie/returning or low-sample player; market-price validation does not cover this case. Survivor score assumes reaching the final and neutral access to replacements; no actual waiver winners, positions, dated injuries or category resets are simulated."
tobiasharris,Tobias Harris,1.95477861217838,7.42,10.96,2.65,12.19,34.0,age_local,8.236366098760229,-0.8200420838340289,15.822152616250257,47.55244112381114,10.83,10.96,11.06,,,"Survivor score assumes reaching the final and neutral access to replacements; no actual waiver winners, positions, dated injuries or category resets are simulated."
cjmccollum,CJ McCollum,1.9444064742795382,8.59,10.91,3.82,13.36,35.0,age_local,9.589483694914081,-0.9994473510822377,8.615463139460374,47.61317221081474,10.78,10.91,11.01,,,"Survivor score assumes reaching the final and neutral access to replacements; no actual waiver winners, positions, dated injuries or category resets are simulated."
collinsexton,Collin Sexton,1.9151591601997198,10.45,10.76,1.17,19.73,28.0,age_local,11.69850436509789,-1.2503048498272331,14.167009479340582,44.03851506064042,10.65,10.76,10.86,,,"Survivor score assumes reaching the final and neutral access to replacements; no actual waiver winners, positions, dated injuries or category resets are simulated."
donovanclingan,Donovan Clingan,1.8969471038947694,14.61,10.67,5.33,23.89,22.0,age_local,13.894709759588137,0.7183836267680476,15.74853026898633,43.483174391527676,10.55,10.67,10.77,16,-5.33,"Kept: expected price is hypothetical if available; neutral value uses a fresh $3,000 draft with no keepers. Survivor score assumes reaching the final and neutral access to replacements; no actual waiver winners, positions, dated injuries or category resets are simulated."
normanpowell,Norman Powell,1.8984654651893154,9.28,10.67,4.51,14.05,33.0,age_local,9.676344050556466,-0.39916691060715265,18.5122276237652,43.483174391527676,10.56,10.67,10.78,,,"Survivor score assumes reaching the final and neutral access to replacements; no actual waiver winners, positions, dated injuries or category resets are simulated."
toumanicamara,Toumani Camara,1.8340858198548669,7.42,10.35,2.66,12.19,26.0,age_local,7.750066907043421,-0.3252867411501037,17.231559593435595,43.483174391527676,10.25,10.35,10.45,,,"Survivor score assumes reaching the final and neutral access to replacements; no actual waiver winners, positions, dated injuries or category resets are simulated."
nicclaxton,Nic Claxton,1.771884089827489,12.64,10.03,3.36,21.92,27.0,age_local,14.312085863077321,-1.6707571657212328,14.066929208518824,43.483174391527676,9.95,10.03,10.13,,,"Survivor score assumes reaching the final and neutral access to replacements; no actual waiver winners, positions, dated injuries or category resets are simulated."
draymondgreen,Draymond Green,1.753894211695802,2.96,9.94,1,7.73,36.0,age_local,3.20497201368753,-0.24749975581919198,13.514475770910357,44.03851506064042,9.87,9.94,10.04,,,"Survivor score assumes reaching the final and neutral access to replacements; no actual waiver winners, positions, dated injuries or category resets are simulated."
jabarismith,Jabari Smith,1.7259975256212983,10.3,9.79,1.02,19.58,,local,10.283651499512981,0.016660051820408823,15.110934951181612,43.53870845843896,9.73,9.79,9.9,,,"Fewer than 10 NBA games in the previous season: rookie/returning or low-sample player; market-price validation does not cover this case. No earlier recorded season age: market estimate uses the statistics-only counterpart, with no invented age or youth premium. Survivor score assumes reaching the final and neutral access to replacements; no actual waiver winners, positions, dated injuries or category resets are simulated."
jrueholiday,Jrue Holiday,1.719123160698071,4.29,9.76,1,9.06,36.0,age_local,5.141847594193567,-0.8498266644880941,13.508184761075627,43.483174391527676,9.7,9.76,9.86,,,"Survivor score assumes reaching the final and neutral access to replacements; no actual waiver winners, positions, dated injuries or category resets are simulated."
peytonwatson,Peyton Watson,1.714465677482352,9.8,9.74,5.03,14.56,24.0,age_local,10.46514841629783,-0.6700366468186161,17.920775060221704,43.483174391527676,9.68,9.74,9.84,,,"Survivor score assumes reaching the final and neutral access to replacements; no actual waiver winners, positions, dated injuries or category resets are simulated."
juliusrandle,Julius Randle,1.702528218160037,9.23,9.68,4.46,14.0,32.0,age_local,10.479403580754601,-1.2510234959373758,18.272879801668644,43.483174391527676,9.62,9.68,9.78,,,"Survivor score assumes reaching the final and neutral access to replacements; no actual waiver winners, positions, dated injuries or category resets are simulated."
alexsarr,Alex Sarr,1.6984275848436354,16.34,9.65,7.06,25.62,21.0,age_local,14.357289661427487,1.9834701898569131,11.168451404844415,43.483174391527676,9.6,9.65,9.76,,,"Survivor score assumes reaching the final and neutral access to replacements; no actual waiver winners, positions, dated injuries or category resets are simulated."
christianbraun,Christian Braun,1.6907333228483425,10.93,9.61,1.65,20.21,25.0,age_local,12.448003743836237,-1.521137924807725,17.912552405060822,43.483174391527676,9.56,9.61,9.72,,,"Survivor score assumes reaching the final and neutral access to replacements; no actual waiver winners, positions, dated injuries or category resets are simulated."
pjwashington,PJ Washington,1.6836435093946236,7.06,9.58,2.29,11.83,28.0,age_local,9.436267706322978,-2.376609160329215,11.539693782846252,43.483174391527676,9.53,9.58,9.68,,,"Survivor score assumes reaching the final and neutral access to replacements; no actual waiver winners, positions, dated injuries or category resets are simulated."
mylesturner,Myles Turner,1.665080453490184,10.02,9.48,1,19.3,30.0,age_local,8.779448645299526,1.2442056466100346,17.567746113020288,43.483174391527676,9.44,9.48,9.59,,,"Survivor score assumes reaching the final and neutral access to replacements; no actual waiver winners, positions, dated injuries or category resets are simulated."
stephoncastle,Stephon Castle,1.6522314939999099,13.95,9.42,4.67,23.23,22.0,age_local,14.15647782028412,-0.20996195117339816,16.831522815926938,43.483174391527676,9.38,9.42,9.52,,,"Survivor score assumes reaching the final and neutral access to replacements; no actual waiver winners, positions, dated injuries or category resets are simulated."
nazreid,Naz Reid,1.6395031515987772,9.26,9.35,4.49,14.03,27.0,age_local,9.312425516306934,-0.050362747991854674,15.22940520015912,39.4710133547194,9.32,9.35,9.46,,,"Survivor score assumes reaching the final and neutral access to replacements; no actual waiver winners, positions, dated injuries or category resets are simulated."
dillonbrooks,Dillon Brooks,1.6026720610609542,6.7,9.17,1.93,11.47,31.0,age_local,6.946472044135495,-0.24992305703266077,17.778416928958602,39.42066767442001,9.14,9.17,9.27,,,"Survivor score assumes reaching the final and neutral access to replacements; no actual waiver winners, positions, dated injuries or category resets are simulated."
zachedey,Zach Edey,1.5927459148864878,13.18,9.12,3.9,22.46,24.0,age_local,13.003533414669786,0.1740412036736796,14.735608824288208,39.42066767442001,9.09,9.12,9.22,,,"Survivor score assumes reaching the final and neutral access to replacements; no actual waiver winners, positions, dated injuries or category resets are simulated."
demarderozan,DeMar DeRozan,1.5886794465021765,8.53,9.09,3.76,13.3,37.0,age_local,9.1624981850908,-0.6289200461266904,12.777298931785309,38.46409974873166,9.06,9.09,9.2,,,"Survivor score assumes reaching the final and neutral access to replacements; no actual waiver winners, positions, dated injuries or category resets are simulated."
kingstonflemings,Kingston Flemings,1.5682476230723454,7.15,8.99,2.38,11.92,,local,7.829947252580097,-0.6778632557841575,16.830723106877336,39.4710133547194,8.97,8.99,9.1,,,"Fewer than 10 NBA games in the previous season: rookie/returning or low-sample player; market-price validation does not cover this case. No earlier recorded season age: market estimate uses the statistics-only counterpart, with no invented age or youth premium. Survivor score assumes reaching the final and neutral access to replacements; no actual waiver winners, positions, dated injuries or category resets are simulated."
casonwallace,Cason Wallace,1.5537108931787986,6.46,8.92,1.69,11.23,23.0,age_local,5.36308899182424,1.0925406620342017,14.011908152233573,39.42066767442001,8.9,8.92,9.02,,,"Survivor score assumes reaching the final and neutral access to replacements; no actual waiver winners, positions, dated injuries or category resets are simulated."
nickeilalexanderwalker,Nickeil Alexander-Walker,1.5100467780675464,7.1,8.69,2.33,11.87,28.0,age_local,8.088959775120935,-0.9868276403365563,18.91650548507246,39.4710133547194,8.69,8.69,8.8,,,"Survivor score assumes reaching the final and neutral access to replacements; no actual waiver winners, positions, dated injuries or category resets are simulated."
jeramigrant,Jerami Grant,1.4912523793578483,6.3,8.6,1.53,11.07,32.0,age_local,7.200100118206959,-0.8972619104528732,16.95583678626475,39.42066767442001,8.6,8.6,8.7,,,"Survivor score assumes reaching the final and neutral access to replacements; no actual waiver winners, positions, dated injuries or category resets are simulated."
kristapsporzingis,Kristaps Porzingis,1.485570188873917,10.79,8.57,1.52,20.07,31.0,age_local,11.944919317889681,-1.1499365472083867,15.821919524716026,31.98044596167699,8.39,8.57,8.62,,,"CBS projects 48.5 games; availability is spread uniformly, so a delayed return may overstate early usefulness. Survivor score assumes reaching the final and neutral access to replacements; no actual waiver winners, positions, dated injuries or category resets are simulated."
jusufnurkic,Jusuf Nurkic,1.456075158627003,5.86,8.42,1.09,10.62,32.0,age_local,6.1999277918799685,-0.3448147232065533,17.231890823334588,39.42066767442001,8.43,8.42,8.53,,,"Survivor score assumes reaching the final and neutral access to replacements; no actual waiver winners, positions, dated injuries or category resets are simulated."
ruihachimura,Rui Hachimura,1.43849483141939,7.18,8.33,2.41,11.95,28.0,age_local,8.520008133491679,-1.3361005832745743,16.533905896604402,39.42066767442001,8.34,8.33,8.44,,,"Survivor score assumes reaching the final and neutral access to replacements; no actual waiver winners, positions, dated injuries or category resets are simulated."
rjbarrett,RJ Barrett,1.4160228281942056,13.4,8.22,4.12,22.68,26.0,age_local,13.29066882565769,0.11364832662349143,14.250632263745064,39.42066767442001,8.23,8.22,8.32,,,"Survivor score assumes reaching the final and neutral access to replacements; no actual waiver winners, positions, dated injuries or category resets are simulated."
maxchristie,Max Christie,1.3245640259472746,7.87,7.75,3.1,12.64,23.0,age_local,9.068941503035186,-1.2028282478559895,18.00379747034867,39.42066767442001,7.79,7.75,7.86,,,"Survivor score assumes reaching the final and neutral access to replacements; no actual waiver winners, positions, dated injuries or category resets are simulated."
wendellcarterjr,Wendell Carter Jr.,1.2985931259995562,6.8,7.62,2.03,11.57,27.0,age_local,8.582194176016088,-1.7787887810814245,16.61713900941985,39.42066767442001,7.66,7.62,7.72,,,"Survivor score assumes reaching the final and neutral access to replacements; no actual waiver winners, positions, dated injuries or category resets are simulated."
ryanrollins,Ryan Rollins,1.2950721359510196,7.93,7.6,3.16,12.7,24.0,age_local,8.236009071478279,-0.3084262863727184,17.204999361396847,39.42066767442001,7.65,7.6,7.7,,,"Survivor score assumes reaching the final and neutral access to replacements; no actual waiver winners, positions, dated injuries or category resets are simulated."
cedriccoward,Cedric Coward,1.2825642543149427,10.15,7.54,1,19.43,23.0,age_local,10.647640571653678,-0.49373748791856126,16.227611330479398,39.42066767442001,7.58,7.54,7.64,,,"Survivor score assumes reaching the final and neutral access to replacements; no actual waiver winners, positions, dated injuries or category resets are simulated."
derikqueen,Derik Queen,1.2748179176061056,11.01,7.5,1.73,20.29,22.0,age_local,10.611751836981503,0.396928115378623,17.945739155068154,35.3619704661165,7.55,7.5,7.6,,,"Survivor score assumes reaching the final and neutral access to replacements; no actual waiver winners, positions, dated injuries or category resets are simulated."
aarongordon,Aaron Gordon,1.2008538975929763,8.67,7.12,3.9,13.44,31.0,age_local,9.246582645574774,-0.5725294744840388,10.251845794885984,35.3619704661165,7.18,7.12,7.22,,,"Survivor score assumes reaching the final and neutral access to replacements; no actual waiver winners, positions, dated injuries or category resets are simulated."
quentingrimes,Quentin Grimes,1.1830715703945947,6.3,7.03,1.53,11.07,26.0,age_local,8.294140031325792,-1.9941878099035257,17.585657052633806,35.81359205572208,7.1,7.03,7.13,,,"Survivor score assumes reaching the final and neutral access to replacements; no actual waiver winners, positions, dated injuries or category resets are simulated."
morezjohnsonjr,Morez Johnson Jr.,1.1770877873240297,9.7,7.0,4.93,14.47,,local,10.344787025173106,-0.647902764781899,17.948259929853116,35.3619704661165,7.07,7.0,7.1,,,"Fewer than 10 NBA games in the previous season: rookie/returning or low-sample player; market-price validation does not cover this case. No earlier recorded season age: market estimate uses the statistics-only counterpart, with no invented age or youth premium. Survivor score assumes reaching the final and neutral access to replacements; no actual waiver winners, positions, dated injuries or category resets are simulated."
kyshawngeorge,Kyshawn George,1.1641484582729575,6.94,6.93,2.17,11.7,23.0,age_local,7.6811972359358665,-0.7461806021570777,15.05654294232837,35.3619704661165,7.0,6.93,7.04,,,"Survivor score assumes reaching the final and neutral access to replacements; no actual waiver winners, positions, dated injuries or category resets are simulated."
yaxellendeborg,Yaxel Lendeborg,1.1149973679095895,7.19,6.68,2.42,11.96,,local,7.8043242690903245,-0.6171292033864778,16.06144290746096,35.81359205572208,6.76,6.68,6.78,,,"Fewer than 10 NBA games in the previous season: rookie/returning or low-sample player; market-price validation does not cover this case. No earlier recorded season age: market estimate uses the statistics-only counterpart, with no invented age or youth premium. Survivor score assumes reaching the final and neutral access to replacements; no actual waiver winners, positions, dated injuries or category resets are simulated."
davionmitchell,Davion Mitchell,1.1086383769996793,5.67,6.65,1,10.44,28.0,age_local,5.970439241424277,-0.29925020693277965,15.71229812445656,35.40713262507707,6.73,6.65,6.75,,,"Survivor score assumes reaching the final and neutral access to replacements; no actual waiver winners, positions, dated injuries or category resets are simulated."
devinvassell,Devin Vassell,1.0942096956837206,5.22,6.58,1,9.99,26.0,age_local,6.237753315740843,-1.0145688210876977,17.686116989145393,35.3619704661165,6.66,6.58,6.68,,,"Survivor score assumes reaching the final and neutral access to replacements; no actual waiver winners, positions, dated injuries or category resets are simulated."
aaronnesmith,Aaron Nesmith,1.074240272709059,6.37,6.47,1.6,11.14,27.0,age_local,7.114084283642818,-0.7419029273293627,17.849980606691894,35.40713262507707,6.56,6.47,6.58,,,"Survivor score assumes reaching the final and neutral access to replacements; no actual waiver winners, positions, dated injuries or category resets are simulated."
herbertjones,Herbert Jones,0.9619771960829893,1.6,5.9,1,6.37,28.0,age_local,2.102697400684257,-0.49948602945627796,16.164755127012917,35.3619704661165,6.01,5.9,6.0,,,"Survivor score assumes reaching the final and neutral access to replacements; no actual waiver winners, positions, dated injuries or category resets are simulated."
deanthonymelton,De'Anthony Melton,0.9237926252082952,1,5.71,1,5.77,28.0,age_local,1.7172621600994904,-0.8438492146696843,15.114821738518703,35.81359205572208,5.82,5.71,5.81,,,"Survivor score assumes reaching the final and neutral access to replacements; no actual waiver winners, positions, dated injuries or category resets are simulated."
maximeraynaud,Maxime Raynaud,0.9229936659007776,10.03,5.7,1,19.31,23.0,age_local,11.053842832790666,-1.021318384615843,16.001667600194356,35.3619704661165,5.82,5.7,5.8,,,"Survivor score assumes reaching the final and neutral access to replacements; no actual waiver winners, positions, dated injuries or category resets are simulated."
alhorford,Al Horford,0.8889229323629547,1,5.53,1,5.77,40.0,age_local,-1.6097295806976661,0.233197663004338,10.168971908812367,35.81359205572208,5.65,5.53,5.63,,,"Survivor score assumes reaching the final and neutral access to replacements; no actual waiver winners, positions, dated injuries or category resets are simulated."
derrickjonesjr,Derrick Jones Jr.,0.865982979169577,3.6,5.41,1,8.37,29.0,age_local,4.435539423985107,-0.8365680845589177,17.70231381802579,35.3619704661165,5.54,5.41,5.51,,,"Survivor score assumes reaching the final and neutral access to replacements; no actual waiver winners, positions, dated injuries or category resets are simulated."
dayronsharpe,Day'ron Sharpe,0.8181283323953709,6.31,5.17,1.54,11.08,25.0,age_local,6.727698542043148,-0.41999041417717115,17.68233076340889,31.29258858154054,5.3,5.17,5.26,,,"Survivor score assumes reaching the final and neutral access to replacements; no actual waiver winners, positions, dated injuries or category resets are simulated."
klaythompson,Klay Thompson,0.8113482043535897,1.24,5.13,1,6.01,36.0,age_local,0.2886107817373613,0.9484210557542784,10.835510237977507,31.33255357334328,5.26,5.13,5.23,,,"Survivor score assumes reaching the final and neutral access to replacements; no actual waiver winners, positions, dated injuries or category resets are simulated."
neemiasqueta,Neemias Queta,0.7926028801187228,6.69,5.04,1.92,11.46,27.0,age_local,7.741901657887524,-1.0492495381445515,16.55736509162656,31.29258858154054,5.17,5.04,5.13,,,"Survivor score assumes reaching the final and neutral access to replacements; no actual waiver winners, positions, dated injuries or category resets are simulated."
maxstrus,Max Strus,0.7900641411310195,2.65,5.03,1,7.42,30.0,age_local,3.111665943547578,-0.46529460380382026,15.626523059519279,28.894689073376515,5.14,5.03,5.12,,,"Survivor score assumes reaching the final and neutral access to replacements; no actual waiver winners, positions, dated injuries or category resets are simulated."
brooklopez,Brook Lopez,0.7826777072617462,1,4.99,1,5.77,38.0,age_local,0.5660415543764021,0.26587790148811646,15.575488705914207,31.29258858154054,5.12,4.99,5.08,,,"Survivor score assumes reaching the final and neutral access to replacements; no actual waiver winners, positions, dated injuries or category resets are simulated."
jalensmith,Jalen Smith,0.7607043823302496,5.61,4.88,1,10.38,26.0,age_local,6.427118614604351,-0.8147302915935518,15.42321085700468,31.29258858154054,5.01,4.88,4.97,,,"Survivor score assumes reaching the final and neutral access to replacements; no actual waiver winners, positions, dated injuries or category resets are simulated."
deandrehunter,De'Andre Hunter,0.7214270056582608,4.18,4.68,1,8.95,29.0,age_local,5.229684756491664,-1.0540381645270696,15.216243457588702,31.29258858154054,4.81,4.68,4.77,,,"Survivor score assumes reaching the final and neutral access to replacements; no actual waiver winners, positions, dated injuries or category resets are simulated."
bobbyportis,Bobby Portis,0.7084724742464045,2.47,4.61,1,7.24,31.0,age_local,3.607067006983775,-1.1413179574576455,17.620872564810725,31.33255357334328,4.75,4.61,4.7,,,"Survivor score assumes reaching the final and neutral access to replacements; no actual waiver winners, positions, dated injuries or category resets are simulated."
nateament,Nate Ament,0.6925972662193643,5.44,4.53,1,10.21,,local,6.487819933145138,-1.0430396579277077,16.68278237498202,31.29258858154054,4.67,4.53,4.62,,,"Fewer than 10 NBA games in the previous season: rookie/returning or low-sample player; market-price validation does not cover this case. No earlier recorded season age: market estimate uses the statistics-only counterpart, with no invented age or youth premium. Survivor score assumes reaching the final and neutral access to replacements; no actual waiver winners, positions, dated injuries or category resets are simulated."
collingillespie,Collin Gillespie,0.6552695190418114,2.22,4.34,1,6.99,27.0,age_local,1.5720325393445487,0.64686801788961,16.479216797690277,31.29258858154054,4.48,4.34,4.43,,,"Survivor score assumes reaching the final and neutral access to replacements; no actual waiver winners, positions, dated injuries or category resets are simulated."
kelelware,Kel'el Ware,0.6482813313007787,6.36,4.3,1.59,11.13,22.0,age_local,7.136689644679119,-0.7795801163352072,15.115073754553572,31.29258858154054,4.45,4.3,4.39,,,"Survivor score assumes reaching the final and neutral access to replacements; no actual waiver winners, positions, dated injuries or category resets are simulated."
jaimejaquezjr,Jaime Jaquez Jr,0.6410568527027783,5.86,4.27,1.09,10.62,25.0,age_local,7.5413096587742565,-1.6859387596625937,16.856308459915624,31.29258858154054,4.41,4.27,4.35,,,"Survivor score assumes reaching the final and neutral access to replacements; no actual waiver winners, positions, dated injuries or category resets are simulated."
duncanrobinson,Duncan Robinson,0.6221795264620353,1.87,4.17,1,6.64,32.0,age_local,1.6997142643108645,0.17058744808268012,16.12053075313693,30.813008679907735,4.31,4.17,4.26,,,"Survivor score assumes reaching the final and neutral access to replacements; no actual waiver winners, positions, dated injuries or category resets are simulated."
acebailey,Ace Bailey,0.6081111029454764,7.14,4.1,2.37,11.91,20.0,age_local,7.106776192610797,0.035141996836917586,17.634375864535663,31.29258858154054,4.24,4.1,4.18,,,"Survivor score assumes reaching the final and neutral access to replacements; no actual waiver winners, positions, dated injuries or category resets are simulated."
tarieason,Tari Eason,0.5864799759844573,1.8,3.99,1,6.57,25.0,age_local,2.569139040186368,-0.7660103736678792,16.45582486069148,31.33255357334328,4.14,3.99,4.07,,,"Survivor score assumes reaching the final and neutral access to replacements; no actual waiver winners, positions, dated injuries or category resets are simulated."
egordemin,Egor Demin,0.5665563640794613,4.93,3.89,1,9.7,20.0,age_local,5.210664060402649,-0.27951244776058204,16.582697456212824,27.225273439937716,4.04,3.89,3.97,,,"Survivor score assumes reaching the final and neutral access to replacements; no actual waiver winners, positions, dated injuries or category resets are simulated."
nikolavucevic,Nikola Vucevic,0.5649682401059961,1.51,3.88,1,6.28,36.0,age_local,0.9989272449713794,0.5092686107093902,17.127238436728017,27.225273439937716,4.03,3.88,3.96,,,"Survivor score assumes reaching the final and neutral access to replacements; no actual waiver winners, positions, dated injuries or category resets are simulated."
kellyoubrejr,Kelly Oubre Jr.,0.5351571764072611,2.04,3.73,1,6.81,31.0,age_local,2.752390506868023,-0.7128424205014547,17.66303117047183,27.260043904101117,3.88,3.73,3.81,,,"Survivor score assumes reaching the final and neutral access to replacements; no actual waiver winners, positions, dated injuries or category resets are simulated."
moussadiabate,Moussa Diabate,0.5237330226351561,5.4,3.67,1,10.17,25.0,age_local,5.17885558225173,0.2231816898221006,15.540719019720045,27.260043904101117,3.82,3.67,3.75,,,"Survivor score assumes reaching the final and neutral access to replacements; no actual waiver winners, positions, dated injuries or category resets are simulated."
yvesmissi,Yves Missi,0.495982727097162,7.41,3.53,2.64,12.18,22.0,age_local,8.526971229273752,-1.1146541214991088,9.944863933546198,27.225273439937716,3.68,3.53,3.61,,,"Survivor score assumes reaching the final and neutral access to replacements; no actual waiver winners, positions, dated injuries or category resets are simulated."
anthonyblack,Anthony Black,0.4918369455251643,3.25,3.51,1,8.02,23.0,age_local,4.033598106471029,-0.7878041934413452,15.566459736964854,27.225273439937716,3.65,3.51,3.58,,,"Survivor score assumes reaching the final and neutral access to replacements; no actual waiver winners, positions, dated injuries or category resets are simulated."
saddiqbey,Saddiq Bey,0.48124259102505723,3.59,3.45,1,8.36,27.0,age_local,4.2164074813213475,-0.625731730308474,16.751300533785983,27.225273439937716,3.6,3.45,3.53,,,"Survivor score assumes reaching the final and neutral access to replacements; no actual waiver winners, positions, dated injuries or category resets are simulated."
adaymara,Aday Mara,0.47431223271635525,5.2,3.42,1,9.97,,local,5.28031961186662,-0.08359907181356152,18.187306214150873,27.225273439937716,3.56,3.42,3.49,,,"Fewer than 10 NBA games in the previous season: rookie/returning or low-sample player; market-price validation does not cover this case. No earlier recorded season age: market estimate uses the statistics-only counterpart, with no invented age or youth premium. Survivor score assumes reaching the final and neutral access to replacements; no actual waiver winners, positions, dated injuries or category resets are simulated."
krisdunn,Kris Dunn,0.473515263567818,1,3.41,1,5.77,32.0,age_local,-2.4518840049861317,1.2330675203764867,14.734871671804749,27.225273439937716,3.56,3.41,3.49,,,"Survivor score assumes reaching the final and neutral access to replacements; no actual waiver winners, positions, dated injuries or category resets are simulated."
isaiahjackson,Isaiah Jackson,0.45839612906174393,4.36,3.34,1,9.13,25.0,age_local,4.937432278367806,-0.5818686224480005,18.620534366376493,27.225273439937716,3.48,3.34,3.41,,,"Survivor score assumes reaching the final and neutral access to replacements; no actual waiver winners, positions, dated injuries or category resets are simulated."
isaiahjoe,Isaiah Joe,0.4498776413427749,1.96,3.29,1,6.73,27.0,age_local,1.802413351640855,0.15749280888880376,16.671389496800032,27.225273439937716,3.44,3.29,3.37,,,"Survivor score assumes reaching the final and neutral access to replacements; no actual waiver winners, positions, dated injuries or category resets are simulated."
malikmonk,Malik Monk,0.4342021139766134,3.49,3.21,1,8.26,28.0,age_local,3.464101319096828,0.025632546625703787,16.70450725969737,27.225273439937716,3.36,3.21,3.29,,,"Survivor score assumes reaching the final and neutral access to replacements; no actual waiver winners, positions, dated injuries or category resets are simulated."
kevinhuerter,Kevin Huerter,0.4267775970736343,1,3.17,1,5.77,28.0,age_local,0.5362317536555908,0.22163338605120553,16.930324765086706,27.225273439937716,3.32,3.17,3.25,,,"Survivor score assumes reaching the final and neutral access to replacements; no actual waiver winners, positions, dated injuries or category resets are simulated."
markwilliams,Mark Williams,0.41018774830389526,8.04,3.09,3.27,12.81,25.0,age_local,8.886171880957363,-0.8497544311292123,17.18933451664597,14.993836774905084,3.13,3.09,3.13,,,"CBS projects 33.2 games; availability is spread uniformly, so a delayed return may overstate early usefulness. Survivor score assumes reaching the final and neutral access to replacements; no actual waiver winners, positions, dated injuries or category resets are simulated."
jeremiahfears,Jeremiah Fears,0.39514014447496804,5.41,3.01,1,10.18,20.0,age_local,5.8567228289065,-0.4459021883392059,17.1745774414119,27.225273439937716,3.16,3.01,3.08,2,1.01,"Kept: expected price is hypothetical if available; neutral value uses a fresh $3,000 draft with no keepers. Survivor score assumes reaching the final and neutral access to replacements; no actual waiver winners, positions, dated injuries or category resets are simulated."
anferneesimons,Anfernee Simons,0.3548166382701343,2.85,2.81,1,7.62,27.0,age_local,3.5438757107102927,-0.6896848177607182,17.507804210282412,23.19100770267888,2.95,2.81,2.88,,,"Survivor score assumes reaching the final and neutral access to replacements; no actual waiver winners, positions, dated injuries or category resets are simulated."
jonathankuminga,Jonathan Kuminga,0.35197012259354654,5.94,2.79,1.17,10.71,24.0,age_local,6.877315471889952,-0.936597773628813,14.655082530269967,26.842798334140383,2.94,2.79,2.86,,,"Survivor score assumes reaching the final and neutral access to replacements; no actual waiver winners, positions, dated injuries or category resets are simulated."
sammerrill,Sam Merrill,0.3491827100444188,1,2.78,1,5.77,30.0,age_local,-0.5084754719035292,0.2143596627288897,16.392120926183313,23.161427335711174,2.92,2.78,2.85,,,"Survivor score assumes reaching the final and neutral access to replacements; no actual waiver winners, positions, dated injuries or category resets are simulated."
deandreayton,Deandre Ayton,0.3483222128275322,3.49,2.77,1,8.26,28.0,age_local,4.863279328483824,-1.3694098002829187,16.723279591680246,23.161427335711174,2.92,2.77,2.84,,,"Survivor score assumes reaching the final and neutral access to replacements; no actual waiver winners, positions, dated injuries or category resets are simulated."
danielgafford,Daniel Gafford,0.3244930095508627,3.93,2.65,1,8.7,28.0,age_local,5.047519443570004,-1.1195946587313723,17.97662526363493,23.161427335711174,2.79,2.65,2.72,,,"Survivor score assumes reaching the final and neutral access to replacements; no actual waiver winners, positions, dated injuries or category resets are simulated."
mitchellrobinson,Mitchell Robinson,0.3192968016258585,1.9,2.63,1,6.67,28.0,age_local,2.53977331832972,-0.6394052948922906,17.594142908353252,23.161427335711174,2.77,2.63,2.69,,,"Survivor score assumes reaching the final and neutral access to replacements; no actual waiver winners, positions, dated injuries or category resets are simulated."
jaylontyson,Jaylon Tyson,0.31818373622577095,3.13,2.62,1,7.9,24.0,age_local,3.5619789926213725,-0.4276798710687821,16.080568011772925,23.161427335711174,2.76,2.62,2.68,,,"Survivor score assumes reaching the final and neutral access to replacements; no actual waiver winners, positions, dated injuries or category resets are simulated."
kevinporter,Kevin Porter,0.28779847347478715,2.39,2.47,1,7.16,,local,1.8807933047657674,0.5107398444457315,17.103976123332366,23.161427335711174,2.6,2.47,2.53,,,"Fewer than 10 NBA games in the previous season: rookie/returning or low-sample player; market-price validation does not cover this case. No earlier recorded season age: market estimate uses the statistics-only counterpart, with no invented age or youth premium. Survivor score assumes reaching the final and neutral access to replacements; no actual waiver winners, positions, dated injuries or category resets are simulated."
isaiahcollier,Isaiah Collier,0.2804315593081661,4.05,2.43,1,8.82,22.0,age_local,4.544273472683473,-0.4913770327957415,11.053451610047155,23.161427335711174,2.56,2.43,2.49,,,"Survivor score assumes reaching the final and neutral access to replacements; no actual waiver winners, positions, dated injuries or category resets are simulated."
lukekennard,Luke Kennard,0.26900249408325605,1,2.37,1,5.77,30.0,age_local,-0.8744084377063583,1.1709696778347078,16.90279812147361,23.161427335711174,2.5,2.37,2.43,,,"Survivor score assumes reaching the final and neutral access to replacements; no actual waiver winners, positions, dated injuries or category resets are simulated."
osoighodaro,Oso Ighodaro,0.2688335978011671,3.1,2.37,1,7.87,24.0,age_local,3.1873637536060113,-0.08758459186490959,18.079445120055702,23.161427335711174,2.5,2.37,2.43,,,"Survivor score assumes reaching the final and neutral access to replacements; no actual waiver winners, positions, dated injuries or category resets are simulated."
najimarshall,Naji Marshall,0.25092431670166376,1.94,2.28,1,6.71,29.0,age_local,2.3165458457644093,-0.3758056990325908,16.590899784345254,23.161427335711174,2.41,2.28,2.33,,,"Survivor score assumes reaching the final and neutral access to replacements; no actual waiver winners, positions, dated injuries or category resets are simulated."
jordangoodwin,Jordan Goodwin,0.249391196927928,1,2.27,1,5.77,28.0,age_local,-2.879093209880158,0.676128645040585,17.323941680599244,23.161427335711174,2.4,2.27,2.33,,,"Survivor score assumes reaching the final and neutral access to replacements; no actual waiver winners, positions, dated injuries or category resets are simulated."
graysonallen,Grayson Allen,0.24286937350152987,1,2.24,1,5.77,31.0,age_local,-1.1186705968488306,0.49112012753017037,15.540303774518444,23.19100770267888,2.36,2.24,2.29,,,"Survivor score assumes reaching the final and neutral access to replacements; no actual waiver winners, positions, dated injuries or category resets are simulated."
robertwilliamsiii,Robert Williams III,0.23082717751169124,1.27,2.18,1,6.04,29.0,age_local,1.4409703831655507,-0.17532594978969473,11.917954001863583,23.161427335711174,2.3,2.18,2.23,,,"Survivor score assumes reaching the final and neutral access to replacements; no actual waiver winners, positions, dated injuries or category resets are simulated."
luguentzdort,Luguentz Dort,0.22428357874933144,1,2.14,1,5.77,27.0,age_local,-0.9721638889372379,-0.1646291263147398,18.156072505879326,19.12025010264565,2.27,2.14,2.19,,,"Survivor score assumes reaching the final and neutral access to replacements; no actual waiver winners, positions, dated injuries or category resets are simulated."
jakelaravia,Jake LaRavia,0.2168501760932859,1,2.1,1,5.77,25.0,age_local,0.3344647289909165,-0.13168923397168047,17.857792259236376,19.339742769640303,2.22,2.1,2.16,,,"Survivor score assumes reaching the final and neutral access to replacements; no actual waiver winners, positions, dated injuries or category resets are simulated."
collinmurrayboyles,Collin Murray-Boyles,0.20575792977155932,4.04,2.05,1,8.81,21.0,age_local,4.582940734291779,-0.5413485576735619,17.541869171198798,19.09586202853513,2.16,2.05,2.1,,,"Survivor score assumes reaching the final and neutral access to replacements; no actual waiver winners, positions, dated injuries or category resets are simulated."
bilalcoulibaly,Bilal Coulibaly,0.19631441817416048,2.13,2.0,1,6.9,22.0,age_local,2.670748469158588,-0.5451053960744939,15.803797304807254,19.09586202853513,2.11,2.0,2.05,,,"Survivor score assumes reaching the final and neutral access to replacements; no actual waiver winners, positions, dated injuries or category resets are simulated."
drusmith,Dru Smith,0.19388989638537568,1,1.99,1,5.77,29.0,age_local,-3.318464088726415,1.4313906810257364,12.341884097059955,19.12025010264565,2.1,1.99,2.03,,,"Survivor score assumes reaching the final and neutral access to replacements; no actual waiver winners, positions, dated injuries or category resets are simulated."
royceoneale,Royce O'Neale,0.189649082379018,1,1.97,1,5.77,33.0,age_local,-3.0833630732218795,0.9673099023007096,16.61706700498204,19.12025010264565,2.08,1.97,2.01,,,"Survivor score assumes reaching the final and neutral access to replacements; no actual waiver winners, positions, dated injuries or category resets are simulated."
mosesmoody,Moses Moody,0.18562231409624932,1,1.95,1,5.77,24.0,age_local,1.4240636702195233,-0.4414267003523668,14.527984669875664,17.718639813653887,2.04,1.95,1.99,,,"CBS projects 59.9 games; availability is spread uniformly, so a delayed return may overstate early usefulness. Survivor score assumes reaching the final and neutral access to replacements; no actual waiver winners, positions, dated injuries or category resets are simulated."
samhauser,Sam Hauser,0.16555571189613744,1,1.84,1,5.77,29.0,age_local,-1.086562757087942,1.0425274247866352,15.267531058805277,19.09586202853513,1.94,1.84,1.88,,,"Survivor score assumes reaching the final and neutral access to replacements; no actual waiver winners, positions, dated injuries or category resets are simulated."
santialdama,Santi Aldama,0.16250437244824986,2.61,1.83,1,7.38,26.0,age_local,2.389398180474955,0.22341138586828457,17.032172974987418,19.09586202853513,1.93,1.83,1.87,,,"Survivor score assumes reaching the final and neutral access to replacements; no actual waiver winners, positions, dated injuries or category resets are simulated."
tjmcconnell,TJ McConnell,0.15394728426878926,1,1.78,1,5.77,34.0,age_local,-0.5519440073807667,-0.1355475995753879,15.102416282534849,19.12025010264565,1.88,1.78,1.82,,,"Survivor score assumes reaching the final and neutral access to replacements; no actual waiver winners, positions, dated injuries or category resets are simulated."
reedsheppard,Reed Sheppard,0.13556239357472136,1.29,1.69,1,6.06,22.0,age_local,0.5985102498531238,0.6919740015860835,16.09431025983049,19.12025010264565,1.78,1.69,1.73,,,"Survivor score assumes reaching the final and neutral access to replacements; no actual waiver winners, positions, dated injuries or category resets are simulated."
obitoppin,Obi Toppin,0.13284135330224556,1.71,1.68,1,6.48,28.0,age_local,1.6598055150294075,0.049454624667610594,13.391515493535493,19.12025010264565,1.76,1.68,1.71,,,"Survivor score assumes reaching the final and neutral access to replacements; no actual waiver winners, positions, dated injuries or category resets are simulated."
trejones,Tre Jones,0.13254926293066238,2.17,1.68,1,6.94,27.0,age_local,1.6431968293484855,0.5306644596276684,14.025656197908125,19.09586202853513,1.76,1.68,1.71,,,"Survivor score assumes reaching the final and neutral access to replacements; no actual waiver winners, positions, dated injuries or category resets are simulated."
kylefilipowski,Kyle Filipowski,0.1289747282659257,2.55,1.66,1,7.32,23.0,age_local,2.3241053064276866,0.2223373257943581,16.838937294795183,19.09586202853513,1.74,1.66,1.69,,,"Survivor score assumes reaching the final and neutral access to replacements; no actual waiver winners, positions, dated injuries or category resets are simulated."
sandromamukelashvili,Sandro Mamukelashvili,0.12983217701432775,1,1.66,1,5.77,27.0,age_local,1.0178614422243457,-0.32629850886142536,14.565118045367349,19.339742769640303,1.75,1.66,1.7,,,"Survivor score assumes reaching the final and neutral access to replacements; no actual waiver winners, positions, dated injuries or category resets are simulated."
paulreed,Paul Reed,0.11581077070472427,1,1.59,1,5.77,27.0,age_local,0.21655761189665157,0.7004779720481574,16.680930094977988,19.09586202853513,1.67,1.59,1.62,,,"Survivor score assumes reaching the final and neutral access to replacements; no actual waiver winners, positions, dated injuries or category resets are simulated."
alexcaruso,Alex Caruso,0.1075767476694315,1,1.55,1,5.77,32.0,age_local,-4.959989829249261,1.5771749213417914,14.410280862262468,15.034016360249455,1.63,1.55,1.58,,,"Survivor score assumes reaching the final and neutral access to replacements; no actual waiver winners, positions, dated injuries or category resets are simulated."
scottypippenjr,Scotty Pippen Jr,0.10673510746720365,1,1.54,1,5.77,26.0,age_local,-0.5160728251079483,0.4828000906247959,16.862158355237042,15.034016360249455,1.62,1.54,1.57,,,"Survivor score assumes reaching the final and neutral access to replacements; no actual waiver winners, positions, dated injuries or category resets are simulated."
bennedictmathurin,Bennedict Mathurin,0.09913571804138704,3.37,1.51,1,8.14,24.0,age_local,3.0261584777372694,0.3460298152300008,18.18141285660482,15.034016360249455,1.58,1.51,1.53,,,"Survivor score assumes reaching the final and neutral access to replacements; no actual waiver winners, positions, dated injuries or category resets are simulated."
julianchampagnie,Julian Champagnie,0.0951887354434201,1,1.49,1,5.77,25.0,age_local,-0.26458764955866254,0.6147118775098844,17.364533988438673,15.034016360249455,1.55,1.49,1.51,,,"Survivor score assumes reaching the final and neutral access to replacements; no actual waiver winners, positions, dated injuries or category resets are simulated."
scoothenderson,Scoot Henderson,0.08893000738597255,1.56,1.45,1,6.33,22.0,age_local,2.2019741183065076,-0.6457183397481332,16.833776894311068,15.034016360249455,1.52,1.45,1.48,,,"Survivor score assumes reaching the final and neutral access to replacements; no actual waiver winners, positions, dated injuries or category resets are simulated."
pellelarsson,Pelle Larsson,0.0714078690297035,1.41,1.36,1,6.18,25.0,age_local,1.2908166801409884,0.12181984783387208,15.912344810261878,15.053216891999456,1.41,1.36,1.38,,,"Survivor score assumes reaching the final and neutral access to replacements; no actual waiver winners, positions, dated injuries or category resets are simulated."
justinchampagnie,Justin Champagnie,0.047954438127612534,1,1.24,1,5.77,25.0,age_local,-0.011813202158577951,0.9215833624988772,17.15593960448295,15.034016360249455,1.28,1.24,1.26,,,"Survivor score assumes reaching the final and neutral access to replacements; no actual waiver winners, positions, dated injuries or category resets are simulated."
jaylinwilliams,Jaylin Williams,0.037544451369601065,1,1.19,1,5.77,24.0,age_local,-0.14364105484161294,0.3211721521340695,16.496405431890647,15.034016360249455,1.22,1.19,1.2,,,"Survivor score assumes reaching the final and neutral access to replacements; no actual waiver winners, positions, dated injuries or category resets are simulated."
hannessteinbach,Hannes Steinbach,0.03556322354685039,2.51,1.18,1,7.28,,local,1.4733063654351906,1.0340243613896443,16.957995994992444,15.053216891999456,1.21,1.18,1.19,,,"Fewer than 10 NBA games in the previous season: rookie/returning or low-sample player; market-price validation does not cover this case. No earlier recorded season age: market estimate uses the statistics-only counterpart, with no invented age or youth premium. Survivor score assumes reaching the final and neutral access to replacements; no actual waiver winners, positions, dated injuries or category resets are simulated."
jordanpoole,Jordan Poole,0.027447907611838313,1,1.14,1,5.77,27.0,age_local,0.29732301115247683,0.6138646384771554,18.28952930895235,5.510552612249801,1.16,1.14,1.15,,,"CBS projects 28.7 games; availability is spread uniformly, so a delayed return may overstate early usefulness. Survivor score assumes reaching the final and neutral access to replacements; no actual waiver winners, positions, dated injuries or category resets are simulated."
bricesensabaugh,Brice Sensabaugh,0.024437554001893833,1.45,1.12,1,6.22,23.0,age_local,0.9992502653936776,0.45484182448718136,16.072821039452506,15.034016360249455,1.14,1.12,1.13,,,"Survivor score assumes reaching the final and neutral access to replacements; no actual waiver winners, positions, dated injuries or category resets are simulated."
jakobewalter,Ja'Kobe Walter,0.01368211411802723,1,1.07,1,5.77,22.0,age_local,-0.7575050240237404,1.290920260547761,16.89542836033018,15.034016360249455,1.08,1.07,1.07,,,"Survivor score assumes reaching the final and neutral access to replacements; no actual waiver winners, positions, dated injuries or category resets are simulated."
ryankalkbrenner,Ryan Kalkbrenner,0.0065161713574295906,1.95,1.03,1,6.72,25.0,age_local,1.7462775280694791,0.20394487395357902,15.154846759635753,15.053216891999456,1.04,1.03,1.03,,,"Survivor score assumes reaching the final and neutral access to replacements; no actual waiver winners, positions, dated injuries or category resets are simulated."
bradleybeal,Bradley Beal,0.004767004679748098,1,1.02,1,5.77,33.0,age_local,-2.7120895901039255,1.3603533796673386,16.02491512141145,5.510552612249801,1.03,1.02,1.03,,,"Fewer than 10 NBA games in the previous season: rookie/returning or low-sample player; market-price validation does not cover this case. CBS projects 28.7 games; availability is spread uniformly, so a delayed return may overstate early usefulness. Survivor score assumes reaching the final and neutral access to replacements; no actual waiver winners, positions, dated injuries or category resets are simulated."
dontedivincenzo,Donte DiVincenzo,0.0003347102986751541,1,1.0,1,5.77,30.0,age_local,-4.57253864146391,0.7554668826970008,16.124752441364084,0.5376148889999804,1.0,1.0,1.0,,,"CBS projects 2.8 games; availability is spread uniformly, so a delayed return may overstate early usefulness. Survivor score assumes reaching the final and neutral access to replacements; no actual waiver winners, positions, dated injuries or category resets are simulated."
ajgreen,A.J. Green,0.0,1,0.0,1,5.77,27.0,age_local,-8.88653097177989,3.13935394549275,11.115279265481476,0.0,0.0,0.0,0.0,,,"CBS projects 28.7 games; availability is spread uniformly, so a delayed return may overstate early usefulness. Outside the 225-player neutral allocation. Market price is conditional on being drafted. Survivor score assumes reaching the final and neutral access to replacements; no actual waiver winners, positions, dated injuries or category resets are simulated."
ajlawson,A.J. Lawson,0.0,1,0.0,1,5.77,26.0,age_local,-10.316578108632894,3.8673715120474244,14.621566773313392,0.0,0.0,0.0,0.0,,,"CBS projects 28.7 games; availability is spread uniformly, so a delayed return may overstate early usefulness. Outside the 225-player neutral allocation. Market price is conditional on being drafted. Survivor score assumes reaching the final and neutral access to replacements; no actual waiver winners, positions, dated injuries or category resets are simulated."
ajjohnson,AJ Johnson,0.0,1,0.0,1,5.77,22.0,age_local,-8.544682615896361,3.827491467274384,16.274570301475684,0.0,0.0,0.0,0.0,,,"CBS projects 28.7 games; availability is spread uniformly, so a delayed return may overstate early usefulness. Outside the 225-player neutral allocation. Market price is conditional on being drafted. Survivor score assumes reaching the final and neutral access to replacements; no actual waiver winners, positions, dated injuries or category resets are simulated."
aaronholiday,Aaron Holiday,0.0,1,0.0,1,5.77,30.0,age_local,-12.88573548058711,4.120686117082961,14.719593332145838,0.0,0.0,0.0,0.0,,,"CBS projects 28.7 games; availability is spread uniformly, so a delayed return may overstate early usefulness. Outside the 225-player neutral allocation. Market price is conditional on being drafted. Survivor score assumes reaching the final and neutral access to replacements; no actual waiver winners, positions, dated injuries or category resets are simulated."
aaronwiggins,Aaron Wiggins,0.0,1,0.0,1,5.77,28.0,age_local,-4.822116271046656,2.319411091793127,17.471934879223326,0.0,0.0,0.0,0.0,,,"Outside the 225-player neutral allocation. Market price is conditional on being drafted. Survivor score assumes reaching the final and neutral access to replacements; no actual waiver winners, positions, dated injuries or category resets are simulated."
adamaalphabal,Adama-Alpha Bal,0.0,1,0.0,1,5.77,23.0,age_local,-6.812436216803432,3.091027204219126,16.848689224669894,0.0,0.0,0.0,0.0,,,"Fewer than 10 NBA games in the previous season: rookie/returning or low-sample player; market-price validation does not cover this case. CBS projects 28.7 games; availability is spread uniformly, so a delayed return may overstate early usefulness. Outside the 225-player neutral allocation. Market price is conditional on being drafted. Survivor score assumes reaching the final and neutral access to replacements; no actual waiver winners, positions, dated injuries or category resets are simulated."
adembona,Adem Bona,0.0,1,0.0,1,5.77,23.0,age_local,-0.40746085383583,0.3701809469963454,14.573509086469896,0.0,0.0,0.0,0.0,,,"Outside the 225-player neutral allocation. Market price is conditional on being drafted. Survivor score assumes reaching the final and neutral access to replacements; no actual waiver winners, positions, dated injuries or category resets are simulated."
adouthiero,Adou Thiero,0.0,1,0.0,1,5.77,22.0,age_local,-12.164784290904137,4.026570537756406,13.679925361962592,0.0,0.0,0.0,0.0,,,"CBS projects 29.1 games; availability is spread uniformly, so a delayed return may overstate early usefulness. Outside the 225-player neutral allocation. Market price is conditional on being drafted. Survivor score assumes reaching the final and neutral access to replacements; no actual waiver winners, positions, dated injuries or category resets are simulated."
ajaymitchell,Ajay Mitchell,0.0,1.09,0.0,1,5.86,24.0,age_local,0.0844217202079871,1.0032258224872341,18.332769976458295,0.0,0.0,0.0,0.0,,,"Outside the 225-player neutral allocation. Market price is conditional on being drafted. Survivor score assumes reaching the final and neutral access to replacements; no actual waiver winners, positions, dated injuries or category resets are simulated."
alexantetokounmpo,Alex Antetokounmpo,0.0,1,0.0,1,5.77,25.0,age_local,-10.624984937893592,3.919218943177248,13.533947542019986,0.0,0.0,0.0,0.0,,,"Fewer than 10 NBA games in the previous season: rookie/returning or low-sample player; market-price validation does not cover this case. CBS projects 28.7 games; availability is spread uniformly, so a delayed return may overstate early usefulness. Outside the 225-player neutral allocation. Market price is conditional on being drafted. Survivor score assumes reaching the final and neutral access to replacements; no actual waiver winners, positions, dated injuries or category resets are simulated."
alexkaraban,Alex Karaban,0.0,1,0.0,1,5.77,,local,-6.310619370881945,3.7785999527447536,14.353269189932611,0.0,0.0,0.0,0.0,,,"Fewer than 10 NBA games in the previous season: rookie/returning or low-sample player; market-price validation does not cover this case. No earlier recorded season age: market estimate uses the statistics-only counterpart, with no invented age or youth premium. CBS projects 28.7 games; availability is spread uniformly, so a delayed return may overstate early usefulness. Outside the 225-player neutral allocation. Market price is conditional on being drafted. Survivor score assumes reaching the final and neutral access to replacements; no actual waiver winners, positions, dated injuries or category resets are simulated."
allengraves,Allen Graves,0.0,1,0.0,1,5.77,,local,-7.521009364421337,4.108586846376991,10.042501219489369,0.0,0.0,0.0,0.0,,,"Fewer than 10 NBA games in the previous season: rookie/returning or low-sample player; market-price validation does not cover this case. No earlier recorded season age: market estimate uses the statistics-only counterpart, with no invented age or youth premium. Outside the 225-player neutral allocation. Market price is conditional on being drafted. Survivor score assumes reaching the final and neutral access to replacements; no actual waiver winners, positions, dated injuries or category resets are simulated."
amircoffey,Amir Coffey,0.0,1,0.0,1,5.77,29.0,age_local,-9.120568240908666,3.799260006464951,15.817096581955065,0.0,0.0,0.0,0.0,,,"CBS projects 28.7 games; availability is spread uniformly, so a delayed return may overstate early usefulness. Outside the 225-player neutral allocation. Market price is conditional on being drafted. Survivor score assumes reaching the final and neutral access to replacements; no actual waiver winners, positions, dated injuries or category resets are simulated."
andredrummond,Andre Drummond,0.0,1,0.0,1,5.77,33.0,age_local,-4.164620976954194,1.6949833750756083,16.879509343812025,0.0,0.0,0.0,0.0,,,"Outside the 225-player neutral allocation. Market price is conditional on being drafted. Survivor score assumes reaching the final and neutral access to replacements; no actual waiver winners, positions, dated injuries or category resets are simulated."
andrejacksonjr,Andre Jackson Jr.,0.0,1,0.0,1,5.77,25.0,age_local,-10.579247116322327,3.985814593065024,11.70384165677603,0.0,0.0,0.0,0.0,,,"CBS projects 28.7 games; availability is spread uniformly, so a delayed return may overstate early usefulness. Outside the 225-player neutral allocation. Market price is conditional on being drafted. Survivor score assumes reaching the final and neutral access to replacements; no actual waiver winners, positions, dated injuries or category resets are simulated."
anthonygill,Anthony Gill,0.0,1,0.0,1,5.77,34.0,age_local,-13.627353426862786,3.7518374660843485,12.813519371058417,0.0,0.0,0.0,0.0,,,"CBS projects 28.7 games; availability is spread uniformly, so a delayed return may overstate early usefulness. Outside the 225-player neutral allocation. Market price is conditional on being drafted. Survivor score assumes reaching the final and neutral access to replacements; no actual waiver winners, positions, dated injuries or category resets are simulated."
antonioreeves,Antonio Reeves,0.0,1,0.0,1,5.77,26.0,age_local,-8.708863969739067,3.6199981233589718,15.269214152219885,0.0,0.0,0.0,0.0,,,"CBS projects 28.7 games; availability is spread uniformly, so a delayed return may overstate early usefulness. Outside the 225-player neutral allocation. Market price is conditional on being drafted. Survivor score assumes reaching the final and neutral access to replacements; no actual waiver winners, positions, dated injuries or category resets are simulated."
asanewell,Asa Newell,0.0,1,0.0,1,5.77,21.0,age_local,-6.149454079471239,3.3661309456962423,15.225683744515276,0.0,0.0,0.0,0.0,,,"CBS projects 28.7 games; availability is spread uniformly, so a delayed return may overstate early usefulness. Outside the 225-player neutral allocation. Market price is conditional on being drafted. Survivor score assumes reaching the final and neutral access to replacements; no actual waiver winners, positions, dated injuries or category resets are simulated."
babamiller,Baba Miller,0.0,1,0.0,1,5.77,,local,-8.465199358145362,4.187554700454015,10.778277101699999,0.0,0.0,0.0,0.0,,,"Fewer than 10 NBA games in the previous season: rookie/returning or low-sample player; market-price validation does not cover this case. No earlier recorded season age: market estimate uses the statistics-only counterpart, with no invented age or youth premium. Outside the 225-player neutral allocation. Market price is conditional on being drafted. Survivor score assumes reaching the final and neutral access to replacements; no actual waiver winners, positions, dated injuries or category resets are simulated."
baylorscheierman,Baylor Scheierman,0.0,1,0.0,1,5.77,26.0,age_local,-4.277763647976914,1.799142144117677,16.39038703541265,0.0,0.0,0.0,0.0,,,"Outside the 225-player neutral allocation. Market price is conditional on being drafted. Survivor score assumes reaching the final and neutral access to replacements; no actual waiver winners, positions, dated injuries or category resets are simulated."
bensaraf,Ben Saraf,0.0,1,0.0,1,5.77,20.0,age_local,-2.0336044777312097,2.5678976620120837,15.734966116461282,0.0,0.0,0.0,0.0,,,"Outside the 225-player neutral allocation. Market price is conditional on being drafted. Survivor score assumes reaching the final and neutral access to replacements; no actual waiver winners, positions, dated injuries or category resets are simulated."
bensheppard,Ben Sheppard,0.0,1,0.0,1,5.77,25.0,age_local,-5.0763355143808875,2.5587780480326625,16.9342393002197,0.0,0.0,0.0,0.0,,,"Outside the 225-player neutral allocation. Market price is conditional on being drafted. Survivor score assumes reaching the final and neutral access to replacements; no actual waiver winners, positions, dated injuries or category resets are simulated."
bensimmons,Ben Simmons,0.0,1,0.0,1,5.77,30.0,age_local,-5.310436343006906,1.985547934647855,17.280745169031157,0.0,0.0,0.0,0.0,,,"Fewer than 10 NBA games in the previous season: rookie/returning or low-sample player; market-price validation does not cover this case. Outside the 225-player neutral allocation. Market price is conditional on being drafted. Survivor score assumes reaching the final and neutral access to replacements; no actual waiver winners, positions, dated injuries or category resets are simulated."
bennettstirtz,Bennett Stirtz,0.0,1,0.0,1,5.77,,local,-9.663836309416144,4.29031164695871,14.104832450877026,0.0,0.0,0.0,0.0,,,"Fewer than 10 NBA games in the previous season: rookie/returning or low-sample player; market-price validation does not cover this case. No earlier recorded season age: market estimate uses the statistics-only counterpart, with no invented age or youth premium. Outside the 225-player neutral allocation. Market price is conditional on being drafted. Survivor score assumes reaching the final and neutral access to replacements; no actual waiver winners, positions, dated injuries or category resets are simulated."
bezmbeng,Bez Mbeng,0.0,1,0.0,1,5.77,23.0,age_local,-3.976703506137195,0.9759388634871841,17.83540336952342,0.0,0.0,0.0,0.0,,,"CBS projects 28.7 games; availability is spread uniformly, so a delayed return may overstate early usefulness. Outside the 225-player neutral allocation. Market price is conditional on being drafted. Survivor score assumes reaching the final and neutral access to replacements; no actual waiver winners, positions, dated injuries or category resets are simulated."
blakehinson,Blake Hinson,0.0,1,0.0,1,5.77,27.0,age_local,-6.65638079438219,2.7431439898827907,15.790691510741837,0.0,0.0,0.0,0.0,,,"CBS projects 28.7 games; availability is spread uniformly, so a delayed return may overstate early usefulness. Outside the 225-player neutral allocation. Market price is conditional on being drafted. Survivor score assumes reaching the final and neutral access to replacements; no actual waiver winners, positions, dated injuries or category resets are simulated."
blakewesley,Blake Wesley,0.0,1,0.0,1,5.77,23.0,age_local,-10.004188333419677,3.829763015311315,14.856650400527977,0.0,0.0,0.0,0.0,,,"CBS projects 28.7 games; availability is spread uniformly, so a delayed return may overstate early usefulness. Outside the 225-player neutral allocation. Market price is conditional on being drafted. Survivor score assumes reaching the final and neutral access to replacements; no actual waiver winners, positions, dated injuries or category resets are simulated."
bogdanbogdanovic,Bogdan Bogdanovic,0.0,1,0.0,1,5.77,34.0,age_local,-7.201632744600758,2.1219760475377005,16.728024421257906,0.0,0.0,0.0,0.0,,,"Outside the 225-player neutral allocation. Market price is conditional on being drafted. Survivor score assumes reaching the final and neutral access to replacements; no actual waiver winners, positions, dated injuries or category resets are simulated."
boneshyland,Bones Hyland,0.0,1,0.0,1,5.77,26.0,age_local,-7.668190375630138,3.487454709662324,11.306689246327812,0.0,0.0,0.0,0.0,,,"CBS projects 28.7 games; availability is spread uniformly, so a delayed return may overstate early usefulness. Outside the 225-player neutral allocation. Market price is conditional on being drafted. Survivor score assumes reaching the final and neutral access to replacements; no actual waiver winners, positions, dated injuries or category resets are simulated."
bradensmith,Braden Smith,0.0,1,0.0,1,5.77,,local,-10.807527486734976,4.343336707196571,12.790527882916464,0.0,0.0,0.0,0.0,,,"Fewer than 10 NBA games in the previous season: rookie/returning or low-sample player; market-price validation does not cover this case. No earlier recorded season age: market estimate uses the statistics-only counterpart, with no invented age or youth premium. CBS projects 28.7 games; availability is spread uniformly, so a delayed return may overstate early usefulness. Outside the 225-player neutral allocation. Market price is conditional on being drafted. Survivor score assumes reaching the final and neutral access to replacements; no actual waiver winners, positions, dated injuries or category resets are simulated."
brandonwilliams,Brandon Williams,0.0,1,0.0,1,5.77,27.0,age_local,-4.962334533764859,2.5142820647185364,18.625966495118583,0.0,0.0,0.0,0.0,,,"CBS projects 28.7 games; availability is spread uniformly, so a delayed return may overstate early usefulness. Outside the 225-player neutral allocation. Market price is conditional on being drafted. Survivor score assumes reaching the final and neutral access to replacements; no actual waiver winners, positions, dated injuries or category resets are simulated."
braydenburries,Brayden Burries,0.0,1,0.0,1,5.77,,local,-6.466703740366395,3.142946811097184,12.416160156002451,0.0,0.0,0.0,0.0,,,"Fewer than 10 NBA games in the previous season: rookie/returning or low-sample player; market-price validation does not cover this case. No earlier recorded season age: market estimate uses the statistics-only counterpart, with no invented age or youth premium. Outside the 225-player neutral allocation. Market price is conditional on being drafted. Survivor score assumes reaching the final and neutral access to replacements; no actual waiver winners, positions, dated injuries or category resets are simulated."
brucebrown,Bruce Brown,0.0,1,0.0,1,5.77,30.0,age_local,-9.87834883455771,3.1464778650867196,18.197068574258207,0.0,0.0,0.0,0.0,,,"CBS projects 28.7 games; availability is spread uniformly, so a delayed return may overstate early usefulness. Outside the 225-player neutral allocation. Market price is conditional on being drafted. Survivor score assumes reaching the final and neutral access to replacements; no actual waiver winners, positions, dated injuries or category resets are simulated."
brycehopkins,Bryce Hopkins,0.0,1,0.0,1,5.77,,local,-11.78516454382847,4.319088829190672,13.879002889304973,0.0,0.0,0.0,0.0,,,"Fewer than 10 NBA games in the previous season: rookie/returning or low-sample player; market-price validation does not cover this case. No earlier recorded season age: market estimate uses the statistics-only counterpart, with no invented age or youth premium. CBS projects 28.7 games; availability is spread uniformly, so a delayed return may overstate early usefulness. Outside the 225-player neutral allocation. Market price is conditional on being drafted. Survivor score assumes reaching the final and neutral access to replacements; no actual waiver winners, positions, dated injuries or category resets are simulated."
brycemcgowens,Bryce McGowens,0.0,1,0.0,1,5.77,24.0,age_local,-9.36398057980242,3.9741161517604318,13.139233098945162,0.0,0.0,0.0,0.0,,,"CBS projects 28.7 games; availability is spread uniformly, so a delayed return may overstate early usefulness. Outside the 225-player neutral allocation. Market price is conditional on being drafted. Survivor score assumes reaching the final and neutral access to replacements; no actual waiver winners, positions, dated injuries or category resets are simulated."
buddyhield,Buddy Hield,0.0,1,0.0,1,5.77,34.0,age_local,-7.881536425792294,1.8241487548910233,16.71899849053604,0.0,0.0,0.0,0.0,,,"Outside the 225-player neutral allocation. Market price is conditional on being drafted. Survivor score assumes reaching the final and neutral access to replacements; no actual waiver winners, positions, dated injuries or category resets are simulated."
calebmartin,Caleb Martin,0.0,1,0.0,1,5.77,31.0,age_local,-10.627221637105192,3.490702870396427,15.273397037990973,0.0,0.0,0.0,0.0,,,"CBS projects 28.7 games; availability is spread uniformly, so a delayed return may overstate early usefulness. Outside the 225-player neutral allocation. Market price is conditional on being drafted. Survivor score assumes reaching the final and neutral access to replacements; no actual waiver winners, positions, dated injuries or category resets are simulated."
camspencer,Cam Spencer,0.0,1,0.0,1,5.77,26.0,age_local,-0.6059013486266738,1.1734879172819463,17.445926412851765,0.0,0.0,0.0,0.0,,,"Outside the 225-player neutral allocation. Market price is conditional on being drafted. Survivor score assumes reaching the final and neutral access to replacements; no actual waiver winners, positions, dated injuries or category resets are simulated."
camwhitmore,Cam Whitmore,0.0,1,0.0,1,5.77,22.0,age_local,-4.8719252091603815,3.232307482863835,15.64011108434861,0.0,0.0,0.0,0.0,,,"CBS projects 28.7 games; availability is spread uniformly, so a delayed return may overstate early usefulness. Outside the 225-player neutral allocation. Market price is conditional on being drafted. Survivor score assumes reaching the final and neutral access to replacements; no actual waiver winners, positions, dated injuries or category resets are simulated."
cameroncarr,Cameron Carr,0.0,1,0.0,1,5.77,,local,-7.771636719613964,3.7467639573832665,14.977456164784762,0.0,0.0,0.0,0.0,,,"Fewer than 10 NBA games in the previous season: rookie/returning or low-sample player; market-price validation does not cover this case. No earlier recorded season age: market estimate uses the statistics-only counterpart, with no invented age or youth premium. Outside the 225-player neutral allocation. Market price is conditional on being drafted. Survivor score assumes reaching the final and neutral access to replacements; no actual waiver winners, positions, dated injuries or category resets are simulated."
carislevert,Caris LeVert,0.0,1,0.0,1,5.77,32.0,age_local,-9.426042693644657,3.3400837629219904,16.99989020377474,0.0,0.0,0.0,0.0,,,"CBS projects 29.9 games; availability is spread uniformly, so a delayed return may overstate early usefulness. Outside the 225-player neutral allocation. Market price is conditional on being drafted. Survivor score assumes reaching the final and neutral access to replacements; no actual waiver winners, positions, dated injuries or category resets are simulated."
carltoncarrington,Carlton Carrington,0.0,1,0.0,1,5.77,,local,-1.928187921678587,1.14042384684214,17.437060676907205,0.0,0.0,0.0,0.0,,,"Fewer than 10 NBA games in the previous season: rookie/returning or low-sample player; market-price validation does not cover this case. No earlier recorded season age: market estimate uses the statistics-only counterpart, with no invented age or youth premium. Outside the 225-player neutral allocation. Market price is conditional on being drafted. Survivor score assumes reaching the final and neutral access to replacements; no actual waiver winners, positions, dated injuries or category resets are simulated."
carterbryant,Carter Bryant,0.0,1,0.0,1,5.77,21.0,age_local,-7.7833031751635815,3.8042170376882947,15.506551414235329,0.0,0.0,0.0,0.0,,,"Outside the 225-player neutral allocation. Market price is conditional on being drafted. Survivor score assumes reaching the final and neutral access to replacements; no actual waiver winners, positions, dated injuries or category resets are simulated."
chaneyjohnson,Chaney Johnson,0.0,1,0.0,1,5.77,24.0,age_local,-4.092947482378305,3.2084645454425837,14.387500267487184,0.0,0.0,0.0,0.0,,,"CBS projects 28.7 games; availability is spread uniformly, so a delayed return may overstate early usefulness. Outside the 225-player neutral allocation. Market price is conditional on being drafted. Survivor score assumes reaching the final and neutral access to replacements; no actual waiver winners, positions, dated injuries or category resets are simulated."
chriscenacjr,Chris Cenac Jr.,0.0,1,0.0,1,5.77,,local,-10.838270614335022,4.299708286414236,12.00263950524313,0.0,0.0,0.0,0.0,,,"Fewer than 10 NBA games in the previous season: rookie/returning or low-sample player; market-price validation does not cover this case. No earlier recorded season age: market estimate uses the statistics-only counterpart, with no invented age or youth premium. CBS projects 28.7 games; availability is spread uniformly, so a delayed return may overstate early usefulness. Outside the 225-player neutral allocation. Market price is conditional on being drafted. Survivor score assumes reaching the final and neutral access to replacements; no actual waiver winners, positions, dated injuries or category resets are simulated."
christiananderson,Christian Anderson,0.0,1,0.0,1,5.77,,local,-7.935039305448861,3.8537048155842797,10.870119355286313,0.0,0.0,0.0,0.0,,,"Fewer than 10 NBA games in the previous season: rookie/returning or low-sample player; market-price validation does not cover this case. No earlier recorded season age: market estimate uses the statistics-only counterpart, with no invented age or youth premium. Outside the 225-player neutral allocation. Market price is conditional on being drafted. Survivor score assumes reaching the final and neutral access to replacements; no actual waiver winners, positions, dated injuries or category resets are simulated."
chuckyhepburn,Chucky Hepburn,0.0,1,0.0,1,5.77,23.0,age_local,-9.512888343833758,3.9002957590471143,16.660335873467048,0.0,0.0,0.0,0.0,,,"Fewer than 10 NBA games in the previous season: rookie/returning or low-sample player; market-price validation does not cover this case. CBS projects 28.7 games; availability is spread uniformly, so a delayed return may overstate early usefulness. Outside the 225-player neutral allocation. Market price is conditional on being drafted. Survivor score assumes reaching the final and neutral access to replacements; no actual waiver winners, positions, dated injuries or category resets are simulated."
clintcapela,Clint Capela,0.0,1,0.0,1,5.77,32.0,age_local,-10.442405051554793,3.580180976730226,10.418950875636,0.0,0.0,0.0,0.0,,,"CBS projects 28.7 games; availability is spread uniformly, so a delayed return may overstate early usefulness. Outside the 225-player neutral allocation. Market price is conditional on being drafted. Survivor score assumes reaching the final and neutral access to replacements; no actual waiver winners, positions, dated injuries or category resets are simulated."
codywilliams,Cody Williams,0.0,1,0.0,1,5.77,22.0,age_local,-3.8408366764500617,2.489773522083586,15.772571534972473,0.0,0.0,0.0,0.0,,,"Outside the 225-player neutral allocation. Market price is conditional on being drafted. Survivor score assumes reaching the final and neutral access to replacements; no actual waiver winners, positions, dated injuries or category resets are simulated."
coreykispert,Corey Kispert,0.0,1,0.0,1,5.77,27.0,age_local,-4.091016415460019,2.2147965156889025,14.138717277134226,0.0,0.0,0.0,0.0,,,"Outside the 225-player neutral allocation. Market price is conditional on being drafted. Survivor score assumes reaching the final and neutral access to replacements; no actual waiver winners, positions, dated injuries or category resets are simulated."
cormacryan,Cormac Ryan,0.0,1,0.0,1,5.77,28.0,age_local,-1.524933501601795,1.7164355370674977,16.908650045762954,0.0,0.0,0.0,0.0,,,"CBS projects 28.7 games; availability is spread uniformly, so a delayed return may overstate early usefulness. Outside the 225-player neutral allocation. Market price is conditional on being drafted. Survivor score assumes reaching the final and neutral access to replacements; no actual waiver winners, positions, dated injuries or category resets are simulated."
craigporterjr,Craig Porter Jr.,0.0,1,0.0,1,5.77,26.0,age_local,-3.1158838971333402,1.4461783516999114,18.157397213355786,0.0,0.0,0.0,0.0,,,"Outside the 225-player neutral allocation. Market price is conditional on being drafted. Survivor score assumes reaching the final and neutral access to replacements; no actual waiver winners, positions, dated injuries or category resets are simulated."
dangelorussell,D'Angelo Russell,0.0,1,0.0,1,5.77,30.0,age_local,-6.16081185263522,2.482323718257939,17.884998127706464,0.0,0.0,0.0,0.0,,,"CBS projects 28.7 games; availability is spread uniformly, so a delayed return may overstate early usefulness. Outside the 225-player neutral allocation. Market price is conditional on being drafted. Survivor score assumes reaching the final and neutral access to replacements; no actual waiver winners, positions, dated injuries or category resets are simulated."
daeqwonplowden,Daeqwon Plowden,0.0,1,0.0,1,5.77,28.0,age_local,-7.8534612977874225,3.09655977916596,14.509122610779418,0.0,0.0,0.0,0.0,,,"CBS projects 28.7 games; availability is spread uniformly, so a delayed return may overstate early usefulness. Outside the 225-player neutral allocation. Market price is conditional on being drafted. Survivor score assumes reaching the final and neutral access to replacements; no actual waiver winners, positions, dated injuries or category resets are simulated."
dailynswain,Dailyn Swain,0.0,1,0.0,1,5.77,,local,-7.088770704858355,3.882197682580507,15.523137011597937,0.0,0.0,0.0,0.0,,,"Fewer than 10 NBA games in the previous season: rookie/returning or low-sample player; market-price validation does not cover this case. No earlier recorded season age: market estimate uses the statistics-only counterpart, with no invented age or youth premium. Outside the 225-player neutral allocation. Market price is conditional on being drafted. Survivor score assumes reaching the final and neutral access to replacements; no actual waiver winners, positions, dated injuries or category resets are simulated."
dalanobanton,Dalano Banton,0.0,1,0.0,1,5.77,27.0,age_local,-7.500495022695096,3.5999663268693336,13.111415651503146,0.0,0.0,0.0,0.0,,,"Fewer than 10 NBA games in the previous season: rookie/returning or low-sample player; market-price validation does not cover this case. CBS projects 28.7 games; availability is spread uniformly, so a delayed return may overstate early usefulness. Outside the 225-player neutral allocation. Market price is conditional on being drafted. Survivor score assumes reaching the final and neutral access to replacements; no actual waiver winners, positions, dated injuries or category resets are simulated."
dalenterry,Dalen Terry,0.0,1,0.0,1,5.77,24.0,age_local,-9.019188610951048,3.9212326680414513,11.708493293891426,0.0,0.0,0.0,0.0,,,"CBS projects 28.7 games; availability is spread uniformly, so a delayed return may overstate early usefulness. Outside the 225-player neutral allocation. Market price is conditional on being drafted. Survivor score assumes reaching the final and neutral access to replacements; no actual waiver winners, positions, dated injuries or category resets are simulated."
daltonknecht,Dalton Knecht,0.0,1,0.0,1,5.77,25.0,age_local,-9.97719801793941,3.8791687271219355,13.6539114770229,0.0,0.0,0.0,0.0,,,"CBS projects 29.1 games; availability is spread uniformly, so a delayed return may overstate early usefulness. Outside the 225-player neutral allocation. Market price is conditional on being drafted. Survivor score assumes reaching the final and neutral access to replacements; no actual waiver winners, positions, dated injuries or category resets are simulated."
danissjenkins,Daniss Jenkins,0.0,1,0.0,1,5.77,25.0,age_local,-1.1986728632766357,0.326547929948818,16.067969644512942,0.0,0.0,0.0,0.0,,,"Outside the 225-player neutral allocation. Market price is conditional on being drafted. Survivor score assumes reaching the final and neutral access to replacements; no actual waiver winners, positions, dated injuries or category resets are simulated."
dannywolf,Danny Wolf,0.0,1,0.0,1,5.77,22.0,age_local,0.1183226652321252,0.611613839446828,17.54968246815001,0.0,0.0,0.0,0.0,,,"Outside the 225-player neutral allocation. Market price is conditional on being drafted. Survivor score assumes reaching the final and neutral access to replacements; no actual waiver winners, positions, dated injuries or category resets are simulated."
danteexum,Dante Exum,0.0,1,0.0,1,5.77,31.0,age_local,-10.453094047595599,3.8260016303812634,15.079869437623964,0.0,0.0,0.0,0.0,,,"Fewer than 10 NBA games in the previous season: rookie/returning or low-sample player; market-price validation does not cover this case. CBS projects 28.7 games; availability is spread uniformly, so a delayed return may overstate early usefulness. Outside the 225-player neutral allocation. Market price is conditional on being drafted. Survivor score assumes reaching the final and neutral access to replacements; no actual waiver winners, positions, dated injuries or category resets are simulated."
dariqwhitehead,Dariq Whitehead,0.0,1,0.0,1,5.77,22.0,age_local,-7.009514994463622,2.877126610414611,16.847545304217658,0.0,0.0,0.0,0.0,,,"Fewer than 10 NBA games in the previous season: rookie/returning or low-sample player; market-price validation does not cover this case. CBS projects 28.7 games; availability is spread uniformly, so a delayed return may overstate early usefulness. Outside the 225-player neutral allocation. Market price is conditional on being drafted. Survivor score assumes reaching the final and neutral access to replacements; no actual waiver winners, positions, dated injuries or category resets are simulated."
deandrejordan,DeAndre Jordan,0.0,1,0.0,1,5.77,38.0,age_local,-14.222966571597675,2.658056161928068,12.382145928764286,0.0,0.0,0.0,0.0,,,"CBS projects 28.7 games; availability is spread uniformly, so a delayed return may overstate early usefulness. Outside the 225-player neutral allocation. Market price is conditional on being drafted. Survivor score assumes reaching the final and neutral access to replacements; no actual waiver winners, positions, dated injuries or category resets are simulated."
deanwade,Dean Wade,0.0,1,0.0,1,5.77,30.0,age_local,-7.336134925505069,1.8959937937989073,17.146675487280955,0.0,0.0,0.0,0.0,,,"Outside the 225-player neutral allocation. Market price is conditional on being drafted. Survivor score assumes reaching the final and neutral access to replacements; no actual waiver winners, positions, dated injuries or category resets are simulated."
dennisschroder,Dennis Schroder,0.0,1,0.0,1,5.77,33.0,age_local,-4.314219335310552,1.529484031463102,16.55312357509662,0.0,0.0,0.0,0.0,,,"Outside the 225-player neutral allocation. Market price is conditional on being drafted. Survivor score assumes reaching the final and neutral access to replacements; no actual waiver winners, positions, dated injuries or category resets are simulated."
devincarter,Devin Carter,0.0,1,0.0,1,5.77,24.0,age_local,-6.945410374966201,2.885685393442883,16.530967868728045,0.0,0.0,0.0,0.0,,,"Outside the 225-player neutral allocation. Market price is conditional on being drafted. Survivor score assumes reaching the final and neutral access to replacements; no actual waiver winners, positions, dated injuries or category resets are simulated."
dillonmitchell,Dillon Mitchell,0.0,1,0.0,1,5.77,,local,-10.838270614335022,4.299708286414236,12.00263950524313,0.0,0.0,0.0,0.0,,,"Fewer than 10 NBA games in the previous season: rookie/returning or low-sample player; market-price validation does not cover this case. No earlier recorded season age: market estimate uses the statistics-only counterpart, with no invented age or youth premium. CBS projects 28.7 games; availability is spread uniformly, so a delayed return may overstate early usefulness. Outside the 225-player neutral allocation. Market price is conditional on being drafted. Survivor score assumes reaching the final and neutral access to replacements; no actual waiver winners, positions, dated injuries or category resets are simulated."
dombarlow,Dom Barlow,0.0,1,0.0,1,5.77,,local,-2.7118830832324754,1.7869984608637102,14.959228092980702,0.0,0.0,0.0,0.0,,,"Fewer than 10 NBA games in the previous season: rookie/returning or low-sample player; market-price validation does not cover this case. No earlier recorded season age: market estimate uses the statistics-only counterpart, with no invented age or youth premium. Outside the 225-player neutral allocation. Market price is conditional on being drafted. Survivor score assumes reaching the final and neutral access to replacements; no actual waiver winners, positions, dated injuries or category resets are simulated."
dorianfinneysmith,Dorian Finney-Smith,0.0,1,0.0,1,5.77,33.0,age_local,-9.508869922548794,2.737701385183371,18.074030999745474,0.0,0.0,0.0,0.0,,,"CBS projects 29.9 games; availability is spread uniformly, so a delayed return may overstate early usefulness. Outside the 225-player neutral allocation. Market price is conditional on being drafted. Survivor score assumes reaching the final and neutral access to replacements; no actual waiver winners, positions, dated injuries or category resets are simulated."
dougmcdermott,Doug McDermott,0.0,1,0.0,1,5.77,35.0,age_local,-16.55207129209985,3.7615346982706144,15.744230119698079,0.0,0.0,0.0,0.0,,,"CBS projects 28.7 games; availability is spread uniformly, so a delayed return may overstate early usefulness. Outside the 225-player neutral allocation. Market price is conditional on being drafted. Survivor score assumes reaching the final and neutral access to replacements; no actual waiver winners, positions, dated injuries or category resets are simulated."
drakepowell,Drake Powell,0.0,1,0.0,1,5.77,21.0,age_local,-5.376458518491405,2.9890475893325674,14.735498944308159,0.0,0.0,0.0,0.0,,,"Outside the 225-player neutral allocation. Market price is conditional on being drafted. Survivor score assumes reaching the final and neutral access to replacements; no actual waiver winners, positions, dated injuries or category resets are simulated."
drewtimme,Drew Timme,0.0,1,0.0,1,5.77,26.0,age_local,-10.345695480589631,3.9993865914977134,11.772691427050392,0.0,0.0,0.0,0.0,,,"CBS projects 29.1 games; availability is spread uniformly, so a delayed return may overstate early usefulness. Outside the 225-player neutral allocation. Market price is conditional on being drafted. Survivor score assumes reaching the final and neutral access to replacements; no actual waiver winners, positions, dated injuries or category resets are simulated."
duopreath,Duop Reath,0.0,1,0.0,1,5.77,30.0,age_local,-13.249083161018701,4.314335615998368,12.584240413693928,0.0,0.0,0.0,0.0,,,"CBS projects 28.7 games; availability is spread uniformly, so a delayed return may overstate early usefulness. Outside the 225-player neutral allocation. Market price is conditional on being drafted. Survivor score assumes reaching the final and neutral access to replacements; no actual waiver winners, positions, dated injuries or category resets are simulated."
dylancardwell,Dylan Cardwell,0.0,1,0.0,1,5.77,25.0,age_local,-2.450597398968125,1.143293618687927,15.276541220575703,0.0,0.0,0.0,0.0,,,"CBS projects 28.7 games; availability is spread uniformly, so a delayed return may overstate early usefulness. Outside the 225-player neutral allocation. Market price is conditional on being drafted. Survivor score assumes reaching the final and neutral access to replacements; no actual waiver winners, positions, dated injuries or category resets are simulated."
ejliddell,E.J. Liddell,0.0,1,0.0,1,5.77,26.0,age_local,-9.321296441726854,4.335372162175088,10.749821836818004,0.0,0.0,0.0,0.0,,,"CBS projects 28.7 games; availability is spread uniformly, so a delayed return may overstate early usefulness. Outside the 225-player neutral allocation. Market price is conditional on being drafted. Survivor score assumes reaching the final and neutral access to replacements; no actual waiver winners, positions, dated injuries or category resets are simulated."
ejharkless,EJ Harkless,0.0,1,0.0,1,5.77,,local,-7.808682116592806,3.625911727832205,10.614813023946601,0.0,0.0,0.0,0.0,,,"Fewer than 10 NBA games in the previous season: rookie/returning or low-sample player; market-price validation does not cover this case. No earlier recorded season age: market estimate uses the statistics-only counterpart, with no invented age or youth premium. CBS projects 28.7 games; availability is spread uniformly, so a delayed return may overstate early usefulness. Outside the 225-player neutral allocation. Market price is conditional on being drafted. Survivor score assumes reaching the final and neutral access to replacements; no actual waiver winners, positions, dated injuries or category resets are simulated."
ebukaokorie,Ebuka Okorie,0.0,1,0.0,1,5.77,,local,-5.549426775375676,3.459406340179582,14.624315276539647,0.0,0.0,0.0,0.0,,,"Fewer than 10 NBA games in the previous season: rookie/returning or low-sample player; market-price validation does not cover this case. No earlier recorded season age: market estimate uses the statistics-only counterpart, with no invented age or youth premium. Outside the 225-player neutral allocation. Market price is conditional on being drafted. Survivor score assumes reaching the final and neutral access to replacements; no actual waiver winners, positions, dated injuries or category resets are simulated."
enriquefreeman,Enrique Freeman,0.0,1,0.0,1,5.77,26.0,age_local,-11.073300262290624,4.138596264246416,8.781715414704642,0.0,0.0,0.0,0.0,,,"Fewer than 10 NBA games in the previous season: rookie/returning or low-sample player; market-price validation does not cover this case. Outside the 225-player neutral allocation. Market price is conditional on being drafted. Survivor score assumes reaching the final and neutral access to replacements; no actual waiver winners, positions, dated injuries or category resets are simulated."
ethanthompson,Ethan Thompson,0.0,1,0.0,1,5.77,27.0,age_local,-7.967614074640499,3.8579165054765836,12.939897295287794,0.0,0.0,0.0,0.0,,,"CBS projects 28.7 games; availability is spread uniformly, so a delayed return may overstate early usefulness. Outside the 225-player neutral allocation. Market price is conditional on being drafted. Survivor score assumes reaching the final and neutral access to replacements; no actual waiver winners, positions, dated injuries or category resets are simulated."
gabevincent,Gabe Vincent,0.0,1,0.0,1,5.77,30.0,age_local,-11.868222476023538,3.842839970785127,14.311004680468548,0.0,0.0,0.0,0.0,,,"CBS projects 28.7 games; availability is spread uniformly, so a delayed return may overstate early usefulness. Outside the 225-player neutral allocation. Market price is conditional on being drafted. Survivor score assumes reaching the final and neutral access to replacements; no actual waiver winners, positions, dated injuries or category resets are simulated."
garypaytonii,Gary Payton II,0.0,1,0.0,1,5.77,34.0,age_local,-9.591177598925478,2.4299430581413355,15.033363086430173,0.0,0.0,0.0,0.0,,,"CBS projects 29.1 games; availability is spread uniformly, so a delayed return may overstate early usefulness. Outside the 225-player neutral allocation. Market price is conditional on being drafted. Survivor score assumes reaching the final and neutral access to replacements; no actual waiver winners, positions, dated injuries or category resets are simulated."
garytrentjr,Gary Trent Jr.,0.0,1,0.0,1,5.77,28.0,age_local,-7.0715873014849,2.89903348542435,15.961110562484793,0.0,0.0,0.0,0.0,,,"Outside the 225-player neutral allocation. Market price is conditional on being drafted. Survivor score assumes reaching the final and neutral access to replacements; no actual waiver winners, positions, dated injuries or category resets are simulated."
gogabitadze,Goga Bitadze,0.0,1,0.0,1,5.77,27.0,age_local,-0.3560118580994014,0.9619755439971239,15.526622110785356,0.0,0.0,0.0,0.0,,,"Outside the 225-player neutral allocation. Market price is conditional on being drafted. Survivor score assumes reaching the final and neutral access to replacements; no actual waiver winners, positions, dated injuries or category resets are simulated."
gradeydick,Gradey Dick,0.0,1,0.0,1,5.77,23.0,age_local,-6.131160992004206,2.740596806052688,16.783492897876897,0.0,0.0,0.0,0.0,,,"CBS projects 29.9 games; availability is spread uniformly, so a delayed return may overstate early usefulness. Outside the 225-player neutral allocation. Market price is conditional on being drafted. Survivor score assumes reaching the final and neutral access to replacements; no actual waiver winners, positions, dated injuries or category resets are simulated."
grantwilliams,Grant Williams,0.0,1,0.0,1,5.77,28.0,age_local,-4.2367892492159,1.6360507269132083,17.743006032732712,0.0,0.0,0.0,0.0,,,"Outside the 225-player neutral allocation. Market price is conditional on being drafted. Survivor score assumes reaching the final and neutral access to replacements; no actual waiver winners, positions, dated injuries or category resets are simulated."
gregoryjackson,Gregory Jackson,0.0,1,0.0,1,5.77,,local,-6.318749607292369,3.906089940050128,15.275398740442183,0.0,0.0,0.0,0.0,,,"Fewer than 10 NBA games in the previous season: rookie/returning or low-sample player; market-price validation does not cover this case. No earlier recorded season age: market estimate uses the statistics-only counterpart, with no invented age or youth premium. CBS projects 28.7 games; availability is spread uniformly, so a delayed return may overstate early usefulness. Outside the 225-player neutral allocation. Market price is conditional on being drafted. Survivor score assumes reaching the final and neutral access to replacements; no actual waiver winners, positions, dated injuries or category resets are simulated."
guerschonyabusele,Guerschon Yabusele,0.0,1,0.0,1,5.77,31.0,age_local,-9.057372599358027,3.5042035197572625,15.933519242262276,0.0,0.0,0.0,0.0,,,"CBS projects 28.7 games; availability is spread uniformly, so a delayed return may overstate early usefulness. Outside the 225-player neutral allocation. Market price is conditional on being drafted. Survivor score assumes reaching the final and neutral access to replacements; no actual waiver winners, positions, dated injuries or category resets are simulated."
guisantos,Gui Santos,0.0,1,0.0,1,5.77,24.0,age_local,-1.0016521660568025,1.0671693205783845,17.765505890643972,0.0,0.0,0.0,0.0,,,"Outside the 225-player neutral allocation. Market price is conditional on being drafted. Survivor score assumes reaching the final and neutral access to replacements; no actual waiver winners, positions, dated injuries or category resets are simulated."
harrisonbarnes,Harrison Barnes,0.0,1,0.0,1,5.77,34.0,age_local,-8.325857408276164,2.4534747117546525,17.88815164532076,0.0,0.0,0.0,0.0,,,"CBS projects 28.7 games; availability is spread uniformly, so a delayed return may overstate early usefulness. Outside the 225-player neutral allocation. Market price is conditional on being drafted. Survivor score assumes reaching the final and neutral access to replacements; no actual waiver winners, positions, dated injuries or category resets are simulated."
haydengray,Hayden Gray,0.0,1,0.0,1,5.77,23.0,age_local,-9.057041247304715,3.729243521443017,16.301613696237904,0.0,0.0,0.0,0.0,,,"Fewer than 10 NBA games in the previous season: rookie/returning or low-sample player; market-price validation does not cover this case. CBS projects 28.7 games; availability is spread uniformly, so a delayed return may overstate early usefulness. Outside the 225-player neutral allocation. Market price is conditional on being drafted. Survivor score assumes reaching the final and neutral access to replacements; no actual waiver winners, positions, dated injuries or category resets are simulated."
haywoodhighsmith,Haywood Highsmith,0.0,1,0.0,1,5.77,30.0,age_local,-8.055265337145086,2.2135715372525135,17.830444282197387,0.0,0.0,0.0,0.0,,,"Fewer than 10 NBA games in the previous season: rookie/returning or low-sample player; market-price validation does not cover this case. CBS projects 29.9 games; availability is spread uniformly, so a delayed return may overstate early usefulness. Outside the 225-player neutral allocation. Market price is conditional on being drafted. Survivor score assumes reaching the final and neutral access to replacements; no actual waiver winners, positions, dated injuries or category resets are simulated."
hugogonzalez,Hugo González,0.0,1,0.0,1,5.77,20.0,age_local,-7.631007985829099,3.525822202256294,15.746651922442828,0.0,0.0,0.0,0.0,,,"CBS projects 28.7 games; availability is spread uniformly, so a delayed return may overstate early usefulness. Outside the 225-player neutral allocation. Market price is conditional on being drafted. Survivor score assumes reaching the final and neutral access to replacements; no actual waiver winners, positions, dated injuries or category resets are simulated."
isaacjones,Isaac Jones,0.0,1,0.0,1,5.77,26.0,age_local,-10.987872639076597,4.353166302742521,10.713310650654511,0.0,0.0,0.0,0.0,,,"Fewer than 10 NBA games in the previous season: rookie/returning or low-sample player; market-price validation does not cover this case. CBS projects 28.7 games; availability is spread uniformly, so a delayed return may overstate early usefulness. Outside the 225-player neutral allocation. Market price is conditional on being drafted. Survivor score assumes reaching the final and neutral access to replacements; no actual waiver winners, positions, dated injuries or category resets are simulated."
isaacokoro,Isaac Okoro,0.0,1,0.0,1,5.77,26.0,age_local,-5.022483895806127,2.8319657404528513,17.9374150304607,0.0,0.0,0.0,0.0,,,"Outside the 225-player neutral allocation. Market price is conditional on being drafted. Survivor score assumes reaching the final and neutral access to replacements; no actual waiver winners, positions, dated injuries or category resets are simulated."
isaiahevans,Isaiah Evans,0.0,1,0.0,1,5.77,,local,-8.64510384895856,3.9130851138535214,15.658950873105901,0.0,0.0,0.0,0.0,,,"Fewer than 10 NBA games in the previous season: rookie/returning or low-sample player; market-price validation does not cover this case. No earlier recorded season age: market estimate uses the statistics-only counterpart, with no invented age or youth premium. Outside the 225-player neutral allocation. Market price is conditional on being drafted. Survivor score assumes reaching the final and neutral access to replacements; no actual waiver winners, positions, dated injuries or category resets are simulated."
isaiahstevens,Isaiah Stevens,0.0,1,0.0,1,5.77,26.0,age_local,-10.533199358938443,4.023145218343396,12.548197327863035,0.0,0.0,0.0,0.0,,,"Fewer than 10 NBA games in the previous season: rookie/returning or low-sample player; market-price validation does not cover this case. CBS projects 28.7 games; availability is spread uniformly, so a delayed return may overstate early usefulness. Outside the 225-player neutral allocation. Market price is conditional on being drafted. Survivor score assumes reaching the final and neutral access to replacements; no actual waiver winners, positions, dated injuries or category resets are simulated."
isaiahstewart,Isaiah Stewart,0.0,1.45,0.0,1,6.22,25.0,age_local,-0.8880341978573532,2.341025240498924,15.339184994200615,0.0,0.0,0.0,0.0,,,"Outside the 225-player neutral allocation. Market price is conditional on being drafted. Survivor score assumes reaching the final and neutral access to replacements; no actual waiver winners, positions, dated injuries or category resets are simulated."
jadenhardy,Jaden Hardy,0.0,1,0.0,1,5.77,24.0,age_local,-9.532164451883892,3.5859006194296983,16.1476016452919,0.0,0.0,0.0,0.0,,,"CBS projects 29.1 games; availability is spread uniformly, so a delayed return may overstate early usefulness. Outside the 225-player neutral allocation. Market price is conditional on being drafted. Survivor score assumes reaching the final and neutral access to replacements; no actual waiver winners, positions, dated injuries or category resets are simulated."
jaeseantate,Jae'Sean Tate,0.0,1,0.0,1,5.77,31.0,age_local,-14.578835060810473,4.223332441765696,13.36285885086284,0.0,0.0,0.0,0.0,,,"CBS projects 28.7 games; availability is spread uniformly, so a delayed return may overstate early usefulness. Outside the 225-player neutral allocation. Market price is conditional on being drafted. Survivor score assumes reaching the final and neutral access to replacements; no actual waiver winners, positions, dated injuries or category resets are simulated."
jahmaimashack,Jahmai Mashack,0.0,1,0.0,1,5.77,24.0,age_local,-8.064352219432413,3.480828012741027,16.693955666929554,0.0,0.0,0.0,0.0,,,"CBS projects 28.7 games; availability is spread uniformly, so a delayed return may overstate early usefulness. Outside the 225-player neutral allocation. Market price is conditional on being drafted. Survivor score assumes reaching the final and neutral access to replacements; no actual waiver winners, positions, dated injuries or category resets are simulated."
jalenpickett,Jalen Pickett,0.0,1,0.0,1,5.77,27.0,age_local,-10.295543543460468,4.07708732507069,12.165947540285773,0.0,0.0,0.0,0.0,,,"CBS projects 28.7 games; availability is spread uniformly, so a delayed return may overstate early usefulness. Outside the 225-player neutral allocation. Market price is conditional on being drafted. Survivor score assumes reaching the final and neutral access to replacements; no actual waiver winners, positions, dated injuries or category resets are simulated."
jalenslawson,Jalen Slawson,0.0,1,0.0,1,5.77,27.0,age_local,-3.6332257610709178,1.4032362261557294,17.181809047826235,0.0,0.0,0.0,0.0,,,"CBS projects 28.7 games; availability is spread uniformly, so a delayed return may overstate early usefulness. Outside the 225-player neutral allocation. Market price is conditional on being drafted. Survivor score assumes reaching the final and neutral access to replacements; no actual waiver winners, positions, dated injuries or category resets are simulated."
jalenwilson,Jalen Wilson,0.0,1,0.0,1,5.77,26.0,age_local,-9.040525387197063,3.6368460613635674,12.664110872783526,0.0,0.0,0.0,0.0,,,"CBS projects 28.7 games; availability is spread uniformly, so a delayed return may overstate early usefulness. Outside the 225-player neutral allocation. Market price is conditional on being drafted. Survivor score assumes reaching the final and neutral access to replacements; no actual waiver winners, positions, dated injuries or category resets are simulated."
jamalcain,Jamal Cain,0.0,1,0.0,1,5.77,27.0,age_local,-8.33589284899034,3.5131706500545605,16.252434193325218,0.0,0.0,0.0,0.0,,,"Outside the 225-player neutral allocation. Market price is conditional on being drafted. Survivor score assumes reaching the final and neutral access to replacements; no actual waiver winners, positions, dated injuries or category resets are simulated."
jamalshead,Jamal Shead,0.0,1,0.0,1,5.77,24.0,age_local,-1.1515428730280393,0.49086052030379607,16.89083621813113,0.0,0.0,0.0,0.0,,,"Outside the 225-player neutral allocation. Market price is conditional on being drafted. Survivor score assumes reaching the final and neutral access to replacements; no actual waiver winners, positions, dated injuries or category resets are simulated."
jamirwatkins,Jamir Watkins,0.0,1,0.0,1,5.77,25.0,age_local,-7.241626778447143,2.9484021420727435,16.71997410525496,0.0,0.0,0.0,0.0,,,"CBS projects 2.8 games; availability is spread uniformly, so a delayed return may overstate early usefulness. Outside the 225-player neutral allocation. Market price is conditional on being drafted. Survivor score assumes reaching the final and neutral access to replacements; no actual waiver winners, positions, dated injuries or category resets are simulated."
jamisonbattle,Jamison Battle,0.0,1,0.0,1,5.77,25.0,age_local,-8.073190402402075,3.6907730766763907,15.133995319797327,0.0,0.0,0.0,0.0,,,"Outside the 225-player neutral allocation. Market price is conditional on being drafted. Survivor score assumes reaching the final and neutral access to replacements; no actual waiver winners, positions, dated injuries or category resets are simulated."
jaracewalker,Jarace Walker,0.0,1,0.0,1,5.77,23.0,age_local,-2.229843582213712,1.6357070295746317,17.26932610656529,0.0,0.0,0.0,0.0,,,"Outside the 225-player neutral allocation. Market price is conditional on being drafted. Survivor score assumes reaching the final and neutral access to replacements; no actual waiver winners, positions, dated injuries or category resets are simulated."
jaredmccain,Jared McCain,0.0,1,0.0,1,5.77,22.0,age_local,-0.9382282578197478,0.6568481639862802,15.306101646319288,0.0,0.0,0.0,0.0,,,"Outside the 225-player neutral allocation. Market price is conditional on being drafted. Survivor score assumes reaching the final and neutral access to replacements; no actual waiver winners, positions, dated injuries or category resets are simulated."
jarredvanderbilt,Jarred Vanderbilt,0.0,1,0.0,1,5.77,27.0,age_local,-5.210896369153648,0.7092783679976339,17.5251037158162,0.0,0.0,0.0,0.0,,,"Outside the 225-player neutral allocation. Market price is conditional on being drafted. Survivor score assumes reaching the final and neutral access to replacements; no actual waiver winners, positions, dated injuries or category resets are simulated."
jaserichardson,Jase Richardson,0.0,1,0.0,1,5.77,21.0,age_local,-9.394628405096318,3.864781488169006,16.545452511586777,0.0,0.0,0.0,0.0,,,"CBS projects 28.7 games; availability is spread uniformly, so a delayed return may overstate early usefulness. Outside the 225-player neutral allocation. Market price is conditional on being drafted. Survivor score assumes reaching the final and neutral access to replacements; no actual waiver winners, positions, dated injuries or category resets are simulated."
javonsmall,Javon Small,0.0,1,0.0,1,5.77,24.0,age_local,-4.868135243159467,2.9373968417890137,15.9120750521471,0.0,0.0,0.0,0.0,,,"CBS projects 29.9 games; availability is spread uniformly, so a delayed return may overstate early usefulness. Outside the 225-player neutral allocation. Market price is conditional on being drafted. Survivor score assumes reaching the final and neutral access to replacements; no actual waiver winners, positions, dated injuries or category resets are simulated."
javontegreen,Javonte Green,0.0,1,0.0,1,5.77,33.0,age_local,-10.618860325792218,2.5261604887848894,17.61846702785956,0.0,0.0,0.0,0.0,,,"CBS projects 28.7 games; availability is spread uniformly, so a delayed return may overstate early usefulness. Outside the 225-player neutral allocation. Market price is conditional on being drafted. Survivor score assumes reaching the final and neutral access to replacements; no actual waiver winners, positions, dated injuries or category resets are simulated."
jaxsonhayes,Jaxson Hayes,0.0,1,0.0,1,5.77,26.0,age_local,-3.216704303112369,1.4187496368984127,14.775769198128653,0.0,0.0,0.0,0.0,,,"Outside the 225-player neutral allocation. Market price is conditional on being drafted. Survivor score assumes reaching the final and neutral access to replacements; no actual waiver winners, positions, dated injuries or category resets are simulated."
jayhuff,Jay Huff,0.0,2.84,0.0,1,7.6,28.0,age_local,-0.26052617654929966,3.095903986020744,6.184724814116944,0.0,0.0,0.0,0.0,,,"Outside the 225-player neutral allocation. Market price is conditional on being drafted. Survivor score assumes reaching the final and neutral access to replacements; no actual waiver winners, positions, dated injuries or category resets are simulated."
jaylenclark,Jaylen Clark,0.0,1,0.0,1,5.77,25.0,age_local,-9.995395375365536,3.88601148950901,14.493932949782748,0.0,0.0,0.0,0.0,,,"CBS projects 28.7 games; availability is spread uniformly, so a delayed return may overstate early usefulness. Outside the 225-player neutral allocation. Market price is conditional on being drafted. Survivor score assumes reaching the final and neutral access to replacements; no actual waiver winners, positions, dated injuries or category resets are simulated."
jaylenwells,Jaylen Wells,0.0,1,0.0,1,5.77,23.0,age_local,-2.7205223480073353,1.4700857579822488,15.771945512568596,0.0,0.0,0.0,0.0,,,"Outside the 225-player neutral allocation. Market price is conditional on being drafted. Survivor score assumes reaching the final and neutral access to replacements; no actual waiver winners, positions, dated injuries or category resets are simulated."
jeffgreen,Jeff Green,0.0,1,0.0,1,5.77,40.0,age_local,-19.002599498842876,3.106669277581019,17.18674439432597,0.0,0.0,0.0,0.0,,,"CBS projects 28.7 games; availability is spread uniformly, so a delayed return may overstate early usefulness. Outside the 225-player neutral allocation. Market price is conditional on being drafted. Survivor score assumes reaching the final and neutral access to replacements; no actual waiver winners, positions, dated injuries or category resets are simulated."
jeremysochan,Jeremy Sochan,0.0,1,0.0,1,5.77,23.0,age_local,-5.319988725552197,3.28692646701617,11.952873191182736,0.0,0.0,0.0,0.0,,,"CBS projects 28.7 games; availability is spread uniformly, so a delayed return may overstate early usefulness. Outside the 225-player neutral allocation. Market price is conditional on being drafted. Survivor score assumes reaching the final and neutral access to replacements; no actual waiver winners, positions, dated injuries or category resets are simulated."
jerichosims,Jericho Sims,0.0,1,0.0,1,5.77,28.0,age_local,-6.51689419280575,3.2485629182240863,15.43386383809916,0.0,0.0,0.0,0.0,,,"CBS projects 28.7 games; availability is spread uniformly, so a delayed return may overstate early usefulness. Outside the 225-player neutral allocation. Market price is conditional on being drafted. Survivor score assumes reaching the final and neutral access to replacements; no actual waiver winners, positions, dated injuries or category resets are simulated."
jetthoward,Jett Howard,0.0,1,0.0,1,5.77,23.0,age_local,-8.679950999708526,3.9300245481026623,14.567843946377936,0.0,0.0,0.0,0.0,,,"CBS projects 28.7 games; availability is spread uniformly, so a delayed return may overstate early usefulness. Outside the 225-player neutral allocation. Market price is conditional on being drafted. Survivor score assumes reaching the final and neutral access to replacements; no actual waiver winners, positions, dated injuries or category resets are simulated."
jevoncarter,Jevon Carter,0.0,1,0.0,1,5.77,31.0,age_local,-13.160441983944663,3.9615606315050718,15.642764982865716,0.0,0.0,0.0,0.0,,,"CBS projects 28.7 games; availability is spread uniformly, so a delayed return may overstate early usefulness. Outside the 225-player neutral allocation. Market price is conditional on being drafted. Survivor score assumes reaching the final and neutral access to replacements; no actual waiver winners, positions, dated injuries or category resets are simulated."
joanberinger,Joan Beringer,0.0,1,0.0,1,5.77,20.0,age_local,-4.687242356902939,2.9530088681147584,15.719999809031837,0.0,0.0,0.0,0.0,,,"Outside the 225-player neutral allocation. Market price is conditional on being drafted. Survivor score assumes reaching the final and neutral access to replacements; no actual waiver winners, positions, dated injuries or category resets are simulated."
jocklandale,Jock Landale,0.0,1,0.0,1,5.77,31.0,age_local,-5.601236881325974,2.2346526354663707,13.901054851112008,0.0,0.0,0.0,0.0,,,"Outside the 225-player neutral allocation. Market price is conditional on being drafted. Survivor score assumes reaching the final and neutral access to replacements; no actual waiver winners, positions, dated injuries or category resets are simulated."
joeingles,Joe Ingles,0.0,1,0.0,1,5.77,39.0,age_local,-16.495944545804186,2.9337926938716516,16.753928506594633,0.0,0.0,0.0,0.0,,,"CBS projects 28.7 games; availability is spread uniformly, so a delayed return may overstate early usefulness. Outside the 225-player neutral allocation. Market price is conditional on being drafted. Survivor score assumes reaching the final and neutral access to replacements; no actual waiver winners, positions, dated injuries or category resets are simulated."
johnkonchar,John Konchar,0.0,1,0.0,1,5.77,30.0,age_local,-8.382821517199499,2.7528135574587838,16.67445326811552,0.0,0.0,0.0,0.0,,,"CBS projects 29.9 games; availability is spread uniformly, so a delayed return may overstate early usefulness. Outside the 225-player neutral allocation. Market price is conditional on being drafted. Survivor score assumes reaching the final and neutral access to replacements; no actual waiver winners, positions, dated injuries or category resets are simulated."
johnpoulakidas,John Poulakidas,0.0,1,0.0,1,5.77,23.0,age_local,-5.56483544739685,2.987167919225662,17.78189149469118,0.0,0.0,0.0,0.0,,,"CBS projects 28.7 games; availability is spread uniformly, so a delayed return may overstate early usefulness. Outside the 225-player neutral allocation. Market price is conditional on being drafted. Survivor score assumes reaching the final and neutral access to replacements; no actual waiver winners, positions, dated injuries or category resets are simulated."
johnibroome,Johni Broome,0.0,1,0.0,1,5.77,24.0,age_local,-15.203495351585925,4.056857370222235,14.66408883468,0.0,0.0,0.0,0.0,,,"CBS projects 28.7 games; availability is spread uniformly, so a delayed return may overstate early usefulness. Outside the 225-player neutral allocation. Market price is conditional on being drafted. Survivor score assumes reaching the final and neutral access to replacements; no actual waiver winners, positions, dated injuries or category resets are simulated."
johnnyfurphy,Johnny Furphy,0.0,1,0.0,1,5.77,22.0,age_local,-9.497139404410785,3.8229981542164313,14.283605943069901,0.0,0.0,0.0,0.0,,,"CBS projects 17.5 games; availability is spread uniformly, so a delayed return may overstate early usefulness. Outside the 225-player neutral allocation. Market price is conditional on being drafted. Survivor score assumes reaching the final and neutral access to replacements; no actual waiver winners, positions, dated injuries or category resets are simulated."
jonasvalanciunas,Jonas Valanciunas,0.0,1,0.0,1,5.77,34.0,age_local,-7.161705417917606,2.5653803357452056,12.831812941421799,0.0,0.0,0.0,0.0,,,"CBS projects 28.7 games; availability is spread uniformly, so a delayed return may overstate early usefulness. Outside the 225-player neutral allocation. Market price is conditional on being drafted. Survivor score assumes reaching the final and neutral access to replacements; no actual waiver winners, positions, dated injuries or category resets are simulated."
jonathanisaac,Jonathan Isaac,0.0,1,0.0,1,5.77,29.0,age_local,-10.432053399779496,3.9046229370368777,16.122012569587437,0.0,0.0,0.0,0.0,,,"CBS projects 28.7 games; availability is spread uniformly, so a delayed return may overstate early usefulness. Outside the 225-player neutral allocation. Market price is conditional on being drafted. Survivor score assumes reaching the final and neutral access to replacements; no actual waiver winners, positions, dated injuries or category resets are simulated."
jonathanmogbo,Jonathan Mogbo,0.0,1,0.0,1,5.77,25.0,age_local,-8.0991465555519,3.971047120356027,9.64418668960273,0.0,0.0,0.0,0.0,,,"CBS projects 28.7 games; availability is spread uniformly, so a delayed return may overstate early usefulness. Outside the 225-player neutral allocation. Market price is conditional on being drafted. Survivor score assumes reaching the final and neutral access to replacements; no actual waiver winners, positions, dated injuries or category resets are simulated."
jordanclarkson,Jordan Clarkson,0.0,1,0.0,1,5.77,34.0,age_local,-7.87394054649298,2.2752236783813298,16.87172135502186,0.0,0.0,0.0,0.0,,,"Outside the 225-player neutral allocation. Market price is conditional on being drafted. Survivor score assumes reaching the final and neutral access to replacements; no actual waiver winners, positions, dated injuries or category resets are simulated."
jordanhawkins,Jordan Hawkins,0.0,1,0.0,1,5.77,24.0,age_local,-7.054723992457339,2.635494781233443,17.04442490260417,0.0,0.0,0.0,0.0,,,"Outside the 225-player neutral allocation. Market price is conditional on being drafted. Survivor score assumes reaching the final and neutral access to replacements; no actual waiver winners, positions, dated injuries or category resets are simulated."
jordanmiller,Jordan Miller,0.0,1,0.0,1,5.77,27.0,age_local,-7.94483919247577,3.5622392241799163,13.82407622341353,0.0,0.0,0.0,0.0,,,"CBS projects 8.4 games; availability is spread uniformly, so a delayed return may overstate early usefulness. Outside the 225-player neutral allocation. Market price is conditional on being drafted. Survivor score assumes reaching the final and neutral access to replacements; no actual waiver winners, positions, dated injuries or category resets are simulated."
jordanwalsh,Jordan Walsh,0.0,1,0.0,1,5.77,22.0,age_local,-4.793814644234156,2.366377611904976,15.922060666865539,0.0,0.0,0.0,0.0,,,"Outside the 225-player neutral allocation. Market price is conditional on being drafted. Survivor score assumes reaching the final and neutral access to replacements; no actual waiver winners, positions, dated injuries or category resets are simulated."
josealvarado,Jose Alvarado,0.0,1,0.0,1,5.77,28.0,age_local,-3.553563621954642,1.299752099643906,17.40524168445464,0.0,0.0,0.0,0.0,,,"Outside the 225-player neutral allocation. Market price is conditional on being drafted. Survivor score assumes reaching the final and neutral access to replacements; no actual waiver winners, positions, dated injuries or category resets are simulated."
joshgreen,Josh Green,0.0,1,0.0,1,5.77,26.0,age_local,-8.82006000873409,3.206342394140236,17.16192563341046,0.0,0.0,0.0,0.0,,,"CBS projects 28.7 games; availability is spread uniformly, so a delayed return may overstate early usefulness. Outside the 225-player neutral allocation. Market price is conditional on being drafted. Survivor score assumes reaching the final and neutral access to replacements; no actual waiver winners, positions, dated injuries or category resets are simulated."
joshminott,Josh Minott,0.0,1,0.0,1,5.77,24.0,age_local,-8.387414844329212,3.9975992469244335,10.356550887998347,0.0,0.0,0.0,0.0,,,"CBS projects 28.7 games; availability is spread uniformly, so a delayed return may overstate early usefulness. Outside the 225-player neutral allocation. Market price is conditional on being drafted. Survivor score assumes reaching the final and neutral access to replacements; no actual waiver winners, positions, dated injuries or category resets are simulated."
joshoduro,Josh Oduro,0.0,1,0.0,1,5.77,26.0,age_local,-8.21363112235385,3.7060867777181135,14.41334798641723,0.0,0.0,0.0,0.0,,,"Fewer than 10 NBA games in the previous season: rookie/returning or low-sample player; market-price validation does not cover this case. CBS projects 28.7 games; availability is spread uniformly, so a delayed return may overstate early usefulness. Outside the 225-player neutral allocation. Market price is conditional on being drafted. Survivor score assumes reaching the final and neutral access to replacements; no actual waiver winners, positions, dated injuries or category resets are simulated."
joshokogie,Josh Okogie,0.0,1,0.0,1,5.77,28.0,age_local,-9.311494004362954,2.745979300825959,18.123787119208608,0.0,0.0,0.0,0.0,,,"Outside the 225-player neutral allocation. Market price is conditional on being drafted. Survivor score assumes reaching the final and neutral access to replacements; no actual waiver winners, positions, dated injuries or category resets are simulated."
joshuajefferson,Joshua Jefferson,0.0,1,0.0,1,5.77,,local,-6.934295989448581,3.8789010033586067,14.64356251513331,0.0,0.0,0.0,0.0,,,"Fewer than 10 NBA games in the previous season: rookie/returning or low-sample player; market-price validation does not cover this case. No earlier recorded season age: market estimate uses the statistics-only counterpart, with no invented age or youth premium. Outside the 225-player neutral allocation. Market price is conditional on being drafted. Survivor score assumes reaching the final and neutral access to replacements; no actual waiver winners, positions, dated injuries or category resets are simulated."
julianphillips,Julian Phillips,0.0,1,0.0,1,5.77,23.0,age_local,-9.571833676448337,3.891041285055444,14.666486314755,0.0,0.0,0.0,0.0,,,"CBS projects 28.7 games; availability is spread uniformly, so a delayed return may overstate early usefulness. Outside the 225-player neutral allocation. Market price is conditional on being drafted. Survivor score assumes reaching the final and neutral access to replacements; no actual waiver winners, positions, dated injuries or category resets are simulated."
julianreese,Julian Reese,0.0,1,0.0,1,5.77,23.0,age_local,0.761163932787912,-0.23286236214791922,14.89739967376527,0.0,0.0,0.0,0.0,,,"CBS projects 28.7 games; availability is spread uniformly, so a delayed return may overstate early usefulness. Outside the 225-player neutral allocation. Market price is conditional on being drafted. Survivor score assumes reaching the final and neutral access to replacements; no actual waiver winners, positions, dated injuries or category resets are simulated."
julianstrawther,Julian Strawther,0.0,1,0.0,1,5.77,24.0,age_local,-11.990931667240604,4.040178535566197,12.41419086252142,0.0,0.0,0.0,0.0,,,"Outside the 225-player neutral allocation. Market price is conditional on being drafted. Survivor score assumes reaching the final and neutral access to replacements; no actual waiver winners, positions, dated injuries or category resets are simulated."
justinedwards,Justin Edwards,0.0,1,0.0,1,5.77,23.0,age_local,-3.6817984173606666,2.2656705306146363,16.282901507916105,0.0,0.0,0.0,0.0,,,"Outside the 225-player neutral allocation. Market price is conditional on being drafted. Survivor score assumes reaching the final and neutral access to replacements; no actual waiver winners, positions, dated injuries or category resets are simulated."
kjsimpson,KJ Simpson,0.0,1,0.0,1,5.77,24.0,age_local,-5.216351947374216,2.469788214333469,17.034962776333565,0.0,0.0,0.0,0.0,,,"Outside the 225-player neutral allocation. Market price is conditional on being drafted. Survivor score assumes reaching the final and neutral access to replacements; no actual waiver winners, positions, dated injuries or category resets are simulated."
kamjones,Kam Jones,0.0,1,0.0,1,5.77,24.0,age_local,-10.141396369858148,4.025115067213419,14.662941948572687,0.0,0.0,0.0,0.0,,,"CBS projects 28.7 games; availability is spread uniformly, so a delayed return may overstate early usefulness. Outside the 225-player neutral allocation. Market price is conditional on being drafted. Survivor score assumes reaching the final and neutral access to replacements; no actual waiver winners, positions, dated injuries or category resets are simulated."
karimlopez,Karim Lopez,0.0,1,0.0,1,5.77,,local,-7.816028927029173,4.0429314266586225,11.95957418640055,0.0,0.0,0.0,0.0,,,"Fewer than 10 NBA games in the previous season: rookie/returning or low-sample player; market-price validation does not cover this case. No earlier recorded season age: market estimate uses the statistics-only counterpart, with no invented age or youth premium. CBS projects 28.7 games; availability is spread uniformly, so a delayed return may overstate early usefulness. Outside the 225-player neutral allocation. Market price is conditional on being drafted. Survivor score assumes reaching the final and neutral access to replacements; no actual waiver winners, positions, dated injuries or category resets are simulated."
karlomatkovic,Karlo Matkovic,0.0,1,0.0,1,5.77,25.0,age_local,-1.187563756594903,1.6078540573110676,16.210454695226332,0.0,0.0,0.0,0.0,,,"Outside the 225-player neutral allocation. Market price is conditional on being drafted. Survivor score assumes reaching the final and neutral access to replacements; no actual waiver winners, positions, dated injuries or category resets are simulated."
kasparasjakucionis,Kasparas Jakučionis,0.0,1,0.0,1,5.77,20.0,age_local,-3.567561778717131,2.8707980111351503,16.915609973996325,0.0,0.0,0.0,0.0,,,"Outside the 225-player neutral allocation. Market price is conditional on being drafted. Survivor score assumes reaching the final and neutral access to replacements; no actual waiver winners, positions, dated injuries or category resets are simulated."
keatonwallace,Keaton Wallace,0.0,1,0.0,1,5.77,27.0,age_local,-11.42130148372763,4.150195324527818,12.220080729426543,0.0,0.0,0.0,0.0,,,"CBS projects 28.7 games; availability is spread uniformly, so a delayed return may overstate early usefulness. Outside the 225-player neutral allocation. Market price is conditional on being drafted. Survivor score assumes reaching the final and neutral access to replacements; no actual waiver winners, positions, dated injuries or category resets are simulated."
keldonjohnson,Keldon Johnson,0.0,1,0.0,1,5.77,27.0,age_local,-1.2916210220209376,0.8412512545562487,17.419089305018293,0.0,0.0,0.0,0.0,,,"Outside the 225-player neutral allocation. Market price is conditional on being drafted. Survivor score assumes reaching the final and neutral access to replacements; no actual waiver winners, positions, dated injuries or category resets are simulated."
kellyolynyk,Kelly Olynyk,0.0,1,0.0,1,5.77,35.0,age_local,-11.1948194705668,3.1518756947368636,13.220103955955338,0.0,0.0,0.0,0.0,,,"CBS projects 28.7 games; availability is spread uniformly, so a delayed return may overstate early usefulness. Outside the 225-player neutral allocation. Market price is conditional on being drafted. Survivor score assumes reaching the final and neutral access to replacements; no actual waiver winners, positions, dated injuries or category resets are simulated."
kennedychandler,Kennedy Chandler,0.0,1,0.0,1,5.77,24.0,age_local,-4.409116244261035,2.6470169450175014,18.064235049117816,0.0,0.0,0.0,0.0,,,"CBS projects 28.7 games; availability is spread uniformly, so a delayed return may overstate early usefulness. Outside the 225-player neutral allocation. Market price is conditional on being drafted. Survivor score assumes reaching the final and neutral access to replacements; no actual waiver winners, positions, dated injuries or category resets are simulated."
kenrichwilliams,Kenrich Williams,0.0,1,0.0,1,5.77,32.0,age_local,-9.66519386711542,3.270165076838151,16.92311688529628,0.0,0.0,0.0,0.0,,,"Outside the 225-player neutral allocation. Market price is conditional on being drafted. Survivor score assumes reaching the final and neutral access to replacements; no actual waiver winners, positions, dated injuries or category resets are simulated."
kentaviouscaldwellpope,Kentavious Caldwell-Pope,0.0,1,0.0,1,5.77,33.0,age_local,-5.024077838634546,1.8124483425116753,15.047182097031216,0.0,0.0,0.0,0.0,,,"Outside the 225-player neutral allocation. Market price is conditional on being drafted. Survivor score assumes reaching the final and neutral access to replacements; no actual waiver winners, positions, dated injuries or category resets are simulated."
keonellis,Keon Ellis,0.0,1,0.0,1,5.77,27.0,age_local,-3.907999071145558,1.239746298316554,12.097093973336166,0.0,0.0,0.0,0.0,,,"Outside the 225-player neutral allocation. Market price is conditional on being drafted. Survivor score assumes reaching the final and neutral access to replacements; no actual waiver winners, positions, dated injuries or category resets are simulated."
keshadjohnson,Keshad Johnson,0.0,1,0.0,1,5.77,25.0,age_local,-10.792032186180052,3.9296064867243126,13.24675745423238,0.0,0.0,0.0,0.0,,,"CBS projects 27.7 games; availability is spread uniformly, so a delayed return may overstate early usefulness. Outside the 225-player neutral allocation. Market price is conditional on being drafted. Survivor score assumes reaching the final and neutral access to replacements; no actual waiver winners, positions, dated injuries or category resets are simulated."
kevinlove,Kevin Love,0.0,1,0.0,1,5.77,38.0,age_local,-14.556728569042875,2.580625279829147,17.159539405746315,0.0,0.0,0.0,0.0,,,"CBS projects 28.7 games; availability is spread uniformly, so a delayed return may overstate early usefulness. Outside the 225-player neutral allocation. Market price is conditional on being drafted. Survivor score assumes reaching the final and neutral access to replacements; no actual waiver winners, positions, dated injuries or category resets are simulated."
kevonlooney,Kevon Looney,0.0,1,0.0,1,5.77,30.0,age_local,-5.416318847611028,1.6103587191359834,16.614545335244298,0.0,0.0,0.0,0.0,,,"Outside the 225-player neutral allocation. Market price is conditional on being drafted. Survivor score assumes reaching the final and neutral access to replacements; no actual waiver winners, positions, dated injuries or category resets are simulated."
khamanmaluach,Khaman Maluach,0.0,1,0.0,1,5.77,20.0,age_local,-4.790471399462656,3.2583217260464146,16.12441865173861,0.0,0.0,0.0,0.0,,,"Outside the 225-player neutral allocation. Market price is conditional on being drafted. Survivor score assumes reaching the final and neutral access to replacements; no actual waiver winners, positions, dated injuries or category resets are simulated."
khrismiddleton,Khris Middleton,0.0,1,0.0,1,5.77,35.0,age_local,-5.9889505064303314,1.6760664291519634,15.818019273596224,0.0,0.0,0.0,0.0,,,"Outside the 225-player neutral allocation. Market price is conditional on being drafted. Survivor score assumes reaching the final and neutral access to replacements; no actual waiver winners, positions, dated injuries or category resets are simulated."
killianhayes,Killian Hayes,0.0,1,0.0,1,5.77,25.0,age_local,-5.538430754835467,3.0809476350783203,17.394876333877235,0.0,0.0,0.0,0.0,,,"CBS projects 28.7 games; availability is spread uniformly, so a delayed return may overstate early usefulness. Outside the 225-player neutral allocation. Market price is conditional on being drafted. Survivor score assumes reaching the final and neutral access to replacements; no actual waiver winners, positions, dated injuries or category resets are simulated."
koapeat,Koa Peat,0.0,1,0.0,1,5.77,,local,-5.12827282519234,2.8276296841512107,16.433314907547324,0.0,0.0,0.0,0.0,,,"Fewer than 10 NBA games in the previous season: rookie/returning or low-sample player; market-price validation does not cover this case. No earlier recorded season age: market estimate uses the statistics-only counterpart, with no invented age or youth premium. Outside the 225-player neutral allocation. Market price is conditional on being drafted. Survivor score assumes reaching the final and neutral access to replacements; no actual waiver winners, positions, dated injuries or category resets are simulated."
kobebrown,Kobe Brown,0.0,1,0.0,1,5.77,27.0,age_local,-10.761891008698663,4.114241892897758,10.518043531485413,0.0,0.0,0.0,0.0,,,"CBS projects 28.7 games; availability is spread uniformly, so a delayed return may overstate early usefulness. Outside the 225-player neutral allocation. Market price is conditional on being drafted. Survivor score assumes reaching the final and neutral access to replacements; no actual waiver winners, positions, dated injuries or category resets are simulated."
kobesanders,Kobe Sanders,0.0,1,0.0,1,5.77,24.0,age_local,-2.806081622039985,2.084665409214133,18.04561562760764,0.0,0.0,0.0,0.0,,,"Outside the 225-player neutral allocation. Market price is conditional on being drafted. Survivor score assumes reaching the final and neutral access to replacements; no actual waiver winners, positions, dated injuries or category resets are simulated."
krismurray,Kris Murray,0.0,1,0.0,1,5.77,26.0,age_local,-9.410059248188636,3.87087253671074,12.40687249753586,0.0,0.0,0.0,0.0,,,"CBS projects 28.7 games; availability is spread uniformly, so a delayed return may overstate early usefulness. Outside the 225-player neutral allocation. Market price is conditional on being drafted. Survivor score assumes reaching the final and neutral access to replacements; no actual waiver winners, positions, dated injuries or category resets are simulated."
kyleanderson,Kyle Anderson,0.0,1,0.0,1,5.77,33.0,age_local,-6.468341969545434,2.238293968800314,13.963615766757329,0.0,0.0,0.0,0.0,,,"Outside the 225-player neutral allocation. Market price is conditional on being drafted. Survivor score assumes reaching the final and neutral access to replacements; no actual waiver winners, positions, dated injuries or category resets are simulated."
kylekuzma,Kyle Kuzma,0.0,1,0.0,1,5.77,31.0,age_local,-1.8793527973078303,0.4402607012320177,17.16918841507184,0.0,0.0,0.0,0.0,,,"Outside the 225-player neutral allocation. Market price is conditional on being drafted. Survivor score assumes reaching the final and neutral access to replacements; no actual waiver winners, positions, dated injuries or category resets are simulated."
kylelowry,Kyle Lowry,0.0,1,0.0,1,5.77,40.0,age_local,-16.15656597557063,2.5896898246771016,16.820677909578837,0.0,0.0,0.0,0.0,,,"CBS projects 28.7 games; availability is spread uniformly, so a delayed return may overstate early usefulness. Outside the 225-player neutral allocation. Market price is conditional on being drafted. Survivor score assumes reaching the final and neutral access to replacements; no actual waiver winners, positions, dated injuries or category resets are simulated."
ljcryer,LJ Cryer,0.0,1,0.0,1,5.77,25.0,age_local,-8.003532285961171,3.0773459586640626,15.869798604274482,0.0,0.0,0.0,0.0,,,"CBS projects 29.1 games; availability is spread uniformly, so a delayed return may overstate early usefulness. Outside the 225-player neutral allocation. Market price is conditional on being drafted. Survivor score assumes reaching the final and neutral access to replacements; no actual waiver winners, positions, dated injuries or category resets are simulated."
labaronphilon,Labaron Philon,0.0,1,0.0,1,5.77,,local,-8.875186760402697,4.215449609262339,13.244075301870184,0.0,0.0,0.0,0.0,,,"Fewer than 10 NBA games in the previous season: rookie/returning or low-sample player; market-price validation does not cover this case. No earlier recorded season age: market estimate uses the statistics-only counterpart, with no invented age or youth premium. Outside the 225-player neutral allocation. Market price is conditional on being drafted. Survivor score assumes reaching the final and neutral access to replacements; no actual waiver winners, positions, dated injuries or category resets are simulated."
lajaejones,Lajae Jones,0.0,1,0.0,1,5.77,,local,-10.466356965234855,4.276850769810188,15.878127605400088,0.0,0.0,0.0,0.0,,,"Fewer than 10 NBA games in the previous season: rookie/returning or low-sample player; market-price validation does not cover this case. No earlier recorded season age: market estimate uses the statistics-only counterpart, with no invented age or youth premium. CBS projects 29.1 games; availability is spread uniformly, so a delayed return may overstate early usefulness. Outside the 225-player neutral allocation. Market price is conditional on being drafted. Survivor score assumes reaching the final and neutral access to replacements; no actual waiver winners, positions, dated injuries or category resets are simulated."
landryshamet,Landry Shamet,0.0,1,0.0,1,5.77,29.0,age_local,-8.496089952644901,3.110572256932767,14.952449649833007,0.0,0.0,0.0,0.0,,,"Outside the 225-player neutral allocation. Market price is conditional on being drafted. Survivor score assumes reaching the final and neutral access to replacements; no actual waiver winners, positions, dated injuries or category resets are simulated."
leakyblack,Leaky Black,0.0,1,0.0,1,5.77,27.0,age_local,-6.754244465909766,2.378132616839549,18.383515471705127,0.0,0.0,0.0,0.0,,,"CBS projects 28.7 games; availability is spread uniformly, so a delayed return may overstate early usefulness. Outside the 225-player neutral allocation. Market price is conditional on being drafted. Survivor score assumes reaching the final and neutral access to replacements; no actual waiver winners, positions, dated injuries or category resets are simulated."
liammcneeley,Liam McNeeley,0.0,1,0.0,1,5.77,21.0,age_local,-7.717870773503396,3.814444354586765,15.692970990303225,0.0,0.0,0.0,0.0,,,"CBS projects 28.7 games; availability is spread uniformly, so a delayed return may overstate early usefulness. Outside the 225-player neutral allocation. Market price is conditional on being drafted. Survivor score assumes reaching the final and neutral access to replacements; no actual waiver winners, positions, dated injuries or category resets are simulated."
lindywatersiii,Lindy Waters III,0.0,1,0.0,1,5.77,29.0,age_local,-13.63455289270096,4.188040349373304,14.029864789681303,0.0,0.0,0.0,0.0,,,"CBS projects 28.7 games; availability is spread uniformly, so a delayed return may overstate early usefulness. Outside the 225-player neutral allocation. Market price is conditional on being drafted. Survivor score assumes reaching the final and neutral access to replacements; no actual waiver winners, positions, dated injuries or category resets are simulated."
lucaswilliamson,Lucas Williamson,0.0,1,0.0,1,5.77,28.0,age_local,-8.535068164766232,2.9815334485658007,16.566897828970973,0.0,0.0,0.0,0.0,,,"Fewer than 10 NBA games in the previous season: rookie/returning or low-sample player; market-price validation does not cover this case. CBS projects 28.7 games; availability is spread uniformly, so a delayed return may overstate early usefulness. Outside the 225-player neutral allocation. Market price is conditional on being drafted. Survivor score assumes reaching the final and neutral access to replacements; no actual waiver winners, positions, dated injuries or category resets are simulated."
lukagarza,Luka Garza,0.0,1,0.0,1,5.77,28.0,age_local,-9.748734735775717,4.206024747061167,11.345294563358182,0.0,0.0,0.0,0.0,,,"CBS projects 28.7 games; availability is spread uniformly, so a delayed return may overstate early usefulness. Outside the 225-player neutral allocation. Market price is conditional on being drafted. Survivor score assumes reaching the final and neutral access to replacements; no actual waiver winners, positions, dated injuries or category resets are simulated."
lukekornet,Luke Kornet,0.0,1,0.0,1,5.77,31.0,age_local,-1.9548752740282676,1.859349948924745,14.760598729602695,0.0,0.0,0.0,0.0,,,"Outside the 225-player neutral allocation. Market price is conditional on being drafted. Survivor score assumes reaching the final and neutral access to replacements; no actual waiver winners, positions, dated injuries or category resets are simulated."
malachismith,Malachi Smith,0.0,1,0.0,1,5.77,27.0,age_local,-2.9412050486697723,2.446292740683866,17.298415135757192,0.0,0.0,0.0,0.0,,,"CBS projects 28.7 games; availability is spread uniformly, so a delayed return may overstate early usefulness. Outside the 225-player neutral allocation. Market price is conditional on being drafted. Survivor score assumes reaching the final and neutral access to replacements; no actual waiver winners, positions, dated injuries or category resets are simulated."
malevyleons,Malevy Leons,0.0,1,0.0,1,5.77,27.0,age_local,-12.815384093050913,4.099237722057216,12.461196633244953,0.0,0.0,0.0,0.0,,,"CBS projects 29.1 games; availability is spread uniformly, so a delayed return may overstate early usefulness. Outside the 225-player neutral allocation. Market price is conditional on being drafted. Survivor score assumes reaching the final and neutral access to replacements; no actual waiver winners, positions, dated injuries or category resets are simulated."
maliquelewis,Malique Lewis,0.0,1,0.0,1,5.77,,local,-11.020870436810016,4.268940740805266,13.594697390806388,0.0,0.0,0.0,0.0,,,"Fewer than 10 NBA games in the previous season: rookie/returning or low-sample player; market-price validation does not cover this case. No earlier recorded season age: market estimate uses the statistics-only counterpart, with no invented age or youth premium. CBS projects 28.7 games; availability is spread uniformly, so a delayed return may overstate early usefulness. Outside the 225-player neutral allocation. Market price is conditional on being drafted. Survivor score assumes reaching the final and neutral access to replacements; no actual waiver winners, positions, dated injuries or category resets are simulated."
marcussasser,Marcus Sasser,0.0,1,0.0,1,5.77,26.0,age_local,-8.016527678037761,3.676056986370906,10.840233113743647,0.0,0.0,0.0,0.0,,,"Outside the 225-player neutral allocation. Market price is conditional on being drafted. Survivor score assumes reaching the final and neutral access to replacements; no actual waiver winners, positions, dated injuries or category resets are simulated."
marcussmart,Marcus Smart,0.0,1,0.0,1,5.77,32.0,age_local,-6.1047329113757804,1.5517257910656423,17.608214074251798,0.0,0.0,0.0,0.0,,,"Outside the 225-player neutral allocation. Market price is conditional on being drafted. Survivor score assumes reaching the final and neutral access to replacements; no actual waiver winners, positions, dated injuries or category resets are simulated."
marvinbagleyiii,Marvin Bagley III,0.0,1,0.0,1,5.77,27.0,age_local,-1.4735537500057116,0.5634029756961292,17.068485600712627,0.0,0.0,0.0,0.0,,,"Outside the 225-player neutral allocation. Market price is conditional on being drafted. Survivor score assumes reaching the final and neutral access to replacements; no actual waiver winners, positions, dated injuries or category resets are simulated."
masonplumlee,Mason Plumlee,0.0,1,0.0,1,5.77,36.0,age_local,-11.23178834917276,2.916803997274035,9.094951777449493,0.0,0.0,0.0,0.0,,,"CBS projects 28.7 games; availability is spread uniformly, so a delayed return may overstate early usefulness. Outside the 225-player neutral allocation. Market price is conditional on being drafted. Survivor score assumes reaching the final and neutral access to replacements; no actual waiver winners, positions, dated injuries or category resets are simulated."
matissethybulle,Matisse Thybulle,0.0,1,0.0,1,5.77,29.0,age_local,-7.495546883236926,1.7957707692731915,16.854576321756106,0.0,0.0,0.0,0.0,,,"CBS projects 28.7 games; availability is spread uniformly, so a delayed return may overstate early usefulness. Outside the 225-player neutral allocation. Market price is conditional on being drafted. Survivor score assumes reaching the final and neutral access to replacements; no actual waiver winners, positions, dated injuries or category resets are simulated."
meleekthomas,Meleek Thomas,0.0,1,0.0,1,5.77,,local,-9.841392758889867,4.223679368300591,13.976653346332293,0.0,0.0,0.0,0.0,,,"Fewer than 10 NBA games in the previous season: rookie/returning or low-sample player; market-price validation does not cover this case. No earlier recorded season age: market estimate uses the statistics-only counterpart, with no invented age or youth premium. CBS projects 28.7 games; availability is spread uniformly, so a delayed return may overstate early usefulness. Outside the 225-player neutral allocation. Market price is conditional on being drafted. Survivor score assumes reaching the final and neutral access to replacements; no actual waiver winners, positions, dated injuries or category resets are simulated."
micahpeavy,Micah Peavy,0.0,1,0.0,1,5.77,25.0,age_local,-11.373292682592103,4.067626759187263,13.06855224811186,0.0,0.0,0.0,0.0,,,"CBS projects 28.7 games; availability is spread uniformly, so a delayed return may overstate early usefulness. Outside the 225-player neutral allocation. Market price is conditional on being drafted. Survivor score assumes reaching the final and neutral access to replacements; no actual waiver winners, positions, dated injuries or category resets are simulated."
micahpotter,Micah Potter,0.0,1,0.0,1,5.77,28.0,age_local,-4.307595655719784,1.8917428367682048,17.18190868511346,0.0,0.0,0.0,0.0,,,"Outside the 225-player neutral allocation. Market price is conditional on being drafted. Survivor score assumes reaching the final and neutral access to replacements; no actual waiver winners, positions, dated injuries or category resets are simulated."
mikeconley,Mike Conley,0.0,1,0.0,1,5.77,39.0,age_local,-8.144557545785656,1.695253705783457,16.962929192340464,0.0,0.0,0.0,0.0,,,"Outside the 225-player neutral allocation. Market price is conditional on being drafted. Survivor score assumes reaching the final and neutral access to replacements; no actual waiver winners, positions, dated injuries or category resets are simulated."
milesmcbride,Miles McBride,0.0,1,0.0,1,5.77,26.0,age_local,-3.523235182364444,1.5523742867283308,18.141051356664143,0.0,0.0,0.0,0.0,,,"Outside the 225-player neutral allocation. Market price is conditional on being drafted. Survivor score assumes reaching the final and neutral access to replacements; no actual waiver winners, positions, dated injuries or category resets are simulated."
moewagner,Moe Wagner,0.0,1,0.0,1,5.77,,local,-1.302945941938447,1.7633215274306933,18.05169616335357,0.0,0.0,0.0,0.0,,,"Fewer than 10 NBA games in the previous season: rookie/returning or low-sample player; market-price validation does not cover this case. No earlier recorded season age: market estimate uses the statistics-only counterpart, with no invented age or youth premium. Outside the 225-player neutral allocation. Market price is conditional on being drafted. Survivor score assumes reaching the final and neutral access to replacements; no actual waiver winners, positions, dated injuries or category resets are simulated."
mohameddiawara,Mohamed Diawara,0.0,1,0.0,1,5.77,21.0,age_local,-8.696045781261788,3.9027499584971803,16.644029573145513,0.0,0.0,0.0,0.0,,,"Outside the 225-player neutral allocation. Market price is conditional on being drafted. Survivor score assumes reaching the final and neutral access to replacements; no actual waiver winners, positions, dated injuries or category resets are simulated."
mouhamedgueye,Mouhamed Gueye,0.0,1,0.0,1,5.77,24.0,age_local,-5.529483725972375,2.546273576067662,15.984904626032288,0.0,0.0,0.0,0.0,,,"Outside the 225-player neutral allocation. Market price is conditional on being drafted. Survivor score assumes reaching the final and neutral access to replacements; no actual waiver winners, positions, dated injuries or category resets are simulated."
moussacisse,Moussa Cisse,0.0,1,0.0,1,5.77,24.0,age_local,-6.332776589770218,1.9240129471243432,15.119172163516021,0.0,0.0,0.0,0.0,,,"CBS projects 28.7 games; availability is spread uniformly, so a delayed return may overstate early usefulness. Outside the 225-player neutral allocation. Market price is conditional on being drafted. Survivor score assumes reaching the final and neutral access to replacements; no actual waiver winners, positions, dated injuries or category resets are simulated."
myrongardner,Myron Gardner,0.0,1,0.0,1,5.77,25.0,age_local,-10.261011627265104,4.007707620539904,11.92702490345946,0.0,0.0,0.0,0.0,,,"CBS projects 28.7 games; availability is spread uniformly, so a delayed return may overstate early usefulness. Outside the 225-player neutral allocation. Market price is conditional on being drafted. Survivor score assumes reaching the final and neutral access to replacements; no actual waiver winners, positions, dated injuries or category resets are simulated."
naeqwantomlin,Nae'Qwan Tomlin,0.0,1,0.0,1,5.77,26.0,age_local,-2.9894399228428963,1.782376778202858,15.374969099173605,0.0,0.0,0.0,0.0,,,"Outside the 225-player neutral allocation. Market price is conditional on being drafted. Survivor score assumes reaching the final and neutral access to replacements; no actual waiver winners, positions, dated injuries or category resets are simulated."
natewilliams,Nate Williams,0.0,1,0.0,1,5.77,27.0,age_local,-11.618630374617299,4.006649695677602,13.115674703978756,0.0,0.0,0.0,0.0,,,"CBS projects 29.1 games; availability is spread uniformly, so a delayed return may overstate early usefulness. Outside the 225-player neutral allocation. Market price is conditional on being drafted. Survivor score assumes reaching the final and neutral access to replacements; no actual waiver winners, positions, dated injuries or category resets are simulated."
nickmartinelli,Nick Martinelli,0.0,1,0.0,1,5.77,,local,-10.948429894382665,4.26858836133923,12.047055052985234,0.0,0.0,0.0,0.0,,,"Fewer than 10 NBA games in the previous season: rookie/returning or low-sample player; market-price validation does not cover this case. No earlier recorded season age: market estimate uses the statistics-only counterpart, with no invented age or youth premium. CBS projects 28.7 games; availability is spread uniformly, so a delayed return may overstate early usefulness. Outside the 225-player neutral allocation. Market price is conditional on being drafted. Survivor score assumes reaching the final and neutral access to replacements; no actual waiver winners, positions, dated injuries or category resets are simulated."
nickrichards,Nick Richards,0.0,1,0.0,1,5.77,29.0,age_local,-7.386146187086464,3.209326370831249,14.579043794395806,0.0,0.0,0.0,0.0,,,"CBS projects 28.7 games; availability is spread uniformly, so a delayed return may overstate early usefulness. Outside the 225-player neutral allocation. Market price is conditional on being drafted. Survivor score assumes reaching the final and neutral access to replacements; no actual waiver winners, positions, dated injuries or category resets are simulated."
nicksmithjr,Nick Smith Jr.,0.0,1,0.0,1,5.77,22.0,age_local,-8.001456775550816,3.291480322515019,17.39799434108129,0.0,0.0,0.0,0.0,,,"CBS projects 29.1 games; availability is spread uniformly, so a delayed return may overstate early usefulness. Outside the 225-player neutral allocation. Market price is conditional on being drafted. Survivor score assumes reaching the final and neutral access to replacements; no actual waiver winners, positions, dated injuries or category resets are simulated."
nicolasbatum,Nicolas Batum,0.0,1,0.0,1,5.77,38.0,age_local,-14.170956390874087,2.599919455015559,15.993378182400374,0.0,0.0,0.0,0.0,,,"CBS projects 28.7 games; availability is spread uniformly, so a delayed return may overstate early usefulness. Outside the 225-player neutral allocation. Market price is conditional on being drafted. Survivor score assumes reaching the final and neutral access to replacements; no actual waiver winners, positions, dated injuries or category resets are simulated."
nikolajovic,Nikola Jovic,0.0,1,0.0,1,5.77,23.0,age_local,-5.055344461832082,3.3381810036883683,14.558631620616183,0.0,0.0,0.0,0.0,,,"CBS projects 28.7 games; availability is spread uniformly, so a delayed return may overstate early usefulness. Outside the 225-player neutral allocation. Market price is conditional on being drafted. Survivor score assumes reaching the final and neutral access to replacements; no actual waiver winners, positions, dated injuries or category resets are simulated."
nikolatopic,Nikola Topić,0.0,1,0.0,1,5.77,21.0,age_local,-11.133078575354734,3.9541735148833324,17.20035046429642,0.0,0.0,0.0,0.0,,,"CBS projects 28.7 games; availability is spread uniformly, so a delayed return may overstate early usefulness. Outside the 225-player neutral allocation. Market price is conditional on being drafted. Survivor score assumes reaching the final and neutral access to replacements; no actual waiver winners, positions, dated injuries or category resets are simulated."
niqueclifford,Nique Clifford,0.0,1,0.0,1,5.77,24.0,age_local,-2.201937868281664,1.6757036092387974,18.019333529557226,0.0,0.0,0.0,0.0,,,"Outside the 225-player neutral allocation. Market price is conditional on being drafted. Survivor score assumes reaching the final and neutral access to replacements; no actual waiver winners, positions, dated injuries or category resets are simulated."
noaessengue,Noa Essengue,0.0,1,0.0,1,5.77,20.0,age_local,-8.577590735632157,3.7081674559549764,14.301291853206523,0.0,0.0,0.0,0.0,,,"Fewer than 10 NBA games in the previous season: rookie/returning or low-sample player; market-price validation does not cover this case. CBS projects 28.7 games; availability is spread uniformly, so a delayed return may overstate early usefulness. Outside the 225-player neutral allocation. Market price is conditional on being drafted. Survivor score assumes reaching the final and neutral access to replacements; no actual waiver winners, positions, dated injuries or category resets are simulated."
noahclowney,Noah Clowney,0.0,1,0.0,1,5.77,22.0,age_local,-1.2642972586938583,1.103164104782207,15.805416938365001,0.0,0.0,0.0,0.0,,,"Outside the 225-player neutral allocation. Market price is conditional on being drafted. Survivor score assumes reaching the final and neutral access to replacements; no actual waiver winners, positions, dated injuries or category resets are simulated."
noahpenda,Noah Penda,0.0,1,0.0,1,5.77,22.0,age_local,-7.649907491119535,3.8264524350941276,14.546683369889706,0.0,0.0,0.0,0.0,,,"CBS projects 28.7 games; availability is spread uniformly, so a delayed return may overstate early usefulness. Outside the 225-player neutral allocation. Market price is conditional on being drafted. Survivor score assumes reaching the final and neutral access to replacements; no actual waiver winners, positions, dated injuries or category resets are simulated."
nolantraore,Nolan Traoré,0.0,1,0.0,1,5.77,20.0,age_local,-5.489988293216026,3.0383115450103646,15.87379715648998,0.0,0.0,0.0,0.0,,,"CBS projects 28.7 games; availability is spread uniformly, so a delayed return may overstate early usefulness. Outside the 225-player neutral allocation. Market price is conditional on being drafted. Survivor score assumes reaching the final and neutral access to replacements; no actual waiver winners, positions, dated injuries or category resets are simulated."
ochaiagbaji,Ochai Agbaji,0.0,1,0.0,1,5.77,26.0,age_local,-7.960266594768271,3.864116809619062,13.898555420414366,0.0,0.0,0.0,0.0,,,"CBS projects 28.7 games; availability is spread uniformly, so a delayed return may overstate early usefulness. Outside the 225-player neutral allocation. Market price is conditional on being drafted. Survivor score assumes reaching the final and neutral access to replacements; no actual waiver winners, positions, dated injuries or category resets are simulated."
oliviermaxenceprosper,Olivier-Maxence Prosper,0.0,1,0.0,1,5.77,24.0,age_local,-8.901468238172525,3.795555608713096,13.472675667655835,0.0,0.0,0.0,0.0,,,"CBS projects 28.7 games; availability is spread uniformly, so a delayed return may overstate early usefulness. Outside the 225-player neutral allocation. Market price is conditional on being drafted. Survivor score assumes reaching the final and neutral access to replacements; no actual waiver winners, positions, dated injuries or category resets are simulated."
oscartshiebwe,Oscar Tshiebwe,0.0,1,0.0,1,5.77,27.0,age_local,-7.079178100870598,2.952018899975762,18.339705626094343,0.0,0.0,0.0,0.0,,,"CBS projects 28.7 games; availability is spread uniformly, so a delayed return may overstate early usefulness. Outside the 225-player neutral allocation. Market price is conditional on being drafted. Survivor score assumes reaching the final and neutral access to replacements; no actual waiver winners, positions, dated injuries or category resets are simulated."
ousmanedieng,Ousmane Dieng,0.0,1,0.0,1,5.77,23.0,age_local,-7.265439329582618,3.704290600168329,16.45706566109644,0.0,0.0,0.0,0.0,,,"Outside the 225-player neutral allocation. Market price is conditional on being drafted. Survivor score assumes reaching the final and neutral access to replacements; no actual waiver winners, positions, dated injuries or category resets are simulated."
patconnaughton,Pat Connaughton,0.0,1,0.0,1,5.77,34.0,age_local,-15.808726925291065,3.841739155824373,13.973461343571342,0.0,0.0,0.0,0.0,,,"CBS projects 28.7 games; availability is spread uniformly, so a delayed return may overstate early usefulness. Outside the 225-player neutral allocation. Market price is conditional on being drafted. Survivor score assumes reaching the final and neutral access to replacements; no actual waiver winners, positions, dated injuries or category resets are simulated."
patspencer,Pat Spencer,0.0,1,0.0,1,5.77,30.0,age_local,-11.286124281022213,3.934218350437296,14.911697746875989,0.0,0.0,0.0,0.0,,,"CBS projects 28.7 games; availability is spread uniformly, so a delayed return may overstate early usefulness. Outside the 225-player neutral allocation. Market price is conditional on being drafted. Survivor score assumes reaching the final and neutral access to replacements; no actual waiver winners, positions, dated injuries or category resets are simulated."
patrickwilliams,Patrick Williams,0.0,1,0.0,1,5.77,25.0,age_local,-3.890670345972609,1.5810579479833937,17.261116347083224,0.0,0.0,0.0,0.0,,,"Outside the 225-player neutral allocation. Market price is conditional on being drafted. Survivor score assumes reaching the final and neutral access to replacements; no actual waiver winners, positions, dated injuries or category resets are simulated."
petenance,Pete Nance,0.0,1,0.0,1,5.77,26.0,age_local,-7.6451700850072015,3.8643635042779625,12.368453001198498,0.0,0.0,0.0,0.0,,,"CBS projects 28.7 games; availability is spread uniformly, so a delayed return may overstate early usefulness. Outside the 225-player neutral allocation. Market price is conditional on being drafted. Survivor score assumes reaching the final and neutral access to replacements; no actual waiver winners, positions, dated injuries or category resets are simulated."
preciousachiuwa,Precious Achiuwa,0.0,1,0.0,1,5.77,27.0,age_local,-0.6622694265245477,0.3619784436354123,18.07825126621561,0.0,0.0,0.0,0.0,,,"Outside the 225-player neutral allocation. Market price is conditional on being drafted. Survivor score assumes reaching the final and neutral access to replacements; no actual waiver winners, positions, dated injuries or category resets are simulated."
quentonjackson,Quenton Jackson,0.0,1,0.0,1,5.77,28.0,age_local,-9.215895982538198,3.9271611858198296,11.957637656372354,0.0,0.0,0.0,0.0,,,"CBS projects 28.7 games; availability is spread uniformly, so a delayed return may overstate early usefulness. Outside the 225-player neutral allocation. Market price is conditional on being drafted. Survivor score assumes reaching the final and neutral access to replacements; no actual waiver winners, positions, dated injuries or category resets are simulated."
quintenpost,Quinten Post,0.0,1,0.0,1,5.77,26.0,age_local,-4.673330674437219,2.5993454760921937,17.200717027675086,0.0,0.0,0.0,0.0,,,"Outside the 225-player neutral allocation. Market price is conditional on being drafted. Survivor score assumes reaching the final and neutral access to replacements; no actual waiver winners, positions, dated injuries or category resets are simulated."
rasheerfleming,Rasheer Fleming,0.0,1,0.0,1,5.77,22.0,age_local,-8.400689493720456,3.72423880880738,15.936984977297284,0.0,0.0,0.0,0.0,,,"CBS projects 28.7 games; availability is spread uniformly, so a delayed return may overstate early usefulness. Outside the 225-player neutral allocation. Market price is conditional on being drafted. Survivor score assumes reaching the final and neutral access to replacements; no actual waiver winners, positions, dated injuries or category resets are simulated."
rayanrupert,Rayan Rupert,0.0,1,0.0,1,5.77,22.0,age_local,-9.398272699849663,3.94091223280298,15.331393235022551,0.0,0.0,0.0,0.0,,,"CBS projects 28.7 games; availability is spread uniformly, so a delayed return may overstate early usefulness. Outside the 225-player neutral allocation. Market price is conditional on being drafted. Survivor score assumes reaching the final and neutral access to replacements; no actual waiver winners, positions, dated injuries or category resets are simulated."
richiesaunders,Richie Saunders,0.0,1,0.0,1,5.77,,local,-9.233748110349756,4.080994045850156,15.377207151736739,0.0,0.0,0.0,0.0,,,"Fewer than 10 NBA games in the previous season: rookie/returning or low-sample player; market-price validation does not cover this case. No earlier recorded season age: market estimate uses the statistics-only counterpart, with no invented age or youth premium. CBS projects 21.4 games; availability is spread uniformly, so a delayed return may overstate early usefulness. Outside the 225-player neutral allocation. Market price is conditional on being drafted. Survivor score assumes reaching the final and neutral access to replacements; no actual waiver winners, positions, dated injuries or category resets are simulated."
robdillingham,Rob Dillingham,0.0,1,0.0,1,5.77,22.0,age_local,-7.699544424408906,3.736702579148425,17.731539179122258,0.0,0.0,0.0,0.0,,,"Outside the 225-player neutral allocation. Market price is conditional on being drafted. Survivor score assumes reaching the final and neutral access to replacements; no actual waiver winners, positions, dated injuries or category resets are simulated."
roccozikarsky,Rocco Zikarsky,0.0,1,0.0,1,5.77,20.0,age_local,-3.7225437390534584,2.6655356826509524,14.771046647000386,0.0,0.0,0.0,0.0,,,"Fewer than 10 NBA games in the previous season: rookie/returning or low-sample player; market-price validation does not cover this case. Outside the 225-player neutral allocation. Market price is conditional on being drafted. Survivor score assumes reaching the final and neutral access to replacements; no actual waiver winners, positions, dated injuries or category resets are simulated."
ronharperjr,Ron Harper Jr.,0.0,1,0.0,1,5.77,26.0,age_local,-11.988099810111112,4.071998986916496,14.913391130010229,0.0,0.0,0.0,0.0,,,"CBS projects 28.7 games; availability is spread uniformly, so a delayed return may overstate early usefulness. Outside the 225-player neutral allocation. Market price is conditional on being drafted. Survivor score assumes reaching the final and neutral access to replacements; no actual waiver winners, positions, dated injuries or category resets are simulated."
ronholland,Ron Holland,0.0,1,0.0,1,5.77,21.0,age_local,-1.522922381340761,1.688868864939328,17.98687727149659,0.0,0.0,0.0,0.0,,,"Outside the 225-player neutral allocation. Market price is conditional on being drafted. Survivor score assumes reaching the final and neutral access to replacements; no actual waiver winners, positions, dated injuries or category resets are simulated."
russellwestbrook,Russell Westbrook,0.0,1,0.0,1,5.77,38.0,age_local,-7.257172390674722,1.0922300643400131,17.406253837428107,0.0,0.0,0.0,0.0,,,"CBS projects 0.7 games; availability is spread uniformly, so a delayed return may overstate early usefulness. Outside the 225-player neutral allocation. Market price is conditional on being drafted. Survivor score assumes reaching the final and neutral access to replacements; no actual waiver winners, positions, dated injuries or category resets are simulated."
ryanconwell,Ryan Conwell,0.0,1,0.0,1,5.77,,local,-8.524479778010454,3.877076876279691,14.90358018872057,0.0,0.0,0.0,0.0,,,"Fewer than 10 NBA games in the previous season: rookie/returning or low-sample player; market-price validation does not cover this case. No earlier recorded season age: market estimate uses the statistics-only counterpart, with no invented age or youth premium. Outside the 225-player neutral allocation. Market price is conditional on being drafted. Survivor score assumes reaching the final and neutral access to replacements; no actual waiver winners, positions, dated injuries or category resets are simulated."
ryandunn,Ryan Dunn,0.0,1,0.0,1,5.77,24.0,age_local,-4.083960960542165,1.8075073107156114,17.167169472936802,0.0,0.0,0.0,0.0,,,"Outside the 225-player neutral allocation. Market price is conditional on being drafted. Survivor score assumes reaching the final and neutral access to replacements; no actual waiver winners, positions, dated injuries or category resets are simulated."
ryannembhard,Ryan Nembhard,0.0,1,0.0,1,5.77,23.0,age_local,-4.092894263651122,3.8805004730033015,15.830231179879545,0.0,0.0,0.0,0.0,,,"CBS projects 28.7 games; availability is spread uniformly, so a delayed return may overstate early usefulness. Outside the 225-player neutral allocation. Market price is conditional on being drafted. Survivor score assumes reaching the final and neutral access to replacements; no actual waiver winners, positions, dated injuries or category resets are simulated."
seanpedulla,Sean Pedulla,0.0,1,0.0,1,5.77,24.0,age_local,-9.818249124235638,3.9797508411188964,13.16935347341019,0.0,0.0,0.0,0.0,,,"Fewer than 10 NBA games in the previous season: rookie/returning or low-sample player; market-price validation does not cover this case. CBS projects 28.7 games; availability is spread uniformly, so a delayed return may overstate early usefulness. Outside the 225-player neutral allocation. Market price is conditional on being drafted. Survivor score assumes reaching the final and neutral access to replacements; no actual waiver winners, positions, dated injuries or category resets are simulated."
sethcurry,Seth Curry,0.0,1,0.0,1,5.77,36.0,age_local,-11.355974540176023,2.527523823330245,18.077746556314043,0.0,0.0,0.0,0.0,,,"CBS projects 29.1 games; availability is spread uniformly, so a delayed return may overstate early usefulness. Outside the 225-player neutral allocation. Market price is conditional on being drafted. Survivor score assumes reaching the final and neutral access to replacements; no actual waiver winners, positions, dated injuries or category resets are simulated."
shaedonsharpe,Shaedon Sharpe,0.0,1.98,0.0,1,6.75,23.0,age_local,0.8829940293028655,1.0992922962088292,17.821744945595146,0.0,0.0,0.0,0.0,,,"CBS projects 9.2 games; availability is spread uniformly, so a delayed return may overstate early usefulness. Outside the 225-player neutral allocation. Market price is conditional on being drafted. Survivor score assumes reaching the final and neutral access to replacements; no actual waiver winners, positions, dated injuries or category resets are simulated."
sharifecooper,Sharife Cooper,0.0,1,0.0,1,5.77,25.0,age_local,-7.004170089254355,3.9048870424718753,12.446946637280318,0.0,0.0,0.0,0.0,,,"CBS projects 28.7 games; availability is spread uniformly, so a delayed return may overstate early usefulness. Outside the 225-player neutral allocation. Market price is conditional on being drafted. Survivor score assumes reaching the final and neutral access to replacements; no actual waiver winners, positions, dated injuries or category resets are simulated."
sidycissoko,Sidy Cissoko,0.0,1,0.0,1,5.77,22.0,age_local,-7.856932386495382,3.604079444521368,15.906473112216315,0.0,0.0,0.0,0.0,,,"Outside the 225-player neutral allocation. Market price is conditional on being drafted. Survivor score assumes reaching the final and neutral access to replacements; no actual waiver winners, positions, dated injuries or category resets are simulated."
simonefontecchio,Simone Fontecchio,0.0,1,0.0,1,5.77,31.0,age_local,-10.926321380249673,3.7154134037989124,16.356669810536104,0.0,0.0,0.0,0.0,,,"CBS projects 28.7 games; availability is spread uniformly, so a delayed return may overstate early usefulness. Outside the 225-player neutral allocation. Market price is conditional on being drafted. Survivor score assumes reaching the final and neutral access to replacements; no actual waiver winners, positions, dated injuries or category resets are simulated."
sionjames,Sion James,0.0,1,0.0,1,5.77,24.0,age_local,-5.840256701079916,3.2996970575925064,16.544834108157602,0.0,0.0,0.0,0.0,,,"Outside the 225-player neutral allocation. Market price is conditional on being drafted. Survivor score assumes reaching the final and neutral access to replacements; no actual waiver winners, positions, dated injuries or category resets are simulated."
spencerjones,Spencer Jones,0.0,1,0.0,1,5.77,25.0,age_local,-6.084179001281828,2.7363072945790257,16.202191811856242,0.0,0.0,0.0,0.0,,,"Outside the 225-player neutral allocation. Market price is conditional on being drafted. Survivor score assumes reaching the final and neutral access to replacements; no actual waiver winners, positions, dated injuries or category resets are simulated."
stevenadams,Steven Adams,0.0,1,0.0,1,5.77,33.0,age_local,-8.47300825264487,2.075058153205692,12.015336872239276,0.0,0.0,0.0,0.0,,,"Outside the 225-player neutral allocation. Market price is conditional on being drafted. Survivor score assumes reaching the final and neutral access to replacements; no actual waiver winners, positions, dated injuries or category resets are simulated."
svimykhailiuk,Svi Mykhailiuk,0.0,1,0.0,1,5.77,29.0,age_local,-9.747120191193753,3.6071622738130107,12.732508895469199,0.0,0.0,0.0,0.0,,,"CBS projects 28.7 games; availability is spread uniformly, so a delayed return may overstate early usefulness. Outside the 225-player neutral allocation. Market price is conditional on being drafted. Survivor score assumes reaching the final and neutral access to replacements; no actual waiver winners, positions, dated injuries or category resets are simulated."
taelonpeter,Taelon Peter,0.0,1,0.0,1,5.77,24.0,age_local,-10.45162433770014,3.8287353764687335,15.255700983753611,0.0,0.0,0.0,0.0,,,"CBS projects 28.7 games; availability is spread uniformly, so a delayed return may overstate early usefulness. Outside the 225-player neutral allocation. Market price is conditional on being drafted. Survivor score assumes reaching the final and neutral access to replacements; no actual waiver winners, positions, dated injuries or category resets are simulated."
taureanprince,Taurean Prince,0.0,1,0.0,1,5.77,32.0,age_local,-7.862995869767163,2.25513256391333,17.927785142002055,0.0,0.0,0.0,0.0,,,"CBS projects 28.7 games; availability is spread uniformly, so a delayed return may overstate early usefulness. Outside the 225-player neutral allocation. Market price is conditional on being drafted. Survivor score assumes reaching the final and neutral access to replacements; no actual waiver winners, positions, dated injuries or category resets are simulated."
taylorhendricks,Taylor Hendricks,0.0,1,0.0,1,5.77,23.0,age_local,-2.6920722052365753,1.7484822513192235,17.19755515646577,0.0,0.0,0.0,0.0,,,"Outside the 225-player neutral allocation. Market price is conditional on being drafted. Survivor score assumes reaching the final and neutral access to replacements; no actual waiver winners, positions, dated injuries or category resets are simulated."
terancemann,Terance Mann,0.0,1,0.0,1,5.77,30.0,age_local,-9.908572694197321,3.8077245343174635,15.063466970136155,0.0,0.0,0.0,0.0,,,"CBS projects 28.7 games; availability is spread uniformly, so a delayed return may overstate early usefulness. Outside the 225-player neutral allocation. Market price is conditional on being drafted. Survivor score assumes reaching the final and neutral access to replacements; no actual waiver winners, positions, dated injuries or category resets are simulated."
terrenceshannonjr,Terrence Shannon Jr,0.0,1,0.0,1,5.77,26.0,age_local,-8.372852410182361,3.968962107116446,12.32534811178403,0.0,0.0,0.0,0.0,,,"Outside the 225-player neutral allocation. Market price is conditional on being drafted. Survivor score assumes reaching the final and neutral access to replacements; no actual waiver winners, positions, dated injuries or category resets are simulated."
thomasbryant,Thomas Bryant,0.0,1,0.0,1,5.77,29.0,age_local,-8.740737355345727,3.647249172181303,14.79022826764303,0.0,0.0,0.0,0.0,,,"CBS projects 28.7 games; availability is spread uniformly, so a delayed return may overstate early usefulness. Outside the 225-player neutral allocation. Market price is conditional on being drafted. Survivor score assumes reaching the final and neutral access to replacements; no actual waiver winners, positions, dated injuries or category resets are simulated."
tidjanesalaun,Tidjane Salaün,0.0,1,0.0,1,5.77,21.0,age_local,-7.7731973237322585,3.6273033972154725,16.817492591297626,0.0,0.0,0.0,0.0,,,"CBS projects 28.7 games; availability is spread uniformly, so a delayed return may overstate early usefulness. Outside the 225-player neutral allocation. Market price is conditional on being drafted. Survivor score assumes reaching the final and neutral access to replacements; no actual waiver winners, positions, dated injuries or category resets are simulated."
timhardawayjr,Tim Hardaway Jr.,0.0,1,0.0,1,5.77,34.0,age_local,-4.805792608998919,1.4035686459502565,16.383563162284528,0.0,0.0,0.0,0.0,,,"Outside the 225-player neutral allocation. Market price is conditional on being drafted. Survivor score assumes reaching the final and neutral access to replacements; no actual waiver winners, positions, dated injuries or category resets are simulated."
tobilawal,Tobi Lawal,0.0,1,0.0,1,5.77,,local,-9.66650851515828,4.1706121011989605,11.986894164266989,0.0,0.0,0.0,0.0,,,"Fewer than 10 NBA games in the previous season: rookie/returning or low-sample player; market-price validation does not cover this case. No earlier recorded season age: market estimate uses the statistics-only counterpart, with no invented age or youth premium. CBS projects 28.7 games; availability is spread uniformly, so a delayed return may overstate early usefulness. Outside the 225-player neutral allocation. Market price is conditional on being drafted. Survivor score assumes reaching the final and neutral access to replacements; no actual waiver winners, positions, dated injuries or category resets are simulated."
tobyokani,Toby Okani,0.0,1,0.0,1,5.77,25.0,age_local,-9.643644081336776,3.7002114819670955,16.736597032343937,0.0,0.0,0.0,0.0,,,"Fewer than 10 NBA games in the previous season: rookie/returning or low-sample player; market-price validation does not cover this case. CBS projects 28.7 games; availability is spread uniformly, so a delayed return may overstate early usefulness. Outside the 225-player neutral allocation. Market price is conditional on being drafted. Survivor score assumes reaching the final and neutral access to replacements; no actual waiver winners, positions, dated injuries or category resets are simulated."
traycejacksondavis,Trayce Jackson-Davis,0.0,1,0.0,1,5.77,26.0,age_local,-8.60197456778075,3.6772222786648845,15.460320783377266,0.0,0.0,0.0,0.0,,,"CBS projects 28.7 games; availability is spread uniformly, so a delayed return may overstate early usefulness. Outside the 225-player neutral allocation. Market price is conditional on being drafted. Survivor score assumes reaching the final and neutral access to replacements; no actual waiver winners, positions, dated injuries or category resets are simulated."
trejohnson,Tre Johnson,0.0,1,0.0,1,5.77,20.0,age_local,-0.8758939302373652,1.3403881986573565,15.109185938164176,0.0,0.0,0.0,0.0,,,"Outside the 225-player neutral allocation. Market price is conditional on being drafted. Survivor score assumes reaching the final and neutral access to replacements; no actual waiver winners, positions, dated injuries or category resets are simulated."
tremann,Tre Mann,0.0,1,0.0,1,5.77,25.0,age_local,-8.356453257897373,3.604592657852117,16.473660953795644,0.0,0.0,0.0,0.0,,,"Outside the 225-player neutral allocation. Market price is conditional on being drafted. Survivor score assumes reaching the final and neutral access to replacements; no actual waiver winners, positions, dated injuries or category resets are simulated."
trendonwatford,Trendon Watford,0.0,1,0.0,1,5.77,26.0,age_local,-5.134964787066213,3.5548114321871176,13.064268638097587,0.0,0.0,0.0,0.0,,,"CBS projects 28.7 games; availability is spread uniformly, so a delayed return may overstate early usefulness. Outside the 225-player neutral allocation. Market price is conditional on being drafted. Survivor score assumes reaching the final and neutral access to replacements; no actual waiver winners, positions, dated injuries or category resets are simulated."
trevonbrazile,Trevon Brazile,0.0,1,0.0,1,5.77,,local,-9.816074571822726,4.1787531744632185,12.059716560789063,0.0,0.0,0.0,0.0,,,"Fewer than 10 NBA games in the previous season: rookie/returning or low-sample player; market-price validation does not cover this case. No earlier recorded season age: market estimate uses the statistics-only counterpart, with no invented age or youth premium. CBS projects 28.7 games; availability is spread uniformly, so a delayed return may overstate early usefulness. Outside the 225-player neutral allocation. Market price is conditional on being drafted. Survivor score assumes reaching the final and neutral access to replacements; no actual waiver winners, positions, dated injuries or category resets are simulated."
tristandasilva,Tristan Da Silva,0.0,1,0.0,1,5.77,25.0,age_local,-3.5009539876432845,1.8559366757249651,17.1427288726429,0.0,0.0,0.0,0.0,,,"Outside the 225-player neutral allocation. Market price is conditional on being drafted. Survivor score assumes reaching the final and neutral access to replacements; no actual waiver winners, positions, dated injuries or category resets are simulated."
tristanvukcevic,Tristan Vukcevic,0.0,1,0.0,1,5.77,23.0,age_local,-1.166949486147153,1.9394904646843905,17.39918675702319,0.0,0.0,0.0,0.0,,,"Outside the 225-player neutral allocation. Market price is conditional on being drafted. Survivor score assumes reaching the final and neutral access to replacements; no actual waiver winners, positions, dated injuries or category resets are simulated."
tylerbilodeau,Tyler Bilodeau,0.0,1,0.0,1,5.77,,local,-10.548623053417035,4.254513651186806,11.848711612445863,0.0,0.0,0.0,0.0,,,"Fewer than 10 NBA games in the previous season: rookie/returning or low-sample player; market-price validation does not cover this case. No earlier recorded season age: market estimate uses the statistics-only counterpart, with no invented age or youth premium. CBS projects 28.7 games; availability is spread uniformly, so a delayed return may overstate early usefulness. Outside the 225-player neutral allocation. Market price is conditional on being drafted. Survivor score assumes reaching the final and neutral access to replacements; no actual waiver winners, positions, dated injuries or category resets are simulated."
tylerkolek,Tyler Kolek,0.0,1,0.0,1,5.77,25.0,age_local,-10.827495597717844,4.101260048024905,12.225792851646537,0.0,0.0,0.0,0.0,,,"CBS projects 28.7 games; availability is spread uniformly, so a delayed return may overstate early usefulness. Outside the 225-player neutral allocation. Market price is conditional on being drafted. Survivor score assumes reaching the final and neutral access to replacements; no actual waiver winners, positions, dated injuries or category resets are simulated."
tylernickel,Tyler Nickel,0.0,1,0.0,1,5.77,,local,-11.189377723269109,4.309494023194835,14.043662521003013,0.0,0.0,0.0,0.0,,,"Fewer than 10 NBA games in the previous season: rookie/returning or low-sample player; market-price validation does not cover this case. No earlier recorded season age: market estimate uses the statistics-only counterpart, with no invented age or youth premium. CBS projects 28.7 games; availability is spread uniformly, so a delayed return may overstate early usefulness. Outside the 225-player neutral allocation. Market price is conditional on being drafted. Survivor score assumes reaching the final and neutral access to replacements; no actual waiver winners, positions, dated injuries or category resets are simulated."
tyreseproctor,Tyrese Proctor,0.0,1,0.0,1,5.77,22.0,age_local,-8.226856454811655,3.7823538002313675,17.14827578913729,0.0,0.0,0.0,0.0,,,"CBS projects 28.7 games; availability is spread uniformly, so a delayed return may overstate early usefulness. Outside the 225-player neutral allocation. Market price is conditional on being drafted. Survivor score assumes reaching the final and neutral access to replacements; no actual waiver winners, positions, dated injuries or category resets are simulated."
tysonetienne,Tyson Etienne,0.0,1,0.0,1,5.77,27.0,age_local,-10.423969202313229,3.657483354309345,12.674924693853272,0.0,0.0,0.0,0.0,,,"CBS projects 28.7 games; availability is spread uniformly, so a delayed return may overstate early usefulness. Outside the 225-player neutral allocation. Market price is conditional on being drafted. Survivor score assumes reaching the final and neutral access to replacements; no actual waiver winners, positions, dated injuries or category resets are simulated."
tyusjones,Tyus Jones,0.0,1,0.0,1,5.77,30.0,age_local,-6.042380997252118,2.0153382849622115,17.72856424463672,0.0,0.0,0.0,0.0,,,"Outside the 225-player neutral allocation. Market price is conditional on being drafted. Survivor score assumes reaching the final and neutral access to replacements; no actual waiver winners, positions, dated injuries or category resets are simulated."
vincewilliamsjr,Vince Williams Jr.,0.0,1,0.0,1,5.77,26.0,age_local,-9.363728919159675,3.901933204310496,12.326849795387316,0.0,0.0,0.0,0.0,,,"CBS projects 17.5 games; availability is spread uniformly, so a delayed return may overstate early usefulness. Outside the 225-player neutral allocation. Market price is conditional on being drafted. Survivor score assumes reaching the final and neutral access to replacements; no actual waiver winners, positions, dated injuries or category resets are simulated."
vitkrejci,Vít Krejčí,0.0,1,0.0,1,5.77,26.0,age_local,-4.8534503791041415,2.2687662166796794,15.984669894944924,0.0,0.0,0.0,0.0,,,"Outside the 225-player neutral allocation. Market price is conditional on being drafted. Survivor score assumes reaching the final and neutral access to replacements; no actual waiver winners, positions, dated injuries or category resets are simulated."
walterclaytonjr,Walter Clayton Jr.,0.0,1,0.0,1,5.77,,local,-3.9041620845249403,2.8142693837106454,17.857757059147808,0.0,0.0,0.0,0.0,,,"Fewer than 10 NBA games in the previous season: rookie/returning or low-sample player; market-price validation does not cover this case. No earlier recorded season age: market estimate uses the statistics-only counterpart, with no invented age or youth premium. Outside the 225-player neutral allocation. Market price is conditional on being drafted. Survivor score assumes reaching the final and neutral access to replacements; no actual waiver winners, positions, dated injuries or category resets are simulated."
willrichard,Will Richard,0.0,1,0.0,1,5.77,24.0,age_local,-6.964213762996249,2.896168926397015,17.717235795790458,0.0,0.0,0.0,0.0,,,"CBS projects 29.1 games; availability is spread uniformly, so a delayed return may overstate early usefulness. Outside the 225-player neutral allocation. Market price is conditional on being drafted. Survivor score assumes reaching the final and neutral access to replacements; no actual waiver winners, positions, dated injuries or category resets are simulated."
willriley,Will Riley,0.0,1,0.0,1,5.77,20.0,age_local,-2.07110723086249,1.9354701268555092,14.097861134063223,0.0,0.0,0.0,0.0,,,"Outside the 225-player neutral allocation. Market price is conditional on being drafted. Survivor score assumes reaching the final and neutral access to replacements; no actual waiver winners, positions, dated injuries or category resets are simulated."
zaccharierisacher,Zaccharie Risacher,0.0,1,0.0,1,5.77,21.0,age_local,-1.4284645647844991,1.8297001157549466,15.4902489178605,0.0,0.0,0.0,0.0,,,"Outside the 225-player neutral allocation. Market price is conditional on being drafted. Survivor score assumes reaching the final and neutral access to replacements; no actual waiver winners, positions, dated injuries or category resets are simulated."
zachcollins,Zach Collins,0.0,1,0.0,1,5.77,29.0,age_local,-5.254474931992528,2.9317530518706865,17.27785631971485,0.0,0.0,0.0,0.0,,,"Outside the 225-player neutral allocation. Market price is conditional on being drafted. Survivor score assumes reaching the final and neutral access to replacements; no actual waiver winners, positions, dated injuries or category resets are simulated."
ziairewilliams,Ziaire Williams,0.0,1,0.0,1,5.77,25.0,age_local,-4.649951638187193,2.230683680376491,17.74756827983991,0.0,0.0,0.0,0.0,,,"CBS projects 29.1 games; availability is spread uniformly, so a delayed return may overstate early usefulness. Outside the 225-player neutral allocation. Market price is conditional on being drafted. Survivor score assumes reaching the final and neutral access to replacements; no actual waiver winners, positions, dated injuries or category resets are simulated."
